### degrade=0
SIM_CONFIG,degrade_favoured_pct=0,only_handicap=1,variants=7
SIM,1,0,1,0,1,0,6,0,1,0,40,40,1000,0,30
SIM,1,0,1,0,2,1,9,0,2,0,40,39,200,1000,19
SIM,1,0,1,0,3,0,7,3,2,1,40,39,900,200,45
SIM,1,0,1,0,4,1,7,0,2,0,40,38,300,1200,31
SIM,1,0,1,0,5,0,7,0,2,0,40,38,1000,300,45
SIM,1,0,1,0,6,1,7,0,2,0,40,36,400,1300,31
SIM,1,0,1,0,7,0,7,0,2,0,40,36,1100,400,45
SIM,1,0,1,0,8,1,10,0,3,0,40,34,300,1400,33
SIM,1,0,1,0,9,0,9,3,2,1,40,34,1000,300,45
SIM,1,0,1,0,10,1,9,0,2,0,40,33,400,1300,36
SIM,1,0,1,0,11,0,9,0,2,0,40,33,1100,400,45
SIM,1,0,1,0,12,1,9,0,2,0,40,31,500,1400,37
SIM,1,0,1,0,13,0,9,0,2,0,40,31,1200,500,45
SIM,1,0,1,0,14,1,12,0,3,0,40,28,100,1500,24
SIM,1,0,1,0,15,0,10,3,3,1,40,28,700,100,45
SIM,1,0,1,0,16,1,10,0,3,0,40,26,400,1100,37
SIM,1,0,1,0,17,0,10,0,3,0,40,26,1000,500,45
SIM,1,0,1,0,18,1,10,0,3,0,40,23,400,1500,35
SIM,1,0,1,0,19,0,10,0,3,0,40,23,1000,300,45
SIM,1,0,1,0,20,1,13,0,4,0,40,20,200,1300,31
SIM,1,0,1,0,21,0,11,3,4,1,40,20,700,200,45
SIM,1,0,1,0,22,1,11,0,4,0,40,17,400,1200,29
SIM,1,0,1,0,23,0,11,0,4,0,40,17,900,1200,45
SIM,1,0,1,0,24,1,11,0,4,0,40,13,300,2200,33
SIM,1,0,1,0,25,0,11,0,4,0,40,13,800,2200,45
SIM,1,0,1,0,26,1,11,0,4,0,40,9,500,3200,35
SIM,1,0,1,0,27,0,9,3,3,1,40,9,1200,300,45
SIM,1,0,1,0,28,1,12,3,4,1,40,5,100,1200,22
SIM,1,0,1,0,29,0,10,3,4,1,40,5,700,300,45
SIM,1,0,1,0,30,1,10,3,4,1,40,1,400,1200,35
SIM,1,0,1,0,31,0,9,3,3,1,40,1,1100,300,45
SIM_END,1,0,1,0,31,0,0
SIM,2,0,1,1,1,0,6,0,1,0,40,40,1000,0,30
SIM,2,0,1,1,2,1,9,0,2,0,40,39,200,1000,9
SIM,2,0,1,1,3,0,7,3,2,1,40,39,900,200,39
SIM,2,0,1,1,4,1,7,0,2,0,40,38,300,1200,29
SIM,2,0,1,1,5,0,7,0,2,0,40,38,1000,300,45
SIM,2,0,1,1,6,1,7,0,2,0,40,36,400,1300,33
SIM,2,0,1,1,7,0,7,0,2,0,40,36,1100,400,45
SIM,2,0,1,1,8,1,10,0,3,0,40,34,300,1400,33
SIM,2,0,1,1,9,0,9,3,2,1,40,34,1000,300,45
SIM,2,0,1,1,10,1,9,0,2,0,40,33,400,1300,36
SIM,2,0,1,1,11,0,9,0,2,0,40,33,1100,400,45
SIM,2,0,1,1,12,1,9,0,2,0,40,31,500,1400,37
SIM,2,0,1,1,13,0,9,0,2,0,40,31,1200,500,45
SIM,2,0,1,1,14,1,12,0,3,0,40,28,100,1500,24
SIM,2,0,1,1,15,0,10,3,3,1,40,28,700,100,45
SIM,2,0,1,1,16,1,10,0,3,0,40,26,400,1100,37
SIM,2,0,1,1,17,0,10,0,3,0,40,26,1000,500,45
SIM,2,0,1,1,18,1,10,0,3,0,40,23,400,1500,35
SIM,2,0,1,1,19,0,10,0,3,0,40,23,1000,300,45
SIM,2,0,1,1,20,1,13,0,4,0,40,20,200,1300,31
SIM,2,0,1,1,21,0,11,3,4,1,40,20,700,200,45
SIM,2,0,1,1,22,1,11,0,4,0,40,17,400,1200,29
SIM,2,0,1,1,23,0,11,0,4,0,40,17,900,1200,45
SIM,2,0,1,1,24,1,11,0,4,0,40,13,300,2200,33
SIM,2,0,1,1,25,0,11,0,4,0,40,13,800,2200,45
SIM,2,0,1,1,26,1,11,0,4,0,40,9,500,3200,35
SIM,2,0,1,1,27,0,9,3,3,1,40,9,1200,300,45
SIM,2,0,1,1,28,1,12,3,4,1,40,5,100,1200,22
SIM,2,0,1,1,29,0,10,3,4,1,40,5,700,300,45
SIM,2,0,1,1,30,1,10,3,4,1,40,1,400,1200,35
SIM,2,0,1,1,31,0,9,3,3,1,40,1,1100,300,45
SIM_END,2,0,1,1,31,0,0
SIM,3,0,1,2,1,0,6,0,1,0,40,40,1000,0,30
SIM,3,0,1,2,2,1,9,0,2,0,40,39,200,1000,19
SIM,3,0,1,2,3,0,7,3,2,1,40,39,900,200,45
SIM,3,0,1,2,4,1,7,0,2,0,40,38,300,1200,23
SIM,3,0,1,2,5,0,7,0,2,0,40,38,1000,300,45
SIM,3,0,1,2,6,1,7,0,2,0,40,36,400,1300,31
SIM,3,0,1,2,7,0,7,0,2,0,40,36,1100,400,45
SIM,3,0,1,2,8,1,10,0,3,0,40,34,300,1400,33
SIM,3,0,1,2,9,0,9,3,2,1,40,34,1000,300,45
SIM,3,0,1,2,10,1,9,0,2,0,40,33,400,1300,36
SIM,3,0,1,2,11,0,9,0,2,0,40,33,1100,400,45
SIM,3,0,1,2,12,1,9,0,2,0,40,31,500,1400,37
SIM,3,0,1,2,13,0,9,0,2,0,40,31,1200,500,45
SIM,3,0,1,2,14,1,12,0,3,0,40,28,100,1500,24
SIM,3,0,1,2,15,0,10,3,3,1,40,28,700,100,45
SIM,3,0,1,2,16,1,10,0,3,0,40,26,400,1100,37
SIM,3,0,1,2,17,0,10,0,3,0,40,26,1000,500,45
SIM,3,0,1,2,18,1,10,0,3,0,40,23,400,1500,35
SIM,3,0,1,2,19,0,10,0,3,0,40,23,1000,300,45
SIM,3,0,1,2,20,1,13,0,4,0,40,20,200,1300,31
SIM,3,0,1,2,21,0,11,3,4,1,40,20,700,200,45
SIM,3,0,1,2,22,1,11,0,4,0,40,17,400,1200,29
SIM,3,0,1,2,23,0,11,0,4,0,40,17,900,1200,45
SIM,3,0,1,2,24,1,11,0,4,0,40,13,300,2200,33
SIM,3,0,1,2,25,0,11,0,4,0,40,13,800,2200,45
SIM,3,0,1,2,26,1,11,0,4,0,40,9,500,3200,35
SIM,3,0,1,2,27,0,9,3,3,1,40,9,1200,300,45
SIM,3,0,1,2,28,1,12,3,4,1,40,5,100,1200,22
SIM,3,0,1,2,29,0,10,3,4,1,40,5,700,300,45
SIM,3,0,1,2,30,1,10,3,4,1,40,1,400,1200,35
SIM,3,0,1,2,31,0,9,3,3,1,40,1,1100,300,45
SIM_END,3,0,1,2,31,0,0
SIM,4,0,1,3,1,0,6,0,1,0,40,40,1000,0,30
SIM,4,0,1,3,2,1,9,0,2,0,40,39,200,1000,19
SIM,4,0,1,3,3,0,7,3,2,1,40,39,900,200,45
SIM,4,0,1,3,4,1,7,0,2,0,40,38,300,1200,27
SIM,4,0,1,3,5,0,7,0,2,0,40,38,1000,300,45
SIM,4,0,1,3,6,1,7,0,2,0,40,36,400,1300,31
SIM,4,0,1,3,7,0,7,0,2,0,40,36,1100,400,45
SIM,4,0,1,3,8,1,10,0,3,0,40,34,300,1400,33
SIM,4,0,1,3,9,0,9,3,2,1,40,34,1000,300,45
SIM,4,0,1,3,10,1,9,0,2,0,40,33,400,1300,36
SIM,4,0,1,3,11,0,9,0,2,0,40,33,1100,400,45
SIM,4,0,1,3,12,1,9,0,2,0,40,31,500,1400,37
SIM,4,0,1,3,13,0,9,0,2,0,40,31,1200,500,45
SIM,4,0,1,3,14,1,12,0,3,0,40,28,100,1500,24
SIM,4,0,1,3,15,0,10,3,3,1,40,28,700,100,45
SIM,4,0,1,3,16,1,10,0,3,0,40,26,400,1100,37
SIM,4,0,1,3,17,0,10,0,3,0,40,26,1000,500,45
SIM,4,0,1,3,18,1,10,0,3,0,40,23,400,1500,35
SIM,4,0,1,3,19,0,10,0,3,0,40,23,1000,300,45
SIM,4,0,1,3,20,1,13,0,4,0,40,20,200,1300,31
SIM,4,0,1,3,21,0,11,3,4,1,40,20,700,200,45
SIM,4,0,1,3,22,1,11,0,4,0,40,17,400,1200,29
SIM,4,0,1,3,23,0,11,0,4,0,40,17,900,1200,45
SIM,4,0,1,3,24,1,11,0,4,0,40,13,300,2200,33
SIM,4,0,1,3,25,0,11,0,4,0,40,13,800,2200,45
SIM,4,0,1,3,26,1,11,0,4,0,40,9,500,3200,35
SIM,4,0,1,3,27,0,9,3,3,1,40,9,1200,300,45
SIM,4,0,1,3,28,1,12,3,4,1,40,5,100,1200,22
SIM,4,0,1,3,29,0,10,3,4,1,40,5,700,300,45
SIM,4,0,1,3,30,1,10,3,4,1,40,1,400,1200,35
SIM,4,0,1,3,31,0,9,3,3,1,40,1,1100,300,45
SIM_END,4,0,1,3,31,0,0
SIM,5,0,1,4,1,0,6,0,1,0,40,40,1000,0,30
SIM,5,0,1,4,2,1,9,0,2,0,40,39,200,1000,19
SIM,5,0,1,4,3,0,7,3,2,1,40,39,900,200,45
SIM,5,0,1,4,4,1,7,0,2,0,40,38,300,1200,19
SIM,5,0,1,4,5,0,7,0,2,0,40,38,1000,300,45
SIM,5,0,1,4,6,1,7,0,2,0,40,36,400,1300,31
SIM,5,0,1,4,7,0,7,0,2,0,40,36,1100,400,45
SIM,5,0,1,4,8,1,10,0,3,0,40,34,300,1400,33
SIM,5,0,1,4,9,0,9,3,2,1,40,34,1000,300,45
SIM,5,0,1,4,10,1,9,0,2,0,40,33,400,1300,36
SIM,5,0,1,4,11,0,9,0,2,0,40,33,1100,400,45
SIM,5,0,1,4,12,1,9,0,2,0,40,31,500,1400,37
SIM,5,0,1,4,13,0,9,0,2,0,40,31,1200,500,45
SIM,5,0,1,4,14,1,12,0,3,0,40,28,100,1500,24
SIM,5,0,1,4,15,0,10,3,3,1,40,28,700,100,45
SIM,5,0,1,4,16,1,10,0,3,0,40,26,400,1100,37
SIM,5,0,1,4,17,0,10,0,3,0,40,26,1000,500,45
SIM,5,0,1,4,18,1,10,0,3,0,40,23,400,1500,35
SIM,5,0,1,4,19,0,10,0,3,0,40,23,1000,300,45
SIM,5,0,1,4,20,1,13,0,4,0,40,20,200,1300,31
SIM,5,0,1,4,21,0,11,3,4,1,40,20,700,200,45
SIM,5,0,1,4,22,1,11,0,4,0,40,17,400,1200,29
SIM,5,0,1,4,23,0,11,0,4,0,40,17,900,1200,45
SIM,5,0,1,4,24,1,11,0,4,0,40,13,300,2200,33
SIM,5,0,1,4,25,0,11,0,4,0,40,13,800,2200,45
SIM,5,0,1,4,26,1,11,0,4,0,40,9,500,3200,35
SIM,5,0,1,4,27,0,9,3,3,1,40,9,1200,300,45
SIM,5,0,1,4,28,1,12,3,4,1,40,5,100,1200,22
SIM,5,0,1,4,29,0,10,3,4,1,40,5,700,300,45
SIM,5,0,1,4,30,1,10,3,4,1,40,1,400,1200,35
SIM,5,0,1,4,31,0,9,3,3,1,40,1,1100,300,45
SIM_END,5,0,1,4,31,0,0
SIM,6,0,1,5,1,0,6,0,1,0,40,40,1000,0,30
SIM,6,0,1,5,2,1,9,0,2,0,40,39,200,1000,19
SIM,6,0,1,5,3,0,7,3,2,1,40,39,900,200,45
SIM,6,0,1,5,4,1,7,0,2,0,40,38,300,1200,23
SIM,6,0,1,5,5,0,7,0,2,0,40,38,1000,300,45
SIM,6,0,1,5,6,1,7,0,2,0,40,36,400,1300,31
SIM,6,0,1,5,7,0,7,0,2,0,40,36,1100,400,45
SIM,6,0,1,5,8,1,10,0,3,0,40,34,300,1400,33
SIM,6,0,1,5,9,0,9,3,2,1,40,34,1000,300,45
SIM,6,0,1,5,10,1,9,0,2,0,40,33,400,1300,36
SIM,6,0,1,5,11,0,9,0,2,0,40,33,1100,400,45
SIM,6,0,1,5,12,1,9,0,2,0,40,31,500,1400,37
SIM,6,0,1,5,13,0,9,0,2,0,40,31,1200,500,45
SIM,6,0,1,5,14,1,12,0,3,0,40,28,100,1500,24
SIM,6,0,1,5,15,0,10,3,3,1,40,28,700,100,45
SIM,6,0,1,5,16,1,10,0,3,0,40,26,400,1100,37
SIM,6,0,1,5,17,0,10,0,3,0,40,26,1000,500,45
SIM,6,0,1,5,18,1,10,0,3,0,40,23,400,1500,35
SIM,6,0,1,5,19,0,10,0,3,0,40,23,1000,300,45
SIM,6,0,1,5,20,1,13,0,4,0,40,20,200,1300,31
SIM,6,0,1,5,21,0,11,3,4,1,40,20,700,200,45
SIM,6,0,1,5,22,1,11,0,4,0,40,17,400,1200,29
SIM,6,0,1,5,23,0,11,0,4,0,40,17,900,1200,45
SIM,6,0,1,5,24,1,11,0,4,0,40,13,300,2200,33
SIM,6,0,1,5,25,0,11,0,4,0,40,13,800,2200,45
SIM,6,0,1,5,26,1,11,0,4,0,40,9,500,3200,35
SIM,6,0,1,5,27,0,9,3,3,1,40,9,1200,300,45
SIM,6,0,1,5,28,1,12,3,4,1,40,5,100,1200,22
SIM,6,0,1,5,29,0,10,3,4,1,40,5,700,300,45
SIM,6,0,1,5,30,1,10,3,4,1,40,1,400,1200,35
SIM,6,0,1,5,31,0,9,3,3,1,40,1,1100,300,45
SIM_END,6,0,1,5,31,0,0
SIM,7,0,1,6,1,0,6,0,1,0,40,40,1000,0,30
SIM,7,0,1,6,2,1,9,0,2,0,40,39,200,1000,19
SIM,7,0,1,6,3,0,7,3,2,1,40,39,900,200,45
SIM,7,0,1,6,4,1,7,0,2,0,40,38,300,1200,15
SIM,7,0,1,6,5,0,7,0,2,0,40,38,1000,300,45
SIM,7,0,1,6,6,1,7,0,2,0,40,36,400,1300,31
SIM,7,0,1,6,7,0,7,0,2,0,40,36,1100,400,45
SIM,7,0,1,6,8,1,10,0,3,0,40,34,300,1400,33
SIM,7,0,1,6,9,0,9,3,2,1,40,34,1000,300,45
SIM,7,0,1,6,10,1,9,0,2,0,40,33,400,1300,36
SIM,7,0,1,6,11,0,9,0,2,0,40,33,1100,400,45
SIM,7,0,1,6,12,1,9,0,2,0,40,31,500,1400,37
SIM,7,0,1,6,13,0,9,0,2,0,40,31,1200,500,45
SIM,7,0,1,6,14,1,12,0,3,0,40,28,100,1500,24
SIM,7,0,1,6,15,0,10,3,3,1,40,28,700,100,45
SIM,7,0,1,6,16,1,10,0,3,0,40,26,400,1100,37
SIM,7,0,1,6,17,0,10,0,3,0,40,26,1000,500,45
SIM,7,0,1,6,18,1,10,0,3,0,40,23,400,1500,35
SIM,7,0,1,6,19,0,10,0,3,0,40,23,1000,300,45
SIM,7,0,1,6,20,1,13,0,4,0,40,20,200,1300,31
SIM,7,0,1,6,21,0,11,3,4,1,40,20,700,200,45
SIM,7,0,1,6,22,1,11,0,4,0,40,17,400,1200,29
SIM,7,0,1,6,23,0,11,0,4,0,40,17,900,1200,45
SIM,7,0,1,6,24,1,11,0,4,0,40,13,300,2200,33
SIM,7,0,1,6,25,0,11,0,4,0,40,13,800,2200,45
SIM,7,0,1,6,26,1,11,0,4,0,40,9,500,3200,35
SIM,7,0,1,6,27,0,9,3,3,1,40,9,1200,300,45
SIM,7,0,1,6,28,1,12,3,4,1,40,5,100,1200,22
SIM,7,0,1,6,29,0,10,3,4,1,40,5,700,300,45
SIM,7,0,1,6,30,1,10,3,4,1,40,1,400,1200,35
SIM,7,0,1,6,31,0,9,3,3,1,40,1,1100,300,45
SIM_END,7,0,1,6,31,0,0
SIM,8,1,1,0,1,0,0,6,0,1,40,40,1000,0,30
SIM,8,1,1,0,2,1,3,4,1,1,40,40,200,800,19
SIM,8,1,1,0,3,0,0,7,0,2,39,40,1200,300,45
SIM,8,1,1,0,4,1,0,7,0,2,39,40,300,1000,39
SIM,8,1,1,0,5,0,0,7,0,2,38,40,1300,400,45
SIM,8,1,1,0,6,1,0,7,0,2,38,40,400,1100,39
SIM,8,1,1,0,7,0,0,7,0,2,37,40,1400,500,45
SIM,8,1,1,0,8,1,3,5,1,2,37,40,300,1200,34
SIM,8,1,1,0,9,0,0,8,0,3,35,40,1300,100,45
SIM,8,1,1,0,10,1,0,8,0,3,35,40,400,700,39
SIM,8,1,1,0,11,0,0,8,0,3,33,40,1400,400,45
SIM,8,1,1,0,12,1,0,8,0,3,33,40,500,1000,39
SIM,8,1,1,0,13,0,0,8,0,3,31,40,1500,400,45
SIM,8,1,1,0,14,1,3,7,1,2,31,40,100,1100,32
SIM,8,1,1,0,15,0,0,10,0,3,29,40,1100,300,45
SIM,8,1,1,0,16,1,0,10,0,3,29,40,500,900,41
SIM,8,1,1,0,17,0,0,10,0,3,27,40,1500,300,45
SIM,8,1,1,0,18,1,0,10,0,3,27,40,300,900,37
SIM,8,1,1,0,19,0,0,10,0,3,25,40,1300,300,45
SIM,8,1,1,0,20,1,3,8,1,3,25,40,200,900,36
SIM,8,1,1,0,21,0,0,11,0,4,22,40,1200,100,45
SIM,8,1,1,0,22,1,0,11,0,4,22,40,300,600,39
SIM,8,1,1,0,23,0,0,11,0,4,19,40,1300,300,45
SIM,8,1,1,0,24,1,0,11,0,4,19,40,400,800,39
SIM,8,1,1,0,25,0,0,11,0,4,16,40,1400,500,45
SIM,8,1,1,0,26,1,3,10,1,3,16,40,300,1100,36
SIM,8,1,1,0,27,0,0,13,0,4,13,40,1300,300,45
SIM,8,1,1,0,28,1,0,13,0,4,13,40,400,800,39
SIM,8,1,1,0,29,0,0,13,0,4,10,40,1400,500,45
SIM,8,1,1,0,30,1,0,13,0,4,10,40,500,1000,39
SIM,8,1,1,0,31,0,0,13,0,4,7,40,1500,400,45
SIM,8,1,1,0,32,1,3,11,1,4,7,40,100,900,34
SIM,8,1,1,0,33,0,0,11,0,4,4,40,1100,300,45
SIM,8,1,1,0,34,1,0,11,0,4,4,40,500,800,41
SIM_END,8,1,1,0,34,1,0
SIM,9,1,1,1,1,0,0,6,0,1,40,40,1000,0,30
SIM,9,1,1,1,2,1,3,4,1,1,40,40,200,800,19
SIM,9,1,1,1,3,0,0,7,0,2,39,40,1200,300,45
SIM,9,1,1,1,4,1,0,7,0,2,39,40,300,1000,39
SIM,9,1,1,1,5,0,0,7,0,2,38,40,1300,400,45
SIM,9,1,1,1,6,1,0,7,0,2,38,40,400,1100,39
SIM,9,1,1,1,7,0,0,7,0,2,37,40,1400,500,45
SIM,9,1,1,1,8,1,3,5,1,2,37,40,300,1200,34
SIM,9,1,1,1,9,0,0,8,0,3,35,40,1300,100,45
SIM,9,1,1,1,10,1,0,8,0,3,35,40,400,700,39
SIM,9,1,1,1,11,0,0,8,0,3,33,40,1400,400,45
SIM,9,1,1,1,12,1,0,8,0,3,33,40,500,1000,39
SIM,9,1,1,1,13,0,0,8,0,3,31,40,1500,400,45
SIM,9,1,1,1,14,1,3,7,1,2,31,40,100,1100,32
SIM,9,1,1,1,15,0,0,10,0,3,29,40,1100,300,45
SIM,9,1,1,1,16,1,0,10,0,3,29,40,500,900,41
SIM,9,1,1,1,17,0,0,10,0,3,27,40,1500,300,45
SIM,9,1,1,1,18,1,0,10,0,3,27,40,300,900,37
SIM,9,1,1,1,19,0,0,10,0,3,25,40,1300,300,45
SIM,9,1,1,1,20,1,3,8,1,3,25,40,200,900,36
SIM,9,1,1,1,21,0,0,11,0,4,22,40,1200,100,45
SIM,9,1,1,1,22,1,0,11,0,4,22,40,300,600,39
SIM,9,1,1,1,23,0,0,11,0,4,19,40,1300,300,45
SIM,9,1,1,1,24,1,0,11,0,4,19,40,400,800,39
SIM,9,1,1,1,25,0,0,11,0,4,16,40,1400,500,45
SIM,9,1,1,1,26,1,3,10,1,3,16,40,300,1100,36
SIM,9,1,1,1,27,0,0,13,0,4,13,40,1300,300,45
SIM,9,1,1,1,28,1,0,13,0,4,13,40,400,800,39
SIM,9,1,1,1,29,0,0,13,0,4,10,40,1400,500,45
SIM,9,1,1,1,30,1,0,13,0,4,10,40,500,1000,39
SIM,9,1,1,1,31,0,0,13,0,4,7,40,1500,400,45
SIM,9,1,1,1,32,1,3,11,1,4,7,40,100,900,34
SIM,9,1,1,1,33,0,0,11,0,4,4,40,1100,300,45
SIM,9,1,1,1,34,1,0,11,0,4,4,40,500,800,41
SIM_END,9,1,1,1,34,1,0
SIM,10,1,1,2,1,0,0,6,0,1,40,40,1000,0,30
SIM,10,1,1,2,2,1,3,6,1,1,40,39,200,800,19
SIM,10,1,1,2,3,0,0,9,0,2,39,39,1200,300,45
SIM,10,1,1,2,4,1,0,9,0,2,39,39,300,1000,39
SIM,10,1,1,2,5,0,0,9,0,2,38,39,1300,400,45
SIM,10,1,1,2,6,1,0,9,0,2,38,39,400,1100,39
SIM,10,1,1,2,7,0,0,9,0,2,37,39,1400,500,45
SIM,10,1,1,2,8,1,3,7,1,2,37,39,300,1200,34
SIM,10,1,1,2,9,0,0,10,0,3,35,39,1300,100,45
SIM,10,1,1,2,10,1,0,10,0,3,35,39,400,700,39
SIM,10,1,1,2,11,0,0,10,0,3,33,39,1400,400,45
SIM,10,1,1,2,12,1,0,10,0,3,33,39,500,1000,39
SIM,10,1,1,2,13,0,0,10,0,3,31,39,1500,400,45
SIM,10,1,1,2,14,1,3,9,1,2,31,39,100,1100,32
SIM,10,1,1,2,15,0,0,12,0,3,29,39,1100,300,45
SIM,10,1,1,2,16,1,0,12,0,3,29,39,500,900,41
SIM,10,1,1,2,17,0,0,12,0,3,27,39,1500,300,45
SIM,10,1,1,2,18,1,0,12,0,3,27,39,300,900,37
SIM,10,1,1,2,19,0,0,12,0,3,25,39,1300,300,45
SIM,10,1,1,2,20,1,3,10,1,3,25,39,200,900,36
SIM,10,1,1,2,21,0,0,13,0,4,22,39,1200,100,45
SIM,10,1,1,2,22,1,0,13,0,4,22,39,300,600,39
SIM,10,1,1,2,23,0,0,13,0,4,19,39,1300,300,45
SIM,10,1,1,2,24,1,0,13,0,4,19,39,400,800,39
SIM,10,1,1,2,25,0,0,13,0,4,16,39,1400,500,45
SIM,10,1,1,2,26,1,3,12,1,3,16,39,300,1100,36
SIM,10,1,1,2,27,0,0,15,0,4,13,39,1300,300,45
SIM,10,1,1,2,28,1,0,15,0,4,13,39,400,800,39
SIM,10,1,1,2,29,0,0,15,0,4,10,39,1400,500,45
SIM,10,1,1,2,30,1,0,15,0,4,10,39,500,1000,39
SIM,10,1,1,2,31,0,0,15,0,4,7,39,1500,400,45
SIM,10,1,1,2,32,1,3,13,1,4,7,39,100,900,34
SIM,10,1,1,2,33,0,0,13,0,4,4,39,1100,300,45
SIM,10,1,1,2,34,1,0,13,0,4,4,39,500,800,41
SIM_END,10,1,1,2,34,1,0
SIM,11,1,1,3,1,0,0,6,0,1,40,40,1000,0,30
SIM,11,1,1,3,2,1,3,6,1,1,40,39,200,800,19
SIM,11,1,1,3,3,0,0,9,0,2,39,39,1200,300,45
SIM,11,1,1,3,4,1,0,9,0,2,39,39,300,1000,39
SIM,11,1,1,3,5,0,0,9,0,2,38,39,1300,400,45
SIM,11,1,1,3,6,1,0,9,0,2,38,39,400,1100,39
SIM,11,1,1,3,7,0,0,9,0,2,37,39,1400,500,45
SIM,11,1,1,3,8,1,3,7,1,2,37,39,300,1200,34
SIM,11,1,1,3,9,0,0,10,0,3,35,39,1300,100,45
SIM,11,1,1,3,10,1,0,10,0,3,35,39,400,700,39
SIM,11,1,1,3,11,0,0,10,0,3,33,39,1400,400,45
SIM,11,1,1,3,12,1,0,10,0,3,33,39,500,1000,39
SIM,11,1,1,3,13,0,0,10,0,3,31,39,1500,400,45
SIM,11,1,1,3,14,1,3,9,1,2,31,39,100,1100,32
SIM,11,1,1,3,15,0,0,12,0,3,29,39,1100,300,45
SIM,11,1,1,3,16,1,0,12,0,3,29,39,500,900,41
SIM,11,1,1,3,17,0,0,12,0,3,27,39,1500,300,45
SIM,11,1,1,3,18,1,0,12,0,3,27,39,300,900,37
SIM,11,1,1,3,19,0,0,12,0,3,25,39,1300,300,45
SIM,11,1,1,3,20,1,3,10,1,3,25,39,200,900,36
SIM,11,1,1,3,21,0,0,13,0,4,22,39,1200,100,45
SIM,11,1,1,3,22,1,0,13,0,4,22,39,300,600,39
SIM,11,1,1,3,23,0,0,13,0,4,19,39,1300,300,45
SIM,11,1,1,3,24,1,0,13,0,4,19,39,400,800,39
SIM,11,1,1,3,25,0,0,13,0,4,16,39,1400,500,45
SIM,11,1,1,3,26,1,3,12,1,3,16,39,300,1100,36
SIM,11,1,1,3,27,0,0,15,0,4,13,39,1300,300,45
SIM,11,1,1,3,28,1,0,15,0,4,13,39,400,800,39
SIM,11,1,1,3,29,0,0,15,0,4,10,39,1400,500,45
SIM,11,1,1,3,30,1,0,15,0,4,10,39,500,1000,39
SIM,11,1,1,3,31,0,0,15,0,4,7,39,1500,400,45
SIM,11,1,1,3,32,1,3,13,1,4,7,39,100,900,34
SIM,11,1,1,3,33,0,0,13,0,4,4,39,1100,300,45
SIM,11,1,1,3,34,1,0,13,0,4,4,39,500,800,41
SIM_END,11,1,1,3,34,1,0
SIM,12,1,1,4,1,0,0,6,0,1,40,40,1000,0,30
SIM,12,1,1,4,2,1,3,6,1,1,40,39,200,800,19
SIM,12,1,1,4,3,0,0,9,0,2,39,39,1200,300,45
SIM,12,1,1,4,4,1,0,9,0,2,39,39,300,1000,39
SIM,12,1,1,4,5,0,0,9,0,2,38,39,1300,400,45
SIM,12,1,1,4,6,1,0,9,0,2,38,39,400,1100,39
SIM,12,1,1,4,7,0,0,9,0,2,37,39,1400,500,45
SIM,12,1,1,4,8,1,3,7,1,2,37,39,300,1200,34
SIM,12,1,1,4,9,0,0,10,0,3,35,39,1300,100,45
SIM,12,1,1,4,10,1,0,10,0,3,35,39,400,700,39
SIM,12,1,1,4,11,0,0,10,0,3,33,39,1400,400,45
SIM,12,1,1,4,12,1,0,10,0,3,33,39,500,1000,39
SIM,12,1,1,4,13,0,0,10,0,3,31,39,1500,400,45
SIM,12,1,1,4,14,1,3,9,1,2,31,39,100,1100,32
SIM,12,1,1,4,15,0,0,12,0,3,29,39,1100,300,45
SIM,12,1,1,4,16,1,0,12,0,3,29,39,500,900,41
SIM,12,1,1,4,17,0,0,12,0,3,27,39,1500,300,45
SIM,12,1,1,4,18,1,0,12,0,3,27,39,300,900,37
SIM,12,1,1,4,19,0,0,12,0,3,25,39,1300,300,45
SIM,12,1,1,4,20,1,3,10,1,3,25,39,200,900,36
SIM,12,1,1,4,21,0,0,13,0,4,22,39,1200,100,45
SIM,12,1,1,4,22,1,0,13,0,4,22,39,300,600,39
SIM,12,1,1,4,23,0,0,13,0,4,19,39,1300,300,45
SIM,12,1,1,4,24,1,0,13,0,4,19,39,400,800,39
SIM,12,1,1,4,25,0,0,13,0,4,16,39,1400,500,45
SIM,12,1,1,4,26,1,3,12,1,3,16,39,300,1100,36
SIM,12,1,1,4,27,0,0,15,0,4,13,39,1300,300,45
SIM,12,1,1,4,28,1,0,15,0,4,13,39,400,800,39
SIM,12,1,1,4,29,0,0,15,0,4,10,39,1400,500,45
SIM,12,1,1,4,30,1,0,15,0,4,10,39,500,1000,39
SIM,12,1,1,4,31,0,0,15,0,4,7,39,1500,400,45
SIM,12,1,1,4,32,1,3,13,1,4,7,39,100,900,34
SIM,12,1,1,4,33,0,0,13,0,4,4,39,1100,300,45
SIM,12,1,1,4,34,1,0,13,0,4,4,39,500,800,41
SIM_END,12,1,1,4,34,1,0
SIM,13,1,1,5,1,0,0,6,0,1,40,40,1000,0,30
SIM,13,1,1,5,2,1,3,6,1,1,40,39,200,800,19
SIM,13,1,1,5,3,0,0,9,0,2,39,39,1200,300,45
SIM,13,1,1,5,4,1,0,9,0,2,39,39,300,1000,39
SIM,13,1,1,5,5,0,0,9,0,2,38,39,1300,400,45
SIM,13,1,1,5,6,1,0,9,0,2,38,39,400,1100,39
SIM,13,1,1,5,7,0,0,9,0,2,37,39,1400,500,45
SIM,13,1,1,5,8,1,3,7,1,2,37,39,300,1200,34
SIM,13,1,1,5,9,0,0,10,0,3,35,39,1300,100,45
SIM,13,1,1,5,10,1,0,10,0,3,35,39,400,700,39
SIM,13,1,1,5,11,0,0,10,0,3,33,39,1400,400,45
SIM,13,1,1,5,12,1,0,10,0,3,33,39,500,1000,39
SIM,13,1,1,5,13,0,0,10,0,3,31,39,1500,400,45
SIM,13,1,1,5,14,1,3,9,1,2,31,39,100,1100,32
SIM,13,1,1,5,15,0,0,12,0,3,29,39,1100,300,45
SIM,13,1,1,5,16,1,0,12,0,3,29,39,500,900,41
SIM,13,1,1,5,17,0,0,12,0,3,27,39,1500,300,45
SIM,13,1,1,5,18,1,0,12,0,3,27,39,300,900,37
SIM,13,1,1,5,19,0,0,12,0,3,25,39,1300,300,45
SIM,13,1,1,5,20,1,3,10,1,3,25,39,200,900,36
SIM,13,1,1,5,21,0,0,13,0,4,22,39,1200,100,45
SIM,13,1,1,5,22,1,0,13,0,4,22,39,300,600,39
SIM,13,1,1,5,23,0,0,13,0,4,19,39,1300,300,45
SIM,13,1,1,5,24,1,0,13,0,4,19,39,400,800,39
SIM,13,1,1,5,25,0,0,13,0,4,16,39,1400,500,45
SIM,13,1,1,5,26,1,3,12,1,3,16,39,300,1100,36
SIM,13,1,1,5,27,0,0,15,0,4,13,39,1300,300,45
SIM,13,1,1,5,28,1,0,15,0,4,13,39,400,800,39
SIM,13,1,1,5,29,0,0,15,0,4,10,39,1400,500,45
SIM,13,1,1,5,30,1,0,15,0,4,10,39,500,1000,39
SIM,13,1,1,5,31,0,0,15,0,4,7,39,1500,400,45
SIM,13,1,1,5,32,1,3,13,1,4,7,39,100,900,34
SIM,13,1,1,5,33,0,0,13,0,4,4,39,1100,300,45
SIM,13,1,1,5,34,1,0,13,0,4,4,39,500,800,41
SIM_END,13,1,1,5,34,1,0
SIM,14,1,1,6,1,0,0,6,0,1,40,40,1000,0,30
SIM,14,1,1,6,2,1,3,6,1,1,40,39,200,800,19
SIM,14,1,1,6,3,0,0,9,0,2,39,39,1200,300,45
SIM,14,1,1,6,4,1,0,9,0,2,39,39,300,1000,39
SIM,14,1,1,6,5,0,0,9,0,2,38,39,1300,400,45
SIM,14,1,1,6,6,1,0,9,0,2,38,39,400,1100,39
SIM,14,1,1,6,7,0,0,9,0,2,37,39,1400,500,45
SIM,14,1,1,6,8,1,3,7,1,2,37,39,300,1200,34
SIM,14,1,1,6,9,0,0,10,0,3,35,39,1300,100,45
SIM,14,1,1,6,10,1,0,10,0,3,35,39,400,700,39
SIM,14,1,1,6,11,0,0,10,0,3,33,39,1400,400,45
SIM,14,1,1,6,12,1,0,10,0,3,33,39,500,1000,39
SIM,14,1,1,6,13,0,0,10,0,3,31,39,1500,400,45
SIM,14,1,1,6,14,1,3,9,1,2,31,39,100,1100,32
SIM,14,1,1,6,15,0,0,12,0,3,29,39,1100,300,45
SIM,14,1,1,6,16,1,0,12,0,3,29,39,500,900,41
SIM,14,1,1,6,17,0,0,12,0,3,27,39,1500,300,45
SIM,14,1,1,6,18,1,0,12,0,3,27,39,300,900,37
SIM,14,1,1,6,19,0,0,12,0,3,25,39,1300,300,45
SIM,14,1,1,6,20,1,3,10,1,3,25,39,200,900,36
SIM,14,1,1,6,21,0,0,13,0,4,22,39,1200,100,45
SIM,14,1,1,6,22,1,0,13,0,4,22,39,300,600,39
SIM,14,1,1,6,23,0,0,13,0,4,19,39,1300,300,45
SIM,14,1,1,6,24,1,0,13,0,4,19,39,400,800,39
SIM,14,1,1,6,25,0,0,13,0,4,16,39,1400,500,45
SIM,14,1,1,6,26,1,3,12,1,3,16,39,300,1100,36
SIM,14,1,1,6,27,0,0,15,0,4,13,39,1300,300,45
SIM,14,1,1,6,28,1,0,15,0,4,13,39,400,800,39
SIM,14,1,1,6,29,0,0,15,0,4,10,39,1400,500,45
SIM,14,1,1,6,30,1,0,15,0,4,10,39,500,1000,39
SIM,14,1,1,6,31,0,0,15,0,4,7,39,1500,400,45
SIM,14,1,1,6,32,1,3,13,1,4,7,39,100,900,34
SIM,14,1,1,6,33,0,0,13,0,4,4,39,1100,300,45
SIM,14,1,1,6,34,1,0,13,0,4,4,39,500,800,41
SIM_END,14,1,1,6,34,1,0
SIM_DONE
### degrade=5
SIM_CONFIG,degrade_favoured_pct=5,only_handicap=1,variants=7
SIM,1,0,1,0,1,0,6,0,1,0,40,40,1000,0,30
SIM,1,0,1,0,2,1,9,0,2,0,40,39,200,1000,19
SIM,1,0,1,0,3,0,7,3,2,1,40,39,900,200,45
SIM,1,0,1,0,4,1,7,0,2,0,40,38,300,1200,31
SIM,1,0,1,0,5,0,7,0,2,0,40,38,1000,300,45
SIM,1,0,1,0,6,1,7,0,2,0,40,36,400,1300,31
SIM,1,0,1,0,7,0,7,0,2,0,40,36,1100,400,45
SIM,1,0,1,0,8,1,10,0,3,0,40,34,300,1400,33
SIM,1,0,1,0,9,0,9,3,2,1,40,34,1000,300,45
SIM,1,0,1,0,10,1,9,0,2,0,40,33,400,1300,36
SIM,1,0,1,0,11,0,9,0,2,0,40,33,1100,400,45
SIM,1,0,1,0,12,1,9,0,2,0,40,32,1100,1400,43
SIM,1,0,1,0,13,0,9,0,2,0,40,32,1800,500,45
SIM,1,0,1,0,14,1,12,0,3,0,40,29,100,1500,20
SIM,1,0,1,0,15,0,10,3,3,1,40,29,700,100,45
SIM,1,0,1,0,16,1,10,0,3,0,40,27,400,1100,37
SIM,1,0,1,0,17,0,10,0,3,0,40,27,1000,500,45
SIM,1,0,1,0,18,1,10,0,3,0,40,24,400,1500,35
SIM,1,0,1,0,19,0,10,0,3,0,40,24,1000,300,45
SIM,1,0,1,0,20,1,13,0,4,0,40,21,200,1300,31
SIM,1,0,1,0,21,0,11,3,4,1,40,21,700,200,45
SIM,1,0,1,0,22,1,11,0,4,0,40,18,400,1200,29
SIM,1,0,1,0,23,0,11,0,4,0,40,18,900,1200,45
SIM,1,0,1,0,24,1,11,0,4,0,40,14,300,2200,33
SIM,1,0,1,0,25,0,11,0,4,0,40,14,800,2200,45
SIM,1,0,1,0,26,1,11,0,4,0,40,10,500,3200,35
SIM,1,0,1,0,27,0,9,3,3,1,40,10,1200,300,45
SIM,1,0,1,0,28,1,12,3,4,1,40,6,100,1200,22
SIM,1,0,1,0,29,0,10,3,4,1,40,6,700,300,45
SIM,1,0,1,0,30,1,10,3,4,1,40,5,700,1200,43
SIM,1,0,1,0,31,0,9,3,3,1,40,5,1400,300,45
SIM,1,0,1,0,32,1,9,3,3,1,40,2,500,1200,33
SIM,1,0,1,0,33,0,6,6,2,2,40,2,1300,100,45
SIM_END,1,0,1,0,33,0,0
SIM,2,0,1,1,1,0,6,0,1,0,40,40,1000,0,30
SIM,2,0,1,1,2,1,9,0,2,0,40,39,200,1000,9
SIM,2,0,1,1,3,0,7,3,2,1,40,39,900,200,39
SIM,2,0,1,1,4,1,7,0,2,0,40,38,300,1200,29
SIM,2,0,1,1,5,0,7,0,2,0,40,38,1000,300,45
SIM,2,0,1,1,6,1,7,0,2,0,40,36,400,1300,33
SIM,2,0,1,1,7,0,7,0,2,0,40,36,1100,400,45
SIM,2,0,1,1,8,1,10,0,3,0,40,34,300,1400,33
SIM,2,0,1,1,9,0,9,3,2,1,40,34,1000,300,45
SIM,2,0,1,1,10,1,9,0,2,0,40,33,400,1300,36
SIM,2,0,1,1,11,0,9,0,2,0,40,33,1100,400,45
SIM,2,0,1,1,12,1,9,0,2,0,40,31,500,1400,37
SIM,2,0,1,1,13,0,9,0,2,0,40,31,1200,500,45
SIM,2,0,1,1,14,1,12,0,3,0,40,28,100,1500,24
SIM,2,0,1,1,15,0,10,3,3,1,40,28,700,100,45
SIM,2,0,1,1,16,1,10,0,3,0,40,26,400,1100,37
SIM,2,0,1,1,17,0,10,0,3,0,40,26,1000,500,45
SIM,2,0,1,1,18,1,10,0,3,0,40,23,400,1500,35
SIM,2,0,1,1,19,0,10,0,3,0,40,23,1000,300,45
SIM,2,0,1,1,20,1,13,0,4,0,40,20,200,1300,31
SIM,2,0,1,1,21,0,11,3,4,1,40,20,700,200,45
SIM,2,0,1,1,22,1,11,0,4,0,40,17,400,1200,29
SIM,2,0,1,1,23,0,11,0,4,0,40,17,900,1200,45
SIM,2,0,1,1,24,1,11,0,4,0,40,13,300,2200,33
SIM,2,0,1,1,25,0,11,0,4,0,40,13,800,2200,45
SIM,2,0,1,1,26,1,11,0,4,0,40,9,500,3200,35
SIM,2,0,1,1,27,0,9,3,3,1,40,9,1200,300,45
SIM,2,0,1,1,28,1,12,3,4,1,40,5,100,1200,22
SIM,2,0,1,1,29,0,10,3,4,1,40,5,700,300,45
SIM,2,0,1,1,30,1,10,3,4,1,40,1,400,1200,35
SIM,2,0,1,1,31,0,9,3,3,1,40,1,1100,300,45
SIM_END,2,0,1,1,31,0,0
SIM,3,0,1,2,1,0,6,0,1,0,40,40,1000,0,30
SIM,3,0,1,2,2,1,20,0,1,0,40,40,400,1000,28
SIM,3,0,1,2,3,0,18,3,1,1,40,40,1200,200,45
SIM,3,0,1,2,4,1,7,0,2,0,40,39,100,1200,28
SIM,3,0,1,2,5,0,7,0,2,0,40,39,800,300,45
SIM,3,0,1,2,6,1,7,0,2,0,40,38,500,1300,41
SIM,3,0,1,2,7,0,7,0,2,0,40,38,1200,400,45
SIM,3,0,1,2,8,1,7,0,2,0,40,37,300,1400,37
SIM,3,0,1,2,9,0,5,3,2,1,40,37,1000,300,45
SIM,3,0,1,2,10,1,8,0,3,0,40,36,200,1300,19
SIM,3,0,1,2,11,0,8,0,3,0,40,36,800,400,45
SIM,3,0,1,2,12,1,8,0,3,0,40,35,800,1400,43
SIM,3,0,1,2,13,0,8,0,3,0,40,35,1400,500,45
SIM,3,0,1,2,14,1,8,0,3,0,40,32,500,1500,24
SIM,3,0,1,2,15,0,7,3,2,1,40,32,1200,100,45
SIM,3,0,1,2,16,1,10,0,3,0,40,30,100,1100,28
SIM,3,0,1,2,17,0,10,0,3,0,40,30,700,500,45
SIM,3,0,1,2,18,1,10,0,3,0,40,27,400,1500,37
SIM,3,0,1,2,19,0,10,0,3,0,40,27,1000,300,45
SIM,3,0,1,2,20,1,10,0,3,0,40,24,400,1300,35
SIM,3,0,1,2,21,0,8,3,3,1,40,24,1000,200,45
SIM,3,0,1,2,22,1,11,0,4,0,40,22,200,1200,31
SIM,3,0,1,2,23,0,11,0,4,0,40,22,700,300,45
SIM,3,0,1,2,24,1,11,0,4,0,40,18,400,1300,29
SIM,3,0,1,2,25,0,11,0,4,0,40,18,900,1300,45
SIM,3,0,1,2,26,1,11,0,4,0,40,14,300,2300,33
SIM,3,0,1,2,27,0,9,3,3,1,40,14,1000,300,45
SIM,3,0,1,2,28,1,12,3,4,1,40,10,200,1200,24
SIM,3,0,1,2,29,0,10,3,4,1,40,10,800,300,45
SIM,3,0,1,2,30,1,10,3,4,1,40,6,500,1200,35
SIM,3,0,1,2,31,0,9,3,3,1,40,6,1200,300,45
SIM,3,0,1,2,32,1,9,3,3,1,40,3,300,1200,33
SIM,3,0,1,2,33,0,6,6,2,2,40,3,1100,100,45
SIM_END,3,0,1,2,33,0,0
SIM,4,0,1,3,1,0,6,0,1,0,40,40,1000,0,30
SIM,4,0,1,3,2,1,9,0,2,0,40,39,200,1000,19
SIM,4,0,1,3,3,0,7,3,2,1,40,39,900,200,45
SIM,4,0,1,3,4,1,7,0,2,0,40,38,300,1200,27
SIM,4,0,1,3,5,0,7,0,2,0,40,38,1000,300,45
SIM,4,0,1,3,6,1,7,0,2,0,40,36,400,1300,31
SIM,4,0,1,3,7,0,7,0,2,0,40,36,1100,400,45
SIM,4,0,1,3,8,1,10,0,3,0,40,34,300,1400,33
SIM,4,0,1,3,9,0,9,3,2,1,40,34,1000,300,45
SIM,4,0,1,3,10,1,9,0,2,0,40,33,400,1300,36
SIM,4,0,1,3,11,0,9,0,2,0,40,33,1100,400,45
SIM,4,0,1,3,12,1,9,0,2,0,40,31,500,1400,37
SIM,4,0,1,3,13,0,9,0,2,0,40,31,1200,500,45
SIM,4,0,1,3,14,1,9,0,2,0,40,30,1200,1500,43
SIM,4,0,1,3,15,0,7,3,2,1,40,30,1900,100,45
SIM,4,0,1,3,16,1,10,0,3,0,40,29,200,1100,27
SIM,4,0,1,3,17,0,10,0,3,0,40,29,800,500,45
SIM,4,0,1,3,18,1,10,0,3,0,40,26,500,1500,34
SIM,4,0,1,3,19,0,10,0,3,0,40,26,1100,300,45
SIM,4,0,1,3,20,1,10,0,3,0,40,23,500,1300,35
SIM,4,0,1,3,21,0,8,3,3,1,40,23,1100,200,45
SIM,4,0,1,3,22,1,11,0,4,0,40,21,300,1200,31
SIM,4,0,1,3,23,0,11,0,4,0,40,21,800,300,45
SIM,4,0,1,3,24,1,11,0,4,0,40,17,500,1300,29
SIM,4,0,1,3,25,0,11,0,4,0,40,17,1000,1300,45
SIM,4,0,1,3,26,1,11,0,4,0,40,13,400,2300,33
SIM,4,0,1,3,27,0,9,3,3,1,40,13,1100,300,45
SIM,4,0,1,3,28,1,12,3,4,1,40,9,300,1200,24
SIM,4,0,1,3,29,0,10,3,4,1,40,9,900,300,45
SIM,4,0,1,3,30,1,10,3,4,1,40,5,300,1200,33
SIM,4,0,1,3,31,0,9,3,3,1,40,5,1000,300,45
SIM,4,0,1,3,32,1,9,3,3,1,40,2,400,1200,35
SIM,4,0,1,3,33,0,6,6,2,2,40,2,1200,100,45
SIM_END,4,0,1,3,33,0,0
SIM,5,0,1,4,1,0,6,0,1,0,40,40,1000,0,30
SIM,5,0,1,4,2,1,9,0,2,0,40,39,200,1000,19
SIM,5,0,1,4,3,0,7,3,2,1,40,39,900,200,45
SIM,5,0,1,4,4,1,7,0,2,0,40,38,300,1200,19
SIM,5,0,1,4,5,0,7,0,2,0,40,38,1000,300,45
SIM,5,0,1,4,6,1,7,0,2,0,40,36,400,1300,31
SIM,5,0,1,4,7,0,7,0,2,0,40,36,1100,400,45
SIM,5,0,1,4,8,1,10,0,3,0,40,34,300,1400,33
SIM,5,0,1,4,9,0,9,3,2,1,40,34,1000,300,45
SIM,5,0,1,4,10,1,9,0,2,0,40,33,400,1300,36
SIM,5,0,1,4,11,0,9,0,2,0,40,33,1100,400,45
SIM,5,0,1,4,12,1,9,0,2,0,40,31,500,1400,37
SIM,5,0,1,4,13,0,9,0,2,0,40,31,1200,500,45
SIM,5,0,1,4,14,1,12,0,3,0,40,28,100,1500,24
SIM,5,0,1,4,15,0,10,3,3,1,40,28,700,100,45
SIM,5,0,1,4,16,1,10,0,3,0,40,26,400,1100,37
SIM,5,0,1,4,17,0,10,0,3,0,40,26,1000,500,45
SIM,5,0,1,4,18,1,10,0,3,0,40,23,400,1500,35
SIM,5,0,1,4,19,0,10,0,3,0,40,23,1000,300,45
SIM,5,0,1,4,20,1,13,0,4,0,40,20,200,1300,31
SIM,5,0,1,4,21,0,11,3,4,1,40,20,700,200,45
SIM,5,0,1,4,22,1,11,0,4,0,40,17,400,1200,29
SIM,5,0,1,4,23,0,11,0,4,0,40,17,900,1200,45
SIM,5,0,1,4,24,1,11,0,4,0,40,13,300,2200,33
SIM,5,0,1,4,25,0,11,0,4,0,40,13,800,2200,45
SIM,5,0,1,4,26,1,11,0,4,0,40,9,500,3200,35
SIM,5,0,1,4,27,0,9,3,3,1,40,9,1200,300,45
SIM,5,0,1,4,28,1,12,3,4,1,40,5,100,1200,22
SIM,5,0,1,4,29,0,10,3,4,1,40,5,700,300,45
SIM,5,0,1,4,30,1,10,3,4,1,40,1,400,1200,35
SIM,5,0,1,4,31,0,9,3,3,1,40,1,1100,300,45
SIM_END,5,0,1,4,31,0,0
SIM,6,0,1,5,1,0,6,0,1,0,40,40,1000,0,30
SIM,6,0,1,5,2,1,9,0,2,0,40,39,200,1000,19
SIM,6,0,1,5,3,0,7,3,2,1,40,39,900,200,45
SIM,6,0,1,5,4,1,7,0,2,0,40,38,300,1200,23
SIM,6,0,1,5,5,0,7,0,2,0,40,38,1000,300,45
SIM,6,0,1,5,6,1,7,0,2,0,40,36,400,1300,31
SIM,6,0,1,5,7,0,7,0,2,0,40,36,1100,400,45
SIM,6,0,1,5,8,1,10,0,3,0,40,34,300,1400,33
SIM,6,0,1,5,9,0,9,3,2,1,40,34,1000,300,45
SIM,6,0,1,5,10,1,9,0,2,0,40,33,400,1300,36
SIM,6,0,1,5,11,0,9,0,2,0,40,33,1100,400,45
SIM,6,0,1,5,12,1,9,0,2,0,40,31,500,1400,37
SIM,6,0,1,5,13,0,9,0,2,0,40,31,1200,500,45
SIM,6,0,1,5,14,1,12,0,3,0,40,28,100,1500,24
SIM,6,0,1,5,15,0,10,3,3,1,40,28,700,100,45
SIM,6,0,1,5,16,1,10,0,3,0,40,26,400,1100,37
SIM,6,0,1,5,17,0,10,0,3,0,40,26,1000,500,45
SIM,6,0,1,5,18,1,10,0,3,0,40,23,400,1500,35
SIM,6,0,1,5,19,0,10,0,3,0,40,23,1000,300,45
SIM,6,0,1,5,20,1,10,0,3,0,40,22,1000,1300,43
SIM,6,0,1,5,21,0,8,3,3,1,40,22,1600,200,45
SIM,6,0,1,5,22,1,11,0,4,0,40,20,200,1200,27
SIM,6,0,1,5,23,0,11,0,4,0,40,20,700,300,45
SIM,6,0,1,5,24,1,11,0,4,0,40,19,700,1300,43
SIM,6,0,1,5,25,0,11,0,4,0,40,19,1200,400,45
SIM,6,0,1,5,26,1,11,0,4,0,40,15,300,1400,25
SIM,6,0,1,5,27,0,9,3,3,1,40,15,1000,300,45
SIM,6,0,1,5,28,1,12,3,4,1,40,11,200,1200,24
SIM,6,0,1,5,29,0,10,3,4,1,40,11,800,300,45
SIM,6,0,1,5,30,1,10,3,4,1,40,7,500,1200,35
SIM,6,0,1,5,31,0,9,3,3,1,40,7,1200,300,45
SIM,6,0,1,5,32,1,9,3,3,1,40,4,300,1200,33
SIM,6,0,1,5,33,0,6,6,2,2,40,4,1100,100,45
SIM,6,0,1,5,34,1,9,6,3,2,40,2,300,900,33
SIM,6,0,1,5,35,0,6,6,2,2,40,2,1100,300,45
SIM_END,6,0,1,5,35,0,0
SIM,7,0,1,6,1,0,6,0,1,0,40,40,1000,0,30
SIM,7,0,1,6,2,1,9,0,2,0,40,39,200,1000,19
SIM,7,0,1,6,3,0,7,3,2,1,40,39,900,200,45
SIM,7,0,1,6,4,1,7,0,2,0,40,38,300,1200,15
SIM,7,0,1,6,5,0,7,0,2,0,40,38,1000,300,45
SIM,7,0,1,6,6,1,7,0,2,0,40,36,400,1300,31
SIM,7,0,1,6,7,0,7,0,2,0,40,36,1100,400,45
SIM,7,0,1,6,8,1,10,0,3,0,40,34,300,1400,33
SIM,7,0,1,6,9,0,9,3,2,1,40,34,1000,300,45
SIM,7,0,1,6,10,1,9,0,2,0,40,33,400,1300,36
SIM,7,0,1,6,11,0,9,0,2,0,40,33,1100,400,45
SIM,7,0,1,6,12,1,9,0,2,0,40,31,500,1400,37
SIM,7,0,1,6,13,0,9,0,2,0,40,31,1200,500,45
SIM,7,0,1,6,14,1,12,0,3,0,40,28,100,1500,24
SIM,7,0,1,6,15,0,10,3,3,1,40,28,700,100,45
SIM,7,0,1,6,16,1,10,0,3,0,40,26,400,1100,37
SIM,7,0,1,6,17,0,10,0,3,0,40,26,1000,500,45
SIM,7,0,1,6,18,1,10,0,3,0,40,23,400,1500,35
SIM,7,0,1,6,19,0,10,0,3,0,40,23,1000,300,45
SIM,7,0,1,6,20,1,13,0,4,0,40,20,200,1300,31
SIM,7,0,1,6,21,0,11,3,4,1,40,20,700,200,45
SIM,7,0,1,6,22,1,11,0,4,0,40,17,400,1200,29
SIM,7,0,1,6,23,0,11,0,4,0,40,17,900,1200,45
SIM,7,0,1,6,24,1,11,0,4,0,40,13,300,2200,33
SIM,7,0,1,6,25,0,11,0,4,0,40,13,800,2200,45
SIM,7,0,1,6,26,1,11,0,4,0,40,9,500,3200,35
SIM,7,0,1,6,27,0,9,3,3,1,40,9,1200,300,45
SIM,7,0,1,6,28,1,12,3,4,1,40,5,100,1200,22
SIM,7,0,1,6,29,0,10,3,4,1,40,5,700,300,45
SIM,7,0,1,6,30,1,10,3,4,1,40,1,400,1200,35
SIM,7,0,1,6,31,0,9,3,3,1,40,1,1100,300,45
SIM_END,7,0,1,6,31,0,0
SIM,8,1,1,0,1,0,0,6,0,1,40,40,1000,0,30
SIM,8,1,1,0,2,1,3,4,1,1,40,40,200,800,19
SIM,8,1,1,0,3,0,0,7,0,2,39,40,1200,300,45
SIM,8,1,1,0,4,1,0,7,0,2,39,40,300,1000,39
SIM,8,1,1,0,5,0,0,7,0,2,38,40,1300,400,45
SIM,8,1,1,0,6,1,0,7,0,2,38,40,400,1100,39
SIM,8,1,1,0,7,0,0,7,0,2,37,40,1400,500,45
SIM,8,1,1,0,8,1,3,5,1,2,37,40,300,1200,34
SIM,8,1,1,0,9,0,0,8,0,3,35,40,1300,100,45
SIM,8,1,1,0,10,1,0,8,0,3,35,40,400,700,39
SIM,8,1,1,0,11,0,0,8,0,3,33,40,1400,400,45
SIM,8,1,1,0,12,1,0,8,0,3,33,40,500,1000,39
SIM,8,1,1,0,13,0,0,8,0,3,31,40,1500,400,45
SIM,8,1,1,0,14,1,3,7,1,2,31,40,100,1100,32
SIM,8,1,1,0,15,0,0,10,0,3,29,40,1100,300,45
SIM,8,1,1,0,16,1,0,10,0,3,29,40,500,900,41
SIM,8,1,1,0,17,0,0,10,0,3,27,40,1500,300,45
SIM,8,1,1,0,18,1,0,10,0,3,27,40,300,900,37
SIM,8,1,1,0,19,0,0,10,0,3,25,40,1300,300,45
SIM,8,1,1,0,20,1,3,8,1,3,25,40,200,900,36
SIM,8,1,1,0,21,0,0,11,0,4,22,40,1200,100,45
SIM,8,1,1,0,22,1,0,11,0,4,22,40,300,600,39
SIM,8,1,1,0,23,0,0,11,0,4,19,40,1300,300,45
SIM,8,1,1,0,24,1,0,11,0,4,19,40,400,800,39
SIM,8,1,1,0,25,0,0,11,0,4,16,40,1400,500,45
SIM,8,1,1,0,26,1,3,10,1,3,16,40,300,1100,36
SIM,8,1,1,0,27,0,0,13,0,4,13,40,1300,300,45
SIM,8,1,1,0,28,1,0,13,0,4,13,40,400,800,39
SIM,8,1,1,0,29,0,0,13,0,4,10,40,1400,500,45
SIM,8,1,1,0,30,1,0,13,0,4,10,40,500,1000,39
SIM,8,1,1,0,31,0,0,13,0,4,7,40,1500,400,45
SIM,8,1,1,0,32,1,3,11,1,4,7,40,100,900,34
SIM,8,1,1,0,33,0,0,11,0,4,4,40,1100,300,45
SIM,8,1,1,0,34,1,0,11,0,4,4,40,500,800,41
SIM_END,8,1,1,0,34,1,0
SIM,9,1,1,1,1,0,0,6,0,1,40,40,1000,0,30
SIM,9,1,1,1,2,1,3,4,1,1,40,40,200,800,19
SIM,9,1,1,1,3,0,0,7,0,2,39,40,1200,300,45
SIM,9,1,1,1,4,1,0,7,0,2,39,40,300,1000,39
SIM,9,1,1,1,5,0,0,7,0,2,38,40,1300,400,45
SIM,9,1,1,1,6,1,0,7,0,2,38,40,400,1100,39
SIM,9,1,1,1,7,0,0,7,0,2,37,40,1400,500,45
SIM,9,1,1,1,8,1,3,5,1,2,37,40,300,1200,34
SIM,9,1,1,1,9,0,0,8,0,3,35,40,1300,100,45
SIM,9,1,1,1,10,1,0,8,0,3,35,40,400,700,39
SIM,9,1,1,1,11,0,0,8,0,3,33,40,1400,400,45
SIM,9,1,1,1,12,1,0,8,0,3,33,40,500,1000,39
SIM,9,1,1,1,13,0,0,8,0,3,31,40,1500,400,45
SIM,9,1,1,1,14,1,3,7,1,2,31,40,100,1100,32
SIM,9,1,1,1,15,0,0,10,0,3,29,40,1100,300,45
SIM,9,1,1,1,16,1,0,10,0,3,29,40,500,900,41
SIM,9,1,1,1,17,0,0,10,0,3,28,40,1500,900,45
SIM,9,1,1,1,18,1,0,10,0,3,28,40,300,1500,37
SIM,9,1,1,1,19,0,0,10,0,3,27,40,1300,1500,45
SIM,9,1,1,1,20,1,3,8,1,3,27,40,200,2100,36
SIM,9,1,1,1,21,0,0,11,0,4,24,40,1200,100,45
SIM,9,1,1,1,22,1,0,11,0,4,24,40,300,600,39
SIM,9,1,1,1,23,0,0,11,0,4,21,40,1300,300,45
SIM,9,1,1,1,24,1,0,11,0,4,21,40,400,800,39
SIM,9,1,1,1,25,0,0,11,0,4,18,40,1400,500,45
SIM,9,1,1,1,26,1,3,10,1,3,18,40,300,1100,36
SIM,9,1,1,1,27,0,0,13,0,4,15,40,1300,300,45
SIM,9,1,1,1,28,1,0,13,0,4,15,40,400,800,39
SIM,9,1,1,1,29,0,0,13,0,4,12,40,1400,500,45
SIM,9,1,1,1,30,1,0,13,0,4,12,40,500,1000,39
SIM,9,1,1,1,31,0,0,13,0,4,9,40,1500,400,45
SIM,9,1,1,1,32,1,3,11,1,4,9,40,100,900,34
SIM,9,1,1,1,33,0,0,11,0,4,6,40,1100,300,45
SIM,9,1,1,1,34,1,0,11,0,4,6,40,500,800,41
SIM,9,1,1,1,35,0,0,11,0,4,3,40,1500,500,45
SIM,9,1,1,1,36,1,0,11,0,4,3,40,300,1000,37
SIM_END,9,1,1,1,36,1,0
SIM,10,1,1,2,1,0,0,6,0,1,40,40,1000,0,30
SIM,10,1,1,2,2,1,3,6,1,1,40,39,200,800,19
SIM,10,1,1,2,3,0,0,9,0,2,39,39,1200,300,45
SIM,10,1,1,2,4,1,0,9,0,2,39,39,300,1000,39
SIM,10,1,1,2,5,0,0,9,0,2,38,39,1300,400,45
SIM,10,1,1,2,6,1,0,9,0,2,38,39,400,1100,39
SIM,10,1,1,2,7,0,0,9,0,2,37,39,1400,500,45
SIM,10,1,1,2,8,1,3,7,1,2,37,39,300,1200,34
SIM,10,1,1,2,9,0,0,10,0,3,35,39,1300,100,45
SIM,10,1,1,2,10,1,0,10,0,3,35,39,400,700,39
SIM,10,1,1,2,11,0,0,10,0,3,33,39,1400,400,45
SIM,10,1,1,2,12,1,0,10,0,3,33,39,500,1000,39
SIM,10,1,1,2,13,0,0,10,0,3,31,39,1500,400,45
SIM,10,1,1,2,14,1,3,9,1,2,31,39,100,1100,32
SIM,10,1,1,2,15,0,0,12,0,3,29,39,1100,300,45
SIM,10,1,1,2,16,1,0,12,0,3,29,39,500,900,41
SIM,10,1,1,2,17,0,0,12,0,3,27,39,1500,300,45
SIM,10,1,1,2,18,1,0,12,0,3,27,39,300,900,37
SIM,10,1,1,2,19,0,0,12,0,3,26,39,1300,900,45
SIM,10,1,1,2,20,1,3,10,1,3,26,39,200,1500,36
SIM,10,1,1,2,21,0,0,13,0,4,23,39,1200,100,45
SIM,10,1,1,2,22,1,0,13,0,4,23,39,300,600,39
SIM,10,1,1,2,23,0,0,13,0,4,20,39,1300,300,45
SIM,10,1,1,2,24,1,0,13,0,4,20,39,400,800,39
SIM,10,1,1,2,25,0,0,13,0,4,17,39,1400,500,45
SIM,10,1,1,2,26,1,3,12,1,3,17,39,300,1100,36
SIM,10,1,1,2,27,0,0,15,0,4,14,39,1300,300,45
SIM,10,1,1,2,28,1,0,15,0,4,14,39,400,800,39
SIM,10,1,1,2,29,0,0,15,0,4,11,39,1400,500,45
SIM,10,1,1,2,30,1,0,15,0,4,11,39,500,1000,39
SIM,10,1,1,2,31,0,0,15,0,4,8,39,1500,400,45
SIM,10,1,1,2,32,1,3,13,1,4,8,39,100,900,34
SIM,10,1,1,2,33,0,0,13,0,4,5,39,1100,300,45
SIM,10,1,1,2,34,1,0,13,0,4,5,39,500,800,41
SIM,10,1,1,2,35,0,0,13,0,4,2,39,1500,500,45
SIM,10,1,1,2,36,1,0,13,0,4,2,39,300,1000,37
SIM_END,10,1,1,2,36,1,0
SIM,11,1,1,3,1,0,0,6,0,1,40,40,1000,0,30
SIM,11,1,1,3,2,1,3,6,1,1,40,39,200,800,19
SIM,11,1,1,3,3,0,0,9,0,2,39,39,1200,300,45
SIM,11,1,1,3,4,1,0,9,0,2,39,39,300,1000,39
SIM,11,1,1,3,5,0,0,9,0,2,38,39,1300,400,45
SIM,11,1,1,3,6,1,0,9,0,2,38,39,400,1100,39
SIM,11,1,1,3,7,0,0,9,0,2,37,39,1400,500,45
SIM,11,1,1,3,8,1,3,7,1,2,37,39,300,1200,34
SIM,11,1,1,3,9,0,3,7,1,2,37,39,1200,1200,45
SIM,11,1,1,3,10,1,3,6,1,1,37,39,300,2000,37
SIM,11,1,1,3,11,0,0,9,0,2,36,39,1300,300,45
SIM,11,1,1,3,12,1,0,9,0,2,36,39,400,1000,39
SIM,11,1,1,3,13,0,0,9,0,2,35,39,1400,400,45
SIM,11,1,1,3,14,1,3,7,1,2,35,39,300,1100,34
SIM,11,1,1,3,15,0,0,7,0,2,34,39,1300,500,45
SIM,11,1,1,3,16,1,0,7,0,2,34,39,400,1200,39
SIM,11,1,1,3,17,0,0,10,0,3,32,39,1400,100,45
SIM,11,1,1,3,18,1,0,10,0,3,32,39,500,700,39
SIM,11,1,1,3,19,0,0,10,0,3,30,39,1500,400,45
SIM,11,1,1,3,20,1,3,9,1,2,30,39,100,1100,32
SIM,11,1,1,3,21,0,0,9,0,2,29,39,1100,500,45
SIM,11,1,1,3,22,1,0,9,0,2,29,39,500,1200,41
SIM,11,1,1,3,23,0,0,12,0,3,26,39,1500,100,45
SIM,11,1,1,3,24,1,0,12,0,3,26,39,300,700,37
SIM,11,1,1,3,25,0,0,12,0,3,23,39,1300,400,45
SIM,11,1,1,3,26,1,3,10,1,3,23,39,200,1000,36
SIM,11,1,1,3,27,0,0,10,0,3,21,39,1200,400,45
SIM,11,1,1,3,28,1,0,10,0,3,21,39,300,1000,39
SIM,11,1,1,3,29,0,0,13,0,4,18,39,1300,200,45
SIM,11,1,1,3,30,1,0,13,0,4,18,39,400,700,39
SIM,11,1,1,3,31,0,0,13,0,4,14,39,1400,400,45
SIM,11,1,1,3,32,1,3,12,1,3,14,39,300,1000,36
SIM,11,1,1,3,33,0,0,12,0,3,12,39,1300,400,45
SIM,11,1,1,3,34,1,0,12,0,3,12,39,400,1000,39
SIM,11,1,1,3,35,0,0,15,0,4,8,39,1400,200,45
SIM,11,1,1,3,36,1,0,15,0,4,8,39,1400,700,45
SIM,11,1,1,3,37,0,0,15,0,4,4,39,2400,400,45
SIM,11,1,1,3,38,1,3,13,1,4,4,39,400,900,30
SIM,11,1,1,3,39,0,3,13,1,4,4,39,1300,900,45
SIM,11,1,1,3,40,1,3,12,1,3,4,39,400,1500,37
SIM,11,1,1,3,41,0,0,15,0,4,1,39,1400,100,45
SIM,11,1,1,3,42,1,0,15,0,4,1,39,500,600,39
SIM_END,11,1,1,3,42,1,0
SIM,12,1,1,4,1,0,0,6,0,1,40,40,1000,0,30
SIM,12,1,1,4,2,1,3,6,1,1,40,39,200,800,19
SIM,12,1,1,4,3,0,0,9,0,2,39,39,1200,300,45
SIM,12,1,1,4,4,1,0,9,0,2,39,39,300,1000,39
SIM,12,1,1,4,5,0,0,9,0,2,38,39,1300,400,45
SIM,12,1,1,4,6,1,0,9,0,2,38,39,400,1100,39
SIM,12,1,1,4,7,0,0,9,0,2,37,39,1400,500,45
SIM,12,1,1,4,8,1,3,7,1,2,37,39,300,1200,34
SIM,12,1,1,4,9,0,3,7,1,2,37,39,1200,1200,45
SIM,12,1,1,4,10,1,3,6,1,1,37,39,300,2000,37
SIM,12,1,1,4,11,0,0,9,0,2,36,39,1300,300,45
SIM,12,1,1,4,12,1,0,9,0,2,36,39,400,1000,39
SIM,12,1,1,4,13,0,0,9,0,2,35,39,1400,400,45
SIM,12,1,1,4,14,1,3,7,1,2,35,39,300,1100,34
SIM,12,1,1,4,15,0,0,7,0,2,34,39,1300,500,45
SIM,12,1,1,4,16,1,0,7,0,2,34,39,400,1200,39
SIM,12,1,1,4,17,0,0,10,0,3,32,39,1400,100,45
SIM,12,1,1,4,18,1,0,10,0,3,32,39,500,700,39
SIM,12,1,1,4,19,0,0,10,0,3,30,39,1500,400,45
SIM,12,1,1,4,20,1,3,9,1,2,30,39,100,1100,32
SIM,12,1,1,4,21,0,0,9,0,2,29,39,1100,500,45
SIM,12,1,1,4,22,1,0,9,0,2,29,39,500,1200,41
SIM,12,1,1,4,23,0,0,12,0,3,26,39,1500,100,45
SIM,12,1,1,4,24,1,0,12,0,3,26,39,300,700,37
SIM,12,1,1,4,25,0,0,12,0,3,23,39,1300,400,45
SIM,12,1,1,4,26,1,3,10,1,3,23,39,200,1000,36
SIM,12,1,1,4,27,0,0,10,0,3,21,39,1200,400,45
SIM,12,1,1,4,28,1,0,10,0,3,21,39,300,1000,39
SIM,12,1,1,4,29,0,0,10,0,3,20,39,1300,1000,45
SIM,12,1,1,4,30,1,0,10,0,3,20,39,400,1600,39
SIM,12,1,1,4,31,0,0,13,0,4,17,39,1400,200,45
SIM,12,1,1,4,32,1,3,12,1,3,17,39,300,800,36
SIM,12,1,1,4,33,0,0,12,0,3,15,39,1300,500,45
SIM,12,1,1,4,34,1,0,12,0,3,15,39,400,1100,39
SIM,12,1,1,4,35,0,0,12,0,3,12,39,1400,500,45
SIM,12,1,1,4,36,1,0,12,0,3,12,39,500,1100,39
SIM,12,1,1,4,37,0,0,15,0,4,9,39,1500,300,45
SIM,12,1,1,4,38,1,3,13,1,4,9,39,100,800,34
SIM,12,1,1,4,39,0,0,13,0,4,6,39,1100,500,45
SIM,12,1,1,4,40,1,0,13,0,4,6,39,1100,1000,45
SIM,12,1,1,4,41,0,0,13,0,4,2,39,2100,400,45
SIM,12,1,1,4,42,1,0,13,0,4,2,39,2100,900,45
SIM_END,12,1,1,4,42,1,0
SIM,13,1,1,5,1,0,0,6,0,1,40,40,1000,0,30
SIM,13,1,1,5,2,1,3,6,1,1,40,39,200,800,19
SIM,13,1,1,5,3,0,3,6,1,1,40,39,1100,800,45
SIM,13,1,1,5,4,1,3,6,1,1,40,38,500,1600,39
SIM,13,1,1,5,5,0,0,9,0,2,39,38,1500,200,45
SIM,13,1,1,5,6,1,0,9,0,2,39,38,300,900,37
SIM,13,1,1,5,7,0,0,9,0,2,38,38,1300,300,45
SIM,13,1,1,5,8,1,3,7,1,2,38,38,200,1000,34
SIM,13,1,1,5,9,0,0,7,0,2,37,38,1200,400,45
SIM,13,1,1,5,10,1,0,7,0,2,37,38,300,1100,39
SIM,13,1,1,5,11,0,0,10,0,3,36,38,1300,300,45
SIM,13,1,1,5,12,1,0,10,0,3,36,38,400,900,39
SIM,13,1,1,5,13,0,0,10,0,3,35,38,1400,300,45
SIM,13,1,1,5,14,1,3,9,1,2,35,38,300,1000,34
SIM,13,1,1,5,15,0,0,9,0,2,34,38,1300,400,45
SIM,13,1,1,5,16,1,0,9,0,2,34,38,400,1100,39
SIM,13,1,1,5,17,0,0,9,0,2,33,38,1400,1100,45
SIM,13,1,1,5,18,1,0,9,0,2,33,38,500,1800,39
SIM,13,1,1,5,19,0,0,12,0,3,31,38,1500,100,45
SIM,13,1,1,5,20,1,3,10,1,3,31,38,100,700,34
SIM,13,1,1,5,21,0,0,10,0,3,29,38,1100,400,45
SIM,13,1,1,5,22,1,0,10,0,3,29,38,500,1000,41
SIM,13,1,1,5,23,0,0,10,0,3,27,38,1500,400,45
SIM,13,1,1,5,24,1,0,10,0,3,27,38,300,1000,37
SIM,13,1,1,5,25,0,0,13,0,4,24,38,1300,200,45
SIM,13,1,1,5,26,1,3,12,1,3,24,38,200,800,36
SIM,13,1,1,5,27,0,0,12,0,3,22,38,1200,500,45
SIM,13,1,1,5,28,1,0,12,0,3,22,38,300,1100,39
SIM,13,1,1,5,29,0,0,12,0,3,20,38,1300,500,45
SIM,13,1,1,5,30,1,0,12,0,3,20,38,400,1100,39
SIM,13,1,1,5,31,0,0,15,0,4,16,38,1400,300,45
SIM,13,1,1,5,32,1,3,13,1,4,16,38,300,800,36
SIM,13,1,1,5,33,0,3,13,1,4,16,38,1200,800,45
SIM,13,1,1,5,34,1,3,12,1,3,16,38,300,1400,37
SIM,13,1,1,5,35,0,0,12,0,3,14,38,1300,500,45
SIM,13,1,1,5,36,1,0,12,0,3,14,38,400,1100,39
SIM,13,1,1,5,37,0,0,15,0,4,11,38,1400,300,45
SIM,13,1,1,5,38,1,3,13,1,4,11,38,300,800,36
SIM,13,1,1,5,39,0,0,13,0,4,8,38,1300,500,45
SIM,13,1,1,5,40,1,0,13,0,4,8,38,1300,1000,45
SIM,13,1,1,5,41,0,0,13,0,4,7,38,2300,1000,45
SIM,13,1,1,5,42,1,0,13,0,4,7,38,2300,1500,45
SIM,13,1,1,5,43,0,0,13,0,4,3,38,3300,300,45
SIM,13,1,1,5,44,1,3,11,1,4,3,38,400,800,24
SIM_END,13,1,1,5,44,1,0
SIM,14,1,1,6,1,0,0,6,0,1,40,40,1000,0,30
SIM,14,1,1,6,2,1,3,6,1,1,40,39,200,800,19
SIM,14,1,1,6,3,0,0,9,0,2,39,39,1200,300,45
SIM,14,1,1,6,4,1,0,9,0,2,39,39,300,1000,39
SIM,14,1,1,6,5,0,0,9,0,2,38,39,1300,400,45
SIM,14,1,1,6,6,1,0,9,0,2,38,39,400,1100,39
SIM,14,1,1,6,7,0,0,9,0,2,37,39,1400,500,45
SIM,14,1,1,6,8,1,3,7,1,2,37,39,300,1200,34
SIM,14,1,1,6,9,0,0,10,0,3,35,39,1300,100,45
SIM,14,1,1,6,10,1,0,10,0,3,35,39,400,700,39
SIM,14,1,1,6,11,0,0,10,0,3,33,39,1400,400,45
SIM,14,1,1,6,12,1,0,10,0,3,33,39,500,1000,39
SIM,14,1,1,6,13,0,0,10,0,3,31,39,1500,400,45
SIM,14,1,1,6,14,1,3,9,1,2,31,39,100,1100,32
SIM,14,1,1,6,15,0,0,12,0,3,29,39,1100,300,45
SIM,14,1,1,6,16,1,0,12,0,3,29,39,500,900,41
SIM,14,1,1,6,17,0,0,12,0,3,27,39,1500,300,45
SIM,14,1,1,6,18,1,0,12,0,3,27,39,300,900,37
SIM,14,1,1,6,19,0,0,12,0,3,25,39,1300,300,45
SIM,14,1,1,6,20,1,3,10,1,3,25,39,200,900,36
SIM,14,1,1,6,21,0,0,13,0,4,22,39,1200,100,45
SIM,14,1,1,6,22,1,0,13,0,4,22,39,300,600,39
SIM,14,1,1,6,23,0,0,13,0,4,19,39,1300,300,45
SIM,14,1,1,6,24,1,0,13,0,4,19,39,400,800,39
SIM,14,1,1,6,25,0,0,13,0,4,16,39,1400,500,45
SIM,14,1,1,6,26,1,3,12,1,3,16,39,300,1100,36
SIM,14,1,1,6,27,0,0,15,0,4,13,39,1300,300,45
SIM,14,1,1,6,28,1,0,15,0,4,13,39,400,800,39
SIM,14,1,1,6,29,0,0,15,0,4,10,39,1400,500,45
SIM,14,1,1,6,30,1,0,15,0,4,10,39,500,1000,39
SIM,14,1,1,6,31,0,0,15,0,4,7,39,1500,400,45
SIM,14,1,1,6,32,1,3,13,1,4,7,39,100,900,34
SIM,14,1,1,6,33,0,0,13,0,4,4,39,1100,300,45
SIM,14,1,1,6,34,1,0,13,0,4,4,39,500,800,41
SIM_END,14,1,1,6,34,1,0
SIM_DONE
### degrade=10
SIM_CONFIG,degrade_favoured_pct=10,only_handicap=1,variants=7
SIM,1,0,1,0,1,0,6,0,1,0,40,40,1000,0,30
SIM,1,0,1,0,2,1,9,0,2,0,40,39,200,1000,19
SIM,1,0,1,0,3,0,7,3,2,1,40,39,900,200,45
SIM,1,0,1,0,4,1,7,0,2,0,40,38,300,1200,31
SIM,1,0,1,0,5,0,7,0,2,0,40,38,1000,300,45
SIM,1,0,1,0,6,1,7,0,2,0,40,36,400,1300,31
SIM,1,0,1,0,7,0,7,0,2,0,40,36,1100,400,45
SIM,1,0,1,0,8,1,10,0,3,0,40,34,300,1400,33
SIM,1,0,1,0,9,0,9,3,2,1,40,34,1000,300,45
SIM,1,0,1,0,10,1,9,0,2,0,40,33,400,1300,36
SIM,1,0,1,0,11,0,9,0,2,0,40,33,1100,400,45
SIM,1,0,1,0,12,1,9,0,2,0,40,32,1100,1400,43
SIM,1,0,1,0,13,0,9,0,2,0,40,32,1800,500,45
SIM,1,0,1,0,14,1,12,0,3,0,40,29,100,1500,20
SIM,1,0,1,0,15,0,10,3,3,1,40,29,700,100,45
SIM,1,0,1,0,16,1,10,0,3,0,40,27,400,1100,37
SIM,1,0,1,0,17,0,10,0,3,0,40,27,1000,500,45
SIM,1,0,1,0,18,1,10,0,3,0,40,24,400,1500,35
SIM,1,0,1,0,19,0,10,0,3,0,40,24,1000,300,45
SIM,1,0,1,0,20,1,13,0,4,0,40,21,200,1300,31
SIM,1,0,1,0,21,0,11,3,4,1,40,21,700,200,45
SIM,1,0,1,0,22,1,11,0,4,0,40,18,400,1200,29
SIM,1,0,1,0,23,0,11,0,4,0,40,18,900,1200,45
SIM,1,0,1,0,24,1,11,0,4,0,40,14,300,2200,33
SIM,1,0,1,0,25,0,11,0,4,0,40,14,800,2200,45
SIM,1,0,1,0,26,1,11,0,4,0,40,10,500,3200,35
SIM,1,0,1,0,27,0,9,3,3,1,40,10,1200,300,45
SIM,1,0,1,0,28,1,12,3,4,1,40,6,100,1200,22
SIM,1,0,1,0,29,0,10,3,4,1,40,6,700,300,45
SIM,1,0,1,0,30,1,10,3,4,1,40,5,700,1200,43
SIM,1,0,1,0,31,0,9,3,3,1,40,5,1400,300,45
SIM,1,0,1,0,32,1,9,3,3,1,40,2,500,1200,33
SIM,1,0,1,0,33,0,6,6,2,2,40,2,1300,100,45
SIM_END,1,0,1,0,33,0,0
SIM,2,0,1,1,1,0,6,0,1,0,40,40,1000,0,30
SIM,2,0,1,1,2,1,9,0,2,0,40,39,200,1000,9
SIM,2,0,1,1,3,0,7,3,2,1,40,39,900,200,39
SIM,2,0,1,1,4,1,7,0,2,0,40,38,300,1200,29
SIM,2,0,1,1,5,0,7,0,2,0,40,38,1000,300,45
SIM,2,0,1,1,6,1,7,0,2,0,40,36,400,1300,33
SIM,2,0,1,1,7,0,7,0,2,0,40,36,1100,400,45
SIM,2,0,1,1,8,1,10,0,3,0,40,34,300,1400,33
SIM,2,0,1,1,9,0,9,3,2,1,40,34,1000,300,45
SIM,2,0,1,1,10,1,9,0,2,0,40,33,400,1300,36
SIM,2,0,1,1,11,0,9,0,2,0,40,33,1100,400,45
SIM,2,0,1,1,12,1,9,0,2,0,40,31,500,1400,37
SIM,2,0,1,1,13,0,9,0,2,0,40,31,1200,500,45
SIM,2,0,1,1,14,1,12,0,3,0,40,28,100,1500,24
SIM,2,0,1,1,15,0,10,3,3,1,40,28,700,100,45
SIM,2,0,1,1,16,1,10,0,3,0,40,26,400,1100,37
SIM,2,0,1,1,17,0,10,0,3,0,40,26,1000,500,45
SIM,2,0,1,1,18,1,10,0,3,0,40,23,400,1500,35
SIM,2,0,1,1,19,0,10,0,3,0,40,23,1000,300,45
SIM,2,0,1,1,20,1,13,0,4,0,40,20,200,1300,31
SIM,2,0,1,1,21,0,11,3,4,1,40,20,700,200,45
SIM,2,0,1,1,22,1,11,0,4,0,40,17,400,1200,29
SIM,2,0,1,1,23,0,11,0,4,0,40,17,900,1200,45
SIM,2,0,1,1,24,1,11,0,4,0,40,13,300,2200,33
SIM,2,0,1,1,25,0,11,0,4,0,40,13,800,2200,45
SIM,2,0,1,1,26,1,11,0,4,0,40,9,500,3200,35
SIM,2,0,1,1,27,0,9,3,3,1,40,9,1200,300,45
SIM,2,0,1,1,28,1,12,3,4,1,40,5,100,1200,22
SIM,2,0,1,1,29,0,10,3,4,1,40,5,700,300,45
SIM,2,0,1,1,30,1,10,3,4,1,40,1,400,1200,35
SIM,2,0,1,1,31,0,9,3,3,1,40,1,1100,300,45
SIM_END,2,0,1,1,31,0,0
SIM,3,0,1,2,1,0,6,0,1,0,40,40,1000,0,30
SIM,3,0,1,2,2,1,20,0,1,0,40,40,400,1000,28
SIM,3,0,1,2,3,0,18,3,1,1,40,40,1200,200,45
SIM,3,0,1,2,4,1,7,0,2,0,40,39,100,1200,28
SIM,3,0,1,2,5,0,7,0,2,0,40,39,800,300,45
SIM,3,0,1,2,6,1,7,0,2,0,40,38,500,1300,41
SIM,3,0,1,2,7,0,7,0,2,0,40,38,1200,400,45
SIM,3,0,1,2,8,1,7,0,2,0,40,37,300,1400,37
SIM,3,0,1,2,9,0,5,3,2,1,40,37,1000,300,45
SIM,3,0,1,2,10,1,8,0,3,0,40,36,200,1300,19
SIM,3,0,1,2,11,0,8,0,3,0,40,36,800,400,45
SIM,3,0,1,2,12,1,8,0,3,0,40,35,800,1400,43
SIM,3,0,1,2,13,0,8,0,3,0,40,35,1400,500,45
SIM,3,0,1,2,14,1,8,0,3,0,40,32,500,1500,24
SIM,3,0,1,2,15,0,7,3,2,1,40,32,1200,100,45
SIM,3,0,1,2,16,1,10,0,3,0,40,30,100,1100,28
SIM,3,0,1,2,17,0,10,0,3,0,40,30,700,500,45
SIM,3,0,1,2,18,1,10,0,3,0,40,27,400,1500,37
SIM,3,0,1,2,19,0,10,0,3,0,40,27,1000,300,45
SIM,3,0,1,2,20,1,10,0,3,0,40,24,400,1300,35
SIM,3,0,1,2,21,0,8,3,3,1,40,24,1000,200,45
SIM,3,0,1,2,22,1,11,0,4,0,40,22,200,1200,31
SIM,3,0,1,2,23,0,11,0,4,0,40,22,700,300,45
SIM,3,0,1,2,24,1,11,0,4,0,40,18,400,1300,29
SIM,3,0,1,2,25,0,11,0,4,0,40,18,900,1300,45
SIM,3,0,1,2,26,1,11,0,4,0,40,14,300,2300,33
SIM,3,0,1,2,27,0,9,3,3,1,40,14,1000,300,45
SIM,3,0,1,2,28,1,12,3,4,1,40,10,200,1200,24
SIM,3,0,1,2,29,0,10,3,4,1,40,10,800,300,45
SIM,3,0,1,2,30,1,10,3,4,1,40,6,500,1200,35
SIM,3,0,1,2,31,0,9,3,3,1,40,6,1200,300,45
SIM,3,0,1,2,32,1,9,3,3,1,40,3,300,1200,33
SIM,3,0,1,2,33,0,6,6,2,2,40,3,1100,100,45
SIM_END,3,0,1,2,33,0,0
SIM,4,0,1,3,1,0,6,0,1,0,40,40,1000,0,30
SIM,4,0,1,3,2,1,9,0,2,0,40,39,200,1000,19
SIM,4,0,1,3,3,0,7,3,2,1,40,39,900,200,45
SIM,4,0,1,3,4,1,7,0,2,0,40,38,300,1200,27
SIM,4,0,1,3,5,0,7,0,2,0,40,38,1000,300,45
SIM,4,0,1,3,6,1,7,0,2,0,40,36,400,1300,31
SIM,4,0,1,3,7,0,7,0,2,0,40,36,1100,400,45
SIM,4,0,1,3,8,1,10,0,3,0,40,34,300,1400,33
SIM,4,0,1,3,9,0,9,3,2,1,40,34,1000,300,45
SIM,4,0,1,3,10,1,9,0,2,0,40,33,400,1300,36
SIM,4,0,1,3,11,0,9,0,2,0,40,33,1100,400,45
SIM,4,0,1,3,12,1,9,0,2,0,40,31,500,1400,37
SIM,4,0,1,3,13,0,9,0,2,0,40,31,1200,500,45
SIM,4,0,1,3,14,1,9,0,2,0,40,30,1200,1500,43
SIM,4,0,1,3,15,0,7,3,2,1,40,30,1900,100,45
SIM,4,0,1,3,16,1,10,0,3,0,40,29,200,1100,27
SIM,4,0,1,3,17,0,10,0,3,0,40,29,800,500,45
SIM,4,0,1,3,18,1,10,0,3,0,40,26,500,1500,34
SIM,4,0,1,3,19,0,10,0,3,0,40,26,1100,300,45
SIM,4,0,1,3,20,1,10,0,3,0,40,25,1100,1300,43
SIM,4,0,1,3,21,0,8,3,3,1,40,25,1700,200,45
SIM,4,0,1,3,22,1,11,0,4,0,40,23,300,1200,27
SIM,4,0,1,3,23,0,11,0,4,0,40,23,800,300,45
SIM,4,0,1,3,24,1,11,0,4,0,40,19,500,1300,29
SIM,4,0,1,3,25,0,11,0,4,0,40,19,1000,1300,45
SIM,4,0,1,3,26,1,11,0,4,0,40,18,1000,2300,43
SIM,4,0,1,3,27,0,9,3,3,1,40,18,1700,300,45
SIM,4,0,1,3,28,1,12,3,4,1,40,14,300,1200,20
SIM,4,0,1,3,29,0,10,3,4,1,40,14,900,300,45
SIM,4,0,1,3,30,1,10,3,4,1,40,10,300,1200,33
SIM,4,0,1,3,31,0,9,3,3,1,40,10,1000,300,45
SIM,4,0,1,3,32,1,9,3,3,1,40,7,400,1200,35
SIM,4,0,1,3,33,0,6,6,2,2,40,7,1200,100,45
SIM,4,0,1,3,34,1,9,6,3,2,40,4,100,900,24
SIM,4,0,1,3,35,0,6,6,2,2,40,4,900,300,45
SIM,4,0,1,3,36,1,6,6,2,2,40,2,300,1100,37
SIM,4,0,1,3,37,0,3,6,1,2,40,2,1200,500,45
SIM,4,0,1,3,38,1,3,6,1,2,40,1,300,1300,37
SIM,4,0,1,3,39,0,0,9,0,3,39,1,1300,200,45
SIM_END,4,0,1,3,39,0,0
SIM,5,0,1,4,1,0,6,0,1,0,40,40,1000,0,30
SIM,5,0,1,4,2,1,9,0,2,0,40,39,200,1000,19
SIM,5,0,1,4,3,0,7,3,2,1,40,39,900,200,45
SIM,5,0,1,4,4,1,7,0,2,0,40,38,300,1200,19
SIM,5,0,1,4,5,0,7,0,2,0,40,38,1000,300,45
SIM,5,0,1,4,6,1,7,0,2,0,40,36,400,1300,31
SIM,5,0,1,4,7,0,7,0,2,0,40,36,1100,400,45
SIM,5,0,1,4,8,1,10,0,3,0,40,34,300,1400,33
SIM,5,0,1,4,9,0,9,3,2,1,40,34,1000,300,45
SIM,5,0,1,4,10,1,9,0,2,0,40,33,400,1300,36
SIM,5,0,1,4,11,0,9,0,2,0,40,33,1100,400,45
SIM,5,0,1,4,12,1,9,0,2,0,40,31,500,1400,37
SIM,5,0,1,4,13,0,9,0,2,0,40,31,1200,500,45
SIM,5,0,1,4,14,1,12,0,3,0,40,28,100,1500,24
SIM,5,0,1,4,15,0,10,3,3,1,40,28,700,100,45
SIM,5,0,1,4,16,1,10,0,3,0,40,26,400,1100,37
SIM,5,0,1,4,17,0,10,0,3,0,40,26,1000,500,45
SIM,5,0,1,4,18,1,10,0,3,0,40,23,400,1500,35
SIM,5,0,1,4,19,0,10,0,3,0,40,23,1000,300,45
SIM,5,0,1,4,20,1,13,0,4,0,40,20,200,1300,31
SIM,5,0,1,4,21,0,11,3,4,1,40,20,700,200,45
SIM,5,0,1,4,22,1,11,0,4,0,40,17,400,1200,29
SIM,5,0,1,4,23,0,11,0,4,0,40,17,900,1200,45
SIM,5,0,1,4,24,1,11,0,4,0,40,13,300,2200,33
SIM,5,0,1,4,25,0,11,0,4,0,40,13,800,2200,45
SIM,5,0,1,4,26,1,11,0,4,0,40,9,500,3200,35
SIM,5,0,1,4,27,0,9,3,3,1,40,9,1200,300,45
SIM,5,0,1,4,28,1,12,3,4,1,40,5,100,1200,22
SIM,5,0,1,4,29,0,10,3,4,1,40,5,700,300,45
SIM,5,0,1,4,30,1,10,3,4,1,40,1,400,1200,35
SIM,5,0,1,4,31,0,9,3,3,1,40,1,1100,300,45
SIM_END,5,0,1,4,31,0,0
SIM,6,0,1,5,1,0,6,0,1,0,40,40,1000,0,30
SIM,6,0,1,5,2,1,9,0,2,0,40,39,200,1000,19
SIM,6,0,1,5,3,0,7,3,2,1,40,39,900,200,45
SIM,6,0,1,5,4,1,7,0,2,0,40,38,300,1200,23
SIM,6,0,1,5,5,0,7,0,2,0,40,38,1000,300,45
SIM,6,0,1,5,6,1,7,0,2,0,40,36,400,1300,31
SIM,6,0,1,5,7,0,7,0,2,0,40,36,1100,400,45
SIM,6,0,1,5,8,1,10,0,3,0,40,34,300,1400,33
SIM,6,0,1,5,9,0,9,3,2,1,40,34,1000,300,45
SIM,6,0,1,5,10,1,9,0,2,0,40,34,1000,1300,43
SIM,6,0,1,5,11,0,9,0,2,0,40,34,1700,400,45
SIM,6,0,1,5,12,1,9,0,2,0,40,32,500,1400,32
SIM,6,0,1,5,13,0,9,0,2,0,40,32,1200,500,45
SIM,6,0,1,5,14,1,12,0,3,0,40,29,100,1500,24
SIM,6,0,1,5,15,0,10,3,3,1,40,29,700,100,45
SIM,6,0,1,5,16,1,10,0,3,0,40,27,400,1100,37
SIM,6,0,1,5,17,0,10,0,3,0,40,27,1000,500,45
SIM,6,0,1,5,18,1,10,0,3,0,40,24,400,1500,35
SIM,6,0,1,5,19,0,10,0,3,0,40,24,1000,300,45
SIM,6,0,1,5,20,1,10,0,3,0,40,23,1000,1300,43
SIM,6,0,1,5,21,0,8,3,3,1,40,23,1600,200,45
SIM,6,0,1,5,22,1,11,0,4,0,40,21,200,1200,27
SIM,6,0,1,5,23,0,11,0,4,0,40,21,700,300,45
SIM,6,0,1,5,24,1,11,0,4,0,40,20,700,1300,43
SIM,6,0,1,5,25,0,11,0,4,0,40,20,1200,400,45
SIM,6,0,1,5,26,1,11,0,4,0,40,16,300,1400,25
SIM,6,0,1,5,27,0,9,3,3,1,40,16,1000,300,45
SIM,6,0,1,5,28,1,12,3,4,1,40,12,200,1200,24
SIM,6,0,1,5,29,0,10,3,4,1,40,12,800,300,45
SIM,6,0,1,5,30,1,10,3,4,1,40,8,500,1200,35
SIM,6,0,1,5,31,0,9,3,3,1,40,8,1200,300,45
SIM,6,0,1,5,32,1,9,3,3,1,40,5,300,1200,33
SIM,6,0,1,5,33,0,6,6,2,2,40,5,1100,100,45
SIM,6,0,1,5,34,1,9,6,3,2,40,3,300,900,33
SIM,6,0,1,5,35,0,6,6,2,2,40,3,1100,300,45
SIM,6,0,1,5,36,1,6,6,2,2,40,1,500,1100,34
SIM,6,0,1,5,37,0,3,6,1,2,40,1,1400,500,45
SIM_END,6,0,1,5,37,0,0
SIM,7,0,1,6,1,0,6,0,1,0,40,40,1000,0,30
SIM,7,0,1,6,2,1,9,0,2,0,40,39,200,1000,19
SIM,7,0,1,6,3,0,7,3,2,1,40,39,900,200,45
SIM,7,0,1,6,4,1,7,3,2,1,40,39,900,1100,23
SIM,7,0,1,6,5,0,6,3,1,1,40,39,1700,500,45
SIM,7,0,1,6,6,1,6,0,1,0,40,39,500,1500,35
SIM,7,0,1,6,7,0,6,0,1,0,40,39,1300,300,45
SIM,7,0,1,6,8,1,9,0,2,0,40,37,200,1300,24
SIM,7,0,1,6,9,0,7,3,2,1,40,37,900,200,45
SIM,7,0,1,6,10,1,7,0,2,0,40,36,300,1200,37
SIM,7,0,1,6,11,0,7,0,2,0,40,36,1000,300,45
SIM,7,0,1,6,12,1,7,0,2,0,40,34,400,1300,37
SIM,7,0,1,6,13,0,7,0,2,0,40,34,1100,400,45
SIM,7,0,1,6,14,1,10,0,3,0,40,32,300,1400,33
SIM,7,0,1,6,15,0,8,3,3,1,40,32,900,300,45
SIM,7,0,1,6,16,1,8,0,3,0,40,30,300,1300,32
SIM,7,0,1,6,17,0,8,0,3,0,40,30,900,400,45
SIM,7,0,1,6,18,1,8,0,3,0,40,27,300,1400,35
SIM,7,0,1,6,19,0,8,0,3,0,40,27,900,500,45
SIM,7,0,1,6,20,1,11,0,4,0,40,24,100,1500,31
SIM,7,0,1,6,21,0,9,3,3,1,40,24,800,100,45
SIM,7,0,1,6,22,1,9,3,3,1,40,21,500,1000,34
SIM,7,0,1,6,23,0,7,3,3,1,40,21,1200,400,45
SIM,7,0,1,6,24,1,7,3,3,1,40,18,300,1300,33
SIM,7,0,1,6,25,0,6,3,2,1,40,18,1100,400,45
SIM,7,0,1,6,26,1,9,3,3,1,40,16,300,1300,33
SIM,7,0,1,6,27,0,6,6,2,2,40,16,1100,200,45
SIM,7,0,1,6,28,1,6,6,2,2,40,14,500,1000,36
SIM,7,0,1,6,29,0,3,6,1,2,40,14,1400,400,45
SIM,7,0,1,6,30,1,3,6,1,2,40,13,500,1200,37
SIM,7,0,1,6,31,0,0,6,0,2,40,13,1500,300,45
SIM,7,0,1,6,32,1,3,6,1,2,40,12,100,1100,30
SIM,7,0,1,6,33,0,0,9,0,3,39,12,1100,300,45
SIM,7,0,1,6,34,1,0,9,0,3,39,12,500,1000,41
SIM,7,0,1,6,35,0,0,9,0,3,38,12,1500,400,45
SIM,7,0,1,6,36,1,0,9,0,3,38,12,300,1100,37
SIM,7,0,1,6,37,0,0,9,0,3,37,12,1300,500,45
SIM,7,0,1,6,38,1,3,7,1,3,37,12,200,1200,34
SIM,7,0,1,6,39,0,0,10,0,4,35,12,1200,100,45
SIM,7,0,1,6,40,1,0,10,0,4,35,12,300,700,39
SIM,7,0,1,6,41,0,0,10,0,4,31,12,1300,400,45
SIM,7,0,1,6,42,1,0,10,0,4,31,12,1300,1000,45
SIM,7,0,1,6,43,0,0,10,0,4,27,12,2300,400,45
SIM,7,0,1,6,44,1,3,9,1,3,27,12,300,1100,28
SIM,7,0,1,6,45,0,1,12,1,4,24,12,1200,300,45
SIM,7,0,1,6,46,1,15,12,1,4,24,12,600,900,43
SIM,7,0,1,6,47,0,14,12,0,4,21,12,1600,300,45
SIM,7,0,1,6,48,1,0,12,0,4,21,12,1900,900,45
SIM,7,0,1,6,49,0,0,12,0,4,17,12,2900,300,45
SIM,7,0,1,6,50,1,3,10,1,4,17,12,300,900,26
SIM,7,0,1,6,51,0,3,10,1,4,13,12,1200,300,45
SIM,7,0,1,6,52,1,3,9,1,3,13,12,300,1000,37
SIM,7,0,1,6,53,0,3,12,1,4,9,12,1200,200,45
SIM,7,0,1,6,54,1,3,10,1,4,9,12,300,800,37
SIM,7,0,1,6,55,0,3,10,1,4,5,12,1200,500,45
SIM,7,0,1,6,56,1,6,7,2,3,5,12,100,1200,34
SIM,7,0,1,6,57,0,6,7,2,3,2,12,900,300,45
SIM,7,0,1,6,58,1,6,4,2,2,2,12,300,1100,35
SIM_END,7,0,1,6,58,1,0
SIM,8,1,1,0,1,0,0,6,0,1,40,40,1000,0,30
SIM,8,1,1,0,2,1,3,4,1,1,40,40,200,800,19
SIM,8,1,1,0,3,0,0,7,0,2,39,40,1200,300,45
SIM,8,1,1,0,4,1,0,7,0,2,39,40,300,1000,39
SIM,8,1,1,0,5,0,0,7,0,2,38,40,1300,400,45
SIM,8,1,1,0,6,1,0,7,0,2,38,40,400,1100,39
SIM,8,1,1,0,7,0,0,7,0,2,37,40,1400,500,45
SIM,8,1,1,0,8,1,3,5,1,2,37,40,300,1200,34
SIM,8,1,1,0,9,0,0,8,0,3,35,40,1300,100,45
SIM,8,1,1,0,10,1,0,8,0,3,35,40,400,700,39
SIM,8,1,1,0,11,0,0,8,0,3,33,40,1400,400,45
SIM,8,1,1,0,12,1,0,8,0,3,33,40,500,1000,39
SIM,8,1,1,0,13,0,0,8,0,3,31,40,1500,400,45
SIM,8,1,1,0,14,1,3,7,1,2,31,40,100,1100,32
SIM,8,1,1,0,15,0,3,7,1,2,31,40,1000,1100,45
SIM,8,1,1,0,16,1,3,5,1,2,31,40,400,1800,39
SIM,8,1,1,0,17,0,0,8,0,3,29,40,1400,100,45
SIM,8,1,1,0,18,1,0,8,0,3,29,40,500,700,39
SIM,8,1,1,0,19,0,0,8,0,3,27,40,1500,400,45
SIM,8,1,1,0,20,1,3,6,1,2,27,40,100,1200,31
SIM,8,1,1,0,21,0,3,6,1,2,25,40,1000,300,45
SIM,8,1,1,0,22,1,3,4,1,2,25,40,400,1100,38
SIM,8,1,1,0,23,0,1,7,1,3,23,40,1300,300,45
SIM,8,1,1,0,24,1,1,6,1,2,23,40,400,1100,37
SIM,8,1,1,0,25,0,0,6,0,2,22,40,1400,500,45
SIM,8,1,1,0,26,1,3,4,1,2,22,40,300,1300,36
SIM,8,1,1,0,27,0,3,4,1,2,21,40,1200,1300,45
SIM,8,1,1,0,28,1,3,3,1,1,21,40,300,2200,37
SIM,8,1,1,0,29,0,3,6,1,2,20,40,1200,200,45
SIM,8,1,1,0,30,1,3,4,1,2,20,40,300,1000,35
SIM,8,1,1,0,31,0,1,4,1,2,19,40,1200,400,45
SIM,8,1,1,0,32,1,4,1,2,1,19,40,100,1300,32
SIM,8,1,1,0,33,0,3,1,1,1,19,40,1000,400,45
SIM,8,1,1,0,34,1,3,0,1,0,19,40,400,1400,39
SIM,8,1,1,0,35,0,1,3,1,1,19,40,1300,300,45
SIM,8,1,1,0,36,1,1,1,1,1,19,40,400,1200,37
SIM,8,1,1,0,37,0,0,1,0,1,19,40,1400,300,45
SIM,8,1,1,0,38,1,3,0,1,0,19,40,300,1300,34
SIM,8,1,1,0,39,0,3,0,1,0,19,40,1200,400,45
SIM,8,1,1,0,40,1,3,0,1,0,19,40,300,1400,39
SIM,8,1,1,0,41,0,1,3,1,1,19,40,1200,300,45
SIM,8,1,1,0,42,1,1,1,1,1,19,40,300,1200,37
SIM,8,1,1,0,43,0,0,1,0,1,19,40,1300,300,45
SIM,8,1,1,0,44,1,3,0,1,0,19,40,200,1300,34
SIM,8,1,1,0,45,0,3,0,1,0,19,40,1100,400,45
SIM,8,1,1,0,46,1,3,0,1,0,19,40,500,1400,41
SIM,8,1,1,0,47,0,1,3,1,1,19,40,1400,300,45
SIM,8,1,1,0,48,1,1,1,1,1,19,40,500,1200,37
SIM,8,1,1,0,49,0,0,1,0,1,19,40,1500,300,45
SIM,8,1,1,0,50,1,3,0,1,0,19,40,100,1300,32
SIM,8,1,1,0,51,0,3,0,1,0,19,40,1000,400,45
SIM,8,1,1,0,52,1,3,0,1,0,19,40,400,1400,41
SIM,8,1,1,0,53,0,1,3,1,1,19,40,1300,300,45
SIM,8,1,1,0,54,1,1,1,1,1,19,40,400,1200,37
SIM,8,1,1,0,55,0,0,1,0,1,19,40,1400,300,45
SIM,8,1,1,0,56,1,3,0,1,0,19,40,300,1300,34
SIM,8,1,1,0,57,0,3,0,1,0,19,40,1200,400,45
SIM,8,1,1,0,58,1,3,0,1,0,19,40,300,1400,39
SIM,8,1,1,0,59,0,1,3,1,1,19,40,1200,300,45
SIM,8,1,1,0,60,1,1,1,1,1,19,40,300,1200,37
SIM_END,8,1,1,0,60,1,0
SIM,9,1,1,1,1,0,0,6,0,1,40,40,1000,0,30
SIM,9,1,1,1,2,1,3,4,1,1,40,40,200,800,19
SIM,9,1,1,1,3,0,0,7,0,2,39,40,1200,300,45
SIM,9,1,1,1,4,1,0,7,0,2,39,40,300,1000,39
SIM,9,1,1,1,5,0,0,7,0,2,38,40,1300,400,45
SIM,9,1,1,1,6,1,0,7,0,2,38,40,400,1100,39
SIM,9,1,1,1,7,0,0,7,0,2,37,40,1400,500,45
SIM,9,1,1,1,8,1,3,5,1,2,37,40,300,1200,34
SIM,9,1,1,1,9,0,0,8,0,3,35,40,1300,100,45
SIM,9,1,1,1,10,1,0,8,0,3,35,40,400,700,39
SIM,9,1,1,1,11,0,0,8,0,3,33,40,1400,400,45
SIM,9,1,1,1,12,1,0,8,0,3,33,40,500,1000,39
SIM,9,1,1,1,13,0,0,8,0,3,31,40,1500,400,45
SIM,9,1,1,1,14,1,3,7,1,2,31,40,100,1100,32
SIM,9,1,1,1,15,0,0,10,0,3,29,40,1100,300,45
SIM,9,1,1,1,16,1,0,10,0,3,29,40,500,900,41
SIM,9,1,1,1,17,0,0,10,0,3,28,40,1500,900,45
SIM,9,1,1,1,18,1,0,10,0,3,28,40,300,1500,37
SIM,9,1,1,1,19,0,0,10,0,3,27,40,1300,1500,45
SIM,9,1,1,1,20,1,3,8,1,3,27,40,200,2100,36
SIM,9,1,1,1,21,0,0,11,0,4,24,40,1200,100,45
SIM,9,1,1,1,22,1,0,11,0,4,24,40,300,600,39
SIM,9,1,1,1,23,0,0,11,0,4,21,40,1300,300,45
SIM,9,1,1,1,24,1,0,11,0,4,21,40,400,800,39
SIM,9,1,1,1,25,0,0,11,0,4,18,40,1400,500,45
SIM,9,1,1,1,26,1,3,10,1,3,18,40,300,1100,36
SIM,9,1,1,1,27,0,0,13,0,4,15,40,1300,300,45
SIM,9,1,1,1,28,1,0,13,0,4,15,40,400,800,39
SIM,9,1,1,1,29,0,0,13,0,4,12,40,1400,500,45
SIM,9,1,1,1,30,1,0,13,0,4,12,40,500,1000,39
SIM,9,1,1,1,31,0,0,13,0,4,9,40,1500,400,45
SIM,9,1,1,1,32,1,3,11,1,4,9,40,100,900,34
SIM,9,1,1,1,33,0,0,11,0,4,6,40,1100,300,45
SIM,9,1,1,1,34,1,0,11,0,4,6,40,500,800,41
SIM,9,1,1,1,35,0,0,11,0,4,3,40,1500,500,45
SIM,9,1,1,1,36,1,0,11,0,4,3,40,300,1000,37
SIM_END,9,1,1,1,36,1,0
SIM,10,1,1,2,1,0,0,6,0,1,40,40,1000,0,30
SIM,10,1,1,2,2,1,3,6,1,1,40,39,200,800,19
SIM,10,1,1,2,3,0,0,9,0,2,39,39,1200,300,45
SIM,10,1,1,2,4,1,0,9,0,2,39,39,300,1000,39
SIM,10,1,1,2,5,0,0,9,0,2,38,39,1300,1000,45
SIM,10,1,1,2,6,1,0,9,0,2,38,39,400,1700,39
SIM,10,1,1,2,7,0,0,9,0,2,37,39,1400,500,45
SIM,10,1,1,2,8,1,3,7,1,2,37,39,300,1200,34
SIM,10,1,1,2,9,0,0,10,0,3,35,39,1300,100,45
SIM,10,1,1,2,10,1,0,10,0,3,35,39,400,700,39
SIM,10,1,1,2,11,0,0,10,0,3,33,39,1400,400,45
SIM,10,1,1,2,12,1,0,10,0,3,33,39,500,1000,39
SIM,10,1,1,2,13,0,0,10,0,3,31,39,1500,400,45
SIM,10,1,1,2,14,1,3,9,1,2,31,39,100,1100,32
SIM,10,1,1,2,15,0,0,12,0,3,29,39,1100,300,45
SIM,10,1,1,2,16,1,0,12,0,3,29,39,500,900,41
SIM,10,1,1,2,17,0,0,12,0,3,27,39,1500,300,45
SIM,10,1,1,2,18,1,0,12,0,3,27,39,300,900,37
SIM,10,1,1,2,19,0,0,12,0,3,26,39,1300,900,45
SIM,10,1,1,2,20,1,3,10,1,3,26,39,200,1500,36
SIM,10,1,1,2,21,0,0,13,0,4,23,39,1200,100,45
SIM,10,1,1,2,22,1,0,13,0,4,23,39,300,600,39
SIM,10,1,1,2,23,0,0,13,0,4,20,39,1300,300,45
SIM,10,1,1,2,24,1,0,13,0,4,20,39,400,800,39
SIM,10,1,1,2,25,0,0,13,0,4,17,39,1400,500,45
SIM,10,1,1,2,26,1,3,12,1,3,17,39,300,1100,36
SIM,10,1,1,2,27,0,0,15,0,4,14,39,1300,300,45
SIM,10,1,1,2,28,1,0,15,0,4,14,39,400,800,39
SIM,10,1,1,2,29,0,0,15,0,4,11,39,1400,500,45
SIM,10,1,1,2,30,1,0,15,0,4,11,39,500,1000,39
SIM,10,1,1,2,31,0,0,15,0,4,8,39,1500,400,45
SIM,10,1,1,2,32,1,3,13,1,4,8,39,100,900,34
SIM,10,1,1,2,33,0,0,13,0,4,5,39,1100,300,45
SIM,10,1,1,2,34,1,0,13,0,4,5,39,500,800,41
SIM,10,1,1,2,35,0,0,13,0,4,2,39,1500,500,45
SIM,10,1,1,2,36,1,0,13,0,4,2,39,300,1000,37
SIM_END,10,1,1,2,36,1,0
SIM,11,1,1,3,1,0,0,6,0,1,40,40,1000,0,30
SIM,11,1,1,3,2,1,3,6,1,1,40,39,200,800,19
SIM,11,1,1,3,3,0,0,9,0,2,39,39,1200,300,45
SIM,11,1,1,3,4,1,0,9,0,2,39,39,300,1000,39
SIM,11,1,1,3,5,0,0,9,0,2,38,39,1300,400,45
SIM,11,1,1,3,6,1,0,9,0,2,38,39,400,1100,39
SIM,11,1,1,3,7,0,0,9,0,2,37,39,1400,1100,45
SIM,11,1,1,3,8,1,3,7,1,2,37,39,300,1800,34
SIM,11,1,1,3,9,0,3,7,1,2,37,39,1200,1800,45
SIM,11,1,1,3,10,1,3,6,1,1,37,39,300,2600,37
SIM,11,1,1,3,11,0,0,9,0,2,36,39,1300,300,45
SIM,11,1,1,3,12,1,0,9,0,2,36,39,400,1000,39
SIM,11,1,1,3,13,0,0,9,0,2,35,39,1400,400,45
SIM,11,1,1,3,14,1,3,7,1,2,35,39,300,1100,34
SIM,11,1,1,3,15,0,0,7,0,2,34,39,1300,500,45
SIM,11,1,1,3,16,1,0,7,0,2,34,39,400,1200,39
SIM,11,1,1,3,17,0,0,10,0,3,32,39,1400,100,45
SIM,11,1,1,3,18,1,0,10,0,3,32,39,500,700,39
SIM,11,1,1,3,19,0,0,10,0,3,30,39,1500,400,45
SIM,11,1,1,3,20,1,3,9,1,2,30,39,100,1100,32
SIM,11,1,1,3,21,0,0,9,0,2,29,39,1100,500,45
SIM,11,1,1,3,22,1,0,9,0,2,29,39,500,1200,41
SIM,11,1,1,3,23,0,0,12,0,3,26,39,1500,100,45
SIM,11,1,1,3,24,1,0,12,0,3,26,39,300,700,37
SIM,11,1,1,3,25,0,0,12,0,3,23,39,1300,400,45
SIM,11,1,1,3,26,1,3,10,1,3,23,39,200,1000,36
SIM,11,1,1,3,27,0,3,10,1,3,23,39,1100,1000,45
SIM,11,1,1,3,28,1,3,9,1,2,23,39,500,1700,39
SIM,11,1,1,3,29,0,0,12,0,3,21,39,1500,300,45
SIM,11,1,1,3,30,1,0,12,0,3,21,39,300,900,37
SIM,11,1,1,3,31,0,0,12,0,3,18,39,1300,300,45
SIM,11,1,1,3,32,1,3,10,1,3,18,39,200,900,36
SIM,11,1,1,3,33,0,0,10,0,3,16,39,1200,300,45
SIM,11,1,1,3,34,1,0,10,0,3,16,39,300,900,39
SIM,11,1,1,3,35,0,0,13,0,4,13,39,1300,100,45
SIM,11,1,1,3,36,1,0,13,0,4,13,39,400,600,39
SIM,11,1,1,3,37,0,0,13,0,4,9,39,1400,300,45
SIM,11,1,1,3,38,1,3,11,1,4,9,39,300,800,36
SIM,11,1,1,3,39,0,0,11,0,4,9,39,1300,800,45
SIM,11,1,1,3,40,1,0,11,0,4,9,39,1300,1300,45
SIM,11,1,1,3,41,0,0,11,0,4,5,39,2300,400,45
SIM,11,1,1,3,42,1,0,11,0,4,5,39,2300,900,45
SIM,11,1,1,3,43,0,0,11,0,4,1,39,3300,300,45
SIM,11,1,1,3,44,1,3,9,1,3,1,39,400,1000,24
SIM_END,11,1,1,3,44,1,0
SIM,12,1,1,4,1,0,0,6,0,1,40,40,1000,0,30
SIM,12,1,1,4,2,1,3,6,1,1,40,39,200,800,19
SIM,12,1,1,4,3,0,0,9,0,2,39,39,1200,300,45
SIM,12,1,1,4,4,1,0,9,0,2,39,39,300,1000,39
SIM,12,1,1,4,5,0,0,9,0,2,38,39,1300,400,45
SIM,12,1,1,4,6,1,0,9,0,2,38,39,400,1100,39
SIM,12,1,1,4,7,0,0,9,0,2,37,39,1400,500,45
SIM,12,1,1,4,8,1,3,7,1,2,37,39,300,1200,34
SIM,12,1,1,4,9,0,3,7,1,2,37,39,1200,1200,45
SIM,12,1,1,4,10,1,3,6,1,1,37,39,300,2000,37
SIM,12,1,1,4,11,0,0,9,0,2,36,39,1300,300,45
SIM,12,1,1,4,12,1,0,9,0,2,36,39,400,1000,39
SIM,12,1,1,4,13,0,0,9,0,2,35,39,1400,400,45
SIM,12,1,1,4,14,1,3,7,1,2,35,39,300,1100,34
SIM,12,1,1,4,15,0,0,7,0,2,34,39,1300,500,45
SIM,12,1,1,4,16,1,0,7,0,2,34,39,400,1200,39
SIM,12,1,1,4,17,0,0,10,0,3,32,39,1400,100,45
SIM,12,1,1,4,18,1,0,10,0,3,32,39,500,700,39
SIM,12,1,1,4,19,0,0,10,0,3,30,39,1500,400,45
SIM,12,1,1,4,20,1,3,9,1,2,30,39,100,1100,32
SIM,12,1,1,4,21,0,0,9,0,2,29,39,1100,500,45
SIM,12,1,1,4,22,1,0,9,0,2,29,39,500,1200,41
SIM,12,1,1,4,23,0,0,12,0,3,26,39,1500,100,45
SIM,12,1,1,4,24,1,0,12,0,3,26,39,300,700,37
SIM,12,1,1,4,25,0,0,12,0,3,23,39,1300,400,45
SIM,12,1,1,4,26,1,3,10,1,3,23,39,200,1000,36
SIM,12,1,1,4,27,0,0,10,0,3,21,39,1200,400,45
SIM,12,1,1,4,28,1,0,10,0,3,21,39,300,1000,39
SIM,12,1,1,4,29,0,0,10,0,3,20,39,1300,1000,45
SIM,12,1,1,4,30,1,0,10,0,3,20,39,400,1600,39
SIM,12,1,1,4,31,0,0,13,0,4,17,39,1400,200,45
SIM,12,1,1,4,32,1,3,12,1,3,17,39,300,800,36
SIM,12,1,1,4,33,0,0,12,0,3,15,39,1300,500,45
SIM,12,1,1,4,34,1,0,12,0,3,15,39,400,1100,39
SIM,12,1,1,4,35,0,0,12,0,3,12,39,1400,500,45
SIM,12,1,1,4,36,1,0,12,0,3,12,39,500,1100,39
SIM,12,1,1,4,37,0,0,15,0,4,9,39,1500,300,45
SIM,12,1,1,4,38,1,3,13,1,4,9,39,100,800,34
SIM,12,1,1,4,39,0,0,13,0,4,9,39,1100,800,45
SIM,12,1,1,4,40,1,0,13,0,4,9,39,500,1300,41
SIM,12,1,1,4,41,0,0,13,0,4,5,39,1500,400,45
SIM,12,1,1,4,42,1,0,13,0,4,5,39,1500,900,45
SIM,12,1,1,4,43,0,0,13,0,4,1,39,2500,300,45
SIM,12,1,1,4,44,1,3,11,1,4,1,39,500,800,30
SIM_END,12,1,1,4,44,1,0
SIM,13,1,1,5,1,0,0,6,0,1,40,40,1000,0,30
SIM,13,1,1,5,2,1,3,6,1,1,40,39,200,800,19
SIM,13,1,1,5,3,0,3,6,1,1,40,39,1100,800,45
SIM,13,1,1,5,4,1,3,6,1,1,40,38,500,1600,39
SIM,13,1,1,5,5,0,0,9,0,2,39,38,1500,200,45
SIM,13,1,1,5,6,1,0,9,0,2,39,38,300,900,37
SIM,13,1,1,5,7,0,0,9,0,2,38,38,1300,300,45
SIM,13,1,1,5,8,1,3,7,1,2,38,38,200,1000,34
SIM,13,1,1,5,9,0,0,7,0,2,37,38,1200,400,45
SIM,13,1,1,5,10,1,0,7,0,2,37,38,300,1100,39
SIM,13,1,1,5,11,0,0,10,0,3,36,38,1300,300,45
SIM,13,1,1,5,12,1,0,10,0,3,36,38,400,900,39
SIM,13,1,1,5,13,0,0,10,0,3,35,38,1400,300,45
SIM,13,1,1,5,14,1,3,9,1,2,35,38,300,1000,34
SIM,13,1,1,5,15,0,0,9,0,2,34,38,1300,400,45
SIM,13,1,1,5,16,1,0,9,0,2,34,38,400,1100,39
SIM,13,1,1,5,17,0,0,9,0,2,33,38,1400,1100,45
SIM,13,1,1,5,18,1,0,9,0,2,33,38,500,1800,39
SIM,13,1,1,5,19,0,0,12,0,3,31,38,1500,100,45
SIM,13,1,1,5,20,1,3,10,1,3,31,38,100,700,34
SIM,13,1,1,5,21,0,0,10,0,3,29,38,1100,400,45
SIM,13,1,1,5,22,1,0,10,0,3,29,38,500,1000,41
SIM,13,1,1,5,23,0,0,10,0,3,27,38,1500,400,45
SIM,13,1,1,5,24,1,0,10,0,3,27,38,300,1000,37
SIM,13,1,1,5,25,0,0,13,0,4,24,38,1300,200,45
SIM,13,1,1,5,26,1,3,12,1,3,24,38,200,800,36
SIM,13,1,1,5,27,0,0,12,0,3,22,38,1200,500,45
SIM,13,1,1,5,28,1,0,12,0,3,22,38,300,1100,39
SIM,13,1,1,5,29,0,0,12,0,3,20,38,1300,500,45
SIM,13,1,1,5,30,1,0,12,0,3,20,38,400,1100,39
SIM,13,1,1,5,31,0,0,15,0,4,16,38,1400,300,45
SIM,13,1,1,5,32,1,3,13,1,4,16,38,300,800,36
SIM,13,1,1,5,33,0,3,13,1,4,16,38,1200,800,45
SIM,13,1,1,5,34,1,3,12,1,3,16,38,300,1400,37
SIM,13,1,1,5,35,0,0,12,0,3,14,38,1300,500,45
SIM,13,1,1,5,36,1,0,12,0,3,14,38,400,1100,39
SIM,13,1,1,5,37,0,0,15,0,4,11,38,1400,300,45
SIM,13,1,1,5,38,1,3,13,1,4,11,38,300,800,36
SIM,13,1,1,5,39,0,0,13,0,4,8,38,1300,500,45
SIM,13,1,1,5,40,1,0,13,0,4,8,38,1300,1000,45
SIM,13,1,1,5,41,0,0,13,0,4,7,38,2300,1000,45
SIM,13,1,1,5,42,1,0,13,0,4,7,38,2300,1500,45
SIM,13,1,1,5,43,0,0,13,0,4,3,38,3300,300,45
SIM,13,1,1,5,44,1,3,11,1,4,3,38,400,800,24
SIM_END,13,1,1,5,44,1,0
SIM,14,1,1,6,1,0,0,6,0,1,40,40,1000,0,30
SIM,14,1,1,6,2,1,3,6,1,1,40,39,200,800,19
SIM,14,1,1,6,3,0,0,9,0,2,39,39,1200,300,45
SIM,14,1,1,6,4,1,0,9,0,2,39,39,300,1000,39
SIM,14,1,1,6,5,0,0,9,0,2,38,39,1300,400,45
SIM,14,1,1,6,6,1,0,9,0,2,38,39,400,1100,39
SIM,14,1,1,6,7,0,0,9,0,2,37,39,1400,500,45
SIM,14,1,1,6,8,1,3,7,1,2,37,39,300,1200,34
SIM,14,1,1,6,9,0,0,10,0,3,35,39,1300,100,45
SIM,14,1,1,6,10,1,0,10,0,3,35,39,400,700,39
SIM,14,1,1,6,11,0,0,10,0,3,33,39,1400,400,45
SIM,14,1,1,6,12,1,0,10,0,3,33,39,500,1000,39
SIM,14,1,1,6,13,0,0,10,0,3,31,39,1500,400,45
SIM,14,1,1,6,14,1,3,9,1,2,31,39,100,1100,32
SIM,14,1,1,6,15,0,0,12,0,3,29,39,1100,300,45
SIM,14,1,1,6,16,1,0,12,0,3,29,39,500,900,41
SIM,14,1,1,6,17,0,0,12,0,3,27,39,1500,300,45
SIM,14,1,1,6,18,1,0,12,0,3,27,39,300,900,37
SIM,14,1,1,6,19,0,0,12,0,3,25,39,1300,300,45
SIM,14,1,1,6,20,1,3,10,1,3,25,39,200,900,36
SIM,14,1,1,6,21,0,0,13,0,4,22,39,1200,100,45
SIM,14,1,1,6,22,1,0,13,0,4,22,39,300,600,39
SIM,14,1,1,6,23,0,0,13,0,4,19,39,1300,300,45
SIM,14,1,1,6,24,1,0,13,0,4,19,39,400,800,39
SIM,14,1,1,6,25,0,0,13,0,4,16,39,1400,500,45
SIM,14,1,1,6,26,1,3,12,1,3,16,39,300,1100,36
SIM,14,1,1,6,27,0,0,15,0,4,13,39,1300,300,45
SIM,14,1,1,6,28,1,0,15,0,4,13,39,400,800,39
SIM,14,1,1,6,29,0,0,15,0,4,10,39,1400,500,45
SIM,14,1,1,6,30,1,0,15,0,4,10,39,500,1000,39
SIM,14,1,1,6,31,0,0,15,0,4,7,39,1500,400,45
SIM,14,1,1,6,32,1,3,13,1,4,7,39,100,900,34
SIM,14,1,1,6,33,0,0,13,0,4,4,39,1100,300,45
SIM,14,1,1,6,34,1,0,13,0,4,4,39,500,800,41
SIM_END,14,1,1,6,34,1,0
SIM_DONE
### degrade=15
SIM_CONFIG,degrade_favoured_pct=15,only_handicap=1,variants=7
SIM,1,0,1,0,1,0,6,0,1,0,40,40,1000,0,30
SIM,1,0,1,0,2,1,9,0,2,0,40,39,200,1000,19
SIM,1,0,1,0,3,0,7,3,2,1,40,39,900,200,45
SIM,1,0,1,0,4,1,7,0,2,0,40,38,300,1200,31
SIM,1,0,1,0,5,0,7,0,2,0,40,38,1000,300,45
SIM,1,0,1,0,6,1,7,0,2,0,40,36,400,1300,31
SIM,1,0,1,0,7,0,7,0,2,0,40,36,1100,400,45
SIM,1,0,1,0,8,1,10,0,3,0,40,34,300,1400,33
SIM,1,0,1,0,9,0,9,3,2,1,40,34,1000,300,45
SIM,1,0,1,0,10,1,9,0,2,0,40,33,400,1300,36
SIM,1,0,1,0,11,0,9,0,2,0,40,33,1100,400,45
SIM,1,0,1,0,12,1,9,0,2,0,40,32,1100,1400,43
SIM,1,0,1,0,13,0,9,0,2,0,40,32,1800,500,45
SIM,1,0,1,0,14,1,12,0,3,0,40,29,100,1500,20
SIM,1,0,1,0,15,0,10,3,3,1,40,29,700,100,45
SIM,1,0,1,0,16,1,10,0,3,0,40,27,400,1100,37
SIM,1,0,1,0,17,0,10,0,3,0,40,27,1000,500,45
SIM,1,0,1,0,18,1,10,0,3,0,40,24,400,1500,35
SIM,1,0,1,0,19,0,10,0,3,0,40,24,1000,300,45
SIM,1,0,1,0,20,1,13,0,4,0,40,21,200,1300,31
SIM,1,0,1,0,21,0,11,3,4,1,40,21,700,200,45
SIM,1,0,1,0,22,1,11,0,4,0,40,18,400,1200,29
SIM,1,0,1,0,23,0,11,0,4,0,40,18,900,1200,45
SIM,1,0,1,0,24,1,11,0,4,0,40,17,900,2200,43
SIM,1,0,1,0,25,0,11,0,4,0,40,17,1400,2200,45
SIM,1,0,1,0,26,1,11,0,4,0,40,13,500,3200,31
SIM,1,0,1,0,27,0,9,3,3,1,40,13,1200,300,45
SIM,1,0,1,0,28,1,12,3,4,1,40,9,100,1200,22
SIM,1,0,1,0,29,0,10,3,4,1,40,9,700,300,45
SIM,1,0,1,0,30,1,10,3,4,1,40,8,700,1200,43
SIM,1,0,1,0,31,0,9,3,3,1,40,8,1400,300,45
SIM,1,0,1,0,32,1,9,3,3,1,40,7,1400,1200,43
SIM,1,0,1,0,33,0,6,6,2,2,40,7,2200,100,45
SIM,1,0,1,0,34,1,9,6,3,2,40,5,200,900,25
SIM,1,0,1,0,35,0,6,6,2,2,40,5,1000,300,45
SIM,1,0,1,0,36,1,6,6,2,2,40,4,1000,1100,43
SIM,1,0,1,0,37,0,3,6,1,2,40,4,1900,500,45
SIM,1,0,1,0,38,1,3,6,1,2,40,3,400,1300,32
SIM,1,0,1,0,39,0,0,9,0,3,39,3,1400,200,45
SIM,1,0,1,0,40,1,3,7,1,3,39,3,300,900,34
SIM,1,0,1,0,41,0,0,7,0,3,38,3,1300,300,45
SIM,1,0,1,0,42,1,14,7,0,3,38,3,700,1000,43
SIM,1,0,1,0,43,0,10,7,0,3,37,3,1700,400,45
SIM,1,0,1,0,44,1,0,7,0,3,37,3,500,1100,35
SIM,1,0,1,0,45,0,0,10,0,4,33,3,1500,300,45
SIM,1,0,1,0,46,1,3,9,1,3,33,3,400,1000,34
SIM,1,0,1,0,47,0,3,9,1,3,30,3,1300,400,45
SIM,1,0,1,0,48,1,3,7,1,3,30,3,400,1100,37
SIM,1,0,1,0,49,0,3,7,1,3,27,3,1300,500,45
SIM,1,0,1,0,50,1,3,6,1,2,27,3,400,1300,37
SIM,1,0,1,0,51,0,1,9,1,3,25,3,1300,200,45
SIM,1,0,1,0,52,1,4,6,2,2,25,3,200,1000,32
SIM,1,0,1,0,53,0,3,6,1,2,24,3,1100,400,45
SIM,1,0,1,0,54,1,17,6,1,2,24,3,500,1200,43
SIM,1,0,1,0,55,0,17,6,1,2,22,3,1400,300,45
SIM,1,0,1,0,56,1,3,4,1,2,22,3,500,1100,33
SIM,1,0,1,0,57,0,1,7,1,3,20,3,1400,300,45
SIM,1,0,1,0,58,1,1,6,1,2,20,3,1400,1100,43
SIM,1,0,1,0,59,0,0,6,0,2,19,3,2400,500,45
SIM,1,0,1,0,60,1,3,4,1,2,19,3,100,1300,26
SIM_END,1,0,1,0,60,0,0
SIM,2,0,1,1,1,0,6,0,1,0,40,40,1000,0,30
SIM,2,0,1,1,2,1,20,0,1,0,40,40,400,1000,28
SIM,2,0,1,1,3,0,18,3,1,1,40,40,1200,200,45
SIM,2,0,1,1,4,1,7,0,2,0,40,39,100,1200,28
SIM,2,0,1,1,5,0,7,0,2,0,40,39,800,300,45
SIM,2,0,1,1,6,1,7,0,2,0,40,38,500,1300,31
SIM,2,0,1,1,7,0,7,0,2,0,40,38,1200,400,45
SIM,2,0,1,1,8,1,7,0,2,0,40,37,300,1400,37
SIM,2,0,1,1,9,0,5,3,2,1,40,37,1000,300,45
SIM,2,0,1,1,10,1,8,0,3,0,40,36,200,1300,31
SIM,2,0,1,1,11,0,8,0,3,0,40,36,800,400,45
SIM,2,0,1,1,12,1,8,0,3,0,40,33,500,1400,30
SIM,2,0,1,1,13,0,8,0,3,0,40,33,1100,500,45
SIM,2,0,1,1,14,1,8,0,3,0,40,30,500,1500,35
SIM,2,0,1,1,15,0,7,3,2,1,40,30,1200,100,45
SIM,2,0,1,1,16,1,10,0,3,0,40,28,100,1100,28
SIM,2,0,1,1,17,0,10,0,3,0,40,28,700,500,45
SIM,2,0,1,1,18,1,10,0,3,0,40,25,400,1500,37
SIM,2,0,1,1,19,0,10,0,3,0,40,25,1000,300,45
SIM,2,0,1,1,20,1,10,0,3,0,40,22,400,1300,35
SIM,2,0,1,1,21,0,8,3,3,1,40,22,1000,200,45
SIM,2,0,1,1,22,1,11,0,4,0,40,20,200,1200,31
SIM,2,0,1,1,23,0,11,0,4,0,40,20,700,300,45
SIM,2,0,1,1,24,1,11,0,4,0,40,16,400,1300,29
SIM,2,0,1,1,25,0,11,0,4,0,40,16,900,1300,45
SIM,2,0,1,1,26,1,11,0,4,0,40,12,300,2300,33
SIM,2,0,1,1,27,0,9,3,3,1,40,12,1000,300,45
SIM,2,0,1,1,28,1,12,3,4,1,40,8,200,1200,24
SIM,2,0,1,1,29,0,10,3,4,1,40,8,800,300,45
SIM,2,0,1,1,30,1,10,3,4,1,40,4,500,1200,35
SIM,2,0,1,1,31,0,9,3,3,1,40,4,1200,300,45
SIM,2,0,1,1,32,1,9,3,3,1,40,3,1200,1200,43
SIM,2,0,1,1,33,0,6,6,2,2,40,3,2000,100,45
SIM_END,2,0,1,1,33,0,0
SIM,3,0,1,2,1,0,6,0,1,0,40,40,1000,0,30
SIM,3,0,1,2,2,1,20,0,1,0,40,40,400,1000,28
SIM,3,0,1,2,3,0,18,3,1,1,40,40,1200,200,45
SIM,3,0,1,2,4,1,7,0,2,0,40,39,100,1200,28
SIM,3,0,1,2,5,0,7,0,2,0,40,39,800,300,45
SIM,3,0,1,2,6,1,7,0,2,0,40,38,500,1300,41
SIM,3,0,1,2,7,0,7,0,2,0,40,38,1200,400,45
SIM,3,0,1,2,8,1,7,0,2,0,40,37,300,1400,37
SIM,3,0,1,2,9,0,5,3,2,1,40,37,1000,300,45
SIM,3,0,1,2,10,1,5,3,2,1,40,37,1000,1200,31
SIM,3,0,1,2,11,0,4,3,1,1,40,37,1800,300,45
SIM,3,0,1,2,12,1,4,0,1,0,40,37,1800,1300,43
SIM,3,0,1,2,13,0,4,0,1,0,40,37,2600,400,45
SIM,3,0,1,2,14,1,7,0,2,0,40,35,300,1400,16
SIM,3,0,1,2,15,0,5,3,2,1,40,35,1000,300,45
SIM,3,0,1,2,16,1,5,0,2,0,40,34,400,1300,37
SIM,3,0,1,2,17,0,5,0,2,0,40,34,1100,400,45
SIM,3,0,1,2,18,1,5,0,2,0,40,32,500,1400,37
SIM,3,0,1,2,19,0,5,0,2,0,40,32,1200,500,45
SIM,3,0,1,2,20,1,8,0,3,0,40,29,100,1500,24
SIM,3,0,1,2,21,0,6,3,2,1,40,29,900,100,45
SIM,3,0,1,2,22,1,6,3,2,1,40,27,300,1000,37
SIM,3,0,1,2,23,0,4,3,2,1,40,27,1100,400,45
SIM,3,0,1,2,24,1,4,3,2,1,40,25,500,1300,37
SIM,3,0,1,2,25,0,3,3,1,1,40,25,1400,400,45
SIM,3,0,1,2,26,1,6,1,2,1,40,24,300,1300,30
SIM,3,0,1,2,27,0,3,4,1,2,40,24,1200,200,45
SIM,3,0,1,2,28,1,3,3,1,1,40,24,300,1100,35
SIM,3,0,1,2,29,0,1,3,1,1,40,24,1200,500,45
SIM,3,0,1,2,30,1,1,3,1,1,40,23,300,1400,37
SIM,3,0,1,2,31,0,0,3,0,1,40,23,1300,500,45
SIM,3,0,1,2,32,1,3,1,1,1,40,23,200,1400,32
SIM,3,0,1,2,33,0,0,4,0,2,40,23,1200,300,45
SIM,3,0,1,2,34,1,0,4,0,2,40,23,300,1100,39
SIM,3,0,1,2,35,0,0,4,0,2,40,23,1300,500,45
SIM,3,0,1,2,36,1,0,4,0,2,40,23,400,1300,39
SIM,3,0,1,2,37,0,0,4,0,2,40,23,1400,400,45
SIM,3,0,1,2,38,1,3,3,1,1,40,23,300,1300,28
SIM,3,0,1,2,39,0,0,6,0,2,40,23,1300,200,45
SIM,3,0,1,2,40,1,0,6,0,2,40,23,400,1000,39
SIM,3,0,1,2,41,0,0,6,0,2,40,23,1400,400,45
SIM,3,0,1,2,42,1,0,6,0,2,40,23,500,1200,39
SIM,3,0,1,2,43,0,0,6,0,2,40,23,1500,300,45
SIM,3,0,1,2,44,1,3,4,1,2,40,23,100,1100,30
SIM,3,0,1,2,45,0,0,7,0,3,39,23,1100,300,45
SIM,3,0,1,2,46,1,0,7,0,3,39,23,500,1000,41
SIM,3,0,1,2,47,0,0,7,0,3,38,23,1500,400,45
SIM,3,0,1,2,48,1,0,7,0,3,38,23,300,1100,37
SIM,3,0,1,2,49,0,0,7,0,3,36,23,1300,500,45
SIM,3,0,1,2,50,1,3,6,1,2,36,23,200,1300,32
SIM,3,0,1,2,51,0,1,9,1,3,34,23,1100,200,45
SIM,3,0,1,2,52,1,1,7,1,3,34,23,500,900,39
SIM,3,0,1,2,53,0,0,7,0,3,32,23,1500,300,45
SIM,3,0,1,2,54,1,0,7,0,3,32,23,300,1000,37
SIM,3,0,1,2,55,0,0,7,0,3,30,23,1300,400,45
SIM,3,0,1,2,56,1,3,6,1,2,30,23,200,1200,32
SIM,3,0,1,2,57,0,1,9,1,3,28,23,1100,100,45
SIM,3,0,1,2,58,1,15,9,1,3,28,23,500,800,43
SIM,3,0,1,2,59,0,14,9,0,3,26,23,1500,500,45
SIM,3,0,1,2,60,1,0,9,0,3,26,23,1800,1200,45
SIM_END,3,0,1,2,60,0,0
SIM,4,0,1,3,1,0,6,0,1,0,40,40,1000,0,30
SIM,4,0,1,3,2,1,9,0,2,0,40,39,200,1000,19
SIM,4,0,1,3,3,0,7,3,2,1,40,39,900,200,45
SIM,4,0,1,3,4,1,7,0,2,0,40,38,300,1200,27
SIM,4,0,1,3,5,0,7,0,2,0,40,38,1000,300,45
SIM,4,0,1,3,6,1,7,0,2,0,40,36,400,1300,31
SIM,4,0,1,3,7,0,7,0,2,0,40,36,1100,400,45
SIM,4,0,1,3,8,1,10,0,3,0,40,34,300,1400,33
SIM,4,0,1,3,9,0,9,3,2,1,40,34,1000,300,45
SIM,4,0,1,3,10,1,9,0,2,0,40,33,400,1300,36
SIM,4,0,1,3,11,0,9,0,2,0,40,33,1100,400,45
SIM,4,0,1,3,12,1,9,0,2,0,40,31,500,1400,37
SIM,4,0,1,3,13,0,9,0,2,0,40,31,1200,500,45
SIM,4,0,1,3,14,1,9,0,2,0,40,30,1200,1500,43
SIM,4,0,1,3,15,0,7,3,2,1,40,30,1900,100,45
SIM,4,0,1,3,16,1,10,0,3,0,40,29,200,1100,27
SIM,4,0,1,3,17,0,10,0,3,0,40,29,800,500,45
SIM,4,0,1,3,18,1,10,0,3,0,40,26,500,1500,34
SIM,4,0,1,3,19,0,10,0,3,0,40,26,1100,300,45
SIM,4,0,1,3,20,1,10,0,3,0,40,25,1100,1300,43
SIM,4,0,1,3,21,0,8,3,3,1,40,25,1700,200,45
SIM,4,0,1,3,22,1,11,0,4,0,40,23,300,1200,27
SIM,4,0,1,3,23,0,11,0,4,0,40,23,800,300,45
SIM,4,0,1,3,24,1,11,0,4,0,40,19,500,1300,29
SIM,4,0,1,3,25,0,11,0,4,0,40,19,1000,1300,45
SIM,4,0,1,3,26,1,11,0,4,0,40,18,1000,2300,43
SIM,4,0,1,3,27,0,9,3,3,1,40,18,1700,300,45
SIM,4,0,1,3,28,1,12,3,4,1,40,14,300,1200,20
SIM,4,0,1,3,29,0,10,3,4,1,40,14,900,300,45
SIM,4,0,1,3,30,1,10,3,4,1,40,13,900,1200,43
SIM,4,0,1,3,31,0,9,3,3,1,40,13,1600,300,45
SIM,4,0,1,3,32,1,9,3,3,1,40,10,400,1200,31
SIM,4,0,1,3,33,0,6,6,2,2,40,10,1200,100,45
SIM,4,0,1,3,34,1,9,6,3,2,40,7,100,900,24
SIM,4,0,1,3,35,0,6,6,2,2,40,7,900,300,45
SIM,4,0,1,3,36,1,6,6,2,2,40,5,300,1100,37
SIM,4,0,1,3,37,0,3,6,1,2,40,5,1200,500,45
SIM,4,0,1,3,38,1,3,6,1,2,40,4,300,1300,37
SIM,4,0,1,3,39,0,0,9,0,3,39,4,1300,200,45
SIM,4,0,1,3,40,1,3,7,1,3,39,4,200,900,34
SIM,4,0,1,3,41,0,0,7,0,3,38,4,1200,300,45
SIM,4,0,1,3,42,1,0,7,0,3,38,4,300,1000,39
SIM,4,0,1,3,43,0,0,7,0,3,35,4,1300,400,45
SIM,4,0,1,3,44,1,0,7,0,3,35,4,400,1100,39
SIM,4,0,1,3,45,0,0,10,0,4,32,4,1400,300,45
SIM,4,0,1,3,46,1,14,10,0,4,32,4,800,900,43
SIM,4,0,1,3,47,0,14,10,0,4,29,4,1800,300,45
SIM,4,0,1,3,48,1,3,9,1,3,29,4,100,1000,28
SIM,4,0,1,3,49,0,3,9,1,3,26,4,1000,400,45
SIM,4,0,1,3,50,1,3,7,1,3,26,4,400,1100,39
SIM,4,0,1,3,51,0,1,10,1,4,23,4,1300,300,45
SIM,4,0,1,3,52,1,1,9,1,3,23,4,400,1000,37
SIM,4,0,1,3,53,0,0,9,0,3,21,4,1400,400,45
SIM,4,0,1,3,54,1,14,9,0,3,21,4,800,1100,43
SIM,4,0,1,3,55,0,14,9,0,3,18,4,1800,500,45
SIM,4,0,1,3,56,1,0,9,0,3,18,4,2100,1200,45
SIM,4,0,1,3,57,0,0,12,0,4,15,4,3100,100,45
SIM,4,0,1,3,58,1,3,10,1,4,15,4,200,700,24
SIM,4,0,1,3,59,0,1,10,1,4,12,4,1100,400,45
SIM,4,0,1,3,60,1,1,9,1,3,12,4,500,1100,39
SIM_END,4,0,1,3,60,0,0
SIM,5,0,1,4,1,0,6,0,1,0,40,40,1000,0,30
SIM,5,0,1,4,2,1,9,0,2,0,40,39,200,1000,19
SIM,5,0,1,4,3,0,7,3,2,1,40,39,900,200,45
SIM,5,0,1,4,4,1,7,0,2,0,40,38,300,1200,19
SIM,5,0,1,4,5,0,7,0,2,0,40,38,1000,300,45
SIM,5,0,1,4,6,1,7,0,2,0,40,36,400,1300,31
SIM,5,0,1,4,7,0,7,0,2,0,40,36,1100,400,45
SIM,5,0,1,4,8,1,10,0,3,0,40,34,300,1400,33
SIM,5,0,1,4,9,0,9,3,2,1,40,34,1000,300,45
SIM,5,0,1,4,10,1,9,0,2,0,40,33,400,1300,36
SIM,5,0,1,4,11,0,9,0,2,0,40,33,1100,400,45
SIM,5,0,1,4,12,1,9,0,2,0,40,31,500,1400,37
SIM,5,0,1,4,13,0,9,0,2,0,40,31,1200,500,45
SIM,5,0,1,4,14,1,12,0,3,0,40,28,100,1500,24
SIM,5,0,1,4,15,0,10,3,3,1,40,28,700,100,45
SIM,5,0,1,4,16,1,10,0,3,0,40,26,400,1100,37
SIM,5,0,1,4,17,0,10,0,3,0,40,26,1000,500,45
SIM,5,0,1,4,18,1,10,0,3,0,40,23,400,1500,35
SIM,5,0,1,4,19,0,10,0,3,0,40,23,1000,300,45
SIM,5,0,1,4,20,1,13,0,4,0,40,20,200,1300,31
SIM,5,0,1,4,21,0,11,3,4,1,40,20,700,200,45
SIM,5,0,1,4,22,1,11,0,4,0,40,17,400,1200,29
SIM,5,0,1,4,23,0,11,0,4,0,40,17,900,1200,45
SIM,5,0,1,4,24,1,11,0,4,0,40,16,900,2200,43
SIM,5,0,1,4,25,0,11,0,4,0,40,16,1400,2200,45
SIM,5,0,1,4,26,1,11,0,4,0,40,15,1400,3200,43
SIM,5,0,1,4,27,0,9,3,3,1,40,15,2100,300,45
SIM,5,0,1,4,28,1,12,3,4,1,40,11,100,1200,16
SIM,5,0,1,4,29,0,10,3,4,1,40,11,700,300,45
SIM,5,0,1,4,30,1,10,3,4,1,40,7,400,1200,35
SIM,5,0,1,4,31,0,9,3,3,1,40,7,1100,300,45
SIM,5,0,1,4,32,1,9,3,3,1,40,6,1100,1200,43
SIM,5,0,1,4,33,0,6,6,2,2,40,6,1900,100,45
SIM,5,0,1,4,34,1,9,6,3,2,40,4,200,900,27
SIM,5,0,1,4,35,0,6,6,2,2,40,4,1000,300,45
SIM,5,0,1,4,36,1,6,6,2,2,40,2,400,1100,34
SIM,5,0,1,4,37,0,3,6,1,2,40,2,1300,500,45
SIM,5,0,1,4,38,1,3,6,1,2,40,1,400,1300,37
SIM,5,0,1,4,39,0,0,9,0,3,39,1,1400,200,45
SIM,5,0,1,4,40,1,14,9,0,3,39,1,800,900,43
SIM,5,0,1,4,41,0,14,9,0,3,38,1,1800,300,45
SIM,5,0,1,4,42,1,0,9,0,3,38,1,2100,1000,45
SIM,5,0,1,4,43,0,0,9,0,3,36,1,3100,400,45
SIM_END,5,0,1,4,43,0,0
SIM,6,0,1,5,1,0,6,0,1,0,40,40,1000,0,30
SIM,6,0,1,5,2,1,9,0,2,0,40,39,200,1000,19
SIM,6,0,1,5,3,0,7,3,2,1,40,39,900,200,45
SIM,6,0,1,5,4,1,7,0,2,0,40,38,300,1200,23
SIM,6,0,1,5,5,0,7,0,2,0,40,38,1000,300,45
SIM,6,0,1,5,6,1,7,0,2,0,40,36,400,1300,31
SIM,6,0,1,5,7,0,7,0,2,0,40,36,1100,400,45
SIM,6,0,1,5,8,1,10,0,3,0,40,34,300,1400,33
SIM,6,0,1,5,9,0,9,3,2,1,40,34,1000,300,45
SIM,6,0,1,5,10,1,9,0,2,0,40,34,1000,1300,43
SIM,6,0,1,5,11,0,9,0,2,0,40,34,1700,400,45
SIM,6,0,1,5,12,1,9,0,2,0,40,32,500,1400,32
SIM,6,0,1,5,13,0,9,0,2,0,40,32,1200,500,45
SIM,6,0,1,5,14,1,12,0,3,0,40,29,100,1500,24
SIM,6,0,1,5,15,0,10,3,3,1,40,29,700,100,45
SIM,6,0,1,5,16,1,10,0,3,0,40,27,400,1100,37
SIM,6,0,1,5,17,0,10,0,3,0,40,27,1000,500,45
SIM,6,0,1,5,18,1,10,0,3,0,40,24,400,1500,35
SIM,6,0,1,5,19,0,10,0,3,0,40,24,1000,300,45
SIM,6,0,1,5,20,1,10,0,3,0,40,23,1000,1300,43
SIM,6,0,1,5,21,0,8,3,3,1,40,23,1600,200,45
SIM,6,0,1,5,22,1,11,0,4,0,40,21,200,1200,27
SIM,6,0,1,5,23,0,11,0,4,0,40,21,700,300,45
SIM,6,0,1,5,24,1,11,0,4,0,40,20,700,1300,43
SIM,6,0,1,5,25,0,11,0,4,0,40,20,1200,400,45
SIM,6,0,1,5,26,1,11,0,4,0,40,16,300,1400,25
SIM,6,0,1,5,27,0,9,3,3,1,40,16,1000,300,45
SIM,6,0,1,5,28,1,12,3,4,1,40,12,200,1200,24
SIM,6,0,1,5,29,0,10,3,4,1,40,12,800,300,45
SIM,6,0,1,5,30,1,10,3,4,1,40,8,500,1200,35
SIM,6,0,1,5,31,0,9,3,3,1,40,8,1200,300,45
SIM,6,0,1,5,32,1,9,3,3,1,40,5,300,1200,33
SIM,6,0,1,5,33,0,6,6,2,2,40,5,1100,100,45
SIM,6,0,1,5,34,1,9,6,3,2,40,3,300,900,33
SIM,6,0,1,5,35,0,6,6,2,2,40,3,1100,300,45
SIM,6,0,1,5,36,1,6,6,2,2,40,1,500,1100,34
SIM,6,0,1,5,37,0,3,6,1,2,40,1,1400,500,45
SIM_END,6,0,1,5,37,0,0
SIM,7,0,1,6,1,0,6,0,1,0,40,40,1000,0,30
SIM,7,0,1,6,2,1,9,0,2,0,40,39,200,1000,19
SIM,7,0,1,6,3,0,7,3,2,1,40,39,900,200,45
SIM,7,0,1,6,4,1,7,3,2,1,40,39,900,1100,23
SIM,7,0,1,6,5,0,6,3,1,1,40,39,1700,500,45
SIM,7,0,1,6,6,1,6,0,1,0,40,39,500,1500,35
SIM,7,0,1,6,7,0,6,0,1,0,40,39,1300,300,45
SIM,7,0,1,6,8,1,9,0,2,0,40,37,200,1300,24
SIM,7,0,1,6,9,0,7,3,2,1,40,37,900,200,45
SIM,7,0,1,6,10,1,7,0,2,0,40,36,300,1200,37
SIM,7,0,1,6,11,0,7,0,2,0,40,36,1000,300,45
SIM,7,0,1,6,12,1,7,0,2,0,40,34,400,1300,37
SIM,7,0,1,6,13,0,7,0,2,0,40,34,1100,400,45
SIM,7,0,1,6,14,1,10,0,3,0,40,32,300,1400,33
SIM,7,0,1,6,15,0,8,3,3,1,40,32,900,300,45
SIM,7,0,1,6,16,1,8,0,3,0,40,30,300,1300,32
SIM,7,0,1,6,17,0,8,0,3,0,40,30,900,400,45
SIM,7,0,1,6,18,1,8,0,3,0,40,27,300,1400,35
SIM,7,0,1,6,19,0,8,0,3,0,40,27,900,500,45
SIM,7,0,1,6,20,1,11,0,4,0,40,24,100,1500,31
SIM,7,0,1,6,21,0,9,3,3,1,40,24,800,100,45
SIM,7,0,1,6,22,1,9,3,3,1,40,21,500,1000,34
SIM,7,0,1,6,23,0,7,3,3,1,40,21,1200,400,45
SIM,7,0,1,6,24,1,7,3,3,1,40,18,300,1300,33
SIM,7,0,1,6,25,0,6,3,2,1,40,18,1100,400,45
SIM,7,0,1,6,26,1,9,3,3,1,40,16,300,1300,33
SIM,7,0,1,6,27,0,6,6,2,2,40,16,1100,200,45
SIM,7,0,1,6,28,1,6,6,2,2,40,14,500,1000,36
SIM,7,0,1,6,29,0,3,6,1,2,40,14,1400,400,45
SIM,7,0,1,6,30,1,3,6,1,2,40,13,500,1200,37
SIM,7,0,1,6,31,0,0,6,0,2,40,13,1500,300,45
SIM,7,0,1,6,32,1,3,6,1,2,40,12,100,1100,30
SIM,7,0,1,6,33,0,0,9,0,3,39,12,1100,300,45
SIM,7,0,1,6,34,1,0,9,0,3,39,12,500,1000,41
SIM,7,0,1,6,35,0,0,9,0,3,38,12,1500,400,45
SIM,7,0,1,6,36,1,0,9,0,3,38,12,300,1100,37
SIM,7,0,1,6,37,0,0,9,0,3,37,12,1300,500,45
SIM,7,0,1,6,38,1,3,7,1,3,37,12,200,1200,34
SIM,7,0,1,6,39,0,0,10,0,4,35,12,1200,100,45
SIM,7,0,1,6,40,1,0,10,0,4,35,12,300,700,39
SIM,7,0,1,6,41,0,0,10,0,4,31,12,1300,400,45
SIM,7,0,1,6,42,1,0,10,0,4,31,12,1300,1000,45
SIM,7,0,1,6,43,0,0,10,0,4,27,12,2300,400,45
SIM,7,0,1,6,44,1,3,9,1,3,27,12,300,1100,28
SIM,7,0,1,6,45,0,1,12,1,4,24,12,1200,300,45
SIM,7,0,1,6,46,1,15,12,1,4,24,12,600,900,43
SIM,7,0,1,6,47,0,14,12,0,4,21,12,1600,300,45
SIM,7,0,1,6,48,1,0,12,0,4,21,12,1900,900,45
SIM,7,0,1,6,49,0,0,12,0,4,17,12,2900,300,45
SIM,7,0,1,6,50,1,3,10,1,4,17,12,300,900,26
SIM,7,0,1,6,51,0,3,10,1,4,13,12,1200,300,45
SIM,7,0,1,6,52,1,3,9,1,3,13,12,300,1000,37
SIM,7,0,1,6,53,0,3,12,1,4,9,12,1200,200,45
SIM,7,0,1,6,54,1,3,10,1,4,9,12,300,800,37
SIM,7,0,1,6,55,0,3,10,1,4,5,12,1200,500,45
SIM,7,0,1,6,56,1,6,7,2,3,5,12,100,1200,34
SIM,7,0,1,6,57,0,6,7,2,3,2,12,900,300,45
SIM,7,0,1,6,58,1,6,4,2,2,2,12,300,1100,35
SIM_END,7,0,1,6,58,1,0
SIM,8,1,1,0,1,0,0,6,0,1,40,40,1000,0,30
SIM,8,1,1,0,2,1,3,4,1,1,40,40,200,800,19
SIM,8,1,1,0,3,0,0,7,0,2,39,40,1200,300,45
SIM,8,1,1,0,4,1,0,7,0,2,39,40,300,1000,39
SIM,8,1,1,0,5,0,0,7,0,2,38,40,1300,400,45
SIM,8,1,1,0,6,1,0,7,0,2,38,40,400,1100,39
SIM,8,1,1,0,7,0,0,7,0,2,37,40,1400,500,45
SIM,8,1,1,0,8,1,3,5,1,2,37,40,300,1200,34
SIM,8,1,1,0,9,0,0,8,0,3,35,40,1300,100,45
SIM,8,1,1,0,10,1,0,8,0,3,35,40,400,700,39
SIM,8,1,1,0,11,0,0,8,0,3,33,40,1400,400,45
SIM,8,1,1,0,12,1,0,8,0,3,33,40,500,1000,39
SIM,8,1,1,0,13,0,0,8,0,3,31,40,1500,400,45
SIM,8,1,1,0,14,1,3,7,1,2,31,40,100,1100,32
SIM,8,1,1,0,15,0,3,7,1,2,31,40,1000,1100,45
SIM,8,1,1,0,16,1,3,5,1,2,31,40,400,1800,39
SIM,8,1,1,0,17,0,0,8,0,3,29,40,1400,100,45
SIM,8,1,1,0,18,1,0,8,0,3,29,40,500,700,39
SIM,8,1,1,0,19,0,0,8,0,3,27,40,1500,400,45
SIM,8,1,1,0,20,1,3,6,1,2,27,40,100,1200,31
SIM,8,1,1,0,21,0,3,6,1,2,25,40,1000,300,45
SIM,8,1,1,0,22,1,3,4,1,2,25,40,400,1100,38
SIM,8,1,1,0,23,0,1,7,1,3,23,40,1300,300,45
SIM,8,1,1,0,24,1,1,6,1,2,23,40,400,1100,37
SIM,8,1,1,0,25,0,0,6,0,2,22,40,1400,500,45
SIM,8,1,1,0,26,1,3,4,1,2,22,40,300,1300,36
SIM,8,1,1,0,27,0,3,4,1,2,21,40,1200,1300,45
SIM,8,1,1,0,28,1,3,3,1,1,21,40,300,2200,37
SIM,8,1,1,0,29,0,3,6,1,2,20,40,1200,200,45
SIM,8,1,1,0,30,1,3,4,1,2,20,40,300,1000,35
SIM,8,1,1,0,31,0,1,4,1,2,19,40,1200,400,45
SIM,8,1,1,0,32,1,4,1,2,1,19,40,100,1300,32
SIM,8,1,1,0,33,0,3,1,1,1,19,40,1000,400,45
SIM,8,1,1,0,34,1,3,0,1,0,19,40,400,1400,39
SIM,8,1,1,0,35,0,1,3,1,1,19,40,1300,300,45
SIM,8,1,1,0,36,1,1,1,1,1,19,40,400,1200,37
SIM,8,1,1,0,37,0,0,1,0,1,19,40,1400,300,45
SIM,8,1,1,0,38,1,3,0,1,0,19,40,300,1300,34
SIM,8,1,1,0,39,0,3,0,1,0,19,40,1200,400,45
SIM,8,1,1,0,40,1,3,0,1,0,19,40,300,1400,39
SIM,8,1,1,0,41,0,1,3,1,1,19,40,1200,300,45
SIM,8,1,1,0,42,1,1,1,1,1,19,40,300,1200,37
SIM,8,1,1,0,43,0,0,1,0,1,19,40,1300,300,45
SIM,8,1,1,0,44,1,3,0,1,0,19,40,200,1300,34
SIM,8,1,1,0,45,0,3,0,1,0,19,40,1100,400,45
SIM,8,1,1,0,46,1,3,0,1,0,19,40,500,1400,41
SIM,8,1,1,0,47,0,1,3,1,1,19,40,1400,300,45
SIM,8,1,1,0,48,1,1,1,1,1,19,40,500,1200,37
SIM,8,1,1,0,49,0,0,1,0,1,19,40,1500,300,45
SIM,8,1,1,0,50,1,3,0,1,0,19,40,100,1300,32
SIM,8,1,1,0,51,0,3,14,1,0,19,40,1000,700,45
SIM,8,1,1,0,52,1,3,14,1,0,19,39,400,1700,31
SIM,8,1,1,0,53,0,1,3,1,1,19,39,1300,300,45
SIM,8,1,1,0,54,1,1,3,1,1,19,38,400,1200,37
SIM,8,1,1,0,55,0,0,3,0,1,19,38,1400,300,45
SIM,8,1,1,0,56,1,3,1,1,1,19,38,300,1200,32
SIM,8,1,1,0,57,0,1,1,1,1,19,38,1200,300,45
SIM,8,1,1,0,58,1,1,0,1,0,19,38,300,1300,37
SIM,8,1,1,0,59,0,0,3,0,1,19,38,1300,200,45
SIM,8,1,1,0,60,1,0,3,0,1,19,38,400,1100,39
SIM_END,8,1,1,0,60,1,0
SIM,9,1,1,1,1,0,0,6,0,1,40,40,1000,0,30
SIM,9,1,1,1,2,1,3,4,1,1,40,40,200,800,19
SIM,9,1,1,1,3,0,0,7,0,2,39,40,1200,300,45
SIM,9,1,1,1,4,1,0,7,0,2,39,40,300,1000,39
SIM,9,1,1,1,5,0,0,7,0,2,38,40,1300,400,45
SIM,9,1,1,1,6,1,0,7,0,2,38,40,400,1100,39
SIM,9,1,1,1,7,0,0,7,0,2,37,40,1400,500,45
SIM,9,1,1,1,8,1,3,5,1,2,37,40,300,1200,34
SIM,9,1,1,1,9,0,0,8,0,3,35,40,1300,100,45
SIM,9,1,1,1,10,1,0,8,0,3,35,40,400,700,39
SIM,9,1,1,1,11,0,0,8,0,3,33,40,1400,400,45
SIM,9,1,1,1,12,1,0,8,0,3,33,40,500,1000,39
SIM,9,1,1,1,13,0,0,8,0,3,32,40,1500,1000,45
SIM,9,1,1,1,14,1,3,7,1,2,32,40,100,1700,32
SIM,9,1,1,1,15,0,0,10,0,3,30,40,1100,300,45
SIM,9,1,1,1,16,1,0,10,0,3,30,40,500,900,41
SIM,9,1,1,1,17,0,0,10,0,3,29,40,1500,900,45
SIM,9,1,1,1,18,1,0,10,0,3,29,40,300,1500,37
SIM,9,1,1,1,19,0,0,10,0,3,28,40,1300,1500,45
SIM,9,1,1,1,20,1,3,8,1,3,28,40,200,2100,36
SIM,9,1,1,1,21,0,0,11,0,4,25,40,1200,100,45
SIM,9,1,1,1,22,1,0,11,0,4,25,40,300,600,39
SIM,9,1,1,1,23,0,0,11,0,4,22,40,1300,300,45
SIM,9,1,1,1,24,1,0,11,0,4,22,40,400,800,39
SIM,9,1,1,1,25,0,0,11,0,4,19,40,1400,500,45
SIM,9,1,1,1,26,1,3,10,1,3,19,40,300,1100,36
SIM,9,1,1,1,27,0,0,13,0,4,16,40,1300,300,45
SIM,9,1,1,1,28,1,0,13,0,4,16,40,400,800,39
SIM,9,1,1,1,29,0,0,13,0,4,13,40,1400,500,45
SIM,9,1,1,1,30,1,0,13,0,4,13,40,500,1000,39
SIM,9,1,1,1,31,0,0,13,0,4,10,40,1500,400,45
SIM,9,1,1,1,32,1,3,11,1,4,10,40,100,900,34
SIM,9,1,1,1,33,0,0,11,0,4,7,40,1100,300,45
SIM,9,1,1,1,34,1,0,11,0,4,7,40,500,800,41
SIM,9,1,1,1,35,0,0,11,0,4,4,40,1500,500,45
SIM,9,1,1,1,36,1,0,11,0,4,4,40,300,1000,37
SIM_END,9,1,1,1,36,1,0
SIM,10,1,1,2,1,0,0,6,0,1,40,40,1000,0,30
SIM,10,1,1,2,2,1,3,6,1,1,40,39,200,800,19
SIM,10,1,1,2,3,0,0,9,0,2,39,39,1200,300,45
SIM,10,1,1,2,4,1,0,9,0,2,39,39,300,1000,39
SIM,10,1,1,2,5,0,0,9,0,2,38,39,1300,1000,45
SIM,10,1,1,2,6,1,0,9,0,2,38,39,400,1700,39
SIM,10,1,1,2,7,0,0,9,0,2,37,39,1400,1700,45
SIM,10,1,1,2,8,1,3,7,1,2,37,39,300,2400,34
SIM,10,1,1,2,9,0,0,10,0,3,35,39,1300,100,45
SIM,10,1,1,2,10,1,0,10,0,3,35,39,400,700,39
SIM,10,1,1,2,11,0,0,10,0,3,33,39,1400,400,45
SIM,10,1,1,2,12,1,0,10,0,3,33,39,500,1000,39
SIM,10,1,1,2,13,0,0,10,0,3,31,39,1500,400,45
SIM,10,1,1,2,14,1,3,9,1,2,31,39,100,1100,32
SIM,10,1,1,2,15,0,0,12,0,3,29,39,1100,300,45
SIM,10,1,1,2,16,1,0,12,0,3,29,39,500,900,41
SIM,10,1,1,2,17,0,0,12,0,3,27,39,1500,300,45
SIM,10,1,1,2,18,1,0,12,0,3,27,39,300,900,37
SIM,10,1,1,2,19,0,0,12,0,3,26,39,1300,900,45
SIM,10,1,1,2,20,1,3,10,1,3,26,39,200,1500,36
SIM,10,1,1,2,21,0,0,13,0,4,23,39,1200,100,45
SIM,10,1,1,2,22,1,0,13,0,4,23,39,300,600,39
SIM,10,1,1,2,23,0,0,13,0,4,20,39,1300,300,45
SIM,10,1,1,2,24,1,0,13,0,4,20,39,400,800,39
SIM,10,1,1,2,25,0,0,13,0,4,17,39,1400,500,45
SIM,10,1,1,2,26,1,3,12,1,3,17,39,300,1100,36
SIM,10,1,1,2,27,0,0,15,0,4,14,39,1300,300,45
SIM,10,1,1,2,28,1,0,15,0,4,14,39,400,800,39
SIM,10,1,1,2,29,0,0,15,0,4,11,39,1400,500,45
SIM,10,1,1,2,30,1,0,15,0,4,11,39,500,1000,39
SIM,10,1,1,2,31,0,0,15,0,4,8,39,1500,400,45
SIM,10,1,1,2,32,1,3,13,1,4,8,39,100,900,34
SIM,10,1,1,2,33,0,0,13,0,4,5,39,1100,300,45
SIM,10,1,1,2,34,1,0,13,0,4,5,39,500,800,41
SIM,10,1,1,2,35,0,0,13,0,4,2,39,1500,500,45
SIM,10,1,1,2,36,1,0,13,0,4,2,39,300,1000,37
SIM_END,10,1,1,2,36,1,0
SIM,11,1,1,3,1,0,0,6,0,1,40,40,1000,0,30
SIM,11,1,1,3,2,1,3,6,1,1,40,39,200,800,19
SIM,11,1,1,3,3,0,0,9,0,2,39,39,1200,300,45
SIM,11,1,1,3,4,1,0,9,0,2,39,39,300,1000,39
SIM,11,1,1,3,5,0,0,9,0,2,38,39,1300,400,45
SIM,11,1,1,3,6,1,0,9,0,2,38,39,400,1100,39
SIM,11,1,1,3,7,0,0,9,0,2,37,39,1400,1100,45
SIM,11,1,1,3,8,1,3,7,1,2,37,39,300,1800,34
SIM,11,1,1,3,9,0,3,7,1,2,37,39,1200,1800,45
SIM,11,1,1,3,10,1,3,6,1,1,37,39,300,2600,37
SIM,11,1,1,3,11,0,0,9,0,2,36,39,1300,300,45
SIM,11,1,1,3,12,1,0,9,0,2,36,39,400,1000,39
SIM,11,1,1,3,13,0,0,9,0,2,35,39,1400,400,45
SIM,11,1,1,3,14,1,3,7,1,2,35,39,300,1100,34
SIM,11,1,1,3,15,0,0,7,0,2,34,39,1300,500,45
SIM,11,1,1,3,16,1,0,7,0,2,34,39,400,1200,39
SIM,11,1,1,3,17,0,0,10,0,3,32,39,1400,100,45
SIM,11,1,1,3,18,1,0,10,0,3,32,39,500,700,39
SIM,11,1,1,3,19,0,0,10,0,3,31,39,1500,700,45
SIM,11,1,1,3,20,1,3,9,1,2,31,39,100,1400,32
SIM,11,1,1,3,21,0,3,9,1,2,31,39,1000,1400,45
SIM,11,1,1,3,22,1,3,7,1,2,31,39,400,2100,39
SIM,11,1,1,3,23,0,0,10,0,3,29,39,1400,100,45
SIM,11,1,1,3,24,1,0,10,0,3,29,39,500,700,39
SIM,11,1,1,3,25,0,0,10,0,3,27,39,1500,400,45
SIM,11,1,1,3,26,1,3,8,1,3,27,39,100,1000,34
SIM,11,1,1,3,27,0,3,8,1,3,27,39,1000,1000,45
SIM,11,1,1,3,28,1,3,7,1,2,27,39,400,1700,39
SIM,11,1,1,3,29,0,0,10,0,3,26,39,1400,300,45
SIM,11,1,1,3,30,1,0,10,0,3,26,39,500,900,39
SIM,11,1,1,3,31,0,0,10,0,3,23,39,1500,300,45
SIM,11,1,1,3,32,1,3,8,1,3,23,39,100,900,34
SIM,11,1,1,3,33,0,0,8,0,3,21,39,1100,300,45
SIM,11,1,1,3,34,1,0,8,0,3,21,39,500,900,41
SIM,11,1,1,3,35,0,0,11,0,4,18,39,1500,100,45
SIM,11,1,1,3,36,1,0,11,0,4,18,39,300,600,37
SIM,11,1,1,3,37,0,0,11,0,4,14,39,1300,300,45
SIM,11,1,1,3,38,1,3,9,1,3,14,39,500,1000,38
SIM,11,1,1,3,39,0,3,9,1,3,13,39,1400,1000,45
SIM,11,1,1,3,40,1,3,7,1,3,13,39,500,1700,35
SIM,11,1,1,3,41,0,1,10,1,4,10,39,1400,300,45
SIM,11,1,1,3,42,1,1,9,1,3,10,39,500,1000,37
SIM,11,1,1,3,43,0,0,9,0,3,8,39,1500,400,45
SIM,11,1,1,3,44,1,3,7,1,3,8,39,100,1100,32
SIM,11,1,1,3,45,0,1,7,1,3,6,39,1000,500,45
SIM,11,1,1,3,46,1,1,6,1,2,6,39,400,1300,39
SIM,11,1,1,3,47,0,0,9,0,3,4,39,1400,200,45
SIM,11,1,1,3,48,1,0,9,0,3,4,39,500,900,39
SIM,11,1,1,3,49,0,0,9,0,3,1,39,1500,300,45
SIM,11,1,1,3,50,1,3,7,1,3,1,39,100,1000,34
SIM_END,11,1,1,3,50,1,0
SIM,12,1,1,4,1,0,0,6,0,1,40,40,1000,0,30
SIM,12,1,1,4,2,1,3,6,1,1,40,39,200,800,19
SIM,12,1,1,4,3,0,0,9,0,2,39,39,1200,300,45
SIM,12,1,1,4,4,1,0,9,0,2,39,39,300,1000,39
SIM,12,1,1,4,5,0,0,9,0,2,38,39,1300,400,45
SIM,12,1,1,4,6,1,0,9,0,2,38,39,400,1100,39
SIM,12,1,1,4,7,0,0,9,0,2,37,39,1400,500,45
SIM,12,1,1,4,8,1,3,7,1,2,37,39,300,1200,34
SIM,12,1,1,4,9,0,3,7,1,2,37,39,1200,1200,45
SIM,12,1,1,4,10,1,3,6,1,1,37,39,300,2000,37
SIM,12,1,1,4,11,0,0,9,0,2,36,39,1300,300,45
SIM,12,1,1,4,12,1,0,9,0,2,36,39,400,1000,39
SIM,12,1,1,4,13,0,0,9,0,2,35,39,1400,400,45
SIM,12,1,1,4,14,1,3,7,1,2,35,39,300,1100,34
SIM,12,1,1,4,15,0,0,7,0,2,34,39,1300,500,45
SIM,12,1,1,4,16,1,0,7,0,2,34,39,400,1200,39
SIM,12,1,1,4,17,0,0,10,0,3,32,39,1400,100,45
SIM,12,1,1,4,18,1,0,10,0,3,32,39,500,700,39
SIM,12,1,1,4,19,0,0,10,0,3,30,39,1500,400,45
SIM,12,1,1,4,20,1,3,9,1,2,30,39,100,1100,32
SIM,12,1,1,4,21,0,3,9,1,2,30,39,1000,1100,45
SIM,12,1,1,4,22,1,3,7,1,2,30,39,400,1800,39
SIM,12,1,1,4,23,0,0,10,0,3,28,39,1400,100,45
SIM,12,1,1,4,24,1,0,10,0,3,28,39,500,700,39
SIM,12,1,1,4,25,0,0,10,0,3,26,39,1500,400,45
SIM,12,1,1,4,26,1,3,8,1,3,26,39,100,1000,34
SIM,12,1,1,4,27,0,0,8,0,3,24,39,1100,400,45
SIM,12,1,1,4,28,1,0,8,0,3,24,39,500,1000,41
SIM,12,1,1,4,29,0,0,8,0,3,23,39,1500,1000,45
SIM,12,1,1,4,30,1,0,8,0,3,23,39,300,1600,37
SIM,12,1,1,4,31,0,0,11,0,4,20,39,1300,200,45
SIM,12,1,1,4,32,1,3,10,1,3,20,39,200,800,36
SIM,12,1,1,4,33,0,0,10,0,3,18,39,1200,500,45
SIM,12,1,1,4,34,1,0,10,0,3,18,39,300,1100,39
SIM,12,1,1,4,35,0,0,10,0,3,17,39,1300,1100,45
SIM,12,1,1,4,36,1,0,10,0,3,17,39,400,1700,39
SIM,12,1,1,4,37,0,0,13,0,4,14,39,1400,300,45
SIM,12,1,1,4,38,1,3,11,1,4,14,39,300,800,36
SIM,12,1,1,4,39,0,3,11,1,4,14,39,1200,800,45
SIM,12,1,1,4,40,1,3,10,1,3,14,39,300,1400,37
SIM,12,1,1,4,41,0,0,10,0,3,12,39,1300,500,45
SIM,12,1,1,4,42,1,0,10,0,3,12,39,400,1100,39
SIM,12,1,1,4,43,0,0,13,0,4,9,39,1400,300,45
SIM,12,1,1,4,44,1,3,11,1,4,9,39,300,800,36
SIM,12,1,1,4,45,0,3,11,1,4,9,39,1200,800,45
SIM,12,1,1,4,46,1,3,10,1,3,9,39,300,1400,37
SIM,12,1,1,4,47,0,0,10,0,3,9,39,1300,1400,45
SIM,12,1,1,4,48,1,0,10,0,3,9,39,400,2000,39
SIM,12,1,1,4,49,0,0,13,0,4,6,39,1400,300,45
SIM,12,1,1,4,50,1,3,11,1,4,6,39,300,800,36
SIM,12,1,1,4,51,0,3,11,1,4,6,39,1200,800,45
SIM,12,1,1,4,52,1,3,10,1,3,6,39,300,1400,37
SIM,12,1,1,4,53,0,0,10,0,3,4,39,1300,500,45
SIM,12,1,1,4,54,1,0,10,0,3,4,39,400,1100,39
SIM_END,12,1,1,4,54,1,0
SIM,13,1,1,5,1,0,0,6,0,1,40,40,1000,0,30
SIM,13,1,1,5,2,1,3,6,1,1,40,39,200,800,19
SIM,13,1,1,5,3,0,3,6,1,1,40,39,1100,800,45
SIM,13,1,1,5,4,1,3,6,1,1,40,38,500,1600,39
SIM,13,1,1,5,5,0,0,9,0,2,39,38,1500,200,45
SIM,13,1,1,5,6,1,0,9,0,2,39,38,300,900,37
SIM,13,1,1,5,7,0,0,9,0,2,38,38,1300,300,45
SIM,13,1,1,5,8,1,3,7,1,2,38,38,200,1000,34
SIM,13,1,1,5,9,0,0,7,0,2,37,38,1200,400,45
SIM,13,1,1,5,10,1,0,7,0,2,37,38,300,1100,39
SIM,13,1,1,5,11,0,0,10,0,3,36,38,1300,300,45
SIM,13,1,1,5,12,1,0,10,0,3,36,38,400,900,39
SIM,13,1,1,5,13,0,0,10,0,3,35,38,1400,300,45
SIM,13,1,1,5,14,1,3,9,1,2,35,38,300,1000,34
SIM,13,1,1,5,15,0,0,9,0,2,34,38,1300,400,45
SIM,13,1,1,5,16,1,0,9,0,2,34,38,400,1100,39
SIM,13,1,1,5,17,0,0,9,0,2,33,38,1400,1100,45
SIM,13,1,1,5,18,1,0,9,0,2,33,38,500,1800,39
SIM,13,1,1,5,19,0,0,9,0,2,32,38,1500,1800,45
SIM,13,1,1,5,20,1,3,7,1,2,32,38,100,2500,32
SIM,13,1,1,5,21,0,0,10,0,3,31,38,1100,200,45
SIM,13,1,1,5,22,1,0,10,0,3,31,38,500,800,41
SIM,13,1,1,5,23,0,0,10,0,3,28,38,1500,500,45
SIM,13,1,1,5,24,1,0,10,0,3,28,38,300,1100,37
SIM,13,1,1,5,25,0,0,10,0,3,25,38,1300,500,45
SIM,13,1,1,5,26,1,3,8,1,3,25,38,200,1100,36
SIM,13,1,1,5,27,0,0,11,0,4,23,38,1200,300,45
SIM,13,1,1,5,28,1,0,11,0,4,23,38,300,800,39
SIM,13,1,1,5,29,0,0,11,0,4,19,38,1300,500,45
SIM,13,1,1,5,30,1,0,11,0,4,19,38,1300,1000,45
SIM,13,1,1,5,31,0,0,11,0,4,15,38,2300,400,45
SIM,13,1,1,5,32,1,3,9,1,3,15,38,300,1100,30
SIM,13,1,1,5,33,0,3,9,1,3,14,38,1200,1100,45
SIM,13,1,1,5,34,1,3,7,1,3,14,38,300,1800,35
SIM,13,1,1,5,35,0,1,10,1,4,11,38,1200,100,45
SIM,13,1,1,5,36,1,1,9,1,3,11,38,300,800,37
SIM,13,1,1,5,37,0,0,9,0,3,9,38,1300,500,45
SIM,13,1,1,5,38,1,3,7,1,3,9,38,200,1200,34
SIM,13,1,1,5,39,0,1,7,1,3,7,38,1100,300,45
SIM,13,1,1,5,40,1,1,6,1,2,7,38,500,1100,39
SIM,13,1,1,5,41,0,1,6,1,2,7,38,1400,1100,45
SIM,13,1,1,5,42,1,1,4,1,2,7,38,500,1900,37
SIM,13,1,1,5,43,0,0,7,0,3,5,38,1500,200,45
SIM,13,1,1,5,44,1,3,6,1,2,5,38,100,1000,34
SIM,13,1,1,5,45,0,3,6,1,2,3,38,1000,400,45
SIM,13,1,1,5,46,1,3,4,1,2,3,38,400,1200,37
SIM,13,1,1,5,47,0,3,4,1,2,1,38,1300,300,45
SIM,13,1,1,5,48,1,3,3,1,1,1,38,400,1200,37
SIM_END,13,1,1,5,48,1,0
SIM,14,1,1,6,1,0,0,6,0,1,40,40,1000,0,30
SIM,14,1,1,6,2,1,3,6,1,1,40,39,200,800,19
SIM,14,1,1,6,3,0,0,9,0,2,39,39,1200,300,45
SIM,14,1,1,6,4,1,0,9,0,2,39,39,300,1000,39
SIM,14,1,1,6,5,0,0,9,0,2,38,39,1300,400,45
SIM,14,1,1,6,6,1,0,9,0,2,38,39,400,1100,39
SIM,14,1,1,6,7,0,0,9,0,2,37,39,1400,1100,45
SIM,14,1,1,6,8,1,3,7,1,2,37,39,300,1800,34
SIM,14,1,1,6,9,0,0,10,0,3,35,39,1300,100,45
SIM,14,1,1,6,10,1,0,10,0,3,35,39,400,700,39
SIM,14,1,1,6,11,0,0,10,0,3,33,39,1400,400,45
SIM,14,1,1,6,12,1,0,10,0,3,33,39,500,1000,39
SIM,14,1,1,6,13,0,0,10,0,3,31,39,1500,400,45
SIM,14,1,1,6,14,1,3,9,1,2,31,39,100,1100,32
SIM,14,1,1,6,15,0,0,12,0,3,29,39,1100,300,45
SIM,14,1,1,6,16,1,0,12,0,3,29,39,500,900,41
SIM,14,1,1,6,17,0,0,12,0,3,27,39,1500,300,45
SIM,14,1,1,6,18,1,0,12,0,3,27,39,300,900,37
SIM,14,1,1,6,19,0,0,12,0,3,25,39,1300,300,45
SIM,14,1,1,6,20,1,3,10,1,3,25,39,200,900,36
SIM,14,1,1,6,21,0,0,13,0,4,22,39,1200,100,45
SIM,14,1,1,6,22,1,0,13,0,4,22,39,300,600,39
SIM,14,1,1,6,23,0,0,13,0,4,19,39,1300,300,45
SIM,14,1,1,6,24,1,0,13,0,4,19,39,400,800,39
SIM,14,1,1,6,25,0,0,13,0,4,16,39,1400,500,45
SIM,14,1,1,6,26,1,3,12,1,3,16,39,300,1100,36
SIM,14,1,1,6,27,0,0,15,0,4,13,39,1300,300,45
SIM,14,1,1,6,28,1,0,15,0,4,13,39,400,800,39
SIM,14,1,1,6,29,0,0,15,0,4,10,39,1400,500,45
SIM,14,1,1,6,30,1,0,15,0,4,10,39,500,1000,39
SIM,14,1,1,6,31,0,0,15,0,4,7,39,1500,400,45
SIM,14,1,1,6,32,1,3,13,1,4,7,39,100,900,34
SIM,14,1,1,6,33,0,0,13,0,4,4,39,1100,300,45
SIM,14,1,1,6,34,1,0,13,0,4,4,39,500,800,41
SIM_END,14,1,1,6,34,1,0
SIM_DONE
### degrade=20
SIM_CONFIG,degrade_favoured_pct=20,only_handicap=1,variants=7
SIM,1,0,1,0,1,0,6,0,1,0,40,40,1000,0,30
SIM,1,0,1,0,2,1,9,0,2,0,40,39,200,1000,19
SIM,1,0,1,0,3,0,7,3,2,1,40,39,900,200,45
SIM,1,0,1,0,4,1,7,0,2,0,40,38,300,1200,31
SIM,1,0,1,0,5,0,7,0,2,0,40,38,1000,300,45
SIM,1,0,1,0,6,1,7,0,2,0,40,36,400,1300,31
SIM,1,0,1,0,7,0,7,0,2,0,40,36,1100,400,45
SIM,1,0,1,0,8,1,10,0,3,0,40,34,300,1400,33
SIM,1,0,1,0,9,0,9,3,2,1,40,34,1000,300,45
SIM,1,0,1,0,10,1,9,0,2,0,40,33,400,1300,36
SIM,1,0,1,0,11,0,9,0,2,0,40,33,1100,400,45
SIM,1,0,1,0,12,1,9,0,2,0,40,32,1100,1400,43
SIM,1,0,1,0,13,0,9,0,2,0,40,32,1800,500,45
SIM,1,0,1,0,14,1,12,0,3,0,40,29,100,1500,20
SIM,1,0,1,0,15,0,10,3,3,1,40,29,700,100,45
SIM,1,0,1,0,16,1,10,0,3,0,40,27,400,1100,37
SIM,1,0,1,0,17,0,10,0,3,0,40,27,1000,500,45
SIM,1,0,1,0,18,1,10,0,3,0,40,24,400,1500,35
SIM,1,0,1,0,19,0,10,0,3,0,40,24,1000,300,45
SIM,1,0,1,0,20,1,13,0,4,0,40,21,200,1300,31
SIM,1,0,1,0,21,0,11,3,4,1,40,21,700,200,45
SIM,1,0,1,0,22,1,11,0,4,0,40,18,400,1200,29
SIM,1,0,1,0,23,0,11,0,4,0,40,18,900,1200,45
SIM,1,0,1,0,24,1,11,0,4,0,40,17,900,2200,43
SIM,1,0,1,0,25,0,11,0,4,0,40,17,1400,2200,45
SIM,1,0,1,0,26,1,11,0,4,0,40,16,1400,3200,43
SIM,1,0,1,0,27,0,9,3,3,1,40,16,2100,300,45
SIM,1,0,1,0,28,1,12,3,4,1,40,12,100,1200,16
SIM,1,0,1,0,29,0,10,3,4,1,40,12,700,300,45
SIM,1,0,1,0,30,1,10,3,4,1,40,11,700,1200,43
SIM,1,0,1,0,31,0,9,3,3,1,40,11,1400,300,45
SIM,1,0,1,0,32,1,9,3,3,1,40,10,1400,1200,43
SIM,1,0,1,0,33,0,6,6,2,2,40,10,2200,100,45
SIM,1,0,1,0,34,1,6,6,2,2,40,9,2200,900,43
SIM,1,0,1,0,35,0,3,6,1,2,40,9,3100,300,45
SIM,1,0,1,0,36,1,3,6,1,2,40,8,3100,1100,43
SIM,1,0,1,0,37,0,0,6,0,2,40,8,4100,500,45
SIM,1,0,1,0,38,1,3,4,1,2,40,8,300,1300,14
SIM,1,0,1,0,39,0,0,7,0,3,39,8,1300,200,44
SIM,1,0,1,0,40,1,0,7,0,3,39,8,400,900,38
SIM,1,0,1,0,41,0,0,7,0,3,38,8,1400,300,45
SIM,1,0,1,0,42,1,14,7,0,3,38,8,800,1000,43
SIM,1,0,1,0,43,0,14,7,0,3,36,8,1800,400,45
SIM,1,0,1,0,44,1,3,6,1,2,36,8,100,1200,28
SIM,1,0,1,0,45,0,1,9,1,3,34,8,1000,100,45
SIM,1,0,1,0,46,1,1,7,1,3,34,8,400,800,39
SIM,1,0,1,0,47,0,0,7,0,3,32,8,1400,500,45
SIM,1,0,1,0,48,1,0,7,0,3,32,8,500,1200,39
SIM,1,0,1,0,49,0,0,7,0,3,30,8,1500,300,45
SIM,1,0,1,0,50,1,3,6,1,2,30,8,100,1100,31
SIM,1,0,1,0,51,0,1,9,1,3,28,8,1000,300,45
SIM,1,0,1,0,52,1,1,7,1,3,28,8,400,1000,39
SIM,1,0,1,0,53,0,0,7,0,3,26,8,1400,400,45
SIM,1,0,1,0,54,1,14,7,0,3,26,8,800,1100,43
SIM,1,0,1,0,55,0,12,7,0,3,24,8,1800,500,45
SIM,1,0,1,0,56,1,3,6,1,2,24,8,100,1300,29
SIM,1,0,1,0,57,0,1,9,1,3,22,8,1000,200,45
SIM,1,0,1,0,58,1,15,9,1,3,22,8,400,900,43
SIM,1,0,1,0,59,0,14,9,0,3,20,8,1400,300,45
SIM,1,0,1,0,60,1,0,9,0,3,20,8,500,1000,37
SIM_END,1,0,1,0,60,0,0
SIM,2,0,1,1,1,0,6,0,1,0,40,40,1000,0,30
SIM,2,0,1,1,2,1,20,0,1,0,40,40,400,1000,28
SIM,2,0,1,1,3,0,18,3,1,1,40,40,1200,200,45
SIM,2,0,1,1,4,1,7,0,2,0,40,39,100,1200,28
SIM,2,0,1,1,5,0,7,0,2,0,40,39,800,300,45
SIM,2,0,1,1,6,1,7,0,2,0,40,38,500,1300,31
SIM,2,0,1,1,7,0,7,0,2,0,40,38,1200,400,45
SIM,2,0,1,1,8,1,7,0,2,0,40,37,1200,1400,43
SIM,2,0,1,1,9,0,5,3,2,1,40,37,1900,300,45
SIM,2,0,1,1,10,1,8,0,3,0,40,36,200,1300,25
SIM,2,0,1,1,11,0,8,0,3,0,40,36,800,400,45
SIM,2,0,1,1,12,1,8,0,3,0,40,33,500,1400,30
SIM,2,0,1,1,13,0,8,0,3,0,40,33,1100,500,45
SIM,2,0,1,1,14,1,8,0,3,0,40,30,500,1500,35
SIM,2,0,1,1,15,0,7,3,2,1,40,30,1200,100,45
SIM,2,0,1,1,16,1,10,0,3,0,40,28,100,1100,28
SIM,2,0,1,1,17,0,10,0,3,0,40,28,700,500,45
SIM,2,0,1,1,18,1,10,0,3,0,40,25,400,1500,37
SIM,2,0,1,1,19,0,10,0,3,0,40,25,1000,300,45
SIM,2,0,1,1,20,1,10,0,3,0,40,22,400,1300,35
SIM,2,0,1,1,21,0,8,3,3,1,40,22,1000,200,45
SIM,2,0,1,1,22,1,11,0,4,0,40,20,200,1200,31
SIM,2,0,1,1,23,0,11,0,4,0,40,20,700,300,45
SIM,2,0,1,1,24,1,11,0,4,0,40,16,400,1300,29
SIM,2,0,1,1,25,0,11,0,4,0,40,16,900,1300,45
SIM,2,0,1,1,26,1,11,0,4,0,40,12,300,2300,33
SIM,2,0,1,1,27,0,9,3,3,1,40,12,1000,300,45
SIM,2,0,1,1,28,1,12,3,4,1,40,8,200,1200,24
SIM,2,0,1,1,29,0,10,3,4,1,40,8,800,300,45
SIM,2,0,1,1,30,1,10,3,4,1,40,4,500,1200,35
SIM,2,0,1,1,31,0,9,3,3,1,40,4,1200,300,45
SIM,2,0,1,1,32,1,9,3,3,1,40,3,1200,1200,43
SIM,2,0,1,1,33,0,6,6,2,2,40,3,2000,100,45
SIM_END,2,0,1,1,33,0,0
SIM,3,0,1,2,1,0,6,0,1,0,40,40,1000,0,30
SIM,3,0,1,2,2,1,20,0,1,0,40,40,400,1000,28
SIM,3,0,1,2,3,0,18,3,1,1,40,40,1200,200,45
SIM,3,0,1,2,4,1,7,0,2,0,40,39,100,1200,28
SIM,3,0,1,2,5,0,7,0,2,0,40,39,800,300,45
SIM,3,0,1,2,6,1,7,0,2,0,40,38,500,1300,41
SIM,3,0,1,2,7,0,7,0,2,0,40,38,1200,400,45
SIM,3,0,1,2,8,1,7,0,2,0,40,37,300,1400,37
SIM,3,0,1,2,9,0,5,3,2,1,40,37,1000,300,45
SIM,3,0,1,2,10,1,5,3,2,1,40,37,1000,1200,31
SIM,3,0,1,2,11,0,4,3,1,1,40,37,1800,300,45
SIM,3,0,1,2,12,1,4,0,1,0,40,37,1800,1300,43
SIM,3,0,1,2,13,0,4,0,1,0,40,37,2600,400,45
SIM,3,0,1,2,14,1,7,0,2,0,40,35,300,1400,16
SIM,3,0,1,2,15,0,5,3,2,1,40,35,1000,300,45
SIM,3,0,1,2,16,1,5,0,2,0,40,34,400,1300,37
SIM,3,0,1,2,17,0,5,0,2,0,40,34,1100,400,45
SIM,3,0,1,2,18,1,5,0,2,0,40,32,500,1400,37
SIM,3,0,1,2,19,0,5,0,2,0,40,32,1200,500,45
SIM,3,0,1,2,20,1,8,0,3,0,40,29,100,1500,24
SIM,3,0,1,2,21,0,6,3,2,1,40,29,900,100,45
SIM,3,0,1,2,22,1,6,3,2,1,40,27,300,1000,37
SIM,3,0,1,2,23,0,4,3,2,1,40,27,1100,400,45
SIM,3,0,1,2,24,1,4,3,2,1,40,25,500,1300,37
SIM,3,0,1,2,25,0,3,3,1,1,40,25,1400,400,45
SIM,3,0,1,2,26,1,6,1,2,1,40,24,300,1300,30
SIM,3,0,1,2,27,0,3,4,1,2,40,24,1200,200,45
SIM,3,0,1,2,28,1,3,3,1,1,40,24,300,1100,35
SIM,3,0,1,2,29,0,1,3,1,1,40,24,1200,500,45
SIM,3,0,1,2,30,1,1,3,1,1,40,23,300,1400,37
SIM,3,0,1,2,31,0,0,3,0,1,40,23,1300,500,45
SIM,3,0,1,2,32,1,3,1,1,1,40,23,200,1400,32
SIM,3,0,1,2,33,0,0,4,0,2,40,23,1200,300,45
SIM,3,0,1,2,34,1,0,4,0,2,40,23,300,1100,39
SIM,3,0,1,2,35,0,0,4,0,2,40,23,1300,500,45
SIM,3,0,1,2,36,1,0,4,0,2,40,23,400,1300,39
SIM,3,0,1,2,37,0,0,4,0,2,40,23,1400,400,45
SIM,3,0,1,2,38,1,14,4,0,2,40,23,800,1200,43
SIM,3,0,1,2,39,0,12,7,0,3,38,23,1800,100,45
SIM,3,0,1,2,40,1,3,6,1,2,38,23,100,900,26
SIM,3,0,1,2,41,0,3,6,1,2,36,23,1000,300,45
SIM,3,0,1,2,42,1,3,4,1,2,36,23,400,1100,39
SIM,3,0,1,2,43,0,3,4,1,2,34,23,1300,500,45
SIM,3,0,1,2,44,1,3,3,1,1,34,23,400,1400,37
SIM,3,0,1,2,45,0,1,6,1,2,33,23,1300,300,45
SIM,3,0,1,2,46,1,4,3,2,1,33,23,200,1200,30
SIM,3,0,1,2,47,0,3,3,1,1,33,23,1100,300,45
SIM,3,0,1,2,48,1,3,1,1,1,33,23,500,1200,37
SIM,3,0,1,2,49,0,3,1,1,1,32,23,1400,300,45
SIM,3,0,1,2,50,1,3,0,1,0,32,23,500,1300,37
SIM,3,0,1,2,51,0,1,3,1,1,32,23,1400,200,45
SIM,3,0,1,2,52,1,4,0,2,0,32,23,300,1200,30
SIM,3,0,1,2,53,0,4,0,2,0,32,23,1100,300,45
SIM,3,0,1,2,54,1,4,0,2,0,32,21,500,1300,29
SIM,3,0,1,2,55,0,4,0,2,0,32,21,1300,400,45
SIM,3,0,1,2,56,1,4,0,2,0,32,19,400,1400,35
SIM,3,0,1,2,57,0,3,3,1,1,32,19,1300,300,45
SIM,3,0,1,2,58,1,3,3,1,1,32,18,1300,1200,43
SIM,3,0,1,2,59,0,1,3,1,1,32,18,2200,300,45
SIM,3,0,1,2,60,1,1,3,1,1,32,17,2200,1200,43
SIM_END,3,0,1,2,60,0,0
SIM,4,0,1,3,1,0,6,0,1,0,40,40,1000,0,30
SIM,4,0,1,3,2,1,9,0,2,0,40,39,200,1000,19
SIM,4,0,1,3,3,0,7,3,2,1,40,39,900,200,45
SIM,4,0,1,3,4,1,7,0,2,0,40,38,300,1200,27
SIM,4,0,1,3,5,0,7,0,2,0,40,38,1000,300,45
SIM,4,0,1,3,6,1,7,0,2,0,40,36,400,1300,31
SIM,4,0,1,3,7,0,7,0,2,0,40,36,1100,400,45
SIM,4,0,1,3,8,1,10,0,3,0,40,34,300,1400,33
SIM,4,0,1,3,9,0,9,3,2,1,40,34,1000,300,45
SIM,4,0,1,3,10,1,9,0,2,0,40,33,400,1300,36
SIM,4,0,1,3,11,0,9,0,2,0,40,33,1100,400,45
SIM,4,0,1,3,12,1,9,0,2,0,40,31,500,1400,37
SIM,4,0,1,3,13,0,9,0,2,0,40,31,1200,500,45
SIM,4,0,1,3,14,1,9,0,2,0,40,30,1200,1500,43
SIM,4,0,1,3,15,0,7,3,2,1,40,30,1900,100,45
SIM,4,0,1,3,16,1,10,0,3,0,40,29,200,1100,27
SIM,4,0,1,3,17,0,10,0,3,0,40,29,800,500,45
SIM,4,0,1,3,18,1,10,0,3,0,40,26,500,1500,34
SIM,4,0,1,3,19,0,10,0,3,0,40,26,1100,300,45
SIM,4,0,1,3,20,1,10,0,3,0,40,25,1100,1300,43
SIM,4,0,1,3,21,0,8,3,3,1,40,25,1700,200,45
SIM,4,0,1,3,22,1,11,0,4,0,40,23,300,1200,27
SIM,4,0,1,3,23,0,11,0,4,0,40,23,800,300,45
SIM,4,0,1,3,24,1,11,0,4,0,40,22,800,1300,43
SIM,4,0,1,3,25,0,11,0,4,0,40,22,1300,400,45
SIM,4,0,1,3,26,1,11,0,4,0,40,21,1300,1400,43
SIM,4,0,1,3,27,0,9,3,3,1,40,21,2000,300,45
SIM,4,0,1,3,28,1,12,1,4,1,40,18,300,1200,15
SIM,4,0,1,3,29,0,10,1,4,1,40,18,900,300,45
SIM,4,0,1,3,30,1,10,0,4,0,40,18,900,1300,43
SIM,4,0,1,3,31,0,10,0,4,0,40,18,1500,400,45
SIM,4,0,1,3,32,1,10,0,4,0,40,14,300,1400,25
SIM,4,0,1,3,33,0,9,3,3,1,40,14,1000,300,45
SIM,4,0,1,3,34,1,12,3,4,1,40,10,200,1200,24
SIM,4,0,1,3,35,0,10,3,4,1,40,10,800,300,45
SIM,4,0,1,3,36,1,10,3,4,1,40,6,500,1200,35
SIM,4,0,1,3,37,0,9,3,3,1,40,6,1200,300,45
SIM,4,0,1,3,38,1,9,3,3,1,40,3,300,1200,33
SIM,4,0,1,3,39,0,6,6,2,2,40,3,1100,100,45
SIM_END,4,0,1,3,39,0,0
SIM,5,0,1,4,1,0,6,0,1,0,40,40,1000,0,30
SIM,5,0,1,4,2,1,9,0,2,0,40,39,200,1000,19
SIM,5,0,1,4,3,0,7,3,2,1,40,39,900,200,45
SIM,5,0,1,4,4,1,7,0,2,0,40,38,300,1200,19
SIM,5,0,1,4,5,0,7,0,2,0,40,38,1000,300,45
SIM,5,0,1,4,6,1,7,0,2,0,40,36,400,1300,31
SIM,5,0,1,4,7,0,7,0,2,0,40,36,1100,400,45
SIM,5,0,1,4,8,1,10,0,3,0,40,34,300,1400,33
SIM,5,0,1,4,9,0,9,3,2,1,40,34,1000,300,45
SIM,5,0,1,4,10,1,9,0,2,0,40,33,400,1300,36
SIM,5,0,1,4,11,0,9,0,2,0,40,33,1100,400,45
SIM,5,0,1,4,12,1,9,0,2,0,40,32,1100,1400,43
SIM,5,0,1,4,13,0,9,0,2,0,40,32,1800,500,45
SIM,5,0,1,4,14,1,12,0,3,0,40,29,100,1500,20
SIM,5,0,1,4,15,0,10,3,3,1,40,29,700,100,45
SIM,5,0,1,4,16,1,10,0,3,0,40,27,400,1100,37
SIM,5,0,1,4,17,0,10,0,3,0,40,27,1000,500,45
SIM,5,0,1,4,18,1,10,0,3,0,40,24,400,1500,35
SIM,5,0,1,4,19,0,10,0,3,0,40,24,1000,300,45
SIM,5,0,1,4,20,1,13,0,4,0,40,21,200,1300,31
SIM,5,0,1,4,21,0,11,3,4,1,40,21,700,200,45
SIM,5,0,1,4,22,1,11,0,4,0,40,18,400,1200,29
SIM,5,0,1,4,23,0,11,0,4,0,40,18,900,1200,45
SIM,5,0,1,4,24,1,11,0,4,0,40,17,900,2200,43
SIM,5,0,1,4,25,0,11,0,4,0,40,17,1400,2200,45
SIM,5,0,1,4,26,1,11,0,4,0,40,16,1400,3200,43
SIM,5,0,1,4,27,0,9,3,3,1,40,16,2100,300,45
SIM,5,0,1,4,28,1,12,3,4,1,40,12,100,1200,16
SIM,5,0,1,4,29,0,10,3,4,1,40,12,700,300,45
SIM,5,0,1,4,30,1,10,3,4,1,40,8,400,1200,35
SIM,5,0,1,4,31,0,9,3,3,1,40,8,1100,300,45
SIM,5,0,1,4,32,1,9,3,3,1,40,7,1100,1200,43
SIM,5,0,1,4,33,0,6,6,2,2,40,7,1900,100,45
SIM,5,0,1,4,34,1,9,6,3,2,40,5,200,900,27
SIM,5,0,1,4,35,0,6,6,2,2,40,5,1000,300,45
SIM,5,0,1,4,36,1,6,6,2,2,40,4,1000,1100,43
SIM,5,0,1,4,37,0,3,6,1,2,40,4,1900,500,45
SIM,5,0,1,4,38,1,3,6,1,2,40,3,400,1300,32
SIM,5,0,1,4,39,0,0,9,0,3,39,3,1400,200,45
SIM,5,0,1,4,40,1,14,9,0,3,39,3,800,900,43
SIM,5,0,1,4,41,0,14,9,0,3,38,3,1800,300,45
SIM,5,0,1,4,42,1,0,9,0,3,38,3,2100,1000,45
SIM,5,0,1,4,43,0,0,9,0,3,36,3,3100,400,45
SIM,5,0,1,4,44,1,3,7,1,3,36,3,200,1100,24
SIM,5,0,1,4,45,0,1,10,1,4,33,3,1100,300,45
SIM,5,0,1,4,46,1,1,9,1,3,33,3,500,1000,39
SIM,5,0,1,4,47,0,0,9,0,3,31,3,1500,400,45
SIM,5,0,1,4,48,1,0,9,0,3,31,3,300,1100,37
SIM,5,0,1,4,49,0,0,9,0,3,28,3,1300,500,45
SIM,5,0,1,4,50,1,3,7,1,3,28,3,200,1200,36
SIM,5,0,1,4,51,0,1,10,1,4,25,3,1100,100,45
SIM,5,0,1,4,52,1,1,9,1,3,25,3,500,800,39
SIM,5,0,1,4,53,0,0,9,0,3,23,3,1500,500,45
SIM,5,0,1,4,54,1,14,9,0,3,23,3,900,1200,43
SIM,5,0,1,4,55,0,12,9,0,3,21,3,1900,300,45
SIM,5,0,1,4,56,1,3,7,1,3,21,3,200,1000,29
SIM,5,0,1,4,57,0,0,10,0,4,19,3,1200,200,45
SIM,5,0,1,4,58,1,0,10,0,4,19,3,300,800,39
SIM,5,0,1,4,59,0,0,10,0,4,16,3,1300,500,45
SIM,5,0,1,4,60,1,14,10,0,4,16,3,700,1100,43
SIM_END,5,0,1,4,60,0,0
SIM,6,0,1,5,1,0,6,0,1,0,40,40,1000,0,30
SIM,6,0,1,5,2,1,20,0,1,0,40,40,400,1000,28
SIM,6,0,1,5,3,0,20,3,1,1,39,40,1200,200,45
SIM,6,0,1,5,4,1,9,0,2,0,39,39,100,1200,26
SIM,6,0,1,5,5,0,9,0,2,0,39,39,800,300,45
SIM,6,0,1,5,6,1,9,0,2,0,39,38,500,1300,41
SIM,6,0,1,5,7,0,9,0,2,0,39,38,1200,400,45
SIM,6,0,1,5,8,1,9,0,2,0,39,37,300,1400,37
SIM,6,0,1,5,9,0,7,3,2,1,39,37,1000,300,45
SIM,6,0,1,5,10,1,7,3,2,1,39,37,1000,1200,35
SIM,6,0,1,5,11,0,6,3,1,1,39,37,1800,300,45
SIM,6,0,1,5,12,1,9,0,2,0,39,36,100,1300,26
SIM,6,0,1,5,13,0,9,0,2,0,39,36,800,400,45
SIM,6,0,1,5,14,1,9,0,2,0,39,34,500,1400,33
SIM,6,0,1,5,15,0,7,3,2,1,39,34,1200,300,45
SIM,6,0,1,5,16,1,7,0,2,0,39,33,300,1300,35
SIM,6,0,1,5,17,0,7,0,2,0,39,33,1000,400,45
SIM,6,0,1,5,18,1,10,0,3,0,39,31,200,1400,33
SIM,6,0,1,5,19,0,10,0,3,0,39,31,800,500,45
SIM,6,0,1,5,20,1,10,0,3,0,39,30,800,1500,43
SIM,6,0,1,5,21,0,8,3,3,1,39,30,1400,100,45
SIM,6,0,1,5,22,1,8,0,3,0,39,30,1400,1100,43
SIM,6,0,1,5,23,0,8,0,3,0,39,30,2000,500,45
SIM,6,0,1,5,24,1,8,0,3,0,39,29,2000,1500,43
SIM,6,0,1,5,25,0,8,0,3,0,39,29,2600,300,45
SIM,6,0,1,5,26,1,11,0,4,0,39,26,300,1300,18
SIM,6,0,1,5,27,0,9,3,3,1,39,26,1000,200,45
SIM,6,0,1,5,28,1,9,3,3,1,39,25,1000,1100,43
SIM,6,0,1,5,29,0,7,3,3,1,39,25,1700,500,45
SIM,6,0,1,5,30,1,7,1,3,1,39,23,500,1400,30
SIM,6,0,1,5,31,0,6,1,2,1,39,23,1300,500,45
SIM,6,0,1,5,32,1,9,0,3,0,39,21,200,1500,28
SIM,6,0,1,5,33,0,7,3,3,1,39,21,900,100,45
SIM,6,0,1,5,34,1,7,1,3,1,39,19,300,1000,35
SIM,6,0,1,5,35,0,6,1,2,1,39,19,1100,400,45
SIM,6,0,1,5,36,1,6,0,2,0,39,18,500,1400,37
SIM,6,0,1,5,37,0,6,0,2,0,39,18,1300,500,45
SIM,6,0,1,5,38,1,9,0,3,0,39,15,200,1500,26
SIM,6,0,1,5,39,0,7,3,3,1,39,15,900,100,45
SIM,6,0,1,5,40,1,7,3,3,1,39,12,300,1000,35
SIM,6,0,1,5,41,0,6,3,2,1,39,12,1100,400,45
SIM,6,0,1,5,42,1,6,3,2,1,39,11,1100,1300,43
SIM,6,0,1,5,43,0,4,3,2,1,39,11,1900,400,45
SIM,6,0,1,5,44,1,7,1,3,1,39,9,200,1300,24
SIM,6,0,1,5,45,0,4,4,2,2,39,9,1000,200,45
SIM,6,0,1,5,46,1,4,3,2,1,39,8,400,1100,37
SIM,6,0,1,5,47,0,3,3,1,1,39,8,1300,500,45
SIM,6,0,1,5,48,1,3,3,1,1,39,7,400,1400,37
SIM,6,0,1,5,49,0,3,3,1,1,39,7,1300,500,45
SIM,6,0,1,5,50,1,3,3,1,1,39,6,1300,1400,43
SIM,6,0,1,5,51,0,0,6,0,2,39,6,2300,300,45
SIM,6,0,1,5,52,1,3,6,1,2,39,5,300,1100,26
SIM,6,0,1,5,53,0,0,6,0,2,39,5,1300,500,45
SIM,6,0,1,5,54,1,0,6,0,2,39,5,400,1300,39
SIM,6,0,1,5,55,0,0,6,0,2,39,5,1400,400,45
SIM,6,0,1,5,56,1,0,6,0,2,39,5,500,1200,39
SIM,6,0,1,5,57,0,0,9,0,3,36,5,1500,100,45
SIM,6,0,1,5,58,1,14,9,0,3,36,5,900,800,43
SIM,6,0,1,5,59,0,14,9,0,3,33,5,1900,500,45
SIM,6,0,1,5,60,1,3,7,1,3,33,5,200,1200,30
SIM_END,6,0,1,5,60,0,0
SIM,7,0,1,6,1,0,6,0,1,0,40,40,1000,0,30
SIM,7,0,1,6,2,1,9,0,2,0,40,39,200,1000,19
SIM,7,0,1,6,3,0,7,3,2,1,40,39,900,200,45
SIM,7,0,1,6,4,1,7,3,2,1,40,39,900,1100,23
SIM,7,0,1,6,5,0,6,3,1,1,40,39,1700,500,45
SIM,7,0,1,6,6,1,6,0,1,0,40,39,500,1500,35
SIM,7,0,1,6,7,0,6,0,1,0,40,39,1300,300,45
SIM,7,0,1,6,8,1,9,0,2,0,40,37,200,1300,24
SIM,7,0,1,6,9,0,7,3,2,1,40,37,900,200,45
SIM,7,0,1,6,10,1,7,0,2,0,40,36,300,1200,37
SIM,7,0,1,6,11,0,7,0,2,0,40,36,1000,300,45
SIM,7,0,1,6,12,1,7,0,2,0,40,34,400,1300,37
SIM,7,0,1,6,13,0,7,0,2,0,40,34,1100,400,45
SIM,7,0,1,6,14,1,10,0,3,0,40,32,300,1400,33
SIM,7,0,1,6,15,0,8,3,3,1,40,32,900,300,45
SIM,7,0,1,6,16,1,8,0,3,0,40,30,300,1300,32
SIM,7,0,1,6,17,0,8,0,3,0,40,30,900,400,45
SIM,7,0,1,6,18,1,8,0,3,0,40,27,300,1400,35
SIM,7,0,1,6,19,0,8,0,3,0,40,27,900,500,45
SIM,7,0,1,6,20,1,11,0,4,0,40,24,100,1500,31
SIM,7,0,1,6,21,0,9,3,3,1,40,24,800,100,45
SIM,7,0,1,6,22,1,9,3,3,1,40,21,500,1000,34
SIM,7,0,1,6,23,0,7,3,3,1,40,21,1200,400,45
SIM,7,0,1,6,24,1,7,3,3,1,40,18,300,1300,33
SIM,7,0,1,6,25,0,6,3,2,1,40,18,1100,400,45
SIM,7,0,1,6,26,1,9,3,3,1,40,16,300,1300,33
SIM,7,0,1,6,27,0,6,6,2,2,40,16,1100,200,45
SIM,7,0,1,6,28,1,6,6,2,2,40,14,500,1000,36
SIM,7,0,1,6,29,0,3,6,1,2,40,14,1400,400,45
SIM,7,0,1,6,30,1,3,6,1,2,40,13,500,1200,37
SIM,7,0,1,6,31,0,0,6,0,2,40,13,1500,300,45
SIM,7,0,1,6,32,1,3,6,1,2,40,12,100,1100,30
SIM,7,0,1,6,33,0,0,9,0,3,39,12,1100,300,45
SIM,7,0,1,6,34,1,0,9,0,3,39,12,500,1000,41
SIM,7,0,1,6,35,0,0,9,0,3,38,12,1500,400,45
SIM,7,0,1,6,36,1,0,9,0,3,38,12,300,1100,37
SIM,7,0,1,6,37,0,0,9,0,3,37,12,1300,500,45
SIM,7,0,1,6,38,1,3,7,1,3,37,12,200,1200,34
SIM,7,0,1,6,39,0,0,10,0,4,35,12,1200,100,45
SIM,7,0,1,6,40,1,0,10,0,4,35,12,300,700,39
SIM,7,0,1,6,41,0,0,10,0,4,31,12,1300,400,45
SIM,7,0,1,6,42,1,0,10,0,4,31,12,1300,1000,45
SIM,7,0,1,6,43,0,0,10,0,4,27,12,2300,400,45
SIM,7,0,1,6,44,1,3,9,1,3,27,12,300,1100,28
SIM,7,0,1,6,45,0,1,12,1,4,24,12,1200,300,45
SIM,7,0,1,6,46,1,15,12,1,4,24,12,600,900,43
SIM,7,0,1,6,47,0,14,12,0,4,21,12,1600,300,45
SIM,7,0,1,6,48,1,0,12,0,4,21,12,1900,900,45
SIM,7,0,1,6,49,0,0,12,0,4,17,12,2900,300,45
SIM,7,0,1,6,50,1,3,10,1,4,17,12,300,900,26
SIM,7,0,1,6,51,0,3,10,1,4,13,12,1200,300,45
SIM,7,0,1,6,52,1,3,9,1,3,13,12,300,1000,37
SIM,7,0,1,6,53,0,3,12,1,4,9,12,1200,200,45
SIM,7,0,1,6,54,1,3,10,1,4,9,12,300,800,37
SIM,7,0,1,6,55,0,3,10,1,4,5,12,1200,500,45
SIM,7,0,1,6,56,1,6,7,2,3,5,12,100,1200,34
SIM,7,0,1,6,57,0,6,7,2,3,2,12,900,300,45
SIM,7,0,1,6,58,1,6,4,2,2,2,12,300,1100,35
SIM_END,7,0,1,6,58,1,0
SIM,8,1,1,0,1,0,0,6,0,1,40,40,1000,0,30
SIM,8,1,1,0,2,1,3,4,1,1,40,40,200,800,19
SIM,8,1,1,0,3,0,0,7,0,2,39,40,1200,300,45
SIM,8,1,1,0,4,1,0,7,0,2,39,40,300,1000,39
SIM,8,1,1,0,5,0,0,7,0,2,38,40,1300,400,45
SIM,8,1,1,0,6,1,0,7,0,2,38,40,400,1100,39
SIM,8,1,1,0,7,0,0,7,0,2,37,40,1400,500,45
SIM,8,1,1,0,8,1,3,5,1,2,37,40,300,1200,34
SIM,8,1,1,0,9,0,0,8,0,3,35,40,1300,100,45
SIM,8,1,1,0,10,1,0,8,0,3,35,40,400,700,39
SIM,8,1,1,0,11,0,0,8,0,3,33,40,1400,400,45
SIM,8,1,1,0,12,1,0,8,0,3,33,40,500,1000,39
SIM,8,1,1,0,13,0,0,8,0,3,31,40,1500,400,45
SIM,8,1,1,0,14,1,3,7,1,2,31,40,100,1100,32
SIM,8,1,1,0,15,0,3,7,1,2,31,40,1000,1100,45
SIM,8,1,1,0,16,1,3,5,1,2,31,40,400,1800,39
SIM,8,1,1,0,17,0,0,8,0,3,29,40,1400,100,45
SIM,8,1,1,0,18,1,0,8,0,3,29,40,500,700,39
SIM,8,1,1,0,19,0,0,8,0,3,27,40,1500,400,45
SIM,8,1,1,0,20,1,3,6,1,2,27,40,100,1200,31
SIM,8,1,1,0,21,0,3,6,1,2,25,40,1000,300,45
SIM,8,1,1,0,22,1,3,4,1,2,25,40,400,1100,38
SIM,8,1,1,0,23,0,1,7,1,3,23,40,1300,300,45
SIM,8,1,1,0,24,1,1,6,1,2,23,40,400,1100,37
SIM,8,1,1,0,25,0,0,6,0,2,22,40,1400,500,45
SIM,8,1,1,0,26,1,3,4,1,2,22,40,300,1300,36
SIM,8,1,1,0,27,0,3,4,1,2,21,40,1200,1300,45
SIM,8,1,1,0,28,1,3,3,1,1,21,40,300,2200,37
SIM,8,1,1,0,29,0,3,6,1,2,20,40,1200,200,45
SIM,8,1,1,0,30,1,3,4,1,2,20,40,300,1000,35
SIM,8,1,1,0,31,0,1,4,1,2,19,40,1200,400,45
SIM,8,1,1,0,32,1,4,1,2,1,19,40,100,1300,32
SIM,8,1,1,0,33,0,3,1,1,1,19,40,1000,400,45
SIM,8,1,1,0,34,1,3,0,1,0,19,40,400,1400,39
SIM,8,1,1,0,35,0,1,3,1,1,19,40,1300,300,45
SIM,8,1,1,0,36,1,1,1,1,1,19,40,400,1200,37
SIM,8,1,1,0,37,0,0,1,0,1,19,40,1400,300,45
SIM,8,1,1,0,38,1,3,0,1,0,19,40,300,1300,34
SIM,8,1,1,0,39,0,3,14,1,0,19,40,1200,700,45
SIM,8,1,1,0,40,1,3,14,1,0,19,39,300,1700,29
SIM,8,1,1,0,41,0,1,3,1,1,19,39,1200,300,45
SIM,8,1,1,0,42,1,1,3,1,1,19,38,300,1200,37
SIM,8,1,1,0,43,0,0,3,0,1,19,38,1300,300,45
SIM,8,1,1,0,44,1,3,1,1,1,19,38,200,1200,32
SIM,8,1,1,0,45,0,3,15,1,1,19,38,1100,600,45
SIM,8,1,1,0,46,1,3,14,1,0,19,38,500,1600,39
SIM,8,1,1,0,47,0,1,3,1,1,19,38,1400,200,45
SIM,8,1,1,0,48,1,1,1,1,1,19,38,500,1100,37
SIM,8,1,1,0,49,0,0,1,0,1,19,38,1500,500,45
SIM,8,1,1,0,50,1,3,0,1,0,19,38,100,1500,30
SIM,8,1,1,0,51,0,3,14,1,0,19,38,1000,900,45
SIM,8,1,1,0,52,1,3,14,1,0,19,37,400,1900,37
SIM,8,1,1,0,53,0,1,3,1,1,19,37,1300,200,45
SIM,8,1,1,0,54,1,1,3,1,1,19,36,400,1100,37
SIM,8,1,1,0,55,0,0,3,0,1,19,36,1400,500,45
SIM,8,1,1,0,56,1,3,1,1,1,19,36,300,1400,32
SIM,8,1,1,0,57,0,1,1,1,1,19,36,1200,500,45
SIM,8,1,1,0,58,1,1,0,1,0,19,36,300,1500,37
SIM,8,1,1,0,59,0,0,3,0,1,19,36,1300,100,45
SIM,8,1,1,0,60,1,0,3,0,1,19,36,400,1000,39
SIM_END,8,1,1,0,60,1,0
SIM,9,1,1,1,1,0,0,6,0,1,40,40,1000,0,30
SIM,9,1,1,1,2,1,3,4,1,1,40,40,200,800,19
SIM,9,1,1,1,3,0,0,7,0,2,39,40,1200,300,45
SIM,9,1,1,1,4,1,0,7,0,2,39,40,300,1000,39
SIM,9,1,1,1,5,0,0,7,0,2,38,40,1300,400,45
SIM,9,1,1,1,6,1,0,7,0,2,38,40,400,1100,39
SIM,9,1,1,1,7,0,0,7,0,2,37,40,1400,1100,45
SIM,9,1,1,1,8,1,3,5,1,2,37,40,300,1800,34
SIM,9,1,1,1,9,0,0,8,0,3,35,40,1300,100,45
SIM,9,1,1,1,10,1,0,8,0,3,35,40,400,700,39
SIM,9,1,1,1,11,0,0,8,0,3,33,40,1400,400,45
SIM,9,1,1,1,12,1,0,8,0,3,33,40,500,1000,39
SIM,9,1,1,1,13,0,0,8,0,3,32,40,1500,1000,45
SIM,9,1,1,1,14,1,3,7,1,2,32,40,100,1700,32
SIM,9,1,1,1,15,0,0,10,0,3,30,40,1100,300,45
SIM,9,1,1,1,16,1,0,10,0,3,30,40,500,900,41
SIM,9,1,1,1,17,0,0,10,0,3,29,40,1500,900,45
SIM,9,1,1,1,18,1,0,10,0,3,29,40,300,1500,37
SIM,9,1,1,1,19,0,0,10,0,3,28,40,1300,1500,45
SIM,9,1,1,1,20,1,3,8,1,3,28,40,200,2100,36
SIM,9,1,1,1,21,0,0,11,0,4,25,40,1200,100,45
SIM,9,1,1,1,22,1,0,11,0,4,25,40,300,600,39
SIM,9,1,1,1,23,0,0,11,0,4,22,40,1300,300,45
SIM,9,1,1,1,24,1,0,11,0,4,22,40,400,800,39
SIM,9,1,1,1,25,0,0,11,0,4,19,40,1400,500,45
SIM,9,1,1,1,26,1,3,10,1,3,19,40,300,1100,36
SIM,9,1,1,1,27,0,0,13,0,4,16,40,1300,300,45
SIM,9,1,1,1,28,1,0,13,0,4,16,40,400,800,39
SIM,9,1,1,1,29,0,0,13,0,4,15,40,1400,800,45
SIM,9,1,1,1,30,1,0,13,0,4,15,40,500,1300,39
SIM,9,1,1,1,31,0,0,13,0,4,12,40,1500,400,45
SIM,9,1,1,1,32,1,3,11,1,4,12,40,100,900,34
SIM,9,1,1,1,33,0,0,11,0,4,9,40,1100,300,45
SIM,9,1,1,1,34,1,0,11,0,4,9,40,500,800,41
SIM,9,1,1,1,35,0,0,11,0,4,6,40,1500,500,45
SIM,9,1,1,1,36,1,0,11,0,4,6,40,300,1000,37
SIM,9,1,1,1,37,0,0,11,0,4,3,40,1300,400,45
SIM,9,1,1,1,38,1,3,10,1,3,3,40,200,1000,36
SIM_END,9,1,1,1,38,1,0
SIM,10,1,1,2,1,0,0,6,0,1,40,40,1000,0,30
SIM,10,1,1,2,2,1,3,6,1,1,40,39,200,800,19
SIM,10,1,1,2,3,0,0,9,0,2,39,39,1200,300,45
SIM,10,1,1,2,4,1,0,9,0,2,39,39,300,1000,39
SIM,10,1,1,2,5,0,0,9,0,2,38,39,1300,1000,45
SIM,10,1,1,2,6,1,0,9,0,2,38,39,400,1700,39
SIM,10,1,1,2,7,0,0,9,0,2,37,39,1400,1700,45
SIM,10,1,1,2,8,1,3,7,1,2,37,39,300,2400,34
SIM,10,1,1,2,9,0,0,10,0,3,35,39,1300,100,45
SIM,10,1,1,2,10,1,0,10,0,3,35,39,400,700,39
SIM,10,1,1,2,11,0,0,10,0,3,33,39,1400,400,45
SIM,10,1,1,2,12,1,0,10,0,3,33,39,500,1000,39
SIM,10,1,1,2,13,0,0,10,0,3,31,39,1500,400,45
SIM,10,1,1,2,14,1,3,9,1,2,31,39,100,1100,32
SIM,10,1,1,2,15,0,0,12,0,3,29,39,1100,300,45
SIM,10,1,1,2,16,1,0,12,0,3,29,39,500,900,41
SIM,10,1,1,2,17,0,0,12,0,3,27,39,1500,300,45
SIM,10,1,1,2,18,1,0,12,0,3,27,39,300,900,37
SIM,10,1,1,2,19,0,0,12,0,3,26,39,1300,900,45
SIM,10,1,1,2,20,1,3,10,1,3,26,39,200,1500,36
SIM,10,1,1,2,21,0,0,13,0,4,23,39,1200,100,45
SIM,10,1,1,2,22,1,0,13,0,4,23,39,300,600,39
SIM,10,1,1,2,23,0,0,13,0,4,20,39,1300,300,45
SIM,10,1,1,2,24,1,0,13,0,4,20,39,400,800,39
SIM,10,1,1,2,25,0,0,13,0,4,17,39,1400,500,45
SIM,10,1,1,2,26,1,3,12,1,3,17,39,300,1100,36
SIM,10,1,1,2,27,0,0,15,0,4,14,39,1300,300,45
SIM,10,1,1,2,28,1,0,15,0,4,14,39,400,800,39
SIM,10,1,1,2,29,0,0,15,0,4,11,39,1400,500,45
SIM,10,1,1,2,30,1,0,15,0,4,11,39,500,1000,39
SIM,10,1,1,2,31,0,0,15,0,4,8,39,1500,400,45
SIM,10,1,1,2,32,1,3,13,1,4,8,39,100,900,34
SIM,10,1,1,2,33,0,0,13,0,4,5,39,1100,300,45
SIM,10,1,1,2,34,1,0,13,0,4,5,39,500,800,41
SIM,10,1,1,2,35,0,0,13,0,4,2,39,1500,500,45
SIM,10,1,1,2,36,1,0,13,0,4,2,39,300,1000,37
SIM_END,10,1,1,2,36,1,0
SIM,11,1,1,3,1,0,0,6,0,1,40,40,1000,0,30
SIM,11,1,1,3,2,1,3,6,1,1,40,39,200,800,19
SIM,11,1,1,3,3,0,0,9,0,2,39,39,1200,300,45
SIM,11,1,1,3,4,1,0,9,0,2,39,39,300,1000,39
SIM,11,1,1,3,5,0,0,9,0,2,38,39,1300,400,45
SIM,11,1,1,3,6,1,0,9,0,2,38,39,400,1100,39
SIM,11,1,1,3,7,0,0,9,0,2,37,39,1400,1100,45
SIM,11,1,1,3,8,1,3,7,1,2,37,39,300,1800,34
SIM,11,1,1,3,9,0,3,7,1,2,37,39,1200,1800,45
SIM,11,1,1,3,10,1,3,6,1,1,37,39,300,2600,37
SIM,11,1,1,3,11,0,0,9,0,2,36,39,1300,300,45
SIM,11,1,1,3,12,1,0,9,0,2,36,39,400,1000,39
SIM,11,1,1,3,13,0,0,9,0,2,35,39,1400,400,45
SIM,11,1,1,3,14,1,3,7,1,2,35,39,300,1100,34
SIM,11,1,1,3,15,0,0,7,0,2,34,39,1300,500,45
SIM,11,1,1,3,16,1,0,7,0,2,34,39,400,1200,39
SIM,11,1,1,3,17,0,0,10,0,3,32,39,1400,100,45
SIM,11,1,1,3,18,1,0,10,0,3,32,39,500,700,39
SIM,11,1,1,3,19,0,0,10,0,3,31,39,1500,700,45
SIM,11,1,1,3,20,1,3,9,1,2,31,39,100,1400,32
SIM,11,1,1,3,21,0,3,9,1,2,31,39,1000,1400,45
SIM,11,1,1,3,22,1,3,7,1,2,31,39,400,2100,39
SIM,11,1,1,3,23,0,0,10,0,3,29,39,1400,100,45
SIM,11,1,1,3,24,1,0,10,0,3,29,39,500,700,39
SIM,11,1,1,3,25,0,0,10,0,3,27,39,1500,400,45
SIM,11,1,1,3,26,1,3,8,1,3,27,39,100,1000,34
SIM,11,1,1,3,27,0,3,8,1,3,27,39,1000,1000,45
SIM,11,1,1,3,28,1,3,7,1,2,27,39,400,1700,39
SIM,11,1,1,3,29,0,0,10,0,3,26,39,1400,300,45
SIM,11,1,1,3,30,1,0,10,0,3,26,39,500,900,39
SIM,11,1,1,3,31,0,0,10,0,3,23,39,1500,300,45
SIM,11,1,1,3,32,1,3,8,1,3,23,39,100,900,34
SIM,11,1,1,3,33,0,0,8,0,3,21,39,1100,300,45
SIM,11,1,1,3,34,1,0,8,0,3,21,39,500,900,41
SIM,11,1,1,3,35,0,0,11,0,4,18,39,1500,100,45
SIM,11,1,1,3,36,1,0,11,0,4,18,39,300,600,37
SIM,11,1,1,3,37,0,0,11,0,4,14,39,1300,300,45
SIM,11,1,1,3,38,1,3,9,1,3,14,39,500,1000,38
SIM,11,1,1,3,39,0,3,9,1,3,13,39,1400,1000,45
SIM,11,1,1,3,40,1,3,7,1,3,13,39,500,1700,35
SIM,11,1,1,3,41,0,1,10,1,4,10,39,1400,300,45
SIM,11,1,1,3,42,1,1,9,1,3,10,39,500,1000,37
SIM,11,1,1,3,43,0,0,9,0,3,8,39,1500,400,45
SIM,11,1,1,3,44,1,3,7,1,3,8,39,100,1100,32
SIM,11,1,1,3,45,0,1,7,1,3,6,39,1000,500,45
SIM,11,1,1,3,46,1,1,6,1,2,6,39,400,1300,39
SIM,11,1,1,3,47,0,0,9,0,3,4,39,1400,200,45
SIM,11,1,1,3,48,1,0,9,0,3,4,39,500,900,39
SIM,11,1,1,3,49,0,0,9,0,3,1,39,1500,300,45
SIM,11,1,1,3,50,1,3,7,1,3,1,39,100,1000,34
SIM_END,11,1,1,3,50,1,0
SIM,12,1,1,4,1,0,0,6,0,1,40,40,1000,0,30
SIM,12,1,1,4,2,1,3,6,1,1,40,39,200,800,19
SIM,12,1,1,4,3,0,0,9,0,2,39,39,1200,300,45
SIM,12,1,1,4,4,1,0,9,0,2,39,39,300,1000,39
SIM,12,1,1,4,5,0,0,9,0,2,38,39,1300,1000,45
SIM,12,1,1,4,6,1,0,9,0,2,38,39,400,1700,39
SIM,12,1,1,4,7,0,0,9,0,2,37,39,1400,500,45
SIM,12,1,1,4,8,1,3,7,1,2,37,39,300,1200,34
SIM,12,1,1,4,9,0,3,7,1,2,37,39,1200,1200,45
SIM,12,1,1,4,10,1,3,6,1,1,37,39,300,2000,37
SIM,12,1,1,4,11,0,0,9,0,2,36,39,1300,300,45
SIM,12,1,1,4,12,1,0,9,0,2,36,39,400,1000,39
SIM,12,1,1,4,13,0,0,9,0,2,35,39,1400,400,45
SIM,12,1,1,4,14,1,3,7,1,2,35,39,300,1100,34
SIM,12,1,1,4,15,0,0,7,0,2,34,39,1300,500,45
SIM,12,1,1,4,16,1,0,7,0,2,34,39,400,1200,39
SIM,12,1,1,4,17,0,0,10,0,3,32,39,1400,100,45
SIM,12,1,1,4,18,1,0,10,0,3,32,39,500,700,39
SIM,12,1,1,4,19,0,0,10,0,3,31,39,1500,700,45
SIM,12,1,1,4,20,1,3,9,1,2,31,39,100,1400,32
SIM,12,1,1,4,21,0,3,9,1,2,31,39,1000,1400,45
SIM,12,1,1,4,22,1,3,7,1,2,31,39,400,2100,39
SIM,12,1,1,4,23,0,0,10,0,3,29,39,1400,100,45
SIM,12,1,1,4,24,1,0,10,0,3,29,39,500,700,39
SIM,12,1,1,4,25,0,0,10,0,3,27,39,1500,400,45
SIM,12,1,1,4,26,1,3,8,1,3,27,39,100,1000,34
SIM,12,1,1,4,27,0,0,8,0,3,25,39,1100,400,45
SIM,12,1,1,4,28,1,0,8,0,3,25,39,500,1000,41
SIM,12,1,1,4,29,0,0,8,0,3,24,39,1500,1000,45
SIM,12,1,1,4,30,1,0,8,0,3,24,39,300,1600,37
SIM,12,1,1,4,31,0,0,11,0,4,21,39,1300,200,45
SIM,12,1,1,4,32,1,3,10,1,3,21,39,200,800,36
SIM,12,1,1,4,33,0,0,10,0,3,19,39,1200,500,45
SIM,12,1,1,4,34,1,0,10,0,3,19,39,300,1100,39
SIM,12,1,1,4,35,0,0,10,0,3,18,39,1300,1100,45
SIM,12,1,1,4,36,1,0,10,0,3,18,39,400,1700,39
SIM,12,1,1,4,37,0,0,13,0,4,15,39,1400,300,45
SIM,12,1,1,4,38,1,3,11,1,4,15,39,300,800,36
SIM,12,1,1,4,39,0,3,11,1,4,15,39,1200,800,45
SIM,12,1,1,4,40,1,3,10,1,3,15,39,300,1400,37
SIM,12,1,1,4,41,0,0,10,0,3,13,39,1300,500,45
SIM,12,1,1,4,42,1,0,10,0,3,13,39,400,1100,39
SIM,12,1,1,4,43,0,0,13,0,4,10,39,1400,300,45
SIM,12,1,1,4,44,1,3,11,1,4,10,39,300,800,36
SIM,12,1,1,4,45,0,3,11,1,4,10,39,1200,800,45
SIM,12,1,1,4,46,1,3,10,1,3,10,39,300,1400,37
SIM,12,1,1,4,47,0,0,10,0,3,10,39,1300,1400,45
SIM,12,1,1,4,48,1,0,10,0,3,10,39,400,2000,39
SIM,12,1,1,4,49,0,0,10,0,3,9,39,1400,2000,45
SIM,12,1,1,4,50,1,3,8,1,3,9,39,300,2600,35
SIM,12,1,1,4,51,0,0,8,0,3,9,39,1300,2600,45
SIM,12,1,1,4,52,1,0,8,0,3,9,39,400,3200,39
SIM,12,1,1,4,53,0,0,11,0,4,6,39,1400,300,45
SIM,12,1,1,4,54,1,0,11,0,4,6,39,500,800,39
SIM,12,1,1,4,55,0,0,11,0,4,3,39,1500,500,45
SIM,12,1,1,4,56,1,3,9,1,3,3,39,100,1200,31
SIM,12,1,1,4,57,0,3,9,1,3,2,39,1000,1200,45
SIM,12,1,1,4,58,1,3,7,1,3,2,39,400,1900,38
SIM,12,1,1,4,59,0,3,7,1,3,1,39,1300,1900,45
SIM,12,1,1,4,60,1,3,6,1,2,1,39,400,2700,37
SIM_END,12,1,1,4,60,1,0
SIM,13,1,1,5,1,0,0,6,0,1,40,40,1000,0,30
SIM,13,1,1,5,2,1,3,6,1,1,40,39,200,800,19
SIM,13,1,1,5,3,0,3,6,1,1,40,39,1100,800,45
SIM,13,1,1,5,4,1,3,6,1,1,40,38,500,1600,39
SIM,13,1,1,5,5,0,0,9,0,2,39,38,1500,200,45
SIM,13,1,1,5,6,1,0,9,0,2,39,38,300,900,37
SIM,13,1,1,5,7,0,0,9,0,2,38,38,1300,300,45
SIM,13,1,1,5,8,1,3,7,1,2,38,38,200,1000,34
SIM,13,1,1,5,9,0,0,7,0,2,37,38,1200,400,45
SIM,13,1,1,5,10,1,0,7,0,2,37,38,300,1100,39
SIM,13,1,1,5,11,0,0,10,0,3,36,38,1300,300,45
SIM,13,1,1,5,12,1,0,10,0,3,36,38,400,900,39
SIM,13,1,1,5,13,0,0,10,0,3,35,38,1400,300,45
SIM,13,1,1,5,14,1,3,9,1,2,35,38,300,1000,34
SIM,13,1,1,5,15,0,0,9,0,2,34,38,1300,400,45
SIM,13,1,1,5,16,1,0,9,0,2,34,38,400,1100,39
SIM,13,1,1,5,17,0,0,9,0,2,33,38,1400,1100,45
SIM,13,1,1,5,18,1,0,9,0,2,33,38,500,1800,39
SIM,13,1,1,5,19,0,0,9,0,2,32,38,1500,1800,45
SIM,13,1,1,5,20,1,3,7,1,2,32,38,100,2500,32
SIM,13,1,1,5,21,0,0,10,0,3,31,38,1100,200,45
SIM,13,1,1,5,22,1,0,10,0,3,31,38,500,800,41
SIM,13,1,1,5,23,0,0,10,0,3,28,38,1500,500,45
SIM,13,1,1,5,24,1,0,10,0,3,28,38,300,1100,37
SIM,13,1,1,5,25,0,0,10,0,3,25,38,1300,500,45
SIM,13,1,1,5,26,1,3,8,1,3,25,38,200,1100,36
SIM,13,1,1,5,27,0,0,11,0,4,23,38,1200,300,45
SIM,13,1,1,5,28,1,0,11,0,4,23,38,300,800,39
SIM,13,1,1,5,29,0,0,11,0,4,19,38,1300,500,45
SIM,13,1,1,5,30,1,0,11,0,4,19,38,1300,1000,45
SIM,13,1,1,5,31,0,0,11,0,4,15,38,2300,400,45
SIM,13,1,1,5,32,1,3,9,1,3,15,38,300,1100,30
SIM,13,1,1,5,33,0,3,9,1,3,14,38,1200,1100,45
SIM,13,1,1,5,34,1,3,7,1,3,14,38,300,1800,35
SIM,13,1,1,5,35,0,1,10,1,4,11,38,1200,100,45
SIM,13,1,1,5,36,1,1,9,1,3,11,38,300,800,37
SIM,13,1,1,5,37,0,0,9,0,3,11,38,1300,800,45
SIM,13,1,1,5,38,1,3,7,1,3,11,38,200,1500,34
SIM,13,1,1,5,39,0,1,7,1,3,9,38,1100,300,45
SIM,13,1,1,5,40,1,1,6,1,2,9,38,500,1100,39
SIM,13,1,1,5,41,0,1,6,1,2,9,38,1400,1100,45
SIM,13,1,1,5,42,1,1,4,1,2,9,38,500,1900,37
SIM,13,1,1,5,43,0,0,7,0,3,7,38,1500,200,45
SIM,13,1,1,5,44,1,3,6,1,2,7,38,100,1000,34
SIM,13,1,1,5,45,0,3,6,1,2,5,38,1000,400,45
SIM,13,1,1,5,46,1,3,4,1,2,5,38,400,1200,37
SIM,13,1,1,5,47,0,3,4,1,2,3,38,1300,300,45
SIM,13,1,1,5,48,1,3,3,1,1,3,38,400,1200,37
SIM,13,1,1,5,49,0,1,6,1,2,2,38,1300,100,45
SIM,13,1,1,5,50,1,4,3,2,1,2,38,200,1000,32
SIM,13,1,1,5,51,0,3,3,1,1,2,38,1100,400,45
SIM,13,1,1,5,52,1,3,1,1,1,2,38,500,1300,37
SIM,13,1,1,5,53,0,3,1,1,1,1,38,1400,400,45
SIM,13,1,1,5,54,1,3,0,1,0,1,38,500,1400,37
SIM,13,1,1,5,55,0,3,14,1,0,1,38,1400,800,45
SIM,13,1,1,5,56,1,6,14,2,0,1,37,300,1800,25
SIM_END,13,1,1,5,56,1,0
SIM,14,1,1,6,1,0,0,6,0,1,40,40,1000,0,30
SIM,14,1,1,6,2,1,3,6,1,1,40,39,200,800,19
SIM,14,1,1,6,3,0,0,9,0,2,39,39,1200,300,45
SIM,14,1,1,6,4,1,0,9,0,2,39,39,300,1000,39
SIM,14,1,1,6,5,0,0,9,0,2,38,39,1300,400,45
SIM,14,1,1,6,6,1,0,9,0,2,38,39,400,1100,39
SIM,14,1,1,6,7,0,0,9,0,2,37,39,1400,1100,45
SIM,14,1,1,6,8,1,3,7,1,2,37,39,300,1800,34
SIM,14,1,1,6,9,0,0,10,0,3,35,39,1300,100,45
SIM,14,1,1,6,10,1,0,10,0,3,35,39,400,700,39
SIM,14,1,1,6,11,0,0,10,0,3,33,39,1400,400,45
SIM,14,1,1,6,12,1,0,10,0,3,33,39,500,1000,39
SIM,14,1,1,6,13,0,0,10,0,3,31,39,1500,400,45
SIM,14,1,1,6,14,1,3,9,1,2,31,39,100,1100,32
SIM,14,1,1,6,15,0,0,12,0,3,29,39,1100,300,45
SIM,14,1,1,6,16,1,0,12,0,3,29,39,500,900,41
SIM,14,1,1,6,17,0,0,12,0,3,27,39,1500,300,45
SIM,14,1,1,6,18,1,0,12,0,3,27,39,300,900,37
SIM,14,1,1,6,19,0,0,12,0,3,25,39,1300,300,45
SIM,14,1,1,6,20,1,3,10,1,3,25,39,200,900,36
SIM,14,1,1,6,21,0,0,13,0,4,22,39,1200,100,45
SIM,14,1,1,6,22,1,0,13,0,4,22,39,300,600,39
SIM,14,1,1,6,23,0,0,13,0,4,19,39,1300,300,45
SIM,14,1,1,6,24,1,0,13,0,4,19,39,400,800,39
SIM,14,1,1,6,25,0,0,13,0,4,16,39,1400,500,45
SIM,14,1,1,6,26,1,3,12,1,3,16,39,300,1100,36
SIM,14,1,1,6,27,0,0,15,0,4,13,39,1300,300,45
SIM,14,1,1,6,28,1,0,15,0,4,13,39,400,800,39
SIM,14,1,1,6,29,0,0,15,0,4,10,39,1400,500,45
SIM,14,1,1,6,30,1,0,15,0,4,10,39,500,1000,39
SIM,14,1,1,6,31,0,0,15,0,4,7,39,1500,400,45
SIM,14,1,1,6,32,1,3,13,1,4,7,39,100,900,34
SIM,14,1,1,6,33,0,0,13,0,4,4,39,1100,300,45
SIM,14,1,1,6,34,1,0,13,0,4,4,39,500,800,41
SIM_END,14,1,1,6,34,1,0
SIM_DONE
### degrade=25
SIM_CONFIG,degrade_favoured_pct=25,only_handicap=1,variants=7
SIM,1,0,1,0,1,0,6,0,1,0,40,40,1000,0,30
SIM,1,0,1,0,2,1,9,0,2,0,40,39,200,1000,19
SIM,1,0,1,0,3,0,7,3,2,1,40,39,900,200,45
SIM,1,0,1,0,4,1,7,0,2,0,40,38,300,1200,31
SIM,1,0,1,0,5,0,7,0,2,0,40,38,1000,300,45
SIM,1,0,1,0,6,1,7,0,2,0,40,36,400,1300,31
SIM,1,0,1,0,7,0,7,0,2,0,40,36,1100,400,45
SIM,1,0,1,0,8,1,10,0,3,0,40,34,300,1400,33
SIM,1,0,1,0,9,0,9,3,2,1,40,34,1000,300,45
SIM,1,0,1,0,10,1,9,0,2,0,40,33,400,1300,36
SIM,1,0,1,0,11,0,9,0,2,0,40,33,1100,400,45
SIM,1,0,1,0,12,1,9,0,2,0,40,32,1100,1400,43
SIM,1,0,1,0,13,0,9,0,2,0,40,32,1800,500,45
SIM,1,0,1,0,14,1,12,0,3,0,40,29,100,1500,20
SIM,1,0,1,0,15,0,10,3,3,1,40,29,700,100,45
SIM,1,0,1,0,16,1,10,0,3,0,40,27,400,1100,37
SIM,1,0,1,0,17,0,10,0,3,0,40,27,1000,500,45
SIM,1,0,1,0,18,1,10,0,3,0,40,24,400,1500,35
SIM,1,0,1,0,19,0,10,0,3,0,40,24,1000,300,45
SIM,1,0,1,0,20,1,13,0,4,0,40,21,200,1300,31
SIM,1,0,1,0,21,0,11,3,4,1,40,21,700,200,45
SIM,1,0,1,0,22,1,11,0,4,0,40,18,400,1200,29
SIM,1,0,1,0,23,0,11,0,4,0,40,18,900,1200,45
SIM,1,0,1,0,24,1,11,0,4,0,40,17,900,2200,43
SIM,1,0,1,0,25,0,11,0,4,0,40,17,1400,2200,45
SIM,1,0,1,0,26,1,11,0,4,0,40,16,1400,3200,43
SIM,1,0,1,0,27,0,9,3,3,1,40,16,2100,300,45
SIM,1,0,1,0,28,1,12,3,4,1,40,12,100,1200,16
SIM,1,0,1,0,29,0,10,3,4,1,40,12,700,300,45
SIM,1,0,1,0,30,1,10,3,4,1,40,11,700,1200,43
SIM,1,0,1,0,31,0,9,3,3,1,40,11,1400,300,45
SIM,1,0,1,0,32,1,9,3,3,1,40,10,1400,1200,43
SIM,1,0,1,0,33,0,6,6,2,2,40,10,2200,100,45
SIM,1,0,1,0,34,1,6,6,2,2,40,9,2200,900,43
SIM,1,0,1,0,35,0,3,6,1,2,40,9,3100,300,45
SIM,1,0,1,0,36,1,3,6,1,2,40,8,3100,1100,43
SIM,1,0,1,0,37,0,0,6,0,2,40,8,4100,500,45
SIM,1,0,1,0,38,1,3,4,1,2,40,8,300,1300,14
SIM,1,0,1,0,39,0,0,7,0,3,39,8,1300,200,44
SIM,1,0,1,0,40,1,14,7,0,3,39,8,700,900,42
SIM,1,0,1,0,41,0,14,7,0,3,38,8,1700,300,45
SIM,1,0,1,0,42,1,0,7,0,3,38,8,2000,1000,45
SIM,1,0,1,0,43,0,0,7,0,3,35,8,3000,400,45
SIM,1,0,1,0,44,1,3,6,1,2,35,8,100,1200,24
SIM,1,0,1,0,45,0,3,9,1,3,32,8,1000,100,45
SIM,1,0,1,0,46,1,3,7,1,3,32,8,400,800,39
SIM,1,0,1,0,47,0,3,7,1,3,29,8,1300,500,45
SIM,1,0,1,0,48,1,3,6,1,2,29,8,400,1300,37
SIM,1,0,1,0,49,0,3,6,1,2,27,8,1300,400,45
SIM,1,0,1,0,50,1,6,3,2,1,27,8,200,1300,28
SIM,1,0,1,0,51,0,4,6,2,2,26,8,1000,200,45
SIM,1,0,1,0,52,1,4,3,2,1,26,8,400,1100,35
SIM,1,0,1,0,53,0,3,3,1,1,26,8,1300,500,45
SIM,1,0,1,0,54,1,17,3,1,1,26,8,700,1400,43
SIM,1,0,1,0,55,0,17,3,1,1,25,8,1600,500,45
SIM,1,0,1,0,56,1,6,0,2,0,25,8,200,1500,26
SIM,1,0,1,0,57,0,4,3,2,1,25,8,1000,100,45
SIM,1,0,1,0,58,1,18,3,2,1,25,8,400,1000,43
SIM,1,0,1,0,59,0,17,3,1,1,25,8,1300,400,45
SIM,1,0,1,0,60,1,3,1,1,1,25,8,400,1300,33
SIM_END,1,0,1,0,60,0,0
SIM,2,0,1,1,1,0,6,0,1,0,40,40,1000,0,30
SIM,2,0,1,1,2,1,20,0,1,0,40,40,400,1000,28
SIM,2,0,1,1,3,0,18,3,1,1,40,40,1200,200,45
SIM,2,0,1,1,4,1,7,0,2,0,40,39,100,1200,28
SIM,2,0,1,1,5,0,7,0,2,0,40,39,800,300,45
SIM,2,0,1,1,6,1,7,0,2,0,40,38,500,1300,31
SIM,2,0,1,1,7,0,7,0,2,0,40,38,1200,400,45
SIM,2,0,1,1,8,1,7,0,2,0,40,37,1200,1400,43
SIM,2,0,1,1,9,0,5,3,2,1,40,37,1900,300,45
SIM,2,0,1,1,10,1,8,0,3,0,40,36,200,1300,25
SIM,2,0,1,1,11,0,8,0,3,0,40,36,800,400,45
SIM,2,0,1,1,12,1,8,0,3,0,40,33,500,1400,30
SIM,2,0,1,1,13,0,8,0,3,0,40,33,1100,500,45
SIM,2,0,1,1,14,1,8,0,3,0,40,30,500,1500,35
SIM,2,0,1,1,15,0,7,3,2,1,40,30,1200,100,45
SIM,2,0,1,1,16,1,10,0,3,0,40,28,100,1100,28
SIM,2,0,1,1,17,0,10,0,3,0,40,28,700,500,45
SIM,2,0,1,1,18,1,10,0,3,0,40,25,400,1500,37
SIM,2,0,1,1,19,0,10,0,3,0,40,25,1000,300,45
SIM,2,0,1,1,20,1,10,0,3,0,40,22,400,1300,35
SIM,2,0,1,1,21,0,8,3,3,1,40,22,1000,200,45
SIM,2,0,1,1,22,1,11,0,4,0,40,20,200,1200,31
SIM,2,0,1,1,23,0,11,0,4,0,40,20,700,300,45
SIM,2,0,1,1,24,1,11,0,4,0,40,16,400,1300,29
SIM,2,0,1,1,25,0,11,0,4,0,40,16,900,1300,45
SIM,2,0,1,1,26,1,11,0,4,0,40,12,300,2300,33
SIM,2,0,1,1,27,0,9,3,3,1,40,12,1000,300,45
SIM,2,0,1,1,28,1,12,3,4,1,40,8,200,1200,24
SIM,2,0,1,1,29,0,10,3,4,1,40,8,800,300,45
SIM,2,0,1,1,30,1,10,3,4,1,40,4,500,1200,35
SIM,2,0,1,1,31,0,9,3,3,1,40,4,1200,300,45
SIM,2,0,1,1,32,1,9,3,3,1,40,3,1200,1200,43
SIM,2,0,1,1,33,0,6,6,2,2,40,3,2000,100,45
SIM_END,2,0,1,1,33,0,0
SIM,3,0,1,2,1,0,6,0,1,0,40,40,1000,0,30
SIM,3,0,1,2,2,1,20,0,1,0,40,40,400,1000,28
SIM,3,0,1,2,3,0,18,3,1,1,40,40,1200,200,45
SIM,3,0,1,2,4,1,7,0,2,0,40,39,100,1200,28
SIM,3,0,1,2,5,0,7,0,2,0,40,39,800,300,45
SIM,3,0,1,2,6,1,7,0,2,0,40,38,500,1300,41
SIM,3,0,1,2,7,0,7,0,2,0,40,38,1200,400,45
SIM,3,0,1,2,8,1,7,0,2,0,40,37,300,1400,37
SIM,3,0,1,2,9,0,5,3,2,1,40,37,1000,300,45
SIM,3,0,1,2,10,1,5,3,2,1,40,37,1000,1200,31
SIM,3,0,1,2,11,0,4,3,1,1,40,37,1800,300,45
SIM,3,0,1,2,12,1,4,0,1,0,40,37,1800,1300,43
SIM,3,0,1,2,13,0,4,0,1,0,40,37,2600,400,45
SIM,3,0,1,2,14,1,7,0,2,0,40,35,300,1400,16
SIM,3,0,1,2,15,0,5,3,2,1,40,35,1000,300,45
SIM,3,0,1,2,16,1,5,0,2,0,40,34,400,1300,37
SIM,3,0,1,2,17,0,5,0,2,0,40,34,1100,400,45
SIM,3,0,1,2,18,1,5,0,2,0,40,32,500,1400,37
SIM,3,0,1,2,19,0,5,0,2,0,40,32,1200,500,45
SIM,3,0,1,2,20,1,8,0,3,0,40,29,100,1500,24
SIM,3,0,1,2,21,0,6,3,2,1,40,29,900,100,45
SIM,3,0,1,2,22,1,6,3,2,1,40,27,300,1000,37
SIM,3,0,1,2,23,0,4,3,2,1,40,27,1100,400,45
SIM,3,0,1,2,24,1,4,3,2,1,40,25,500,1300,37
SIM,3,0,1,2,25,0,3,3,1,1,40,25,1400,400,45
SIM,3,0,1,2,26,1,6,1,2,1,40,24,300,1300,30
SIM,3,0,1,2,27,0,3,4,1,2,40,24,1200,200,45
SIM,3,0,1,2,28,1,3,3,1,1,40,24,300,1100,35
SIM,3,0,1,2,29,0,1,3,1,1,40,24,1200,500,45
SIM,3,0,1,2,30,1,1,3,1,1,40,23,300,1400,37
SIM,3,0,1,2,31,0,0,3,0,1,40,23,1300,500,45
SIM,3,0,1,2,32,1,3,1,1,1,40,23,200,1400,32
SIM,3,0,1,2,33,0,0,4,0,2,40,23,1200,300,45
SIM,3,0,1,2,34,1,0,4,0,2,40,23,300,1100,39
SIM,3,0,1,2,35,0,0,4,0,2,40,23,1300,500,45
SIM,3,0,1,2,36,1,0,4,0,2,40,23,400,1300,39
SIM,3,0,1,2,37,0,0,4,0,2,40,23,1400,400,45
SIM,3,0,1,2,38,1,14,4,0,2,40,23,800,1200,43
SIM,3,0,1,2,39,0,12,7,0,3,38,23,1800,100,45
SIM,3,0,1,2,40,1,3,6,1,2,38,23,100,900,26
SIM,3,0,1,2,41,0,3,6,1,2,36,23,1000,300,45
SIM,3,0,1,2,42,1,3,4,1,2,36,23,400,1100,39
SIM,3,0,1,2,43,0,3,4,1,2,34,23,1300,500,45
SIM,3,0,1,2,44,1,3,3,1,1,34,23,400,1400,37
SIM,3,0,1,2,45,0,1,6,1,2,33,23,1300,300,45
SIM,3,0,1,2,46,1,4,3,2,1,33,23,200,1200,30
SIM,3,0,1,2,47,0,3,3,1,1,33,23,1100,300,45
SIM,3,0,1,2,48,1,3,1,1,1,33,23,500,1200,37
SIM,3,0,1,2,49,0,3,1,1,1,32,23,1400,300,45
SIM,3,0,1,2,50,1,3,0,1,0,32,23,500,1300,37
SIM,3,0,1,2,51,0,1,3,1,1,32,23,1400,200,45
SIM,3,0,1,2,52,1,15,3,1,1,32,23,800,1100,43
SIM,3,0,1,2,53,0,14,3,0,1,32,23,1800,500,45
SIM,3,0,1,2,54,1,0,3,0,1,32,23,2100,1400,45
SIM,3,0,1,2,55,0,0,3,0,1,31,23,3100,500,45
SIM,3,0,1,2,56,1,3,1,1,1,31,23,200,1400,22
SIM,3,0,1,2,57,0,1,4,1,2,30,23,1100,300,45
SIM,3,0,1,2,58,1,1,3,1,1,30,23,1100,1200,43
SIM,3,0,1,2,59,0,0,3,0,1,30,23,2100,300,45
SIM,3,0,1,2,60,1,14,3,0,1,30,23,1500,1200,43
SIM_END,3,0,1,2,60,0,0
SIM,4,0,1,3,1,0,6,0,1,0,40,40,1000,0,30
SIM,4,0,1,3,2,1,9,0,2,0,40,39,200,1000,19
SIM,4,0,1,3,3,0,7,3,2,1,40,39,900,200,45
SIM,4,0,1,3,4,1,7,3,2,1,40,39,900,1100,35
SIM,4,0,1,3,5,0,6,3,1,1,40,39,1700,500,45
SIM,4,0,1,3,6,1,6,0,1,0,40,39,500,1500,35
SIM,4,0,1,3,7,0,6,0,1,0,40,39,1300,300,45
SIM,4,0,1,3,8,1,9,0,2,0,40,37,200,1300,24
SIM,4,0,1,3,9,0,7,3,2,1,40,37,900,200,45
SIM,4,0,1,3,10,1,7,0,2,0,40,36,300,1200,37
SIM,4,0,1,3,11,0,7,0,2,0,40,36,1000,300,45
SIM,4,0,1,3,12,1,7,0,2,0,40,34,400,1300,37
SIM,4,0,1,3,13,0,7,0,2,0,40,34,1100,400,45
SIM,4,0,1,3,14,1,7,0,2,0,40,33,1100,1400,43
SIM,4,0,1,3,15,0,5,3,2,1,40,33,1800,300,45
SIM,4,0,1,3,16,1,5,0,2,0,40,33,1800,1300,43
SIM,4,0,1,3,17,0,5,0,2,0,40,33,2500,400,45
SIM,4,0,1,3,18,1,8,0,3,0,40,31,200,1400,23
SIM,4,0,1,3,19,0,8,0,3,0,40,31,800,500,45
SIM,4,0,1,3,20,1,8,0,3,0,40,30,800,1500,43
SIM,4,0,1,3,21,0,6,3,2,1,40,30,1600,100,45
SIM,4,0,1,3,22,1,6,3,2,1,40,28,400,1000,30
SIM,4,0,1,3,23,0,4,3,2,1,40,28,1200,400,45
SIM,4,0,1,3,24,1,4,3,2,1,40,27,1200,1300,43
SIM,4,0,1,3,25,0,3,3,1,1,40,27,2100,400,45
SIM,4,0,1,3,26,1,3,3,1,1,40,26,2100,1300,43
SIM,4,0,1,3,27,0,0,6,0,2,40,26,3100,200,45
SIM,4,0,1,3,28,1,3,4,1,2,40,26,200,1000,20
SIM,4,0,1,3,29,0,0,4,0,2,40,26,1200,400,45
SIM,4,0,1,3,30,1,14,4,0,2,40,26,600,1200,43
SIM,4,0,1,3,31,0,14,4,0,2,39,26,1600,300,45
SIM,4,0,1,3,32,1,0,4,0,2,39,26,400,1100,35
SIM,4,0,1,3,33,0,0,7,0,3,37,26,1400,300,45
SIM,4,0,1,3,34,1,3,6,1,2,37,26,300,1100,36
SIM,4,0,1,3,35,0,3,6,1,2,35,26,1200,500,45
SIM,4,0,1,3,36,1,3,4,1,2,35,26,300,1300,37
SIM,4,0,1,3,37,0,3,4,1,2,33,26,1200,400,45
SIM,4,0,1,3,38,1,3,3,1,1,33,26,300,1300,37
SIM,4,0,1,3,39,0,3,6,1,2,32,26,1200,200,45
SIM,4,0,1,3,40,1,6,3,2,1,32,26,100,1100,24
SIM,4,0,1,3,41,0,6,3,2,1,31,26,900,500,45
SIM,4,0,1,3,42,1,6,0,2,0,31,26,300,1500,37
SIM,4,0,1,3,43,0,6,0,2,0,31,26,1100,300,45
SIM,4,0,1,3,44,1,6,0,2,0,31,26,500,1300,41
SIM,4,0,1,3,45,0,4,3,2,1,31,26,1300,200,45
SIM,4,0,1,3,46,1,18,3,2,1,31,26,700,1100,43
SIM,4,0,1,3,47,0,17,3,1,1,31,26,1600,500,45
SIM,4,0,1,3,48,1,6,0,2,0,31,26,200,1500,26
SIM,4,0,1,3,49,0,6,0,2,0,31,26,1000,300,45
SIM,4,0,1,3,50,1,6,0,2,0,31,26,400,1300,41
SIM,4,0,1,3,51,0,4,3,2,1,31,26,1200,200,45
SIM,4,0,1,3,52,1,4,0,2,0,31,26,300,1200,33
SIM,4,0,1,3,53,0,4,0,2,0,31,26,1100,300,45
SIM,4,0,1,3,54,1,18,0,2,0,31,26,500,1300,43
SIM,4,0,1,3,55,0,18,0,2,0,31,26,1300,400,45
SIM,4,0,1,3,56,1,4,0,2,0,31,26,1600,1400,45
SIM,4,0,1,3,57,0,3,3,1,1,31,26,2500,300,45
SIM,4,0,1,3,58,1,6,0,2,0,31,26,200,1300,24
SIM,4,0,1,3,59,0,6,0,2,0,31,26,1000,400,45
SIM,4,0,1,3,60,1,20,0,2,0,31,26,400,1400,43
SIM_END,4,0,1,3,60,0,0
SIM,5,0,1,4,1,0,6,0,1,0,40,40,1000,0,30
SIM,5,0,1,4,2,1,9,0,2,0,40,39,200,1000,19
SIM,5,0,1,4,3,0,7,3,2,1,40,39,900,200,45
SIM,5,0,1,4,4,1,7,0,2,0,40,38,300,1200,19
SIM,5,0,1,4,5,0,7,0,2,0,40,38,1000,300,45
SIM,5,0,1,4,6,1,7,0,2,0,40,36,400,1300,31
SIM,5,0,1,4,7,0,7,0,2,0,40,36,1100,400,45
SIM,5,0,1,4,8,1,10,0,3,0,40,34,300,1400,33
SIM,5,0,1,4,9,0,9,3,2,1,40,34,1000,300,45
SIM,5,0,1,4,10,1,9,0,2,0,40,33,400,1300,36
SIM,5,0,1,4,11,0,9,0,2,0,40,33,1100,400,45
SIM,5,0,1,4,12,1,9,0,2,0,40,32,1100,1400,43
SIM,5,0,1,4,13,0,9,0,2,0,40,32,1800,500,45
SIM,5,0,1,4,14,1,12,0,3,0,40,29,100,1500,20
SIM,5,0,1,4,15,0,10,3,3,1,40,29,700,100,45
SIM,5,0,1,4,16,1,10,0,3,0,40,29,700,1100,43
SIM,5,0,1,4,17,0,10,0,3,0,40,29,1300,500,45
SIM,5,0,1,4,18,1,10,0,3,0,40,26,400,1500,33
SIM,5,0,1,4,19,0,10,0,3,0,40,26,1000,300,45
SIM,5,0,1,4,20,1,10,0,3,0,40,25,1000,1300,43
SIM,5,0,1,4,21,0,8,3,3,1,40,25,1600,200,45
SIM,5,0,1,4,22,1,11,0,4,0,40,23,200,1200,27
SIM,5,0,1,4,23,0,11,0,4,0,40,23,700,300,45
SIM,5,0,1,4,24,1,11,0,4,0,40,22,700,1300,43
SIM,5,0,1,4,25,0,11,0,4,0,40,22,1200,400,45
SIM,5,0,1,4,26,1,11,0,4,0,40,21,1200,1400,43
SIM,5,0,1,4,27,0,9,3,3,1,40,21,1900,300,45
SIM,5,0,1,4,28,1,12,1,4,1,40,18,200,1200,15
SIM,5,0,1,4,29,0,10,1,4,1,40,18,800,300,45
SIM,5,0,1,4,30,1,10,0,4,0,40,15,500,1300,31
SIM,5,0,1,4,31,0,10,0,4,0,40,15,1100,1300,45
SIM,5,0,1,4,32,1,10,0,4,0,40,14,1100,2300,43
SIM,5,0,1,4,33,0,9,3,3,1,40,14,1800,300,45
SIM,5,0,1,4,34,1,12,3,4,1,40,10,100,1200,18
SIM,5,0,1,4,35,0,10,3,4,1,40,10,700,300,45
SIM,5,0,1,4,36,1,10,3,4,1,40,9,700,1200,43
SIM,5,0,1,4,37,0,9,3,3,1,40,9,1400,300,45
SIM,5,0,1,4,38,1,9,3,3,1,40,6,500,1200,33
SIM,5,0,1,4,39,0,6,6,2,2,40,6,1300,100,45
SIM,5,0,1,4,40,1,6,6,2,2,40,5,1300,900,43
SIM,5,0,1,4,41,0,3,6,1,2,40,5,2200,300,45
SIM,5,0,1,4,42,1,3,6,1,2,40,4,2200,1100,43
SIM,5,0,1,4,43,0,0,6,0,2,40,4,3200,500,45
SIM,5,0,1,4,44,1,14,6,0,2,40,4,2600,1300,43
SIM,5,0,1,4,45,0,14,9,0,3,39,4,3600,200,45
SIM,5,0,1,4,46,1,3,7,1,3,39,4,100,900,16
SIM,5,0,1,4,47,0,0,7,0,3,38,4,1100,300,45
SIM,5,0,1,4,48,1,14,7,0,3,38,4,500,1000,43
SIM,5,0,1,4,49,0,12,7,0,3,36,4,1500,400,45
SIM,5,0,1,4,50,1,0,7,0,3,36,4,300,1100,35
SIM,5,0,1,4,51,0,0,10,0,4,33,4,1300,300,45
SIM,5,0,1,4,52,1,3,9,1,3,33,4,200,1000,34
SIM,5,0,1,4,53,0,3,9,1,3,30,4,1100,400,45
SIM,5,0,1,4,54,1,17,9,1,3,30,4,500,1100,43
SIM,5,0,1,4,55,0,17,9,1,3,27,4,1400,500,45
SIM,5,0,1,4,56,1,3,7,1,3,27,4,500,1200,35
SIM,5,0,1,4,57,0,1,10,1,4,24,4,1400,100,45
SIM,5,0,1,4,58,1,4,7,2,3,24,4,300,800,34
SIM,5,0,1,4,59,0,1,7,1,3,23,4,1200,500,45
SIM,5,0,1,4,60,1,1,6,1,2,23,4,1200,1300,43
SIM_END,5,0,1,4,60,0,0
SIM,6,0,1,5,1,0,6,0,1,0,40,40,1000,0,30
SIM,6,0,1,5,2,1,20,0,1,0,40,40,400,1000,28
SIM,6,0,1,5,3,0,20,3,1,1,39,40,1200,200,45
SIM,6,0,1,5,4,1,9,0,2,0,39,39,100,1200,26
SIM,6,0,1,5,5,0,9,0,2,0,39,39,800,300,45
SIM,6,0,1,5,6,1,9,0,2,0,39,38,800,1300,43
SIM,6,0,1,5,7,0,9,0,2,0,39,38,1500,400,45
SIM,6,0,1,5,8,1,9,0,2,0,39,37,300,1400,35
SIM,6,0,1,5,9,0,7,3,2,1,39,37,1000,300,45
SIM,6,0,1,5,10,1,7,3,2,1,39,37,1000,1200,35
SIM,6,0,1,5,11,0,6,3,1,1,39,37,1800,300,45
SIM,6,0,1,5,12,1,9,0,2,0,39,36,100,1300,26
SIM,6,0,1,5,13,0,9,0,2,0,39,36,800,400,45
SIM,6,0,1,5,14,1,9,0,2,0,39,34,500,1400,33
SIM,6,0,1,5,15,0,7,3,2,1,39,34,1200,300,45
SIM,6,0,1,5,16,1,7,0,2,0,39,33,300,1300,35
SIM,6,0,1,5,17,0,7,0,2,0,39,33,1000,400,45
SIM,6,0,1,5,18,1,10,0,3,0,39,31,200,1400,33
SIM,6,0,1,5,19,0,10,0,3,0,39,31,800,500,45
SIM,6,0,1,5,20,1,10,0,3,0,39,30,800,1500,43
SIM,6,0,1,5,21,0,8,3,3,1,39,30,1400,100,45
SIM,6,0,1,5,22,1,8,0,3,0,39,30,1400,1100,43
SIM,6,0,1,5,23,0,8,0,3,0,39,30,2000,500,45
SIM,6,0,1,5,24,1,8,0,3,0,39,29,2000,1500,43
SIM,6,0,1,5,25,0,8,0,3,0,39,29,2600,300,45
SIM,6,0,1,5,26,1,11,0,4,0,39,26,300,1300,18
SIM,6,0,1,5,27,0,9,3,3,1,39,26,1000,200,45
SIM,6,0,1,5,28,1,9,3,3,1,39,25,1000,1100,43
SIM,6,0,1,5,29,0,7,3,3,1,39,25,1700,500,45
SIM,6,0,1,5,30,1,7,1,3,1,39,23,500,1400,30
SIM,6,0,1,5,31,0,6,1,2,1,39,23,1300,500,45
SIM,6,0,1,5,32,1,9,0,3,0,39,21,200,1500,28
SIM,6,0,1,5,33,0,7,3,3,1,39,21,900,100,45
SIM,6,0,1,5,34,1,7,1,3,1,39,19,300,1000,35
SIM,6,0,1,5,35,0,6,1,2,1,39,19,1100,400,45
SIM,6,0,1,5,36,1,6,0,2,0,39,18,500,1400,37
SIM,6,0,1,5,37,0,6,0,2,0,39,18,1300,500,45
SIM,6,0,1,5,38,1,9,0,3,0,39,15,200,1500,26
SIM,6,0,1,5,39,0,7,3,3,1,39,15,900,100,45
SIM,6,0,1,5,40,1,7,3,3,1,39,12,300,1000,35
SIM,6,0,1,5,41,0,6,3,2,1,39,12,1100,400,45
SIM,6,0,1,5,42,1,6,3,2,1,39,11,1100,1300,43
SIM,6,0,1,5,43,0,4,3,2,1,39,11,1900,400,45
SIM,6,0,1,5,44,1,7,1,3,1,39,9,200,1300,24
SIM,6,0,1,5,45,0,4,4,2,2,39,9,1000,200,45
SIM,6,0,1,5,46,1,4,3,2,1,39,8,400,1100,37
SIM,6,0,1,5,47,0,3,3,1,1,39,8,1300,500,45
SIM,6,0,1,5,48,1,3,3,1,1,39,7,400,1400,37
SIM,6,0,1,5,49,0,3,3,1,1,39,7,1300,500,45
SIM,6,0,1,5,50,1,3,3,1,1,39,6,1300,1400,43
SIM,6,0,1,5,51,0,0,6,0,2,39,6,2300,300,45
SIM,6,0,1,5,52,1,14,6,0,2,39,6,1700,1100,43
SIM,6,0,1,5,53,0,14,6,0,2,39,6,2700,500,45
SIM,6,0,1,5,54,1,3,6,1,2,39,5,100,1300,20
SIM,6,0,1,5,55,0,0,6,0,2,39,5,1100,400,45
SIM,6,0,1,5,56,1,0,6,0,2,39,5,500,1200,41
SIM,6,0,1,5,57,0,0,9,0,3,36,5,1500,100,45
SIM,6,0,1,5,58,1,14,9,0,3,36,5,900,800,43
SIM,6,0,1,5,59,0,14,9,0,3,33,5,1900,500,45
SIM,6,0,1,5,60,1,3,7,1,3,33,5,200,1200,30
SIM_END,6,0,1,5,60,0,0
SIM,7,0,1,6,1,0,6,0,1,0,40,40,1000,0,30
SIM,7,0,1,6,2,1,9,0,2,0,40,39,200,1000,19
SIM,7,0,1,6,3,0,7,3,2,1,40,39,900,200,45
SIM,7,0,1,6,4,1,7,3,2,1,40,39,900,1100,23
SIM,7,0,1,6,5,0,6,3,1,1,40,39,1700,500,45
SIM,7,0,1,6,6,1,6,0,1,0,40,39,500,1500,35
SIM,7,0,1,6,7,0,6,0,1,0,40,39,1300,300,45
SIM,7,0,1,6,8,1,9,0,2,0,40,37,200,1300,24
SIM,7,0,1,6,9,0,7,3,2,1,40,37,900,200,45
SIM,7,0,1,6,10,1,7,0,2,0,40,36,300,1200,37
SIM,7,0,1,6,11,0,7,0,2,0,40,36,1000,300,45
SIM,7,0,1,6,12,1,7,0,2,0,40,34,400,1300,37
SIM,7,0,1,6,13,0,7,0,2,0,40,34,1100,400,45
SIM,7,0,1,6,14,1,10,0,3,0,40,32,300,1400,33
SIM,7,0,1,6,15,0,8,3,3,1,40,32,900,300,45
SIM,7,0,1,6,16,1,8,0,3,0,40,30,300,1300,32
SIM,7,0,1,6,17,0,8,0,3,0,40,30,900,400,45
SIM,7,0,1,6,18,1,8,0,3,0,40,27,300,1400,35
SIM,7,0,1,6,19,0,8,0,3,0,40,27,900,500,45
SIM,7,0,1,6,20,1,11,0,4,0,40,24,100,1500,31
SIM,7,0,1,6,21,0,9,3,3,1,40,24,800,100,45
SIM,7,0,1,6,22,1,9,3,3,1,40,21,500,1000,34
SIM,7,0,1,6,23,0,7,3,3,1,40,21,1200,400,45
SIM,7,0,1,6,24,1,7,3,3,1,40,18,300,1300,33
SIM,7,0,1,6,25,0,6,3,2,1,40,18,1100,400,45
SIM,7,0,1,6,26,1,6,3,2,1,40,17,1100,1300,43
SIM,7,0,1,6,27,0,3,6,1,2,40,17,2000,200,45
SIM,7,0,1,6,28,1,6,4,2,2,40,16,300,1000,26
SIM,7,0,1,6,29,0,3,4,1,2,40,16,1200,400,45
SIM,7,0,1,6,30,1,3,3,1,1,40,16,300,1300,35
SIM,7,0,1,6,31,0,1,3,1,1,40,16,1200,400,45
SIM,7,0,1,6,32,1,1,3,1,1,40,15,300,1300,37
SIM,7,0,1,6,33,0,0,6,0,2,39,15,1300,200,45
SIM,7,0,1,6,34,1,3,4,1,2,39,15,200,1000,34
SIM,7,0,1,6,35,0,1,4,1,2,38,15,1100,400,45
SIM,7,0,1,6,36,1,1,3,1,1,38,15,500,1300,39
SIM,7,0,1,6,37,0,0,3,0,1,38,15,1500,400,45
SIM,7,0,1,6,38,1,0,3,0,1,38,15,300,1300,37
SIM,7,0,1,6,39,0,0,6,0,2,37,15,1300,200,45
SIM,7,0,1,6,40,1,3,4,1,2,37,15,200,1000,34
SIM,7,0,1,6,41,0,1,4,1,2,36,15,1100,400,45
SIM,7,0,1,6,42,1,1,3,1,1,36,15,500,1300,39
SIM,7,0,1,6,43,0,0,3,0,1,36,15,1500,400,45
SIM,7,0,1,6,44,1,0,3,0,1,36,15,300,1300,37
SIM,7,0,1,6,45,0,0,6,0,2,35,15,1300,200,45
SIM,7,0,1,6,46,1,14,6,0,2,35,15,700,1000,43
SIM,7,0,1,6,47,0,14,6,0,2,33,15,1700,400,45
SIM,7,0,1,6,48,1,3,4,1,2,33,15,300,1200,30
SIM,7,0,1,6,49,0,3,4,1,2,31,15,1200,300,45
SIM,7,0,1,6,50,1,3,3,1,1,31,15,300,1200,37
SIM,7,0,1,6,51,0,1,6,1,2,30,15,1200,100,45
SIM,7,0,1,6,52,1,1,4,1,2,30,15,300,900,37
SIM,7,0,1,6,53,0,0,4,0,2,29,15,1300,300,45
SIM,7,0,1,6,54,1,3,3,1,1,29,15,200,1200,34
SIM,7,0,1,6,55,0,3,3,1,1,28,15,1100,300,45
SIM,7,0,1,6,56,1,3,1,1,1,28,15,500,1200,35
SIM,7,0,1,6,57,0,1,4,1,2,27,15,1400,100,45
SIM,7,0,1,6,58,1,1,3,1,1,27,15,500,1000,37
SIM,7,0,1,6,59,0,0,3,0,1,27,15,1500,400,45
SIM,7,0,1,6,60,1,14,3,0,1,27,15,900,1300,43
SIM_END,7,0,1,6,60,0,0
SIM,8,1,1,0,1,0,0,6,0,1,40,40,1000,0,30
SIM,8,1,1,0,2,1,3,4,1,1,40,40,200,800,19
SIM,8,1,1,0,3,0,0,7,0,2,39,40,1200,300,45
SIM,8,1,1,0,4,1,0,7,0,2,39,40,300,1000,39
SIM,8,1,1,0,5,0,0,7,0,2,38,40,1300,400,45
SIM,8,1,1,0,6,1,0,7,0,2,38,40,400,1100,39
SIM,8,1,1,0,7,0,0,7,0,2,37,40,1400,500,45
SIM,8,1,1,0,8,1,3,5,1,2,37,40,300,1200,34
SIM,8,1,1,0,9,0,0,8,0,3,35,40,1300,100,45
SIM,8,1,1,0,10,1,0,8,0,3,35,40,400,700,39
SIM,8,1,1,0,11,0,0,8,0,3,33,40,1400,400,45
SIM,8,1,1,0,12,1,0,8,0,3,33,40,500,1000,39
SIM,8,1,1,0,13,0,0,8,0,3,31,40,1500,400,45
SIM,8,1,1,0,14,1,3,7,1,2,31,40,100,1100,32
SIM,8,1,1,0,15,0,3,7,1,2,31,40,1000,1100,45
SIM,8,1,1,0,16,1,3,5,1,2,31,40,400,1800,39
SIM,8,1,1,0,17,0,0,8,0,3,29,40,1400,100,45
SIM,8,1,1,0,18,1,0,8,0,3,29,40,500,700,39
SIM,8,1,1,0,19,0,0,8,0,3,27,40,1500,400,45
SIM,8,1,1,0,20,1,3,6,1,2,27,40,100,1200,31
SIM,8,1,1,0,21,0,3,6,1,2,25,40,1000,300,45
SIM,8,1,1,0,22,1,3,4,1,2,25,40,400,1100,38
SIM,8,1,1,0,23,0,1,7,1,3,23,40,1300,300,45
SIM,8,1,1,0,24,1,1,6,1,2,23,40,400,1100,37
SIM,8,1,1,0,25,0,0,6,0,2,22,40,1400,500,45
SIM,8,1,1,0,26,1,3,4,1,2,22,40,300,1300,36
SIM,8,1,1,0,27,0,3,4,1,2,21,40,1200,1300,45
SIM,8,1,1,0,28,1,3,3,1,1,21,40,300,2200,37
SIM,8,1,1,0,29,0,3,6,1,2,20,40,1200,200,45
SIM,8,1,1,0,30,1,3,4,1,2,20,40,300,1000,35
SIM,8,1,1,0,31,0,1,4,1,2,19,40,1200,400,45
SIM,8,1,1,0,32,1,4,1,2,1,19,40,100,1300,32
SIM,8,1,1,0,33,0,3,1,1,1,19,40,1000,400,45
SIM,8,1,1,0,34,1,3,0,1,0,19,40,400,1400,39
SIM,8,1,1,0,35,0,1,3,1,1,19,40,1300,300,45
SIM,8,1,1,0,36,1,1,1,1,1,19,40,400,1200,37
SIM,8,1,1,0,37,0,0,1,0,1,19,40,1400,300,45
SIM,8,1,1,0,38,1,3,0,1,0,19,40,300,1300,34
SIM,8,1,1,0,39,0,3,14,1,0,19,40,1200,700,45
SIM,8,1,1,0,40,1,3,14,1,0,19,39,300,1700,29
SIM,8,1,1,0,41,0,1,3,1,1,19,39,1200,300,45
SIM,8,1,1,0,42,1,1,3,1,1,19,38,300,1200,37
SIM,8,1,1,0,43,0,0,3,0,1,19,38,1300,300,45
SIM,8,1,1,0,44,1,3,1,1,1,19,38,200,1200,32
SIM,8,1,1,0,45,0,3,15,1,1,19,38,1100,600,45
SIM,8,1,1,0,46,1,3,14,1,0,19,38,500,1600,39
SIM,8,1,1,0,47,0,1,3,1,1,19,38,1400,200,45
SIM,8,1,1,0,48,1,1,1,1,1,19,38,500,1100,37
SIM,8,1,1,0,49,0,0,1,0,1,19,38,1500,1100,45
SIM,8,1,1,0,50,1,3,0,1,0,19,38,100,2100,30
SIM,8,1,1,0,51,0,3,14,1,0,19,38,1000,1500,45
SIM,8,1,1,0,52,1,3,14,1,0,19,37,400,2500,37
SIM,8,1,1,0,53,0,1,3,1,1,19,37,1300,200,45
SIM,8,1,1,0,54,1,1,3,1,1,19,36,400,1100,37
SIM,8,1,1,0,55,0,0,3,0,1,19,36,1400,500,45
SIM,8,1,1,0,56,1,3,1,1,1,19,36,300,1400,32
SIM,8,1,1,0,57,0,1,1,1,1,19,36,1200,500,45
SIM,8,1,1,0,58,1,1,0,1,0,19,36,300,1500,37
SIM,8,1,1,0,59,0,1,14,1,0,19,36,1200,900,45
SIM,8,1,1,0,60,1,1,14,1,0,19,35,300,1900,35
SIM_END,8,1,1,0,60,1,0
SIM,9,1,1,1,1,0,0,6,0,1,40,40,1000,0,30
SIM,9,1,1,1,2,1,3,4,1,1,40,40,200,800,19
SIM,9,1,1,1,3,0,0,7,0,2,39,40,1200,300,45
SIM,9,1,1,1,4,1,0,7,0,2,39,40,300,1000,39
SIM,9,1,1,1,5,0,0,7,0,2,38,40,1300,400,45
SIM,9,1,1,1,6,1,0,7,0,2,38,40,400,1100,39
SIM,9,1,1,1,7,0,0,7,0,2,37,40,1400,1100,45
SIM,9,1,1,1,8,1,3,5,1,2,37,40,300,1800,34
SIM,9,1,1,1,9,0,0,8,0,3,35,40,1300,100,45
SIM,9,1,1,1,10,1,0,8,0,3,35,40,400,700,39
SIM,9,1,1,1,11,0,0,8,0,3,33,40,1400,400,45
SIM,9,1,1,1,12,1,0,8,0,3,33,40,500,1000,39
SIM,9,1,1,1,13,0,0,8,0,3,32,40,1500,1000,45
SIM,9,1,1,1,14,1,3,7,1,2,32,40,100,1700,32
SIM,9,1,1,1,15,0,0,10,0,3,30,40,1100,300,45
SIM,9,1,1,1,16,1,0,10,0,3,30,40,500,900,41
SIM,9,1,1,1,17,0,0,10,0,3,29,40,1500,900,45
SIM,9,1,1,1,18,1,0,10,0,3,29,40,300,1500,37
SIM,9,1,1,1,19,0,0,10,0,3,28,40,1300,1500,45
SIM,9,1,1,1,20,1,3,8,1,3,28,40,200,2100,36
SIM,9,1,1,1,21,0,0,11,0,4,25,40,1200,100,45
SIM,9,1,1,1,22,1,0,11,0,4,25,40,300,600,39
SIM,9,1,1,1,23,0,0,11,0,4,22,40,1300,300,45
SIM,9,1,1,1,24,1,0,11,0,4,22,40,400,800,39
SIM,9,1,1,1,25,0,0,11,0,4,19,40,1400,500,45
SIM,9,1,1,1,26,1,3,10,1,3,19,40,300,1100,36
SIM,9,1,1,1,27,0,0,13,0,4,16,40,1300,300,45
SIM,9,1,1,1,28,1,0,13,0,4,16,40,400,800,39
SIM,9,1,1,1,29,0,0,13,0,4,15,40,1400,800,45
SIM,9,1,1,1,30,1,0,13,0,4,15,40,500,1300,39
SIM,9,1,1,1,31,0,0,13,0,4,12,40,1500,400,45
SIM,9,1,1,1,32,1,3,11,1,4,12,40,100,900,34
SIM,9,1,1,1,33,0,0,11,0,4,9,40,1100,300,45
SIM,9,1,1,1,34,1,0,11,0,4,9,40,500,800,41
SIM,9,1,1,1,35,0,0,11,0,4,6,40,1500,500,45
SIM,9,1,1,1,36,1,0,11,0,4,6,40,300,1000,37
SIM,9,1,1,1,37,0,0,11,0,4,3,40,1300,400,45
SIM,9,1,1,1,38,1,3,10,1,3,3,40,200,1000,36
SIM_END,9,1,1,1,38,1,0
SIM,10,1,1,2,1,0,0,6,0,1,40,40,1000,0,30
SIM,10,1,1,2,2,1,3,6,1,1,40,39,200,800,19
SIM,10,1,1,2,3,0,0,9,0,2,39,39,1200,300,45
SIM,10,1,1,2,4,1,0,9,0,2,39,39,300,1000,39
SIM,10,1,1,2,5,0,0,9,0,2,38,39,1300,1000,45
SIM,10,1,1,2,6,1,0,9,0,2,38,39,400,1700,39
SIM,10,1,1,2,7,0,0,9,0,2,37,39,1400,1700,45
SIM,10,1,1,2,8,1,3,7,1,2,37,39,300,2400,34
SIM,10,1,1,2,9,0,0,10,0,3,35,39,1300,100,45
SIM,10,1,1,2,10,1,0,10,0,3,35,39,400,700,39
SIM,10,1,1,2,11,0,0,10,0,3,33,39,1400,400,45
SIM,10,1,1,2,12,1,0,10,0,3,33,39,500,1000,39
SIM,10,1,1,2,13,0,0,10,0,3,31,39,1500,400,45
SIM,10,1,1,2,14,1,3,9,1,2,31,39,100,1100,32
SIM,10,1,1,2,15,0,0,12,0,3,29,39,1100,300,45
SIM,10,1,1,2,16,1,0,12,0,3,29,39,500,900,41
SIM,10,1,1,2,17,0,0,12,0,3,28,39,1500,900,45
SIM,10,1,1,2,18,1,0,12,0,3,28,39,300,1500,37
SIM,10,1,1,2,19,0,0,12,0,3,27,39,1300,1500,45
SIM,10,1,1,2,20,1,3,10,1,3,27,39,200,2100,36
SIM,10,1,1,2,21,0,0,13,0,4,24,39,1200,100,45
SIM,10,1,1,2,22,1,0,13,0,4,24,39,300,600,39
SIM,10,1,1,2,23,0,0,13,0,4,21,39,1300,300,45
SIM,10,1,1,2,24,1,0,13,0,4,21,39,400,800,39
SIM,10,1,1,2,25,0,0,13,0,4,18,39,1400,500,45
SIM,10,1,1,2,26,1,3,12,1,3,18,39,300,1100,36
SIM,10,1,1,2,27,0,0,15,0,4,15,39,1300,300,45
SIM,10,1,1,2,28,1,0,15,0,4,15,39,400,800,39
SIM,10,1,1,2,29,0,0,15,0,4,14,39,1400,800,45
SIM,10,1,1,2,30,1,0,15,0,4,14,39,500,1300,39
SIM,10,1,1,2,31,0,0,15,0,4,11,39,1500,400,45
SIM,10,1,1,2,32,1,3,13,1,4,11,39,100,900,34
SIM,10,1,1,2,33,0,0,13,0,4,8,39,1100,300,45
SIM,10,1,1,2,34,1,0,13,0,4,8,39,500,800,41
SIM,10,1,1,2,35,0,0,13,0,4,5,39,1500,500,45
SIM,10,1,1,2,36,1,0,13,0,4,5,39,300,1000,37
SIM,10,1,1,2,37,0,0,13,0,4,2,39,1300,400,45
SIM,10,1,1,2,38,1,3,12,1,3,2,39,200,1000,36
SIM_END,10,1,1,2,38,1,0
SIM,11,1,1,3,1,0,0,6,0,1,40,40,1000,0,30
SIM,11,1,1,3,2,1,3,6,1,1,40,39,200,800,19
SIM,11,1,1,3,3,0,0,9,0,2,39,39,1200,300,45
SIM,11,1,1,3,4,1,0,9,0,2,39,39,300,1000,39
SIM,11,1,1,3,5,0,0,9,0,2,38,39,1300,400,45
SIM,11,1,1,3,6,1,0,9,0,2,38,39,400,1100,39
SIM,11,1,1,3,7,0,0,9,0,2,37,39,1400,1100,45
SIM,11,1,1,3,8,1,3,7,1,2,37,39,300,1800,34
SIM,11,1,1,3,9,0,3,7,1,2,37,39,1200,1800,45
SIM,11,1,1,3,10,1,3,6,1,1,37,39,300,2600,37
SIM,11,1,1,3,11,0,0,9,0,2,36,39,1300,300,45
SIM,11,1,1,3,12,1,0,9,0,2,36,39,400,1000,39
SIM,11,1,1,3,13,0,0,9,0,2,35,39,1400,400,45
SIM,11,1,1,3,14,1,3,7,1,2,35,39,300,1100,34
SIM,11,1,1,3,15,0,0,7,0,2,34,39,1300,500,45
SIM,11,1,1,3,16,1,0,7,0,2,34,39,400,1200,39
SIM,11,1,1,3,17,0,0,10,0,3,32,39,1400,100,45
SIM,11,1,1,3,18,1,0,10,0,3,32,39,500,700,39
SIM,11,1,1,3,19,0,0,10,0,3,31,39,1500,700,45
SIM,11,1,1,3,20,1,3,9,1,2,31,39,100,1400,32
SIM,11,1,1,3,21,0,3,9,1,2,31,39,1000,1400,45
SIM,11,1,1,3,22,1,3,7,1,2,31,39,400,2100,39
SIM,11,1,1,3,23,0,0,10,0,3,29,39,1400,100,45
SIM,11,1,1,3,24,1,0,10,0,3,29,39,500,700,39
SIM,11,1,1,3,25,0,0,10,0,3,28,39,1500,700,45
SIM,11,1,1,3,26,1,3,8,1,3,28,39,100,1300,34
SIM,11,1,1,3,27,0,3,8,1,3,28,39,1000,1300,45
SIM,11,1,1,3,28,1,3,7,1,2,28,39,400,2000,39
SIM,11,1,1,3,29,0,0,10,0,3,27,39,1400,300,45
SIM,11,1,1,3,30,1,0,10,0,3,27,39,500,900,39
SIM,11,1,1,3,31,0,0,10,0,3,24,39,1500,300,45
SIM,11,1,1,3,32,1,3,8,1,3,24,39,100,900,34
SIM,11,1,1,3,33,0,0,8,0,3,22,39,1100,300,45
SIM,11,1,1,3,34,1,0,8,0,3,22,39,500,900,41
SIM,11,1,1,3,35,0,0,11,0,4,19,39,1500,100,45
SIM,11,1,1,3,36,1,0,11,0,4,19,39,300,600,37
SIM,11,1,1,3,37,0,0,11,0,4,15,39,1300,300,45
SIM,11,1,1,3,38,1,3,9,1,3,15,39,500,1000,38
SIM,11,1,1,3,39,0,3,9,1,3,14,39,1400,1000,45
SIM,11,1,1,3,40,1,3,7,1,3,14,39,500,1700,35
SIM,11,1,1,3,41,0,1,10,1,4,11,39,1400,300,45
SIM,11,1,1,3,42,1,1,9,1,3,11,39,500,1000,37
SIM,11,1,1,3,43,0,0,9,0,3,9,39,1500,400,45
SIM,11,1,1,3,44,1,3,7,1,3,9,39,100,1100,32
SIM,11,1,1,3,45,0,1,7,1,3,7,39,1000,500,45
SIM,11,1,1,3,46,1,1,6,1,2,7,39,400,1300,39
SIM,11,1,1,3,47,0,0,9,0,3,5,39,1400,200,45
SIM,11,1,1,3,48,1,0,9,0,3,5,39,500,900,39
SIM,11,1,1,3,49,0,0,9,0,3,2,39,1500,300,45
SIM,11,1,1,3,50,1,3,7,1,3,2,39,100,1000,34
SIM_END,11,1,1,3,50,1,0
SIM,12,1,1,4,1,0,0,6,0,1,40,40,1000,0,30
SIM,12,1,1,4,2,1,3,6,1,1,40,39,200,800,19
SIM,12,1,1,4,3,0,0,9,0,2,39,39,1200,300,45
SIM,12,1,1,4,4,1,0,9,0,2,39,39,300,1000,39
SIM,12,1,1,4,5,0,0,9,0,2,38,39,1300,1000,45
SIM,12,1,1,4,6,1,0,9,0,2,38,39,400,1700,39
SIM,12,1,1,4,7,0,0,9,0,2,37,39,1400,500,45
SIM,12,1,1,4,8,1,3,7,1,2,37,39,300,1200,34
SIM,12,1,1,4,9,0,3,7,1,2,37,39,1200,1200,45
SIM,12,1,1,4,10,1,3,6,1,1,37,39,300,2000,37
SIM,12,1,1,4,11,0,0,9,0,2,36,39,1300,300,45
SIM,12,1,1,4,12,1,0,9,0,2,36,39,400,1000,39
SIM,12,1,1,4,13,0,0,9,0,2,35,39,1400,400,45
SIM,12,1,1,4,14,1,3,7,1,2,35,39,300,1100,34
SIM,12,1,1,4,15,0,0,7,0,2,34,39,1300,500,45
SIM,12,1,1,4,16,1,0,7,0,2,34,39,400,1200,39
SIM,12,1,1,4,17,0,0,10,0,3,32,39,1400,100,45
SIM,12,1,1,4,18,1,0,10,0,3,32,39,500,700,39
SIM,12,1,1,4,19,0,0,10,0,3,31,39,1500,700,45
SIM,12,1,1,4,20,1,3,9,1,2,31,39,100,1400,32
SIM,12,1,1,4,21,0,3,9,1,2,31,39,1000,1400,45
SIM,12,1,1,4,22,1,3,7,1,2,31,39,400,2100,39
SIM,12,1,1,4,23,0,0,10,0,3,29,39,1400,100,45
SIM,12,1,1,4,24,1,0,10,0,3,29,39,500,700,39
SIM,12,1,1,4,25,0,0,10,0,3,27,39,1500,400,45
SIM,12,1,1,4,26,1,3,8,1,3,27,39,100,1000,34
SIM,12,1,1,4,27,0,0,8,0,3,25,39,1100,400,45
SIM,12,1,1,4,28,1,0,8,0,3,25,39,500,1000,41
SIM,12,1,1,4,29,0,0,8,0,3,24,39,1500,1000,45
SIM,12,1,1,4,30,1,0,8,0,3,24,39,300,1600,37
SIM,12,1,1,4,31,0,0,11,0,4,21,39,1300,200,45
SIM,12,1,1,4,32,1,3,10,1,3,21,39,200,800,36
SIM,12,1,1,4,33,0,0,10,0,3,19,39,1200,500,45
SIM,12,1,1,4,34,1,0,10,0,3,19,39,300,1100,39
SIM,12,1,1,4,35,0,0,10,0,3,18,39,1300,1100,45
SIM,12,1,1,4,36,1,0,10,0,3,18,39,400,1700,39
SIM,12,1,1,4,37,0,0,13,0,4,15,39,1400,300,45
SIM,12,1,1,4,38,1,3,11,1,4,15,39,300,800,36
SIM,12,1,1,4,39,0,3,11,1,4,15,39,1200,800,45
SIM,12,1,1,4,40,1,3,10,1,3,15,39,300,1400,37
SIM,12,1,1,4,41,0,0,10,0,3,13,39,1300,500,45
SIM,12,1,1,4,42,1,0,10,0,3,13,39,400,1100,39
SIM,12,1,1,4,43,0,0,13,0,4,10,39,1400,300,45
SIM,12,1,1,4,44,1,3,11,1,4,10,39,300,800,36
SIM,12,1,1,4,45,0,3,11,1,4,10,39,1200,800,45
SIM,12,1,1,4,46,1,3,10,1,3,10,39,300,1400,37
SIM,12,1,1,4,47,0,0,10,0,3,10,39,1300,1400,45
SIM,12,1,1,4,48,1,0,10,0,3,10,39,400,2000,39
SIM,12,1,1,4,49,0,0,10,0,3,9,39,1400,2000,45
SIM,12,1,1,4,50,1,3,8,1,3,9,39,300,2600,35
SIM,12,1,1,4,51,0,0,8,0,3,9,39,1300,2600,45
SIM,12,1,1,4,52,1,0,8,0,3,9,39,400,3200,39
SIM,12,1,1,4,53,0,0,11,0,4,6,39,1400,300,45
SIM,12,1,1,4,54,1,0,11,0,4,6,39,500,800,39
SIM,12,1,1,4,55,0,0,11,0,4,3,39,1500,500,45
SIM,12,1,1,4,56,1,3,9,1,3,3,39,100,1200,31
SIM,12,1,1,4,57,0,3,9,1,3,2,39,1000,1200,45
SIM,12,1,1,4,58,1,3,7,1,3,2,39,400,1900,38
SIM,12,1,1,4,59,0,3,7,1,3,1,39,1300,1900,45
SIM,12,1,1,4,60,1,3,6,1,2,1,39,400,2700,37
SIM_END,12,1,1,4,60,1,0
SIM,13,1,1,5,1,0,0,6,0,1,40,40,1000,0,30
SIM,13,1,1,5,2,1,3,6,1,1,40,39,200,800,19
SIM,13,1,1,5,3,0,3,6,1,1,40,39,1100,800,45
SIM,13,1,1,5,4,1,3,6,1,1,40,38,500,1600,39
SIM,13,1,1,5,5,0,0,6,0,1,40,38,1500,1600,45
SIM,13,1,1,5,6,1,0,6,0,1,40,38,300,2400,37
SIM,13,1,1,5,7,0,0,9,0,2,39,38,1300,100,45
SIM,13,1,1,5,8,1,3,7,1,2,39,38,200,800,34
SIM,13,1,1,5,9,0,0,7,0,2,38,38,1200,500,45
SIM,13,1,1,5,10,1,0,7,0,2,38,38,300,1200,39
SIM,13,1,1,5,11,0,0,7,0,2,37,38,1300,300,45
SIM,13,1,1,5,12,1,0,7,0,2,37,38,400,1000,39
SIM,13,1,1,5,13,0,0,10,0,3,36,38,1400,200,45
SIM,13,1,1,5,14,1,3,9,1,2,36,38,300,900,34
SIM,13,1,1,5,15,0,0,9,0,2,35,38,1300,300,45
SIM,13,1,1,5,16,1,0,9,0,2,35,38,400,1000,39
SIM,13,1,1,5,17,0,0,9,0,2,34,38,1400,1000,45
SIM,13,1,1,5,18,1,0,9,0,2,34,38,500,1700,39
SIM,13,1,1,5,19,0,0,9,0,2,33,38,1500,1700,45
SIM,13,1,1,5,20,1,3,7,1,2,33,38,100,2400,32
SIM,13,1,1,5,21,0,0,10,0,3,31,38,1100,100,45
SIM,13,1,1,5,22,1,0,10,0,3,31,38,500,700,41
SIM,13,1,1,5,23,0,0,10,0,3,29,38,1500,400,45
SIM,13,1,1,5,24,1,0,10,0,3,29,38,300,1000,37
SIM,13,1,1,5,25,0,0,10,0,3,27,38,1300,400,45
SIM,13,1,1,5,26,1,3,8,1,3,27,38,200,1000,36
SIM,13,1,1,5,27,0,0,11,0,4,24,38,1200,200,45
SIM,13,1,1,5,28,1,0,11,0,4,24,38,300,700,39
SIM,13,1,1,5,29,0,0,11,0,4,21,38,1300,400,45
SIM,13,1,1,5,30,1,0,11,0,4,21,38,400,900,39
SIM,13,1,1,5,31,0,0,11,0,4,18,38,1400,300,45
SIM,13,1,1,5,32,1,3,10,1,3,18,38,300,900,36
SIM,13,1,1,5,33,0,3,10,1,3,18,38,1200,900,45
SIM,13,1,1,5,34,1,3,8,1,3,18,38,300,1500,36
SIM,13,1,1,5,35,0,0,11,0,4,15,38,1300,100,45
SIM,13,1,1,5,36,1,0,11,0,4,15,38,400,600,39
SIM,13,1,1,5,37,0,0,11,0,4,14,38,1400,600,45
SIM,13,1,1,5,38,1,3,9,1,3,14,38,300,1300,35
SIM,13,1,1,5,39,0,3,9,1,3,11,38,1200,400,45
SIM,13,1,1,5,40,1,3,7,1,3,11,38,300,1100,36
SIM,13,1,1,5,41,0,3,7,1,3,10,38,1200,1100,45
SIM,13,1,1,5,42,1,3,6,1,2,10,38,300,1900,37
SIM,13,1,1,5,43,0,1,9,1,3,8,38,1200,200,45
SIM,13,1,1,5,44,1,4,6,2,2,8,38,100,1000,32
SIM,13,1,1,5,45,0,3,6,1,2,7,38,1000,400,45
SIM,13,1,1,5,46,1,3,4,1,2,7,38,400,1200,37
SIM,13,1,1,5,47,0,3,4,1,2,5,38,1300,300,45
SIM,13,1,1,5,48,1,3,3,1,1,5,38,400,1200,37
SIM,13,1,1,5,49,0,1,6,1,2,4,38,1300,100,45
SIM,13,1,1,5,50,1,4,3,2,1,4,38,200,1000,32
SIM,13,1,1,5,51,0,3,3,1,1,4,38,1100,400,45
SIM,13,1,1,5,52,1,3,1,1,1,4,38,500,1300,37
SIM,13,1,1,5,53,0,3,1,1,1,3,38,1400,400,45
SIM,13,1,1,5,54,1,3,0,1,0,3,38,500,1400,37
SIM,13,1,1,5,55,0,3,14,1,0,3,38,1400,800,45
SIM,13,1,1,5,56,1,6,14,2,0,3,37,300,1800,29
SIM,13,1,1,5,57,0,4,3,2,1,3,37,1100,100,45
SIM,13,1,1,5,58,1,4,1,2,1,3,36,500,1000,36
SIM,13,1,1,5,59,0,3,1,1,1,3,36,1400,400,45
SIM,13,1,1,5,60,1,3,0,1,0,3,36,500,1400,37
SIM_END,13,1,1,5,60,1,0
SIM,14,1,1,6,1,0,0,6,0,1,40,40,1000,0,30
SIM,14,1,1,6,2,1,3,6,1,1,40,39,200,800,19
SIM,14,1,1,6,3,0,0,9,0,2,39,39,1200,300,45
SIM,14,1,1,6,4,1,0,9,0,2,39,39,300,1000,39
SIM,14,1,1,6,5,0,0,9,0,2,38,39,1300,400,45
SIM,14,1,1,6,6,1,0,9,0,2,38,39,400,1100,39
SIM,14,1,1,6,7,0,0,9,0,2,37,39,1400,1100,45
SIM,14,1,1,6,8,1,3,7,1,2,37,39,300,1800,34
SIM,14,1,1,6,9,0,0,10,0,3,35,39,1300,100,45
SIM,14,1,1,6,10,1,0,10,0,3,35,39,400,700,39
SIM,14,1,1,6,11,0,0,10,0,3,33,39,1400,400,45
SIM,14,1,1,6,12,1,0,10,0,3,33,39,500,1000,39
SIM,14,1,1,6,13,0,0,10,0,3,31,39,1500,400,45
SIM,14,1,1,6,14,1,3,9,1,2,31,39,100,1100,32
SIM,14,1,1,6,15,0,0,12,0,3,29,39,1100,300,45
SIM,14,1,1,6,16,1,0,12,0,3,29,39,500,900,41
SIM,14,1,1,6,17,0,0,12,0,3,27,39,1500,300,45
SIM,14,1,1,6,18,1,0,12,0,3,27,39,300,900,37
SIM,14,1,1,6,19,0,0,12,0,3,25,39,1300,300,45
SIM,14,1,1,6,20,1,3,10,1,3,25,39,200,900,36
SIM,14,1,1,6,21,0,0,13,0,4,22,39,1200,100,45
SIM,14,1,1,6,22,1,0,13,0,4,22,39,300,600,39
SIM,14,1,1,6,23,0,0,13,0,4,19,39,1300,300,45
SIM,14,1,1,6,24,1,0,13,0,4,19,39,400,800,39
SIM,14,1,1,6,25,0,0,13,0,4,16,39,1400,500,45
SIM,14,1,1,6,26,1,3,12,1,3,16,39,300,1100,36
SIM,14,1,1,6,27,0,0,15,0,4,13,39,1300,300,45
SIM,14,1,1,6,28,1,0,15,0,4,13,39,400,800,39
SIM,14,1,1,6,29,0,0,15,0,4,10,39,1400,500,45
SIM,14,1,1,6,30,1,0,15,0,4,10,39,500,1000,39
SIM,14,1,1,6,31,0,0,15,0,4,7,39,1500,400,45
SIM,14,1,1,6,32,1,3,13,1,4,7,39,100,900,34
SIM,14,1,1,6,33,0,0,13,0,4,4,39,1100,300,45
SIM,14,1,1,6,34,1,0,13,0,4,4,39,500,800,41
SIM_END,14,1,1,6,34,1,0
SIM_DONE
### degrade=30
SIM_CONFIG,degrade_favoured_pct=30,only_handicap=1,variants=7
SIM,1,0,1,0,1,0,6,0,1,0,40,40,1000,0,30
SIM,1,0,1,0,2,1,9,0,2,0,40,39,200,1000,19
SIM,1,0,1,0,3,0,7,3,2,1,40,39,900,200,45
SIM,1,0,1,0,4,1,7,0,2,0,40,38,300,1200,31
SIM,1,0,1,0,5,0,7,0,2,0,40,38,1000,300,45
SIM,1,0,1,0,6,1,7,0,2,0,40,36,400,1300,31
SIM,1,0,1,0,7,0,7,0,2,0,40,36,1100,400,45
SIM,1,0,1,0,8,1,10,0,3,0,40,34,300,1400,33
SIM,1,0,1,0,9,0,9,3,2,1,40,34,1000,300,45
SIM,1,0,1,0,10,1,9,0,2,0,40,33,400,1300,36
SIM,1,0,1,0,11,0,9,0,2,0,40,33,1100,400,45
SIM,1,0,1,0,12,1,9,0,2,0,40,32,1100,1400,43
SIM,1,0,1,0,13,0,9,0,2,0,40,32,1800,500,45
SIM,1,0,1,0,14,1,12,0,3,0,40,29,100,1500,20
SIM,1,0,1,0,15,0,10,3,3,1,40,29,700,100,45
SIM,1,0,1,0,16,1,10,0,3,0,40,27,400,1100,37
SIM,1,0,1,0,17,0,10,0,3,0,40,27,1000,500,45
SIM,1,0,1,0,18,1,10,0,3,0,40,26,1000,1500,43
SIM,1,0,1,0,19,0,10,0,3,0,40,26,1600,300,45
SIM,1,0,1,0,20,1,13,0,4,0,40,23,200,1300,27
SIM,1,0,1,0,21,0,11,3,4,1,40,23,700,200,45
SIM,1,0,1,0,22,1,11,0,4,0,40,20,400,1200,29
SIM,1,0,1,0,23,0,11,0,4,0,40,20,900,1200,45
SIM,1,0,1,0,24,1,11,0,4,0,40,19,900,2200,43
SIM,1,0,1,0,25,0,11,0,4,0,40,19,1400,2200,45
SIM,1,0,1,0,26,1,11,0,4,0,40,18,1400,3200,43
SIM,1,0,1,0,27,0,9,3,3,1,40,18,2100,300,45
SIM,1,0,1,0,28,1,12,3,4,1,40,14,100,1200,16
SIM,1,0,1,0,29,0,10,3,4,1,40,14,700,300,45
SIM,1,0,1,0,30,1,10,3,4,1,40,13,700,1200,43
SIM,1,0,1,0,31,0,9,3,3,1,40,13,1400,300,45
SIM,1,0,1,0,32,1,9,3,3,1,40,12,1400,1200,43
SIM,1,0,1,0,33,0,6,6,2,2,40,12,2200,100,45
SIM,1,0,1,0,34,1,6,6,2,2,40,11,2200,900,43
SIM,1,0,1,0,35,0,3,6,1,2,40,11,3100,300,45
SIM,1,0,1,0,36,1,3,6,1,2,40,10,3100,1100,43
SIM,1,0,1,0,37,0,0,6,0,2,40,10,4100,500,45
SIM,1,0,1,0,38,1,3,4,1,2,40,10,300,1300,14
SIM,1,0,1,0,39,0,0,7,0,3,39,10,1300,200,44
SIM,1,0,1,0,40,1,14,7,0,3,39,10,700,900,42
SIM,1,0,1,0,41,0,14,7,0,3,38,10,1700,300,45
SIM,1,0,1,0,42,1,0,7,0,3,38,10,2000,1000,45
SIM,1,0,1,0,43,0,0,7,0,3,35,10,3000,400,45
SIM,1,0,1,0,44,1,3,6,1,2,35,10,100,1200,24
SIM,1,0,1,0,45,0,3,9,1,3,32,10,1000,100,45
SIM,1,0,1,0,46,1,3,7,1,3,32,10,400,800,39
SIM,1,0,1,0,47,0,3,7,1,3,29,10,1300,500,45
SIM,1,0,1,0,48,1,3,6,1,2,29,10,400,1300,37
SIM,1,0,1,0,49,0,3,6,1,2,27,10,1300,400,45
SIM,1,0,1,0,50,1,6,3,2,1,27,10,200,1300,28
SIM,1,0,1,0,51,0,4,6,2,2,26,10,1000,200,45
SIM,1,0,1,0,52,1,18,6,2,2,26,10,400,1000,43
SIM,1,0,1,0,53,0,17,6,1,2,25,10,1300,400,45
SIM,1,0,1,0,54,1,3,6,1,2,25,10,1600,1200,45
SIM,1,0,1,0,55,0,1,6,1,2,24,10,2500,300,45
SIM,1,0,1,0,56,1,4,3,2,1,24,10,200,1200,24
SIM,1,0,1,0,57,0,1,6,1,2,24,10,1100,100,45
SIM,1,0,1,0,58,1,15,6,1,2,24,10,500,900,43
SIM,1,0,1,0,59,0,14,6,0,2,23,10,1500,300,45
SIM,1,0,1,0,60,1,0,6,0,2,23,10,300,1100,35
SIM_END,1,0,1,0,60,0,0
SIM,2,0,1,1,1,0,6,0,1,0,40,40,1000,0,30
SIM,2,0,1,1,2,1,20,0,1,0,40,40,400,1000,28
SIM,2,0,1,1,3,0,18,3,1,1,40,40,1200,200,45
SIM,2,0,1,1,4,1,7,0,2,0,40,39,100,1200,28
SIM,2,0,1,1,5,0,7,0,2,0,40,39,800,300,45
SIM,2,0,1,1,6,1,7,0,2,0,40,38,500,1300,31
SIM,2,0,1,1,7,0,7,0,2,0,40,38,1200,400,45
SIM,2,0,1,1,8,1,7,0,2,0,40,37,1200,1400,43
SIM,2,0,1,1,9,0,5,3,2,1,40,37,1900,300,45
SIM,2,0,1,1,10,1,8,0,3,0,40,36,200,1300,25
SIM,2,0,1,1,11,0,8,0,3,0,40,36,800,400,45
SIM,2,0,1,1,12,1,8,0,3,0,40,33,500,1400,30
SIM,2,0,1,1,13,0,8,0,3,0,40,33,1100,500,45
SIM,2,0,1,1,14,1,8,0,3,0,40,30,500,1500,35
SIM,2,0,1,1,15,0,7,3,2,1,40,30,1200,100,45
SIM,2,0,1,1,16,1,7,0,2,0,40,30,1200,1100,43
SIM,2,0,1,1,17,0,7,0,2,0,40,30,1900,500,45
SIM,2,0,1,1,18,1,10,0,3,0,40,27,200,1500,24
SIM,2,0,1,1,19,0,10,0,3,0,40,27,800,300,45
SIM,2,0,1,1,20,1,10,0,3,0,40,24,500,1300,37
SIM,2,0,1,1,21,0,8,3,3,1,40,24,1100,200,45
SIM,2,0,1,1,22,1,8,0,3,0,40,22,500,1200,35
SIM,2,0,1,1,23,0,8,0,3,0,40,22,1100,300,45
SIM,2,0,1,1,24,1,11,0,4,0,40,19,300,1300,31
SIM,2,0,1,1,25,0,11,0,4,0,40,19,800,400,45
SIM,2,0,1,1,26,1,11,0,4,0,40,15,500,1400,29
SIM,2,0,1,1,27,0,9,3,3,1,40,15,1200,300,45
SIM,2,0,1,1,28,1,9,3,3,1,40,12,300,1200,33
SIM,2,0,1,1,29,0,7,3,3,1,40,12,1000,300,45
SIM,2,0,1,1,30,1,10,3,4,1,40,8,200,1200,24
SIM,2,0,1,1,31,0,9,3,3,1,40,8,900,300,45
SIM,2,0,1,1,32,1,9,3,3,1,40,7,900,1200,43
SIM,2,0,1,1,33,0,6,6,2,2,40,7,1700,100,45
SIM,2,0,1,1,34,1,6,6,2,2,40,5,500,900,33
SIM,2,0,1,1,35,0,3,6,1,2,40,5,1400,300,45
SIM,2,0,1,1,36,1,3,6,1,2,40,4,1400,1100,43
SIM,2,0,1,1,37,0,0,6,0,2,40,4,2400,500,45
SIM,2,0,1,1,38,1,3,4,1,2,40,4,100,1300,24
SIM,2,0,1,1,39,0,0,7,0,3,39,4,1100,200,45
SIM,2,0,1,1,40,1,0,7,0,3,39,4,500,900,41
SIM,2,0,1,1,41,0,0,7,0,3,38,4,1500,300,45
SIM,2,0,1,1,42,1,0,7,0,3,38,4,300,1000,37
SIM,2,0,1,1,43,0,0,7,0,3,36,4,1300,400,45
SIM,2,0,1,1,44,1,3,6,1,2,36,4,200,1200,28
SIM,2,0,1,1,45,0,1,9,1,3,34,4,1100,100,45
SIM,2,0,1,1,46,1,1,7,1,3,34,4,500,800,39
SIM,2,0,1,1,47,0,0,7,0,3,32,4,1500,500,45
SIM,2,0,1,1,48,1,0,7,0,3,32,4,300,1200,37
SIM,2,0,1,1,49,0,0,7,0,3,30,4,1300,300,45
SIM,2,0,1,1,50,1,3,6,1,2,30,4,200,1100,28
SIM,2,0,1,1,51,0,1,9,1,3,28,4,1100,300,45
SIM,2,0,1,1,52,1,15,9,1,3,28,4,500,1000,43
SIM,2,0,1,1,53,0,14,9,0,3,26,4,1500,400,45
SIM,2,0,1,1,54,1,0,9,0,3,26,4,300,1100,35
SIM,2,0,1,1,55,0,0,9,0,3,24,4,1300,500,45
SIM,2,0,1,1,56,1,3,7,1,3,24,4,200,1200,36
SIM,2,0,1,1,57,0,0,10,0,4,22,4,1200,100,45
SIM,2,0,1,1,58,1,14,10,0,4,22,4,600,700,43
SIM,2,0,1,1,59,0,12,10,0,4,19,4,1600,400,45
SIM,2,0,1,1,60,1,0,10,0,4,19,4,400,1000,35
SIM_END,2,0,1,1,60,0,0
SIM,3,0,1,2,1,0,6,0,1,0,40,40,1000,0,30
SIM,3,0,1,2,2,1,20,0,1,0,40,40,400,1000,28
SIM,3,0,1,2,3,0,18,3,1,1,40,40,1200,200,45
SIM,3,0,1,2,4,1,7,0,2,0,40,39,100,1200,28
SIM,3,0,1,2,5,0,7,0,2,0,40,39,800,300,45
SIM,3,0,1,2,6,1,7,0,2,0,40,38,800,1300,43
SIM,3,0,1,2,7,0,7,0,2,0,40,38,1500,400,45
SIM,3,0,1,2,8,1,7,0,2,0,40,37,1500,1400,43
SIM,3,0,1,2,9,0,5,3,2,1,40,37,2200,300,45
SIM,3,0,1,2,10,1,5,3,2,1,40,37,2200,1200,31
SIM,3,0,1,2,11,0,4,3,1,1,40,37,3000,300,45
SIM,3,0,1,2,12,1,4,0,1,0,40,37,3000,1300,43
SIM,3,0,1,2,13,0,4,0,1,0,40,37,3800,400,45
SIM,3,0,1,2,14,1,7,0,2,0,40,35,300,1400,8
SIM,3,0,1,2,15,0,5,3,2,1,40,35,1000,300,38
SIM,3,0,1,2,16,1,5,0,2,0,40,34,400,1300,30
SIM,3,0,1,2,17,0,5,0,2,0,40,34,1100,400,45
SIM,3,0,1,2,18,1,5,0,2,0,40,32,500,1400,37
SIM,3,0,1,2,19,0,5,0,2,0,40,32,1200,500,45
SIM,3,0,1,2,20,1,8,0,3,0,40,29,100,1500,24
SIM,3,0,1,2,21,0,6,3,2,1,40,29,900,100,45
SIM,3,0,1,2,22,1,6,3,2,1,40,27,300,1000,37
SIM,3,0,1,2,23,0,4,3,2,1,40,27,1100,400,45
SIM,3,0,1,2,24,1,4,3,2,1,40,25,500,1300,37
SIM,3,0,1,2,25,0,3,3,1,1,40,25,1400,400,45
SIM,3,0,1,2,26,1,6,1,2,1,40,24,300,1300,30
SIM,3,0,1,2,27,0,3,4,1,2,40,24,1200,200,45
SIM,3,0,1,2,28,1,3,3,1,1,40,24,300,1100,35
SIM,3,0,1,2,29,0,1,3,1,1,40,24,1200,500,45
SIM,3,0,1,2,30,1,1,3,1,1,40,23,300,1400,37
SIM,3,0,1,2,31,0,0,3,0,1,40,23,1300,500,45
SIM,3,0,1,2,32,1,3,1,1,1,40,23,200,1400,32
SIM,3,0,1,2,33,0,0,4,0,2,40,23,1200,300,45
SIM,3,0,1,2,34,1,0,4,0,2,40,23,300,1100,39
SIM,3,0,1,2,35,0,0,4,0,2,40,23,1300,500,45
SIM,3,0,1,2,36,1,0,4,0,2,40,23,400,1300,39
SIM,3,0,1,2,37,0,0,4,0,2,40,23,1400,400,45
SIM,3,0,1,2,38,1,14,4,0,2,40,23,800,1200,43
SIM,3,0,1,2,39,0,12,7,0,3,38,23,1800,100,45
SIM,3,0,1,2,40,1,3,6,1,2,38,23,100,900,26
SIM,3,0,1,2,41,0,3,6,1,2,36,23,1000,300,45
SIM,3,0,1,2,42,1,3,4,1,2,36,23,400,1100,39
SIM,3,0,1,2,43,0,3,4,1,2,34,23,1300,500,45
SIM,3,0,1,2,44,1,3,3,1,1,34,23,400,1400,37
SIM,3,0,1,2,45,0,1,6,1,2,33,23,1300,300,45
SIM,3,0,1,2,46,1,4,3,2,1,33,23,200,1200,30
SIM,3,0,1,2,47,0,3,3,1,1,33,23,1100,300,45
SIM,3,0,1,2,48,1,3,1,1,1,33,23,500,1200,37
SIM,3,0,1,2,49,0,3,1,1,1,32,23,1400,300,45
SIM,3,0,1,2,50,1,3,0,1,0,32,23,500,1300,37
SIM,3,0,1,2,51,0,1,3,1,1,32,23,1400,200,45
SIM,3,0,1,2,52,1,15,3,1,1,32,23,800,1100,43
SIM,3,0,1,2,53,0,14,3,0,1,32,23,1800,500,45
SIM,3,0,1,2,54,1,0,3,0,1,32,23,2100,1400,45
SIM,3,0,1,2,55,0,0,3,0,1,31,23,3100,500,45
SIM,3,0,1,2,56,1,3,1,1,1,31,23,200,1400,22
SIM,3,0,1,2,57,0,1,4,1,2,30,23,1100,300,45
SIM,3,0,1,2,58,1,1,3,1,1,30,23,1100,1200,43
SIM,3,0,1,2,59,0,0,3,0,1,30,23,2100,300,45
SIM,3,0,1,2,60,1,14,3,0,1,30,23,1500,1200,43
SIM_END,3,0,1,2,60,0,0
SIM,4,0,1,3,1,0,6,0,1,0,40,40,1000,0,30
SIM,4,0,1,3,2,1,9,0,2,0,40,39,200,1000,19
SIM,4,0,1,3,3,0,7,3,2,1,40,39,900,200,45
SIM,4,0,1,3,4,1,7,3,2,1,40,39,900,1100,35
SIM,4,0,1,3,5,0,6,3,1,1,40,39,1700,500,45
SIM,4,0,1,3,6,1,6,0,1,0,40,39,1700,1500,43
SIM,4,0,1,3,7,0,6,0,1,0,40,39,2500,300,45
SIM,4,0,1,3,8,1,9,0,2,0,40,37,200,1300,16
SIM,4,0,1,3,9,0,7,3,2,1,40,37,900,200,45
SIM,4,0,1,3,10,1,7,0,2,0,40,36,300,1200,37
SIM,4,0,1,3,11,0,7,0,2,0,40,36,1000,300,45
SIM,4,0,1,3,12,1,7,0,2,0,40,34,400,1300,37
SIM,4,0,1,3,13,0,7,0,2,0,40,34,1100,400,45
SIM,4,0,1,3,14,1,7,0,2,0,40,33,1100,1400,43
SIM,4,0,1,3,15,0,5,3,2,1,40,33,1800,300,45
SIM,4,0,1,3,16,1,5,0,2,0,40,33,1800,1300,43
SIM,4,0,1,3,17,0,5,0,2,0,40,33,2500,400,45
SIM,4,0,1,3,18,1,8,0,3,0,40,31,200,1400,23
SIM,4,0,1,3,19,0,8,0,3,0,40,31,800,500,45
SIM,4,0,1,3,20,1,8,0,3,0,40,30,800,1500,43
SIM,4,0,1,3,21,0,6,3,2,1,40,30,1600,100,45
SIM,4,0,1,3,22,1,6,3,2,1,40,28,400,1000,30
SIM,4,0,1,3,23,0,4,3,2,1,40,28,1200,400,45
SIM,4,0,1,3,24,1,4,3,2,1,40,27,1200,1300,43
SIM,4,0,1,3,25,0,3,3,1,1,40,27,2100,400,45
SIM,4,0,1,3,26,1,3,3,1,1,40,26,2100,1300,43
SIM,4,0,1,3,27,0,0,6,0,2,40,26,3100,200,45
SIM,4,0,1,3,28,1,3,4,1,2,40,26,200,1000,20
SIM,4,0,1,3,29,0,0,4,0,2,40,26,1200,400,45
SIM,4,0,1,3,30,1,14,4,0,2,40,26,600,1200,43
SIM,4,0,1,3,31,0,14,4,0,2,39,26,1600,300,45
SIM,4,0,1,3,32,1,0,4,0,2,39,26,400,1100,35
SIM,4,0,1,3,33,0,0,7,0,3,37,26,1400,300,45
SIM,4,0,1,3,34,1,3,6,1,2,37,26,300,1100,36
SIM,4,0,1,3,35,0,3,6,1,2,35,26,1200,500,45
SIM,4,0,1,3,36,1,3,4,1,2,35,26,300,1300,37
SIM,4,0,1,3,37,0,3,4,1,2,33,26,1200,400,45
SIM,4,0,1,3,38,1,3,3,1,1,33,26,1200,1300,43
SIM,4,0,1,3,39,0,3,6,1,2,32,26,2100,200,45
SIM,4,0,1,3,40,1,6,3,2,1,32,26,100,1100,18
SIM,4,0,1,3,41,0,6,3,2,1,31,26,900,500,45
SIM,4,0,1,3,42,1,6,0,2,0,31,26,300,1500,37
SIM,4,0,1,3,43,0,6,0,2,0,31,26,1100,300,45
SIM,4,0,1,3,44,1,6,0,2,0,31,26,500,1300,41
SIM,4,0,1,3,45,0,4,3,2,1,31,26,1300,200,45
SIM,4,0,1,3,46,1,18,3,2,1,31,26,700,1100,43
SIM,4,0,1,3,47,0,17,3,1,1,31,26,1600,500,45
SIM,4,0,1,3,48,1,6,0,2,0,31,26,200,1500,26
SIM,4,0,1,3,49,0,6,0,2,0,31,26,1000,300,45
SIM,4,0,1,3,50,1,6,0,2,0,31,26,400,1300,41
SIM,4,0,1,3,51,0,4,3,2,1,31,26,1200,200,45
SIM,4,0,1,3,52,1,4,0,2,0,31,26,300,1200,33
SIM,4,0,1,3,53,0,4,0,2,0,31,26,1100,300,45
SIM,4,0,1,3,54,1,18,0,2,0,31,26,500,1300,43
SIM,4,0,1,3,55,0,18,0,2,0,31,26,1300,400,45
SIM,4,0,1,3,56,1,4,0,2,0,31,26,1600,1400,45
SIM,4,0,1,3,57,0,3,3,1,1,31,26,2500,300,45
SIM,4,0,1,3,58,1,6,0,2,0,31,26,200,1300,24
SIM,4,0,1,3,59,0,6,0,2,0,31,26,1000,400,45
SIM,4,0,1,3,60,1,20,0,2,0,31,26,400,1400,43
SIM_END,4,0,1,3,60,0,0
SIM,5,0,1,4,1,0,6,0,1,0,40,40,1000,0,30
SIM,5,0,1,4,2,1,20,0,1,0,40,40,400,1000,28
SIM,5,0,1,4,3,0,20,3,1,1,39,40,1200,200,45
SIM,5,0,1,4,4,1,9,0,2,0,39,39,100,1200,28
SIM,5,0,1,4,5,0,9,0,2,0,39,39,800,300,45
SIM,5,0,1,4,6,1,9,0,2,0,39,38,500,1300,41
SIM,5,0,1,4,7,0,9,0,2,0,39,38,1200,400,45
SIM,5,0,1,4,8,1,9,0,2,0,39,37,300,1400,37
SIM,5,0,1,4,9,0,7,3,2,1,39,37,1000,300,45
SIM,5,0,1,4,10,1,10,0,3,0,39,36,200,1300,15
SIM,5,0,1,4,11,0,10,0,3,0,39,36,800,400,45
SIM,5,0,1,4,12,1,10,0,3,0,39,35,800,1400,43
SIM,5,0,1,4,13,0,10,0,3,0,39,35,1400,500,45
SIM,5,0,1,4,14,1,10,0,3,0,39,32,500,1500,24
SIM,5,0,1,4,15,0,9,3,2,1,39,32,1200,100,45
SIM,5,0,1,4,16,1,9,0,2,0,39,32,1200,1100,43
SIM,5,0,1,4,17,0,9,0,2,0,39,32,1900,500,45
SIM,5,0,1,4,18,1,12,0,3,0,39,29,200,1500,24
SIM,5,0,1,4,19,0,12,0,3,0,39,29,800,300,45
SIM,5,0,1,4,20,1,12,0,3,0,39,28,800,1300,43
SIM,5,0,1,4,21,0,10,3,3,1,39,28,1400,200,45
SIM,5,0,1,4,22,1,10,0,3,0,39,26,500,1200,33
SIM,5,0,1,4,23,0,10,0,3,0,39,26,1100,300,45
SIM,5,0,1,4,24,1,10,0,3,0,39,25,1100,1300,43
SIM,5,0,1,4,25,0,10,0,3,0,39,25,1700,400,45
SIM,5,0,1,4,26,1,10,0,3,0,39,24,1700,1400,43
SIM,5,0,1,4,27,0,8,3,3,1,39,24,2300,300,45
SIM,5,0,1,4,28,1,8,0,3,0,39,24,2300,1300,43
SIM,5,0,1,4,29,0,8,0,3,0,39,24,2900,400,45
SIM,5,0,1,4,30,1,11,0,4,0,39,21,300,1400,19
SIM,5,0,1,4,31,0,11,0,4,0,39,21,800,500,45
SIM,5,0,1,4,32,1,11,0,4,0,39,20,800,1500,43
SIM,5,0,1,4,33,0,9,3,3,1,39,20,1500,100,45
SIM,5,0,1,4,34,1,9,3,3,1,39,17,300,1000,28
SIM,5,0,1,4,35,0,7,3,3,1,39,17,1000,400,45
SIM,5,0,1,4,36,1,7,3,3,1,39,16,1000,1300,43
SIM,5,0,1,4,37,0,6,3,2,1,39,16,1800,400,45
SIM,5,0,1,4,38,1,9,3,3,1,39,13,100,1300,20
SIM,5,0,1,4,39,0,6,6,2,2,39,13,900,200,45
SIM,5,0,1,4,40,1,6,6,2,2,39,12,900,1000,43
SIM,5,0,1,4,41,0,3,6,1,2,39,12,1800,400,45
SIM,5,0,1,4,42,1,3,6,1,2,39,11,1800,1200,43
SIM,5,0,1,4,43,0,0,6,0,2,39,11,2800,300,45
SIM,5,0,1,4,44,1,14,6,0,2,39,11,2200,1100,43
SIM,5,0,1,4,45,0,14,9,0,3,38,11,3200,300,45
SIM,5,0,1,4,46,1,3,7,1,3,38,11,300,1000,20
SIM,5,0,1,4,47,0,3,7,1,3,37,11,1200,400,45
SIM,5,0,1,4,48,1,3,6,1,2,37,11,1200,1200,43
SIM,5,0,1,4,49,0,3,6,1,2,37,11,2100,300,45
SIM,5,0,1,4,50,1,3,6,1,2,37,11,300,1100,33
SIM,5,0,1,4,51,0,0,9,0,3,37,11,1300,300,45
SIM,5,0,1,4,52,1,3,7,1,3,37,11,200,1000,34
SIM,5,0,1,4,53,0,0,7,0,3,36,11,1200,400,45
SIM,5,0,1,4,54,1,14,7,0,3,36,11,600,1100,43
SIM,5,0,1,4,55,0,12,7,0,3,34,11,1600,500,45
SIM,5,0,1,4,56,1,0,7,0,3,34,11,400,1200,35
SIM,5,0,1,4,57,0,0,10,0,4,31,11,1400,100,45
SIM,5,0,1,4,58,1,3,9,1,3,31,11,300,800,32
SIM,5,0,1,4,59,0,3,9,1,3,28,11,1200,500,45
SIM,5,0,1,4,60,1,17,9,1,3,28,11,600,1200,43
SIM_END,5,0,1,4,60,0,0
SIM,6,0,1,5,1,0,6,0,1,0,40,40,1000,0,30
SIM,6,0,1,5,2,1,20,0,1,0,40,40,400,1000,28
SIM,6,0,1,5,3,0,20,3,1,1,39,40,1200,200,45
SIM,6,0,1,5,4,1,9,0,2,0,39,39,100,1200,26
SIM,6,0,1,5,5,0,9,0,2,0,39,39,800,300,45
SIM,6,0,1,5,6,1,9,0,2,0,39,38,800,1300,43
SIM,6,0,1,5,7,0,9,0,2,0,39,38,1500,400,45
SIM,6,0,1,5,8,1,9,0,2,0,39,37,300,1400,35
SIM,6,0,1,5,9,0,7,3,2,1,39,37,1000,300,45
SIM,6,0,1,5,10,1,7,3,2,1,39,37,1000,1200,35
SIM,6,0,1,5,11,0,6,3,1,1,39,37,1800,300,45
SIM,6,0,1,5,12,1,9,0,2,0,39,36,100,1300,26
SIM,6,0,1,5,13,0,9,0,2,0,39,36,800,400,45
SIM,6,0,1,5,14,1,9,0,2,0,39,34,500,1400,33
SIM,6,0,1,5,15,0,7,3,2,1,39,34,1200,300,45
SIM,6,0,1,5,16,1,7,0,2,0,39,33,300,1300,35
SIM,6,0,1,5,17,0,7,0,2,0,39,33,1000,400,45
SIM,6,0,1,5,18,1,10,0,3,0,39,31,200,1400,33
SIM,6,0,1,5,19,0,10,0,3,0,39,31,800,500,45
SIM,6,0,1,5,20,1,10,0,3,0,39,30,800,1500,43
SIM,6,0,1,5,21,0,8,3,3,1,39,30,1400,100,45
SIM,6,0,1,5,22,1,8,0,3,0,39,30,1400,1100,43
SIM,6,0,1,5,23,0,8,0,3,0,39,30,2000,500,45
SIM,6,0,1,5,24,1,8,0,3,0,39,29,2000,1500,43
SIM,6,0,1,5,25,0,8,0,3,0,39,29,2600,300,45
SIM,6,0,1,5,26,1,11,0,4,0,39,26,300,1300,18
SIM,6,0,1,5,27,0,9,3,3,1,39,26,1000,200,45
SIM,6,0,1,5,28,1,9,3,3,1,39,25,1000,1100,43
SIM,6,0,1,5,29,0,7,3,3,1,39,25,1700,500,45
SIM,6,0,1,5,30,1,7,1,3,1,39,23,500,1400,30
SIM,6,0,1,5,31,0,6,1,2,1,39,23,1300,500,45
SIM,6,0,1,5,32,1,9,0,3,0,39,21,200,1500,28
SIM,6,0,1,5,33,0,7,3,3,1,39,21,900,100,45
SIM,6,0,1,5,34,1,7,1,3,1,39,19,300,1000,35
SIM,6,0,1,5,35,0,6,1,2,1,39,19,1100,400,45
SIM,6,0,1,5,36,1,6,0,2,0,39,18,500,1400,37
SIM,6,0,1,5,37,0,6,0,2,0,39,18,1300,500,45
SIM,6,0,1,5,38,1,9,0,3,0,39,15,200,1500,26
SIM,6,0,1,5,39,0,7,3,3,1,39,15,900,100,45
SIM,6,0,1,5,40,1,7,3,3,1,39,12,300,1000,35
SIM,6,0,1,5,41,0,6,3,2,1,39,12,1100,400,45
SIM,6,0,1,5,42,1,6,3,2,1,39,11,1100,1300,43
SIM,6,0,1,5,43,0,4,3,2,1,39,11,1900,400,45
SIM,6,0,1,5,44,1,7,1,3,1,39,9,200,1300,24
SIM,6,0,1,5,45,0,4,4,2,2,39,9,1000,200,45
SIM,6,0,1,5,46,1,4,3,2,1,39,9,1000,1100,43
SIM,6,0,1,5,47,0,3,3,1,1,39,9,1900,500,45
SIM,6,0,1,5,48,1,3,3,1,1,39,8,400,1400,33
SIM,6,0,1,5,49,0,3,3,1,1,39,8,1300,500,45
SIM,6,0,1,5,50,1,3,3,1,1,39,7,1300,1400,43
SIM,6,0,1,5,51,0,0,6,0,2,39,7,2300,300,45
SIM,6,0,1,5,52,1,14,6,0,2,39,7,1700,1100,43
SIM,6,0,1,5,53,0,14,6,0,2,39,7,2700,500,45
SIM,6,0,1,5,54,1,3,6,1,2,39,6,100,1300,20
SIM,6,0,1,5,55,0,0,6,0,2,39,6,1100,400,45
SIM,6,0,1,5,56,1,0,6,0,2,39,6,500,1200,41
SIM,6,0,1,5,57,0,0,9,0,3,36,6,1500,100,45
SIM,6,0,1,5,58,1,14,9,0,3,36,6,900,800,43
SIM,6,0,1,5,59,0,14,9,0,3,33,6,1900,500,45
SIM,6,0,1,5,60,1,3,7,1,3,33,6,200,1200,30
SIM_END,6,0,1,5,60,0,0
SIM,7,0,1,6,1,0,6,0,1,0,40,40,1000,0,30
SIM,7,0,1,6,2,1,9,0,2,0,40,39,200,1000,19
SIM,7,0,1,6,3,0,7,3,2,1,40,39,900,200,45
SIM,7,0,1,6,4,1,7,3,2,1,40,39,900,1100,23
SIM,7,0,1,6,5,0,6,3,1,1,40,39,1700,500,45
SIM,7,0,1,6,6,1,6,0,1,0,40,39,500,1500,35
SIM,7,0,1,6,7,0,6,0,1,0,40,39,1300,300,45
SIM,7,0,1,6,8,1,9,0,2,0,40,37,200,1300,24
SIM,7,0,1,6,9,0,7,3,2,1,40,37,900,200,45
SIM,7,0,1,6,10,1,7,0,2,0,40,36,300,1200,37
SIM,7,0,1,6,11,0,7,0,2,0,40,36,1000,300,45
SIM,7,0,1,6,12,1,7,0,2,0,40,34,400,1300,37
SIM,7,0,1,6,13,0,7,0,2,0,40,34,1100,400,45
SIM,7,0,1,6,14,1,10,0,3,0,40,32,300,1400,33
SIM,7,0,1,6,15,0,8,3,3,1,40,32,900,300,45
SIM,7,0,1,6,16,1,8,0,3,0,40,30,300,1300,32
SIM,7,0,1,6,17,0,8,0,3,0,40,30,900,400,45
SIM,7,0,1,6,18,1,8,0,3,0,40,27,300,1400,35
SIM,7,0,1,6,19,0,8,0,3,0,40,27,900,500,45
SIM,7,0,1,6,20,1,11,0,4,0,40,24,100,1500,31
SIM,7,0,1,6,21,0,9,3,3,1,40,24,800,100,45
SIM,7,0,1,6,22,1,9,3,3,1,40,21,500,1000,34
SIM,7,0,1,6,23,0,7,3,3,1,40,21,1200,400,45
SIM,7,0,1,6,24,1,7,3,3,1,40,18,300,1300,33
SIM,7,0,1,6,25,0,6,3,2,1,40,18,1100,400,45
SIM,7,0,1,6,26,1,6,3,2,1,40,17,1100,1300,43
SIM,7,0,1,6,27,0,3,6,1,2,40,17,2000,200,45
SIM,7,0,1,6,28,1,6,4,2,2,40,16,300,1000,26
SIM,7,0,1,6,29,0,3,4,1,2,40,16,1200,400,45
SIM,7,0,1,6,30,1,3,3,1,1,40,16,300,1300,35
SIM,7,0,1,6,31,0,1,3,1,1,40,16,1200,400,45
SIM,7,0,1,6,32,1,1,3,1,1,40,15,300,1300,37
SIM,7,0,1,6,33,0,0,6,0,2,39,15,1300,200,45
SIM,7,0,1,6,34,1,3,4,1,2,39,15,200,1000,34
SIM,7,0,1,6,35,0,1,4,1,2,38,15,1100,400,45
SIM,7,0,1,6,36,1,1,3,1,1,38,15,500,1300,39
SIM,7,0,1,6,37,0,0,3,0,1,38,15,1500,400,45
SIM,7,0,1,6,38,1,0,3,0,1,38,15,300,1300,37
SIM,7,0,1,6,39,0,0,6,0,2,37,15,1300,200,45
SIM,7,0,1,6,40,1,3,4,1,2,37,15,200,1000,34
SIM,7,0,1,6,41,0,1,4,1,2,36,15,1100,400,45
SIM,7,0,1,6,42,1,1,3,1,1,36,15,500,1300,39
SIM,7,0,1,6,43,0,0,3,0,1,36,15,1500,400,45
SIM,7,0,1,6,44,1,0,3,0,1,36,15,300,1300,37
SIM,7,0,1,6,45,0,0,6,0,2,35,15,1300,200,45
SIM,7,0,1,6,46,1,14,6,0,2,35,15,700,1000,43
SIM,7,0,1,6,47,0,14,6,0,2,33,15,1700,400,45
SIM,7,0,1,6,48,1,3,4,1,2,33,15,300,1200,30
SIM,7,0,1,6,49,0,3,4,1,2,31,15,1200,300,45
SIM,7,0,1,6,50,1,3,3,1,1,31,15,300,1200,37
SIM,7,0,1,6,51,0,1,6,1,2,30,15,1200,100,45
SIM,7,0,1,6,52,1,1,4,1,2,30,15,300,900,37
SIM,7,0,1,6,53,0,0,4,0,2,29,15,1300,300,45
SIM,7,0,1,6,54,1,3,3,1,1,29,15,200,1200,34
SIM,7,0,1,6,55,0,3,3,1,1,28,15,1100,300,45
SIM,7,0,1,6,56,1,3,1,1,1,28,15,500,1200,35
SIM,7,0,1,6,57,0,1,4,1,2,27,15,1400,100,45
SIM,7,0,1,6,58,1,1,3,1,1,27,15,500,1000,37
SIM,7,0,1,6,59,0,0,3,0,1,27,15,1500,400,45
SIM,7,0,1,6,60,1,14,3,0,1,27,15,900,1300,43
SIM_END,7,0,1,6,60,0,0
SIM,8,1,1,0,1,0,0,6,0,1,40,40,1000,0,30
SIM,8,1,1,0,2,1,3,4,1,1,40,40,200,800,19
SIM,8,1,1,0,3,0,0,7,0,2,39,40,1200,300,45
SIM,8,1,1,0,4,1,0,7,0,2,39,40,300,1000,39
SIM,8,1,1,0,5,0,0,7,0,2,38,40,1300,400,45
SIM,8,1,1,0,6,1,0,7,0,2,38,40,400,1100,39
SIM,8,1,1,0,7,0,0,7,0,2,37,40,1400,500,45
SIM,8,1,1,0,8,1,3,5,1,2,37,40,300,1200,34
SIM,8,1,1,0,9,0,0,8,0,3,35,40,1300,100,45
SIM,8,1,1,0,10,1,0,8,0,3,35,40,400,700,39
SIM,8,1,1,0,11,0,0,8,0,3,33,40,1400,400,45
SIM,8,1,1,0,12,1,0,8,0,3,33,40,500,1000,39
SIM,8,1,1,0,13,0,0,8,0,3,31,40,1500,400,45
SIM,8,1,1,0,14,1,3,7,1,2,31,40,100,1100,32
SIM,8,1,1,0,15,0,3,7,1,2,31,40,1000,1100,45
SIM,8,1,1,0,16,1,3,5,1,2,31,40,400,1800,39
SIM,8,1,1,0,17,0,0,8,0,3,29,40,1400,100,45
SIM,8,1,1,0,18,1,0,8,0,3,29,40,500,700,39
SIM,8,1,1,0,19,0,0,8,0,3,27,40,1500,400,45
SIM,8,1,1,0,20,1,3,6,1,2,27,40,100,1200,31
SIM,8,1,1,0,21,0,3,6,1,2,25,40,1000,300,45
SIM,8,1,1,0,22,1,3,4,1,2,25,40,400,1100,38
SIM,8,1,1,0,23,0,1,7,1,3,23,40,1300,300,45
SIM,8,1,1,0,24,1,1,6,1,2,23,40,400,1100,37
SIM,8,1,1,0,25,0,0,6,0,2,22,40,1400,500,45
SIM,8,1,1,0,26,1,3,4,1,2,22,40,300,1300,36
SIM,8,1,1,0,27,0,3,4,1,2,21,40,1200,1300,45
SIM,8,1,1,0,28,1,3,3,1,1,21,40,300,2200,37
SIM,8,1,1,0,29,0,3,6,1,2,20,40,1200,200,45
SIM,8,1,1,0,30,1,3,4,1,2,20,40,300,1000,35
SIM,8,1,1,0,31,0,1,4,1,2,19,40,1200,400,45
SIM,8,1,1,0,32,1,4,1,2,1,19,40,100,1300,32
SIM,8,1,1,0,33,0,3,1,1,1,19,40,1000,400,45
SIM,8,1,1,0,34,1,3,0,1,0,19,40,400,1400,39
SIM,8,1,1,0,35,0,3,14,1,0,19,40,1300,800,45
SIM,8,1,1,0,36,1,3,14,1,0,19,39,400,1800,29
SIM,8,1,1,0,37,0,3,0,1,0,19,39,1300,2100,45
SIM,8,1,1,0,38,1,6,0,2,0,19,38,200,3100,33
SIM,8,1,1,0,39,0,6,14,2,0,19,38,1000,2500,45
SIM,8,1,1,0,40,1,6,14,2,0,19,36,400,3500,34
SIM,8,1,1,0,41,0,6,0,2,0,19,36,1200,3800,45
SIM,8,1,1,0,42,1,6,0,2,0,19,34,300,4800,35
SIM,8,1,1,0,43,0,4,3,2,1,19,34,1100,100,45
SIM,8,1,1,0,44,1,7,1,3,1,19,32,300,1000,30
SIM,8,1,1,0,45,0,6,1,2,1,19,32,1100,1000,45
SIM,8,1,1,0,46,1,6,0,2,0,19,31,500,2000,37
SIM,8,1,1,0,47,0,6,0,2,0,19,31,1300,500,45
SIM,8,1,1,0,48,1,6,0,2,0,19,29,400,1500,33
SIM,8,1,1,0,49,0,6,14,2,0,19,29,1200,900,45
SIM,8,1,1,0,50,1,9,12,3,0,19,27,100,1900,28
SIM,8,1,1,0,51,0,9,0,3,0,19,27,800,2200,45
SIM,8,1,1,0,52,1,9,0,3,0,19,24,500,3200,36
SIM,8,1,1,0,53,0,7,3,3,1,19,24,1200,300,45
SIM,8,1,1,0,54,1,7,3,3,1,19,21,300,1200,33
SIM,8,1,1,0,55,0,6,3,2,1,19,21,1100,300,45
SIM,8,1,1,0,56,1,9,3,3,1,19,19,300,1200,33
SIM,8,1,1,0,57,0,7,3,3,1,19,19,1000,300,45
SIM,8,1,1,0,58,1,7,1,3,1,19,17,400,1200,34
SIM,8,1,1,0,59,0,6,1,2,1,19,17,1200,1200,45
SIM,8,1,1,0,60,1,6,0,2,0,19,16,300,2200,35
SIM_END,8,1,1,0,60,0,0
SIM,9,1,1,1,1,0,0,6,0,1,40,40,1000,0,30
SIM,9,1,1,1,2,1,3,4,1,1,40,40,200,800,19
SIM,9,1,1,1,3,0,0,7,0,2,39,40,1200,300,45
SIM,9,1,1,1,4,1,0,7,0,2,39,40,300,1000,39
SIM,9,1,1,1,5,0,0,7,0,2,38,40,1300,400,45
SIM,9,1,1,1,6,1,0,7,0,2,38,40,400,1100,39
SIM,9,1,1,1,7,0,0,7,0,2,37,40,1400,1100,45
SIM,9,1,1,1,8,1,3,5,1,2,37,40,300,1800,34
SIM,9,1,1,1,9,0,0,8,0,3,35,40,1300,100,45
SIM,9,1,1,1,10,1,0,8,0,3,35,40,400,700,39
SIM,9,1,1,1,11,0,0,8,0,3,33,40,1400,400,45
SIM,9,1,1,1,12,1,0,8,0,3,33,40,500,1000,39
SIM,9,1,1,1,13,0,0,8,0,3,32,40,1500,1000,45
SIM,9,1,1,1,14,1,3,7,1,2,32,40,100,1700,32
SIM,9,1,1,1,15,0,0,10,0,3,30,40,1100,300,45
SIM,9,1,1,1,16,1,0,10,0,3,30,40,500,900,41
SIM,9,1,1,1,17,0,0,10,0,3,29,40,1500,900,45
SIM,9,1,1,1,18,1,0,10,0,3,29,40,300,1500,37
SIM,9,1,1,1,19,0,0,10,0,3,28,40,1300,1500,45
SIM,9,1,1,1,20,1,3,8,1,3,28,40,200,2100,36
SIM,9,1,1,1,21,0,0,11,0,4,25,40,1200,100,45
SIM,9,1,1,1,22,1,0,11,0,4,25,40,300,600,39
SIM,9,1,1,1,23,0,0,11,0,4,22,40,1300,300,45
SIM,9,1,1,1,24,1,0,11,0,4,22,40,400,800,39
SIM,9,1,1,1,25,0,0,11,0,4,21,40,1400,800,45
SIM,9,1,1,1,26,1,3,10,1,3,21,40,300,1400,36
SIM,9,1,1,1,27,0,0,13,0,4,18,40,1300,300,45
SIM,9,1,1,1,28,1,0,13,0,4,18,40,400,800,39
SIM,9,1,1,1,29,0,0,13,0,4,17,40,1400,800,45
SIM,9,1,1,1,30,1,0,13,0,4,17,40,500,1300,39
SIM,9,1,1,1,31,0,0,13,0,4,14,40,1500,400,45
SIM,9,1,1,1,32,1,3,11,1,4,14,40,100,900,34
SIM,9,1,1,1,33,0,0,11,0,4,11,40,1100,300,45
SIM,9,1,1,1,34,1,0,11,0,4,11,40,500,800,41
SIM,9,1,1,1,35,0,0,11,0,4,8,40,1500,500,45
SIM,9,1,1,1,36,1,0,11,0,4,8,40,300,1000,37
SIM,9,1,1,1,37,0,0,11,0,4,5,40,1300,400,45
SIM,9,1,1,1,38,1,3,10,1,3,5,40,200,1000,36
SIM,9,1,1,1,39,0,0,13,0,4,2,40,1200,200,45
SIM,9,1,1,1,40,1,0,13,0,4,2,40,300,700,39
SIM_END,9,1,1,1,40,1,0
SIM,10,1,1,2,1,0,0,6,0,1,40,40,1000,0,30
SIM,10,1,1,2,2,1,3,6,1,1,40,39,200,800,19
SIM,10,1,1,2,3,0,0,9,0,2,39,39,1200,300,45
SIM,10,1,1,2,4,1,0,9,0,2,39,39,300,1000,39
SIM,10,1,1,2,5,0,0,9,0,2,38,39,1300,1000,45
SIM,10,1,1,2,6,1,0,9,0,2,38,39,400,1700,39
SIM,10,1,1,2,7,0,0,9,0,2,37,39,1400,1700,45
SIM,10,1,1,2,8,1,3,7,1,2,37,39,300,2400,34
SIM,10,1,1,2,9,0,0,10,0,3,35,39,1300,100,45
SIM,10,1,1,2,10,1,0,10,0,3,35,39,400,700,39
SIM,10,1,1,2,11,0,0,10,0,3,33,39,1400,400,45
SIM,10,1,1,2,12,1,0,10,0,3,33,39,500,1000,39
SIM,10,1,1,2,13,0,0,10,0,3,31,39,1500,400,45
SIM,10,1,1,2,14,1,3,9,1,2,31,39,100,1100,32
SIM,10,1,1,2,15,0,0,12,0,3,29,39,1100,300,45
SIM,10,1,1,2,16,1,0,12,0,3,29,39,500,900,41
SIM,10,1,1,2,17,0,0,12,0,3,28,39,1500,900,45
SIM,10,1,1,2,18,1,0,12,0,3,28,39,300,1500,37
SIM,10,1,1,2,19,0,0,12,0,3,27,39,1300,1500,45
SIM,10,1,1,2,20,1,3,10,1,3,27,39,200,2100,36
SIM,10,1,1,2,21,0,0,13,0,4,24,39,1200,100,45
SIM,10,1,1,2,22,1,0,13,0,4,24,39,300,600,39
SIM,10,1,1,2,23,0,0,13,0,4,21,39,1300,300,45
SIM,10,1,1,2,24,1,0,13,0,4,21,39,400,800,39
SIM,10,1,1,2,25,0,0,13,0,4,18,39,1400,500,45
SIM,10,1,1,2,26,1,3,12,1,3,18,39,300,1100,36
SIM,10,1,1,2,27,0,0,15,0,4,15,39,1300,300,45
SIM,10,1,1,2,28,1,0,15,0,4,15,39,400,800,39
SIM,10,1,1,2,29,0,0,15,0,4,14,39,1400,800,45
SIM,10,1,1,2,30,1,0,15,0,4,14,39,500,1300,39
SIM,10,1,1,2,31,0,0,15,0,4,11,39,1500,400,45
SIM,10,1,1,2,32,1,3,13,1,4,11,39,100,900,34
SIM,10,1,1,2,33,0,0,13,0,4,8,39,1100,300,45
SIM,10,1,1,2,34,1,0,13,0,4,8,39,500,800,41
SIM,10,1,1,2,35,0,0,13,0,4,5,39,1500,500,45
SIM,10,1,1,2,36,1,0,13,0,4,5,39,300,1000,37
SIM,10,1,1,2,37,0,0,13,0,4,2,39,1300,400,45
SIM,10,1,1,2,38,1,3,12,1,3,2,39,200,1000,36
SIM_END,10,1,1,2,38,1,0
SIM,11,1,1,3,1,0,0,6,0,1,40,40,1000,0,30
SIM,11,1,1,3,2,1,3,6,1,1,40,39,200,800,19
SIM,11,1,1,3,3,0,0,9,0,2,39,39,1200,300,45
SIM,11,1,1,3,4,1,0,9,0,2,39,39,300,1000,39
SIM,11,1,1,3,5,0,0,9,0,2,38,39,1300,400,45
SIM,11,1,1,3,6,1,0,9,0,2,38,39,400,1100,39
SIM,11,1,1,3,7,0,0,9,0,2,37,39,1400,1100,45
SIM,11,1,1,3,8,1,3,7,1,2,37,39,300,1800,34
SIM,11,1,1,3,9,0,3,7,1,2,37,39,1200,1800,45
SIM,11,1,1,3,10,1,3,6,1,1,37,39,300,2600,37
SIM,11,1,1,3,11,0,0,9,0,2,36,39,1300,300,45
SIM,11,1,1,3,12,1,0,9,0,2,36,39,400,1000,39
SIM,11,1,1,3,13,0,0,9,0,2,35,39,1400,400,45
SIM,11,1,1,3,14,1,3,7,1,2,35,39,300,1100,34
SIM,11,1,1,3,15,0,0,7,0,2,34,39,1300,500,45
SIM,11,1,1,3,16,1,0,7,0,2,34,39,400,1200,39
SIM,11,1,1,3,17,0,0,10,0,3,32,39,1400,100,45
SIM,11,1,1,3,18,1,0,10,0,3,32,39,500,700,39
SIM,11,1,1,3,19,0,0,10,0,3,31,39,1500,700,45
SIM,11,1,1,3,20,1,3,9,1,2,31,39,100,1400,32
SIM,11,1,1,3,21,0,3,9,1,2,31,39,1000,1400,45
SIM,11,1,1,3,22,1,3,7,1,2,31,39,400,2100,39
SIM,11,1,1,3,23,0,0,7,0,2,31,39,1400,2100,45
SIM,11,1,1,3,24,1,0,7,0,2,31,39,500,2800,39
SIM,11,1,1,3,25,0,0,7,0,2,30,39,1500,2800,45
SIM,11,1,1,3,26,1,3,5,1,2,30,39,100,3500,34
SIM,11,1,1,3,27,0,3,5,1,2,30,39,1000,3500,45
SIM,11,1,1,3,28,1,3,4,1,1,30,39,400,4300,39
SIM,11,1,1,3,29,0,0,7,0,2,29,39,1400,200,45
SIM,11,1,1,3,30,1,0,7,0,2,29,39,500,900,39
SIM,11,1,1,3,31,0,0,7,0,2,28,39,1500,300,45
SIM,11,1,1,3,32,1,3,5,1,2,28,39,100,1000,32
SIM,11,1,1,3,33,0,0,5,0,2,27,39,1100,400,45
SIM,11,1,1,3,34,1,0,5,0,2,27,39,500,1100,41
SIM,11,1,1,3,35,0,0,8,0,3,26,39,1500,300,45
SIM,11,1,1,3,36,1,0,8,0,3,26,39,300,900,37
SIM,11,1,1,3,37,0,0,8,0,3,25,39,1300,300,45
SIM,11,1,1,3,38,1,3,7,1,2,25,39,200,1000,34
SIM,11,1,1,3,39,0,3,7,1,2,25,39,1100,1000,45
SIM,11,1,1,3,40,1,3,5,1,2,25,39,500,1700,39
SIM,11,1,1,3,41,0,0,8,0,3,24,39,1500,300,45
SIM,11,1,1,3,42,1,0,8,0,3,24,39,300,900,37
SIM,11,1,1,3,43,0,0,8,0,3,21,39,1300,300,45
SIM,11,1,1,3,44,1,3,6,1,2,21,39,200,1100,36
SIM,11,1,1,3,45,0,3,6,1,2,19,39,1100,500,45
SIM,11,1,1,3,46,1,3,4,1,2,19,39,500,1300,37
SIM,11,1,1,3,47,0,1,7,1,3,17,39,1400,200,45
SIM,11,1,1,3,48,1,1,6,1,2,17,39,500,1000,37
SIM,11,1,1,3,49,0,0,6,0,2,16,39,1500,400,45
SIM,11,1,1,3,50,1,3,4,1,2,16,39,100,1200,32
SIM,11,1,1,3,51,0,1,4,1,2,15,39,1000,300,45
SIM,11,1,1,3,52,1,1,3,1,1,15,39,400,1200,39
SIM,11,1,1,3,53,0,0,6,0,2,14,39,1400,100,45
SIM,11,1,1,3,54,1,0,6,0,2,14,39,500,900,39
SIM,11,1,1,3,55,0,0,6,0,2,13,39,1500,900,45
SIM,11,1,1,3,56,1,3,4,1,2,13,39,100,1700,34
SIM,11,1,1,3,57,0,1,4,1,2,12,39,1000,500,45
SIM,11,1,1,3,58,1,1,3,1,1,12,39,400,1400,39
SIM,11,1,1,3,59,0,0,6,0,2,11,39,1400,300,45
SIM,11,1,1,3,60,1,0,6,0,2,11,39,500,1100,39
SIM_END,11,1,1,3,60,1,0
SIM,12,1,1,4,1,0,0,6,0,1,40,40,1000,0,30
SIM,12,1,1,4,2,1,3,6,1,1,40,39,200,800,19
SIM,12,1,1,4,3,0,0,9,0,2,39,39,1200,300,45
SIM,12,1,1,4,4,1,0,9,0,2,39,39,300,1000,39
SIM,12,1,1,4,5,0,0,9,0,2,38,39,1300,1000,45
SIM,12,1,1,4,6,1,0,9,0,2,38,39,400,1700,39
SIM,12,1,1,4,7,0,0,9,0,2,37,39,1400,500,45
SIM,12,1,1,4,8,1,3,7,1,2,37,39,300,1200,34
SIM,12,1,1,4,9,0,3,7,1,2,37,39,1200,1200,45
SIM,12,1,1,4,10,1,3,6,1,1,37,39,300,2000,37
SIM,12,1,1,4,11,0,0,9,0,2,36,39,1300,300,45
SIM,12,1,1,4,12,1,0,9,0,2,36,39,400,1000,39
SIM,12,1,1,4,13,0,0,9,0,2,35,39,1400,400,45
SIM,12,1,1,4,14,1,3,7,1,2,35,39,300,1100,34
SIM,12,1,1,4,15,0,0,7,0,2,34,39,1300,500,45
SIM,12,1,1,4,16,1,0,7,0,2,34,39,400,1200,39
SIM,12,1,1,4,17,0,0,10,0,3,32,39,1400,100,45
SIM,12,1,1,4,18,1,0,10,0,3,32,39,500,700,39
SIM,12,1,1,4,19,0,0,10,0,3,31,39,1500,700,45
SIM,12,1,1,4,20,1,3,9,1,2,31,39,100,1400,32
SIM,12,1,1,4,21,0,3,9,1,2,31,39,1000,1400,45
SIM,12,1,1,4,22,1,3,7,1,2,31,39,400,2100,39
SIM,12,1,1,4,23,0,0,10,0,3,29,39,1400,100,45
SIM,12,1,1,4,24,1,0,10,0,3,29,39,500,700,39
SIM,12,1,1,4,25,0,0,10,0,3,27,39,1500,400,45
SIM,12,1,1,4,26,1,3,8,1,3,27,39,100,1000,34
SIM,12,1,1,4,27,0,0,8,0,3,25,39,1100,400,45
SIM,12,1,1,4,28,1,0,8,0,3,25,39,500,1000,41
SIM,12,1,1,4,29,0,0,8,0,3,24,39,1500,1000,45
SIM,12,1,1,4,30,1,0,8,0,3,24,39,300,1600,37
SIM,12,1,1,4,31,0,0,11,0,4,21,39,1300,200,45
SIM,12,1,1,4,32,1,3,10,1,3,21,39,200,800,36
SIM,12,1,1,4,33,0,0,10,0,3,19,39,1200,500,45
SIM,12,1,1,4,34,1,0,10,0,3,19,39,300,1100,39
SIM,12,1,1,4,35,0,0,10,0,3,18,39,1300,1100,45
SIM,12,1,1,4,36,1,0,10,0,3,18,39,400,1700,39
SIM,12,1,1,4,37,0,0,13,0,4,15,39,1400,300,45
SIM,12,1,1,4,38,1,3,11,1,4,15,39,300,800,36
SIM,12,1,1,4,39,0,3,11,1,4,15,39,1200,800,45
SIM,12,1,1,4,40,1,3,10,1,3,15,39,300,1400,37
SIM,12,1,1,4,41,0,0,10,0,3,13,39,1300,500,45
SIM,12,1,1,4,42,1,0,10,0,3,13,39,400,1100,39
SIM,12,1,1,4,43,0,0,13,0,4,10,39,1400,300,45
SIM,12,1,1,4,44,1,3,11,1,4,10,39,300,800,36
SIM,12,1,1,4,45,0,3,11,1,4,10,39,1200,800,45
SIM,12,1,1,4,46,1,3,10,1,3,10,39,300,1400,37
SIM,12,1,1,4,47,0,0,10,0,3,10,39,1300,1400,45
SIM,12,1,1,4,48,1,0,10,0,3,10,39,400,2000,39
SIM,12,1,1,4,49,0,0,10,0,3,9,39,1400,2000,45
SIM,12,1,1,4,50,1,3,8,1,3,9,39,300,2600,35
SIM,12,1,1,4,51,0,0,8,0,3,9,39,1300,2600,45
SIM,12,1,1,4,52,1,0,8,0,3,9,39,400,3200,39
SIM,12,1,1,4,53,0,0,11,0,4,6,39,1400,300,45
SIM,12,1,1,4,54,1,0,11,0,4,6,39,500,800,39
SIM,12,1,1,4,55,0,0,11,0,4,3,39,1500,500,45
SIM,12,1,1,4,56,1,3,9,1,3,3,39,100,1200,31
SIM,12,1,1,4,57,0,3,9,1,3,2,39,1000,1200,45
SIM,12,1,1,4,58,1,3,7,1,3,2,39,400,1900,38
SIM,12,1,1,4,59,0,3,7,1,3,1,39,1300,1900,45
SIM,12,1,1,4,60,1,3,6,1,2,1,39,400,2700,37
SIM_END,12,1,1,4,60,1,0
SIM,13,1,1,5,1,0,0,6,0,1,40,40,1000,0,30
SIM,13,1,1,5,2,1,3,6,1,1,40,39,200,800,19
SIM,13,1,1,5,3,0,3,6,1,1,40,39,1100,800,45
SIM,13,1,1,5,4,1,3,6,1,1,40,38,500,1600,39
SIM,13,1,1,5,5,0,0,6,0,1,40,38,1500,1600,45
SIM,13,1,1,5,6,1,0,6,0,1,40,38,300,2400,37
SIM,13,1,1,5,7,0,0,9,0,2,39,38,1300,100,45
SIM,13,1,1,5,8,1,3,7,1,2,39,38,200,800,34
SIM,13,1,1,5,9,0,0,7,0,2,38,38,1200,500,45
SIM,13,1,1,5,10,1,0,7,0,2,38,38,300,1200,39
SIM,13,1,1,5,11,0,0,7,0,2,37,38,1300,300,45
SIM,13,1,1,5,12,1,0,7,0,2,37,38,400,1000,39
SIM,13,1,1,5,13,0,0,10,0,3,36,38,1400,200,45
SIM,13,1,1,5,14,1,3,9,1,2,36,38,300,900,34
SIM,13,1,1,5,15,0,3,9,1,2,36,38,1200,900,45
SIM,13,1,1,5,16,1,3,7,1,2,36,38,300,1600,37
SIM,13,1,1,5,17,0,0,7,0,2,36,38,1300,1600,45
SIM,13,1,1,5,18,1,0,7,0,2,36,38,400,2300,39
SIM,13,1,1,5,19,0,0,21,0,2,36,38,1400,1700,45
SIM,13,1,1,5,20,1,3,19,1,2,36,38,300,2400,34
SIM,13,1,1,5,21,0,0,8,0,3,34,38,1300,100,45
SIM,13,1,1,5,22,1,0,8,0,3,34,38,400,700,39
SIM,13,1,1,5,23,0,0,8,0,3,32,38,1400,400,45
SIM,13,1,1,5,24,1,0,8,0,3,32,38,500,1000,39
SIM,13,1,1,5,25,0,0,8,0,3,30,38,1500,400,45
SIM,13,1,1,5,26,1,3,6,1,2,30,38,100,1200,31
SIM,13,1,1,5,27,0,1,9,1,3,28,38,1000,100,45
SIM,13,1,1,5,28,1,1,7,1,3,28,38,400,800,39
SIM,13,1,1,5,29,0,0,7,0,3,26,38,1400,500,45
SIM,13,1,1,5,30,1,0,7,0,3,26,38,500,1200,39
SIM,13,1,1,5,31,0,0,7,0,3,25,38,1500,1200,45
SIM,13,1,1,5,32,1,3,6,1,2,25,38,100,2000,31
SIM,13,1,1,5,33,0,3,6,1,2,24,38,1000,2000,45
SIM,13,1,1,5,34,1,3,4,1,2,24,38,400,2800,36
SIM,13,1,1,5,35,0,1,7,1,3,22,38,1300,200,45
SIM,13,1,1,5,36,1,1,6,1,2,22,38,400,1000,37
SIM,13,1,1,5,37,0,0,6,0,2,22,38,1400,1000,45
SIM,13,1,1,5,38,1,3,4,1,2,22,38,300,1800,36
SIM,13,1,1,5,39,0,3,4,1,2,20,38,1200,300,45
SIM,13,1,1,5,40,1,3,3,1,1,20,38,300,1200,37
SIM,13,1,1,5,41,0,3,3,1,1,19,38,1200,1200,45
SIM,13,1,1,5,42,1,3,1,1,1,19,38,300,2100,35
SIM,13,1,1,5,43,0,1,4,1,2,18,38,1200,100,45
SIM,13,1,1,5,44,1,4,1,2,1,18,38,100,1000,32
SIM,13,1,1,5,45,0,3,1,1,1,18,38,1000,400,45
SIM,13,1,1,5,46,1,3,0,1,0,18,38,400,1400,39
SIM,13,1,1,5,47,0,3,0,1,0,18,38,1300,500,45
SIM,13,1,1,5,48,1,3,0,1,0,18,38,400,1500,39
SIM,13,1,1,5,49,0,1,3,1,1,18,38,1300,100,45
SIM,13,1,1,5,50,1,4,0,2,0,18,38,200,1100,30
SIM,13,1,1,5,51,0,4,0,2,0,18,38,1000,500,45
SIM,13,1,1,5,52,1,4,0,2,0,18,38,400,1500,41
SIM,13,1,1,5,53,0,4,14,2,0,18,38,1200,900,45
SIM,13,1,1,5,54,1,4,14,2,0,18,37,300,1900,25
SIM,13,1,1,5,55,0,4,0,2,0,18,37,1100,2200,45
SIM,13,1,1,5,56,1,7,0,3,0,18,35,300,3200,31
SIM,13,1,1,5,57,0,6,3,2,1,18,35,1100,300,45
SIM,13,1,1,5,58,1,6,3,2,1,18,33,500,1200,36
SIM,13,1,1,5,59,0,4,3,2,1,18,33,1300,300,45
SIM,13,1,1,5,60,1,4,3,2,1,18,31,400,1200,35
SIM_END,13,1,1,5,60,1,0
SIM,14,1,1,6,1,0,0,6,0,1,40,40,1000,0,30
SIM,14,1,1,6,2,1,3,6,1,1,40,39,200,800,19
SIM,14,1,1,6,3,0,0,9,0,2,39,39,1200,300,45
SIM,14,1,1,6,4,1,0,9,0,2,39,39,300,1000,39
SIM,14,1,1,6,5,0,0,9,0,2,38,39,1300,400,45
SIM,14,1,1,6,6,1,0,9,0,2,38,39,400,1100,39
SIM,14,1,1,6,7,0,0,9,0,2,37,39,1400,1100,45
SIM,14,1,1,6,8,1,3,7,1,2,37,39,300,1800,34
SIM,14,1,1,6,9,0,0,10,0,3,35,39,1300,100,45
SIM,14,1,1,6,10,1,0,10,0,3,35,39,400,700,39
SIM,14,1,1,6,11,0,0,10,0,3,33,39,1400,400,45
SIM,14,1,1,6,12,1,0,10,0,3,33,39,500,1000,39
SIM,14,1,1,6,13,0,0,10,0,3,31,39,1500,400,45
SIM,14,1,1,6,14,1,3,9,1,2,31,39,100,1100,32
SIM,14,1,1,6,15,0,0,12,0,3,29,39,1100,300,45
SIM,14,1,1,6,16,1,0,12,0,3,29,39,500,900,41
SIM,14,1,1,6,17,0,0,12,0,3,27,39,1500,300,45
SIM,14,1,1,6,18,1,0,12,0,3,27,39,300,900,37
SIM,14,1,1,6,19,0,0,12,0,3,25,39,1300,300,45
SIM,14,1,1,6,20,1,3,10,1,3,25,39,200,900,36
SIM,14,1,1,6,21,0,0,13,0,4,22,39,1200,100,45
SIM,14,1,1,6,22,1,0,13,0,4,22,39,300,600,39
SIM,14,1,1,6,23,0,0,13,0,4,19,39,1300,300,45
SIM,14,1,1,6,24,1,0,13,0,4,19,39,400,800,39
SIM,14,1,1,6,25,0,0,13,0,4,16,39,1400,500,45
SIM,14,1,1,6,26,1,3,12,1,3,16,39,300,1100,36
SIM,14,1,1,6,27,0,0,15,0,4,13,39,1300,300,45
SIM,14,1,1,6,28,1,0,15,0,4,13,39,400,800,39
SIM,14,1,1,6,29,0,0,15,0,4,10,39,1400,500,45
SIM,14,1,1,6,30,1,0,15,0,4,10,39,500,1000,39
SIM,14,1,1,6,31,0,0,15,0,4,7,39,1500,400,45
SIM,14,1,1,6,32,1,3,13,1,4,7,39,100,900,34
SIM,14,1,1,6,33,0,0,13,0,4,4,39,1100,300,45
SIM,14,1,1,6,34,1,0,13,0,4,4,39,500,800,41
SIM_END,14,1,1,6,34,1,0
SIM_DONE
### degrade=35
SIM_CONFIG,degrade_favoured_pct=35,only_handicap=1,variants=7
SIM,1,0,1,0,1,0,6,0,1,0,40,40,1000,0,30
SIM,1,0,1,0,2,1,9,0,2,0,40,39,200,1000,19
SIM,1,0,1,0,3,0,7,3,2,1,40,39,900,200,45
SIM,1,0,1,0,4,1,7,0,2,0,40,38,300,1200,31
SIM,1,0,1,0,5,0,7,0,2,0,40,38,1000,300,45
SIM,1,0,1,0,6,1,7,0,2,0,40,36,400,1300,31
SIM,1,0,1,0,7,0,7,0,2,0,40,36,1100,400,45
SIM,1,0,1,0,8,1,10,0,3,0,40,34,300,1400,33
SIM,1,0,1,0,9,0,9,3,2,1,40,34,1000,300,45
SIM,1,0,1,0,10,1,9,0,2,0,40,33,400,1300,36
SIM,1,0,1,0,11,0,9,0,2,0,40,33,1100,400,45
SIM,1,0,1,0,12,1,9,0,2,0,40,32,1100,1400,43
SIM,1,0,1,0,13,0,9,0,2,0,40,32,1800,500,45
SIM,1,0,1,0,14,1,12,0,3,0,40,29,100,1500,20
SIM,1,0,1,0,15,0,10,3,3,1,40,29,700,100,45
SIM,1,0,1,0,16,1,10,0,3,0,40,27,400,1100,37
SIM,1,0,1,0,17,0,10,0,3,0,40,27,1000,500,45
SIM,1,0,1,0,18,1,10,0,3,0,40,26,1000,1500,43
SIM,1,0,1,0,19,0,10,0,3,0,40,26,1600,300,45
SIM,1,0,1,0,20,1,13,0,4,0,40,23,200,1300,27
SIM,1,0,1,0,21,0,11,3,4,1,40,23,700,200,45
SIM,1,0,1,0,22,1,11,0,4,0,40,20,400,1200,29
SIM,1,0,1,0,23,0,11,0,4,0,40,20,900,1200,45
SIM,1,0,1,0,24,1,11,0,4,0,40,19,900,2200,43
SIM,1,0,1,0,25,0,11,0,4,0,40,19,1400,2200,45
SIM,1,0,1,0,26,1,11,0,4,0,40,18,1400,3200,43
SIM,1,0,1,0,27,0,9,3,3,1,40,18,2100,300,45
SIM,1,0,1,0,28,1,12,3,4,1,40,14,100,1200,16
SIM,1,0,1,0,29,0,10,3,4,1,40,14,700,300,45
SIM,1,0,1,0,30,1,10,3,4,1,40,13,700,1200,43
SIM,1,0,1,0,31,0,9,3,3,1,40,13,1400,300,45
SIM,1,0,1,0,32,1,9,3,3,1,40,12,1400,1200,43
SIM,1,0,1,0,33,0,6,6,2,2,40,12,2200,100,45
SIM,1,0,1,0,34,1,6,6,2,2,40,11,2200,900,43
SIM,1,0,1,0,35,0,3,6,1,2,40,11,3100,300,45
SIM,1,0,1,0,36,1,3,6,1,2,40,10,3100,1100,43
SIM,1,0,1,0,37,0,0,6,0,2,40,10,4100,500,45
SIM,1,0,1,0,38,1,3,4,1,2,40,10,300,1300,14
SIM,1,0,1,0,39,0,0,7,0,3,39,10,1300,200,44
SIM,1,0,1,0,40,1,14,7,0,3,39,10,700,900,42
SIM,1,0,1,0,41,0,14,7,0,3,38,10,1700,300,45
SIM,1,0,1,0,42,1,0,7,0,3,38,10,2000,1000,45
SIM,1,0,1,0,43,0,0,7,0,3,35,10,3000,400,45
SIM,1,0,1,0,44,1,14,7,0,3,35,10,2400,1100,43
SIM,1,0,1,0,45,0,14,10,0,4,32,10,3400,300,45
SIM,1,0,1,0,46,1,3,9,1,3,32,10,200,1000,20
SIM,1,0,1,0,47,0,3,9,1,3,29,10,1100,400,45
SIM,1,0,1,0,48,1,3,7,1,3,29,10,500,1100,39
SIM,1,0,1,0,49,0,3,7,1,3,26,10,1400,500,45
SIM,1,0,1,0,50,1,3,6,1,2,26,10,500,1300,37
SIM,1,0,1,0,51,0,3,9,1,3,24,10,1400,200,45
SIM,1,0,1,0,52,1,17,9,1,3,24,10,800,900,43
SIM,1,0,1,0,53,0,17,9,1,3,21,10,1700,300,45
SIM,1,0,1,0,54,1,3,9,1,3,21,10,2000,1000,45
SIM,1,0,1,0,55,0,3,9,1,3,18,10,2900,400,45
SIM,1,0,1,0,56,1,6,6,2,2,18,10,300,1200,24
SIM,1,0,1,0,57,0,6,9,2,3,15,10,1100,100,45
SIM,1,0,1,0,58,1,20,9,2,3,15,10,500,800,43
SIM,1,0,1,0,59,0,20,9,2,3,12,10,1300,500,45
SIM,1,0,1,0,60,1,6,6,2,2,12,10,400,1300,33
SIM_END,1,0,1,0,60,1,0
SIM,2,0,1,1,1,0,6,0,1,0,40,40,1000,0,30
SIM,2,0,1,1,2,1,20,0,1,0,40,40,400,1000,28
SIM,2,0,1,1,3,0,18,3,1,1,40,40,1200,200,45
SIM,2,0,1,1,4,1,7,0,2,0,40,39,100,1200,28
SIM,2,0,1,1,5,0,7,0,2,0,40,39,800,300,45
SIM,2,0,1,1,6,1,7,0,2,0,40,38,500,1300,31
SIM,2,0,1,1,7,0,7,0,2,0,40,38,1200,400,45
SIM,2,0,1,1,8,1,7,0,2,0,40,37,1200,1400,43
SIM,2,0,1,1,9,0,5,3,2,1,40,37,1900,300,45
SIM,2,0,1,1,10,1,8,0,3,0,40,36,200,1300,25
SIM,2,0,1,1,11,0,8,0,3,0,40,36,800,400,45
SIM,2,0,1,1,12,1,8,0,3,0,40,33,500,1400,30
SIM,2,0,1,1,13,0,8,0,3,0,40,33,1100,500,45
SIM,2,0,1,1,14,1,8,0,3,0,40,30,500,1500,35
SIM,2,0,1,1,15,0,7,3,2,1,40,30,1200,100,45
SIM,2,0,1,1,16,1,7,0,2,0,40,30,1200,1100,43
SIM,2,0,1,1,17,0,7,0,2,0,40,30,1900,500,45
SIM,2,0,1,1,18,1,10,0,3,0,40,27,200,1500,24
SIM,2,0,1,1,19,0,10,0,3,0,40,27,800,300,45
SIM,2,0,1,1,20,1,10,0,3,0,40,24,500,1300,37
SIM,2,0,1,1,21,0,8,3,3,1,40,24,1100,200,45
SIM,2,0,1,1,22,1,8,0,3,0,40,22,500,1200,35
SIM,2,0,1,1,23,0,8,0,3,0,40,22,1100,300,45
SIM,2,0,1,1,24,1,11,0,4,0,40,19,300,1300,31
SIM,2,0,1,1,25,0,11,0,4,0,40,19,800,400,45
SIM,2,0,1,1,26,1,11,0,4,0,40,15,500,1400,29
SIM,2,0,1,1,27,0,9,3,3,1,40,15,1200,300,45
SIM,2,0,1,1,28,1,9,3,3,1,40,12,300,1200,33
SIM,2,0,1,1,29,0,7,3,3,1,40,12,1000,300,45
SIM,2,0,1,1,30,1,7,3,3,1,40,11,1000,1200,43
SIM,2,0,1,1,31,0,6,3,2,1,40,11,1800,300,45
SIM,2,0,1,1,32,1,6,3,2,1,40,10,1800,1200,43
SIM,2,0,1,1,33,0,3,6,1,2,40,10,2700,100,45
SIM,2,0,1,1,34,1,6,6,2,2,40,8,100,900,16
SIM,2,0,1,1,35,0,3,6,1,2,40,8,1000,300,45
SIM,2,0,1,1,36,1,3,6,1,2,40,7,1000,1100,43
SIM,2,0,1,1,37,0,0,6,0,2,40,7,2000,500,45
SIM,2,0,1,1,38,1,0,6,0,2,40,7,500,1300,35
SIM,2,0,1,1,39,0,0,9,0,3,39,7,1500,200,45
SIM,2,0,1,1,40,1,3,7,1,3,39,7,100,900,32
SIM,2,0,1,1,41,0,0,7,0,3,38,7,1100,300,45
SIM,2,0,1,1,42,1,0,7,0,3,38,7,500,1000,41
SIM,2,0,1,1,43,0,0,7,0,3,35,7,1500,400,45
SIM,2,0,1,1,44,1,0,7,0,3,35,7,300,1100,37
SIM,2,0,1,1,45,0,0,10,0,4,32,7,1300,300,45
SIM,2,0,1,1,46,1,3,9,1,3,32,7,200,1000,34
SIM,2,0,1,1,47,0,3,9,1,3,29,7,1100,400,45
SIM,2,0,1,1,48,1,3,7,1,3,29,7,500,1100,39
SIM,2,0,1,1,49,0,3,7,1,3,26,7,1400,500,45
SIM,2,0,1,1,50,1,3,6,1,2,26,7,500,1300,37
SIM,2,0,1,1,51,0,1,9,1,3,24,7,1400,200,45
SIM,2,0,1,1,52,1,15,9,1,3,24,7,800,900,43
SIM,2,0,1,1,53,0,14,9,0,3,22,7,1800,300,45
SIM,2,0,1,1,54,1,3,7,1,3,22,7,100,1000,30
SIM,2,0,1,1,55,0,3,7,1,3,19,7,1000,400,45
SIM,2,0,1,1,56,1,3,6,1,2,19,7,400,1200,39
SIM,2,0,1,1,57,0,3,9,1,3,16,7,1300,100,45
SIM,2,0,1,1,58,1,17,9,1,3,16,7,700,800,43
SIM,2,0,1,1,59,0,17,9,1,3,13,7,1600,500,45
SIM,2,0,1,1,60,1,6,6,2,2,13,7,200,1300,30
SIM_END,2,0,1,1,60,0,0
SIM,3,0,1,2,1,0,6,0,1,0,40,40,1000,0,30
SIM,3,0,1,2,2,1,20,0,1,0,40,40,400,1000,28
SIM,3,0,1,2,3,0,18,3,1,1,40,40,1200,200,45
SIM,3,0,1,2,4,1,4,3,1,1,40,40,1500,1100,45
SIM,3,0,1,2,5,0,2,3,1,1,40,40,2300,500,45
SIM,3,0,1,2,6,1,2,0,1,0,40,40,2300,1500,43
SIM,3,0,1,2,7,0,2,0,1,0,40,40,3100,300,45
SIM,3,0,1,2,8,1,16,0,1,0,40,40,2500,1300,43
SIM,3,0,1,2,9,0,14,3,0,1,40,40,3500,200,45
SIM,3,0,1,2,10,1,0,3,0,1,40,40,3800,1100,45
SIM,3,0,1,2,11,0,0,3,0,1,39,40,4800,500,45
SIM,3,0,1,2,12,1,14,3,0,1,39,40,4200,1400,43
SIM,3,0,1,2,13,0,14,3,0,1,38,40,5200,500,45
SIM,3,0,1,2,14,1,3,1,1,1,38,40,200,1400,6
SIM,3,0,1,2,15,0,1,4,1,2,37,40,1100,300,36
SIM,3,0,1,2,16,1,1,3,1,1,37,40,500,1200,30
SIM,3,0,1,2,17,0,0,3,0,1,37,40,1500,300,45
SIM,3,0,1,2,18,1,0,3,0,1,37,40,300,1200,37
SIM,3,0,1,2,19,0,0,3,0,1,36,40,1300,300,45
SIM,3,0,1,2,20,1,3,1,1,1,36,40,200,1200,34
SIM,3,0,1,2,21,0,1,4,1,2,35,40,1100,100,45
SIM,3,0,1,2,22,1,1,3,1,1,35,40,500,1000,39
SIM,3,0,1,2,23,0,0,3,0,1,35,40,1500,400,45
SIM,3,0,1,2,24,1,14,3,0,1,35,40,900,1300,43
SIM,3,0,1,2,25,0,14,3,0,1,34,40,1900,400,45
SIM,3,0,1,2,26,1,3,1,1,1,34,40,200,1300,28
SIM,3,0,1,2,27,0,1,4,1,2,33,40,1100,200,45
SIM,3,0,1,2,28,1,1,3,1,1,33,40,500,1100,39
SIM,3,0,1,2,29,0,0,3,0,1,33,40,1500,500,45
SIM,3,0,1,2,30,1,0,3,0,1,33,40,300,1400,37
SIM,3,0,1,2,31,0,0,3,0,1,32,40,1300,500,45
SIM,3,0,1,2,32,1,3,1,1,1,32,40,200,1400,34
SIM,3,0,1,2,33,0,1,4,1,2,31,40,1100,300,45
SIM,3,0,1,2,34,1,1,3,1,1,31,40,500,1200,39
SIM,3,0,1,2,35,0,0,3,0,1,31,40,1500,300,45
SIM,3,0,1,2,36,1,0,3,0,1,31,40,300,1200,37
SIM,3,0,1,2,37,0,0,3,0,1,30,40,1300,300,45
SIM,3,0,1,2,38,1,14,3,0,1,30,40,700,1200,43
SIM,3,0,1,2,39,0,14,6,0,2,28,40,1700,100,45
SIM,3,0,1,2,40,1,3,4,1,2,28,40,300,900,30
SIM,3,0,1,2,41,0,3,4,1,2,26,40,1200,300,45
SIM,3,0,1,2,42,1,3,3,1,1,26,40,1200,1200,43
SIM,3,0,1,2,43,0,3,3,1,1,25,40,2100,300,45
SIM,3,0,1,2,44,1,3,1,1,1,25,40,300,1200,29
SIM,3,0,1,2,45,0,1,4,1,2,24,40,1200,100,45
SIM,3,0,1,2,46,1,4,1,2,1,24,40,100,1000,30
SIM,3,0,1,2,47,0,3,1,1,1,24,40,1000,400,45
SIM,3,0,1,2,48,1,3,0,1,0,24,40,400,1400,39
SIM,3,0,1,2,49,0,3,0,1,0,24,40,1300,500,45
SIM,3,0,1,2,50,1,3,0,1,0,24,39,400,1500,33
SIM,3,0,1,2,51,0,1,3,1,1,24,39,1300,100,45
SIM,3,0,1,2,52,1,1,3,1,1,24,38,1300,1000,43
SIM,3,0,1,2,53,0,0,3,0,1,24,38,2300,400,45
SIM,3,0,1,2,54,1,14,3,0,1,24,38,1700,1300,43
SIM,3,0,1,2,55,0,14,3,0,1,23,38,2700,400,45
SIM,3,0,1,2,56,1,0,3,0,1,23,38,3000,1300,45
SIM,3,0,1,2,57,0,0,6,0,2,22,38,4000,200,45
SIM,3,0,1,2,58,1,14,6,0,2,22,38,3400,1000,43
SIM,3,0,1,2,59,0,14,6,0,2,20,38,4400,400,45
SIM,3,0,1,2,60,1,0,6,0,2,20,38,4700,1200,45
SIM_END,3,0,1,2,60,1,0
SIM,4,0,1,3,1,0,6,0,1,0,40,40,1000,0,30
SIM,4,0,1,3,2,1,9,0,2,0,40,39,200,1000,19
SIM,4,0,1,3,3,0,7,3,2,1,40,39,900,200,45
SIM,4,0,1,3,4,1,7,3,2,1,40,39,900,1100,35
SIM,4,0,1,3,5,0,6,3,1,1,40,39,1700,500,45
SIM,4,0,1,3,6,1,6,0,1,0,40,39,1700,1500,43
SIM,4,0,1,3,7,0,6,0,1,0,40,39,2500,300,45
SIM,4,0,1,3,8,1,9,0,2,0,40,37,200,1300,16
SIM,4,0,1,3,9,0,7,3,2,1,40,37,900,200,45
SIM,4,0,1,3,10,1,7,0,2,0,40,36,300,1200,37
SIM,4,0,1,3,11,0,7,0,2,0,40,36,1000,300,45
SIM,4,0,1,3,12,1,7,0,2,0,40,34,400,1300,37
SIM,4,0,1,3,13,0,7,0,2,0,40,34,1100,400,45
SIM,4,0,1,3,14,1,7,0,2,0,40,33,1100,1400,43
SIM,4,0,1,3,15,0,5,3,2,1,40,33,1800,300,45
SIM,4,0,1,3,16,1,5,0,2,0,40,33,1800,1300,43
SIM,4,0,1,3,17,0,5,0,2,0,40,33,2500,400,45
SIM,4,0,1,3,18,1,8,0,3,0,40,31,200,1400,23
SIM,4,0,1,3,19,0,8,0,3,0,40,31,800,500,45
SIM,4,0,1,3,20,1,8,0,3,0,40,30,800,1500,43
SIM,4,0,1,3,21,0,6,3,2,1,40,30,1600,100,45
SIM,4,0,1,3,22,1,6,3,2,1,40,28,400,1000,30
SIM,4,0,1,3,23,0,4,3,2,1,40,28,1200,400,45
SIM,4,0,1,3,24,1,4,3,2,1,40,27,1200,1300,43
SIM,4,0,1,3,25,0,3,3,1,1,40,27,2100,400,45
SIM,4,0,1,3,26,1,3,3,1,1,40,26,2100,1300,43
SIM,4,0,1,3,27,0,0,6,0,2,40,26,3100,200,45
SIM,4,0,1,3,28,1,3,4,1,2,40,26,200,1000,20
SIM,4,0,1,3,29,0,0,4,0,2,40,26,1200,400,45
SIM,4,0,1,3,30,1,14,4,0,2,40,26,600,1200,43
SIM,4,0,1,3,31,0,14,4,0,2,39,26,1600,300,45
SIM,4,0,1,3,32,1,0,4,0,2,39,26,400,1100,35
SIM,4,0,1,3,33,0,0,7,0,3,37,26,1400,300,45
SIM,4,0,1,3,34,1,3,6,1,2,37,26,300,1100,36
SIM,4,0,1,3,35,0,3,6,1,2,35,26,1200,500,45
SIM,4,0,1,3,36,1,3,4,1,2,35,26,300,1300,37
SIM,4,0,1,3,37,0,3,4,1,2,33,26,1200,400,45
SIM,4,0,1,3,38,1,3,3,1,1,33,26,1200,1300,43
SIM,4,0,1,3,39,0,3,6,1,2,32,26,2100,200,45
SIM,4,0,1,3,40,1,6,3,2,1,32,26,100,1100,18
SIM,4,0,1,3,41,0,6,3,2,1,31,26,900,500,45
SIM,4,0,1,3,42,1,6,0,2,0,31,26,300,1500,37
SIM,4,0,1,3,43,0,6,0,2,0,31,26,1100,300,45
SIM,4,0,1,3,44,1,6,0,2,0,31,26,500,1300,41
SIM,4,0,1,3,45,0,4,3,2,1,31,26,1300,200,45
SIM,4,0,1,3,46,1,18,3,2,1,31,26,700,1100,43
SIM,4,0,1,3,47,0,17,3,1,1,31,26,1600,500,45
SIM,4,0,1,3,48,1,6,0,2,0,31,26,200,1500,26
SIM,4,0,1,3,49,0,6,0,2,0,31,26,1000,300,45
SIM,4,0,1,3,50,1,6,0,2,0,31,26,400,1300,41
SIM,4,0,1,3,51,0,4,3,2,1,31,26,1200,200,45
SIM,4,0,1,3,52,1,4,0,2,0,31,26,300,1200,33
SIM,4,0,1,3,53,0,4,0,2,0,31,26,1100,300,45
SIM,4,0,1,3,54,1,18,0,2,0,31,26,500,1300,43
SIM,4,0,1,3,55,0,18,0,2,0,31,26,1300,400,45
SIM,4,0,1,3,56,1,4,0,2,0,31,26,1600,1400,45
SIM,4,0,1,3,57,0,3,3,1,1,31,26,2500,300,45
SIM,4,0,1,3,58,1,6,0,2,0,31,26,200,1300,24
SIM,4,0,1,3,59,0,6,0,2,0,31,26,1000,400,45
SIM,4,0,1,3,60,1,20,0,2,0,31,26,400,1400,43
SIM_END,4,0,1,3,60,0,0
SIM,5,0,1,4,1,0,6,0,1,0,40,40,1000,0,30
SIM,5,0,1,4,2,1,20,0,1,0,40,40,400,1000,28
SIM,5,0,1,4,3,0,20,3,1,1,39,40,1200,200,45
SIM,5,0,1,4,4,1,9,0,2,0,39,39,100,1200,28
SIM,5,0,1,4,5,0,9,0,2,0,39,39,800,300,45
SIM,5,0,1,4,6,1,9,0,2,0,39,38,500,1300,41
SIM,5,0,1,4,7,0,9,0,2,0,39,38,1200,400,45
SIM,5,0,1,4,8,1,9,0,2,0,39,37,300,1400,37
SIM,5,0,1,4,9,0,7,3,2,1,39,37,1000,300,45
SIM,5,0,1,4,10,1,10,0,3,0,39,36,200,1300,15
SIM,5,0,1,4,11,0,10,0,3,0,39,36,800,400,45
SIM,5,0,1,4,12,1,10,0,3,0,39,35,800,1400,43
SIM,5,0,1,4,13,0,10,0,3,0,39,35,1400,500,45
SIM,5,0,1,4,14,1,10,0,3,0,39,32,500,1500,24
SIM,5,0,1,4,15,0,9,3,2,1,39,32,1200,100,45
SIM,5,0,1,4,16,1,9,0,2,0,39,32,1200,1100,43
SIM,5,0,1,4,17,0,9,0,2,0,39,32,1900,500,45
SIM,5,0,1,4,18,1,12,0,3,0,39,29,200,1500,24
SIM,5,0,1,4,19,0,12,0,3,0,39,29,800,300,45
SIM,5,0,1,4,20,1,12,0,3,0,39,28,800,1300,43
SIM,5,0,1,4,21,0,10,3,3,1,39,28,1400,200,45
SIM,5,0,1,4,22,1,10,0,3,0,39,26,500,1200,33
SIM,5,0,1,4,23,0,10,0,3,0,39,26,1100,300,45
SIM,5,0,1,4,24,1,10,0,3,0,39,25,1100,1300,43
SIM,5,0,1,4,25,0,10,0,3,0,39,25,1700,400,45
SIM,5,0,1,4,26,1,10,0,3,0,39,24,1700,1400,43
SIM,5,0,1,4,27,0,8,3,3,1,39,24,2300,300,45
SIM,5,0,1,4,28,1,8,0,3,0,39,24,2300,1300,43
SIM,5,0,1,4,29,0,8,0,3,0,39,24,2900,400,45
SIM,5,0,1,4,30,1,11,0,4,0,39,21,300,1400,19
SIM,5,0,1,4,31,0,11,0,4,0,39,21,800,500,45
SIM,5,0,1,4,32,1,11,0,4,0,39,20,800,1500,43
SIM,5,0,1,4,33,0,9,3,3,1,39,20,1500,100,45
SIM,5,0,1,4,34,1,9,3,3,1,39,19,1500,1000,43
SIM,5,0,1,4,35,0,7,3,3,1,39,19,2200,400,45
SIM,5,0,1,4,36,1,7,3,3,1,39,18,2200,1300,43
SIM,5,0,1,4,37,0,6,3,2,1,39,18,3000,400,45
SIM,5,0,1,4,38,1,9,1,3,1,39,16,100,1300,15
SIM,5,0,1,4,39,0,6,4,2,2,39,16,900,200,45
SIM,5,0,1,4,40,1,6,3,2,1,39,16,900,1100,43
SIM,5,0,1,4,41,0,4,3,2,1,39,16,1700,500,45
SIM,5,0,1,4,42,1,4,3,2,1,39,15,1700,1400,43
SIM,5,0,1,4,43,0,3,3,1,1,39,15,2600,500,45
SIM,5,0,1,4,44,1,3,3,1,1,39,14,2600,1400,43
SIM,5,0,1,4,45,0,0,6,0,2,39,14,3600,300,45
SIM,5,0,1,4,46,1,3,6,1,2,39,13,100,1100,16
SIM,5,0,1,4,47,0,0,6,0,2,39,13,1100,500,45
SIM,5,0,1,4,48,1,14,6,0,2,39,13,500,1300,43
SIM,5,0,1,4,49,0,14,6,0,2,38,13,1500,400,45
SIM,5,0,1,4,50,1,0,6,0,2,38,13,300,1200,35
SIM,5,0,1,4,51,0,0,9,0,3,35,13,1300,100,45
SIM,5,0,1,4,52,1,3,7,1,3,35,13,200,800,36
SIM,5,0,1,4,53,0,3,7,1,3,32,13,1100,500,45
SIM,5,0,1,4,54,1,3,6,1,2,32,13,1100,1300,43
SIM,5,0,1,4,55,0,3,6,1,2,30,13,2000,400,45
SIM,5,0,1,4,56,1,3,4,1,2,30,13,500,1200,31
SIM,5,0,1,4,57,0,1,7,1,3,28,13,1400,100,45
SIM,5,0,1,4,58,1,4,4,2,2,28,13,300,900,32
SIM,5,0,1,4,59,0,3,4,1,2,27,13,1200,300,45
SIM,5,0,1,4,60,1,3,3,1,1,27,13,1200,1200,43
SIM_END,5,0,1,4,60,0,0
SIM,6,0,1,5,1,0,6,0,1,0,40,40,1000,0,30
SIM,6,0,1,5,2,1,20,0,1,0,40,40,400,1000,28
SIM,6,0,1,5,3,0,20,3,1,1,39,40,1200,200,45
SIM,6,0,1,5,4,1,9,0,2,0,39,39,100,1200,26
SIM,6,0,1,5,5,0,9,0,2,0,39,39,800,300,45
SIM,6,0,1,5,6,1,9,0,2,0,39,38,800,1300,43
SIM,6,0,1,5,7,0,9,0,2,0,39,38,1500,400,45
SIM,6,0,1,5,8,1,9,0,2,0,39,37,300,1400,35
SIM,6,0,1,5,9,0,7,3,2,1,39,37,1000,300,45
SIM,6,0,1,5,10,1,7,3,2,1,39,37,1000,1200,35
SIM,6,0,1,5,11,0,6,3,1,1,39,37,1800,300,45
SIM,6,0,1,5,12,1,9,0,2,0,39,36,100,1300,26
SIM,6,0,1,5,13,0,9,0,2,0,39,36,800,400,45
SIM,6,0,1,5,14,1,9,0,2,0,39,34,500,1400,33
SIM,6,0,1,5,15,0,7,3,2,1,39,34,1200,300,45
SIM,6,0,1,5,16,1,7,0,2,0,39,33,300,1300,35
SIM,6,0,1,5,17,0,7,0,2,0,39,33,1000,400,45
SIM,6,0,1,5,18,1,10,0,3,0,39,31,200,1400,33
SIM,6,0,1,5,19,0,10,0,3,0,39,31,800,500,45
SIM,6,0,1,5,20,1,10,0,3,0,39,30,800,1500,43
SIM,6,0,1,5,21,0,8,3,3,1,39,30,1400,100,45
SIM,6,0,1,5,22,1,8,0,3,0,39,30,1400,1100,43
SIM,6,0,1,5,23,0,8,0,3,0,39,30,2000,500,45
SIM,6,0,1,5,24,1,8,0,3,0,39,29,2000,1500,43
SIM,6,0,1,5,25,0,8,0,3,0,39,29,2600,300,45
SIM,6,0,1,5,26,1,11,0,4,0,39,26,300,1300,18
SIM,6,0,1,5,27,0,9,3,3,1,39,26,1000,200,45
SIM,6,0,1,5,28,1,9,3,3,1,39,25,1000,1100,43
SIM,6,0,1,5,29,0,7,3,3,1,39,25,1700,500,45
SIM,6,0,1,5,30,1,7,1,3,1,39,23,500,1400,30
SIM,6,0,1,5,31,0,6,1,2,1,39,23,1300,500,45
SIM,6,0,1,5,32,1,9,0,3,0,39,21,200,1500,28
SIM,6,0,1,5,33,0,7,3,3,1,39,21,900,100,45
SIM,6,0,1,5,34,1,7,1,3,1,39,19,300,1000,35
SIM,6,0,1,5,35,0,6,1,2,1,39,19,1100,400,45
SIM,6,0,1,5,36,1,6,0,2,0,39,18,500,1400,37
SIM,6,0,1,5,37,0,6,0,2,0,39,18,1300,500,45
SIM,6,0,1,5,38,1,9,0,3,0,39,15,200,1500,26
SIM,6,0,1,5,39,0,7,3,3,1,39,15,900,100,45
SIM,6,0,1,5,40,1,7,3,3,1,39,12,300,1000,35
SIM,6,0,1,5,41,0,6,3,2,1,39,12,1100,400,45
SIM,6,0,1,5,42,1,6,3,2,1,39,11,1100,1300,43
SIM,6,0,1,5,43,0,4,3,2,1,39,11,1900,400,45
SIM,6,0,1,5,44,1,7,1,3,1,39,9,200,1300,24
SIM,6,0,1,5,45,0,4,4,2,2,39,9,1000,200,45
SIM,6,0,1,5,46,1,4,3,2,1,39,9,1000,1100,43
SIM,6,0,1,5,47,0,3,3,1,1,39,9,1900,500,45
SIM,6,0,1,5,48,1,3,3,1,1,39,8,400,1400,33
SIM,6,0,1,5,49,0,3,3,1,1,39,8,1300,500,45
SIM,6,0,1,5,50,1,3,3,1,1,39,7,1300,1400,43
SIM,6,0,1,5,51,0,0,6,0,2,39,7,2300,300,45
SIM,6,0,1,5,52,1,14,6,0,2,39,7,1700,1100,43
SIM,6,0,1,5,53,0,14,6,0,2,39,7,2700,500,45
SIM,6,0,1,5,54,1,3,6,1,2,39,6,100,1300,20
SIM,6,0,1,5,55,0,0,6,0,2,39,6,1100,400,45
SIM,6,0,1,5,56,1,0,6,0,2,39,6,500,1200,41
SIM,6,0,1,5,57,0,0,9,0,3,36,6,1500,100,45
SIM,6,0,1,5,58,1,14,9,0,3,36,6,900,800,43
SIM,6,0,1,5,59,0,14,9,0,3,33,6,1900,500,45
SIM,6,0,1,5,60,1,3,7,1,3,33,6,200,1200,30
SIM_END,6,0,1,5,60,0,0
SIM,7,0,1,6,1,0,6,0,1,0,40,40,1000,0,30
SIM,7,0,1,6,2,1,9,0,2,0,40,39,200,1000,19
SIM,7,0,1,6,3,0,7,3,2,1,40,39,900,200,45
SIM,7,0,1,6,4,1,7,3,2,1,40,39,900,1100,23
SIM,7,0,1,6,5,0,6,3,1,1,40,39,1700,500,45
SIM,7,0,1,6,6,1,6,0,1,0,40,39,500,1500,35
SIM,7,0,1,6,7,0,6,0,1,0,40,39,1300,300,45
SIM,7,0,1,6,8,1,9,0,2,0,40,37,200,1300,24
SIM,7,0,1,6,9,0,7,3,2,1,40,37,900,200,45
SIM,7,0,1,6,10,1,7,0,2,0,40,36,300,1200,37
SIM,7,0,1,6,11,0,7,0,2,0,40,36,1000,300,45
SIM,7,0,1,6,12,1,7,0,2,0,40,34,400,1300,37
SIM,7,0,1,6,13,0,7,0,2,0,40,34,1100,400,45
SIM,7,0,1,6,14,1,10,0,3,0,40,32,300,1400,33
SIM,7,0,1,6,15,0,8,3,3,1,40,32,900,300,45
SIM,7,0,1,6,16,1,8,0,3,0,40,30,300,1300,32
SIM,7,0,1,6,17,0,8,0,3,0,40,30,900,400,45
SIM,7,0,1,6,18,1,8,0,3,0,40,27,300,1400,35
SIM,7,0,1,6,19,0,8,0,3,0,40,27,900,500,45
SIM,7,0,1,6,20,1,11,0,4,0,40,24,100,1500,31
SIM,7,0,1,6,21,0,9,3,3,1,40,24,800,100,45
SIM,7,0,1,6,22,1,9,3,3,1,40,21,500,1000,34
SIM,7,0,1,6,23,0,7,3,3,1,40,21,1200,400,45
SIM,7,0,1,6,24,1,7,3,3,1,40,20,1200,1300,43
SIM,7,0,1,6,25,0,6,3,2,1,40,20,2000,400,45
SIM,7,0,1,6,26,1,6,3,2,1,40,19,2000,1300,43
SIM,7,0,1,6,27,0,3,6,1,2,40,19,2900,200,45
SIM,7,0,1,6,28,1,6,4,2,2,40,18,300,1000,20
SIM,7,0,1,6,29,0,3,4,1,2,40,18,1200,400,45
SIM,7,0,1,6,30,1,3,3,1,1,40,18,300,1300,35
SIM,7,0,1,6,31,0,1,3,1,1,40,18,1200,400,45
SIM,7,0,1,6,32,1,1,3,1,1,40,17,300,1300,37
SIM,7,0,1,6,33,0,0,6,0,2,39,17,1300,200,45
SIM,7,0,1,6,34,1,3,4,1,2,39,17,200,1000,34
SIM,7,0,1,6,35,0,1,4,1,2,38,17,1100,400,45
SIM,7,0,1,6,36,1,1,3,1,1,38,17,500,1300,39
SIM,7,0,1,6,37,0,0,3,0,1,38,17,1500,400,45
SIM,7,0,1,6,38,1,0,3,0,1,38,17,300,1300,37
SIM,7,0,1,6,39,0,0,6,0,2,37,17,1300,200,45
SIM,7,0,1,6,40,1,3,4,1,2,37,17,200,1000,34
SIM,7,0,1,6,41,0,1,4,1,2,36,17,1100,400,45
SIM,7,0,1,6,42,1,1,3,1,1,36,17,500,1300,39
SIM,7,0,1,6,43,0,0,3,0,1,36,17,1500,400,45
SIM,7,0,1,6,44,1,0,3,0,1,36,17,300,1300,37
SIM,7,0,1,6,45,0,0,6,0,2,35,17,1300,200,45
SIM,7,0,1,6,46,1,14,6,0,2,35,17,700,1000,43
SIM,7,0,1,6,47,0,14,6,0,2,33,17,1700,400,45
SIM,7,0,1,6,48,1,3,4,1,2,33,17,300,1200,30
SIM,7,0,1,6,49,0,3,4,1,2,31,17,1200,300,45
SIM,7,0,1,6,50,1,3,3,1,1,31,17,300,1200,37
SIM,7,0,1,6,51,0,1,6,1,2,30,17,1200,100,45
SIM,7,0,1,6,52,1,1,4,1,2,30,17,300,900,37
SIM,7,0,1,6,53,0,0,4,0,2,29,17,1300,300,45
SIM,7,0,1,6,54,1,14,4,0,2,29,17,700,1100,43
SIM,7,0,1,6,55,0,14,4,0,2,27,17,1700,500,45
SIM,7,0,1,6,56,1,3,3,1,1,27,17,300,1400,30
SIM,7,0,1,6,57,0,1,6,1,2,26,17,1200,300,45
SIM,7,0,1,6,58,1,1,4,1,2,26,17,300,1100,37
SIM,7,0,1,6,59,0,0,4,0,2,25,17,1300,500,45
SIM,7,0,1,6,60,1,14,4,0,2,25,17,700,1300,43
SIM_END,7,0,1,6,60,0,0
SIM,8,1,1,0,1,0,0,6,0,1,40,40,1000,0,30
SIM,8,1,1,0,2,1,3,4,1,1,40,40,200,800,19
SIM,8,1,1,0,3,0,0,7,0,2,39,40,1200,300,45
SIM,8,1,1,0,4,1,0,7,0,2,39,40,300,1000,39
SIM,8,1,1,0,5,0,0,7,0,2,38,40,1300,400,45
SIM,8,1,1,0,6,1,0,7,0,2,38,40,400,1100,39
SIM,8,1,1,0,7,0,0,7,0,2,37,40,1400,500,45
SIM,8,1,1,0,8,1,3,5,1,2,37,40,300,1200,34
SIM,8,1,1,0,9,0,0,8,0,3,35,40,1300,100,45
SIM,8,1,1,0,10,1,0,8,0,3,35,40,400,700,39
SIM,8,1,1,0,11,0,0,8,0,3,33,40,1400,400,45
SIM,8,1,1,0,12,1,0,8,0,3,33,40,500,1000,39
SIM,8,1,1,0,13,0,0,8,0,3,31,40,1500,400,45
SIM,8,1,1,0,14,1,3,7,1,2,31,40,100,1100,32
SIM,8,1,1,0,15,0,3,7,1,2,31,40,1000,1100,45
SIM,8,1,1,0,16,1,3,5,1,2,31,40,400,1800,39
SIM,8,1,1,0,17,0,0,8,0,3,29,40,1400,100,45
SIM,8,1,1,0,18,1,0,8,0,3,29,40,500,700,39
SIM,8,1,1,0,19,0,0,8,0,3,27,40,1500,400,45
SIM,8,1,1,0,20,1,3,6,1,2,27,40,100,1200,31
SIM,8,1,1,0,21,0,3,6,1,2,25,40,1000,300,45
SIM,8,1,1,0,22,1,3,4,1,2,25,40,400,1100,38
SIM,8,1,1,0,23,0,1,7,1,3,23,40,1300,300,45
SIM,8,1,1,0,24,1,1,6,1,2,23,40,400,1100,37
SIM,8,1,1,0,25,0,0,6,0,2,22,40,1400,500,45
SIM,8,1,1,0,26,1,3,4,1,2,22,40,300,1300,36
SIM,8,1,1,0,27,0,3,4,1,2,21,40,1200,1300,45
SIM,8,1,1,0,28,1,3,3,1,1,21,40,300,2200,37
SIM,8,1,1,0,29,0,3,6,1,2,20,40,1200,200,45
SIM,8,1,1,0,30,1,3,4,1,2,20,40,300,1000,35
SIM,8,1,1,0,31,0,1,4,1,2,19,40,1200,400,45
SIM,8,1,1,0,32,1,4,1,2,1,19,40,100,1300,32
SIM,8,1,1,0,33,0,3,1,1,1,19,40,1000,400,45
SIM,8,1,1,0,34,1,3,0,1,0,19,40,400,1400,39
SIM,8,1,1,0,35,0,3,14,1,0,19,40,1300,800,45
SIM,8,1,1,0,36,1,3,14,1,0,19,39,400,1800,29
SIM,8,1,1,0,37,0,3,0,1,0,19,39,1300,2100,45
SIM,8,1,1,0,38,1,6,0,2,0,19,38,200,3100,33
SIM,8,1,1,0,39,0,6,14,2,0,19,38,1000,2500,45
SIM,8,1,1,0,40,1,6,14,2,0,19,36,400,3500,34
SIM,8,1,1,0,41,0,6,0,2,0,19,36,1200,3800,45
SIM,8,1,1,0,42,1,6,0,2,0,19,34,300,4800,35
SIM,8,1,1,0,43,0,4,3,2,1,19,34,1100,100,45
SIM,8,1,1,0,44,1,7,1,3,1,19,32,300,1000,30
SIM,8,1,1,0,45,0,6,1,2,1,19,32,1100,1000,45
SIM,8,1,1,0,46,1,6,0,2,0,19,31,500,2000,37
SIM,8,1,1,0,47,0,6,14,2,0,19,31,1300,1400,45
SIM,8,1,1,0,48,1,6,14,2,0,19,29,400,2400,33
SIM,8,1,1,0,49,0,6,0,2,0,19,29,1200,2700,45
SIM,8,1,1,0,50,1,9,0,3,0,19,26,100,3700,24
SIM,8,1,1,0,51,0,9,14,3,0,19,26,800,3100,45
SIM,8,1,1,0,52,1,9,14,3,0,19,23,500,4100,37
SIM,8,1,1,0,53,0,7,3,3,1,19,23,1200,300,45
SIM,8,1,1,0,54,1,7,3,3,1,19,20,300,1200,33
SIM,8,1,1,0,55,0,6,3,2,1,19,20,1100,300,45
SIM,8,1,1,0,56,1,9,3,3,1,19,18,300,1200,33
SIM,8,1,1,0,57,0,7,3,3,1,19,18,1000,300,45
SIM,8,1,1,0,58,1,7,1,3,1,19,16,400,1200,34
SIM,8,1,1,0,59,0,6,1,2,1,19,16,1200,1200,45
SIM,8,1,1,0,60,1,6,0,2,0,19,15,300,2200,35
SIM_END,8,1,1,0,60,0,0
SIM,9,1,1,1,1,0,0,6,0,1,40,40,1000,0,30
SIM,9,1,1,1,2,1,3,4,1,1,40,40,200,800,19
SIM,9,1,1,1,3,0,0,7,0,2,39,40,1200,300,45
SIM,9,1,1,1,4,1,0,7,0,2,39,40,300,1000,39
SIM,9,1,1,1,5,0,0,7,0,2,38,40,1300,400,45
SIM,9,1,1,1,6,1,0,7,0,2,38,40,400,1100,39
SIM,9,1,1,1,7,0,0,7,0,2,37,40,1400,1100,45
SIM,9,1,1,1,8,1,3,5,1,2,37,40,300,1800,34
SIM,9,1,1,1,9,0,0,8,0,3,35,40,1300,100,45
SIM,9,1,1,1,10,1,0,8,0,3,35,40,400,700,39
SIM,9,1,1,1,11,0,0,8,0,3,33,40,1400,400,45
SIM,9,1,1,1,12,1,0,8,0,3,33,40,500,1000,39
SIM,9,1,1,1,13,0,0,8,0,3,32,40,1500,1000,45
SIM,9,1,1,1,14,1,3,7,1,2,32,40,100,1700,32
SIM,9,1,1,1,15,0,0,10,0,3,30,40,1100,300,45
SIM,9,1,1,1,16,1,0,10,0,3,30,40,500,900,41
SIM,9,1,1,1,17,0,0,10,0,3,29,40,1500,900,45
SIM,9,1,1,1,18,1,0,10,0,3,29,40,300,1500,37
SIM,9,1,1,1,19,0,0,10,0,3,28,40,1300,1500,45
SIM,9,1,1,1,20,1,3,8,1,3,28,40,200,2100,36
SIM,9,1,1,1,21,0,0,11,0,4,25,40,1200,100,45
SIM,9,1,1,1,22,1,0,11,0,4,25,40,300,600,39
SIM,9,1,1,1,23,0,0,11,0,4,22,40,1300,300,45
SIM,9,1,1,1,24,1,0,11,0,4,22,40,400,800,39
SIM,9,1,1,1,25,0,0,11,0,4,21,40,1400,800,45
SIM,9,1,1,1,26,1,3,10,1,3,21,40,300,1400,36
SIM,9,1,1,1,27,0,0,13,0,4,18,40,1300,300,45
SIM,9,1,1,1,28,1,0,13,0,4,18,40,400,800,39
SIM,9,1,1,1,29,0,0,13,0,4,17,40,1400,800,45
SIM,9,1,1,1,30,1,0,13,0,4,17,40,500,1300,39
SIM,9,1,1,1,31,0,0,13,0,4,14,40,1500,400,45
SIM,9,1,1,1,32,1,3,11,1,4,14,40,100,900,34
SIM,9,1,1,1,33,0,0,11,0,4,11,40,1100,300,45
SIM,9,1,1,1,34,1,0,11,0,4,11,40,500,800,41
SIM,9,1,1,1,35,0,0,11,0,4,8,40,1500,500,45
SIM,9,1,1,1,36,1,0,11,0,4,8,40,300,1000,37
SIM,9,1,1,1,37,0,0,11,0,4,5,40,1300,400,45
SIM,9,1,1,1,38,1,3,10,1,3,5,40,200,1000,36
SIM,9,1,1,1,39,0,0,13,0,4,2,40,1200,200,45
SIM,9,1,1,1,40,1,0,13,0,4,2,40,300,700,39
SIM_END,9,1,1,1,40,1,0
SIM,10,1,1,2,1,0,0,6,0,1,40,40,1000,0,30
SIM,10,1,1,2,2,1,3,6,1,1,40,39,200,800,19
SIM,10,1,1,2,3,0,0,9,0,2,39,39,1200,300,45
SIM,10,1,1,2,4,1,0,9,0,2,39,39,300,1000,39
SIM,10,1,1,2,5,0,0,9,0,2,38,39,1300,1000,45
SIM,10,1,1,2,6,1,0,9,0,2,38,39,400,1700,39
SIM,10,1,1,2,7,0,0,9,0,2,37,39,1400,1700,45
SIM,10,1,1,2,8,1,3,7,1,2,37,39,300,2400,34
SIM,10,1,1,2,9,0,0,10,0,3,35,39,1300,100,45
SIM,10,1,1,2,10,1,0,10,0,3,35,39,400,700,39
SIM,10,1,1,2,11,0,0,10,0,3,33,39,1400,400,45
SIM,10,1,1,2,12,1,0,10,0,3,33,39,500,1000,39
SIM,10,1,1,2,13,0,0,10,0,3,31,39,1500,400,45
SIM,10,1,1,2,14,1,3,9,1,2,31,39,100,1100,32
SIM,10,1,1,2,15,0,0,12,0,3,29,39,1100,300,45
SIM,10,1,1,2,16,1,0,12,0,3,29,39,500,900,41
SIM,10,1,1,2,17,0,0,12,0,3,28,39,1500,900,45
SIM,10,1,1,2,18,1,0,12,0,3,28,39,300,1500,37
SIM,10,1,1,2,19,0,0,12,0,3,27,39,1300,1500,45
SIM,10,1,1,2,20,1,3,10,1,3,27,39,200,2100,36
SIM,10,1,1,2,21,0,3,10,1,3,27,39,1100,2100,45
SIM,10,1,1,2,22,1,3,9,1,2,27,39,500,2800,39
SIM,10,1,1,2,23,0,0,9,0,2,27,39,1500,2800,45
SIM,10,1,1,2,24,1,0,9,0,2,27,39,300,3500,37
SIM,10,1,1,2,25,0,0,12,0,3,26,39,1300,300,45
SIM,10,1,1,2,26,1,3,10,1,3,26,39,200,900,34
SIM,10,1,1,2,27,0,0,10,0,3,25,39,1200,300,45
SIM,10,1,1,2,28,1,0,10,0,3,25,39,300,900,39
SIM,10,1,1,2,29,0,0,10,0,3,24,39,1300,900,45
SIM,10,1,1,2,30,1,0,10,0,3,24,39,400,1500,39
SIM,10,1,1,2,31,0,0,13,0,4,21,39,1400,100,45
SIM,10,1,1,2,32,1,3,12,1,3,21,39,300,700,34
SIM,10,1,1,2,33,0,0,12,0,3,19,39,1300,400,45
SIM,10,1,1,2,34,1,0,12,0,3,19,39,400,1000,39
SIM,10,1,1,2,35,0,0,12,0,3,16,39,1400,400,45
SIM,10,1,1,2,36,1,0,12,0,3,16,39,500,1000,39
SIM,10,1,1,2,37,0,0,12,0,3,15,39,1500,1000,45
SIM,10,1,1,2,38,1,3,10,1,3,15,39,100,1600,34
SIM,10,1,1,2,39,0,0,13,0,4,13,39,1100,200,45
SIM,10,1,1,2,40,1,0,13,0,4,13,39,500,700,41
SIM,10,1,1,2,41,0,0,13,0,4,9,39,1500,400,45
SIM,10,1,1,2,42,1,0,13,0,4,9,39,1500,900,45
SIM,10,1,1,2,43,0,0,13,0,4,5,39,2500,300,45
SIM,10,1,1,2,44,1,3,11,1,4,5,39,500,800,30
SIM,10,1,1,2,45,0,0,11,0,4,2,39,1500,500,45
SIM,10,1,1,2,46,1,0,11,0,4,2,39,1500,1000,45
SIM,10,1,1,2,47,0,0,11,0,4,1,39,2500,1000,45
SIM,10,1,1,2,48,1,0,11,0,4,1,39,2500,1500,45
SIM_END,10,1,1,2,48,1,0
SIM,11,1,1,3,1,0,0,6,0,1,40,40,1000,0,30
SIM,11,1,1,3,2,1,3,6,1,1,40,39,200,800,19
SIM,11,1,1,3,3,0,0,9,0,2,39,39,1200,300,45
SIM,11,1,1,3,4,1,0,9,0,2,39,39,300,1000,39
SIM,11,1,1,3,5,0,0,9,0,2,38,39,1300,400,45
SIM,11,1,1,3,6,1,0,9,0,2,38,39,400,1100,39
SIM,11,1,1,3,7,0,0,9,0,2,37,39,1400,1100,45
SIM,11,1,1,3,8,1,3,7,1,2,37,39,300,1800,34
SIM,11,1,1,3,9,0,3,7,1,2,37,39,1200,1800,45
SIM,11,1,1,3,10,1,3,6,1,1,37,39,300,2600,37
SIM,11,1,1,3,11,0,0,9,0,2,36,39,1300,300,45
SIM,11,1,1,3,12,1,0,9,0,2,36,39,400,1000,39
SIM,11,1,1,3,13,0,0,9,0,2,35,39,1400,400,45
SIM,11,1,1,3,14,1,3,7,1,2,35,39,300,1100,34
SIM,11,1,1,3,15,0,0,7,0,2,34,39,1300,500,45
SIM,11,1,1,3,16,1,0,7,0,2,34,39,400,1200,39
SIM,11,1,1,3,17,0,0,7,0,2,33,39,1400,1200,45
SIM,11,1,1,3,18,1,0,7,0,2,33,39,500,1900,39
SIM,11,1,1,3,19,0,0,7,0,2,32,39,1500,1900,45
SIM,11,1,1,3,20,1,3,6,1,1,32,39,100,2700,32
SIM,11,1,1,3,21,0,0,6,0,1,32,39,1100,2700,45
SIM,11,1,1,3,22,1,0,6,0,1,32,39,500,3500,41
SIM,11,1,1,3,23,0,0,20,0,1,32,39,1500,2900,45
SIM,11,1,1,3,24,1,0,20,0,1,32,39,300,3700,37
SIM,11,1,1,3,25,0,0,6,0,1,32,39,1300,4000,45
SIM,11,1,1,3,26,1,3,4,1,1,32,39,200,4800,34
SIM,11,1,1,3,27,0,0,4,0,1,32,39,1200,4800,45
SIM,11,1,1,3,28,1,0,4,0,1,32,39,300,5600,39
SIM,11,1,1,3,29,0,0,7,0,2,31,39,1300,300,45
SIM,11,1,1,3,30,1,0,7,0,2,31,39,400,1000,39
SIM,11,1,1,3,31,0,0,7,0,2,29,39,1400,400,45
SIM,11,1,1,3,32,1,3,5,1,2,29,39,300,1100,36
SIM,11,1,1,3,33,0,0,5,0,2,28,39,1300,500,45
SIM,11,1,1,3,34,1,0,5,0,2,28,39,400,1200,39
SIM,11,1,1,3,35,0,0,8,0,3,25,39,1400,100,45
SIM,11,1,1,3,36,1,0,8,0,3,25,39,500,700,39
SIM,11,1,1,3,37,0,0,8,0,3,24,39,1500,700,45
SIM,11,1,1,3,38,1,3,7,1,2,24,39,100,1400,34
SIM,11,1,1,3,39,0,3,7,1,2,24,39,1000,1400,45
SIM,11,1,1,3,40,1,3,5,1,2,24,39,400,2100,39
SIM,11,1,1,3,41,0,0,8,0,3,22,39,1400,100,45
SIM,11,1,1,3,42,1,0,8,0,3,22,39,500,700,39
SIM,11,1,1,3,43,0,0,8,0,3,19,39,1500,400,45
SIM,11,1,1,3,44,1,3,6,1,2,19,39,100,1200,34
SIM,11,1,1,3,45,0,3,6,1,2,17,39,1000,300,45
SIM,11,1,1,3,46,1,3,4,1,2,17,39,400,1100,37
SIM,11,1,1,3,47,0,1,7,1,3,15,39,1300,300,45
SIM,11,1,1,3,48,1,1,6,1,2,15,39,400,1100,37
SIM,11,1,1,3,49,0,0,6,0,2,14,39,1400,500,45
SIM,11,1,1,3,50,1,3,4,1,2,14,39,300,1300,34
SIM,11,1,1,3,51,0,1,4,1,2,13,39,1200,400,45
SIM,11,1,1,3,52,1,1,3,1,1,13,39,300,1300,37
SIM,11,1,1,3,53,0,0,6,0,2,12,39,1300,200,45
SIM,11,1,1,3,54,1,0,6,0,2,12,39,400,1000,39
SIM,11,1,1,3,55,0,0,6,0,2,11,39,1400,1000,45
SIM,11,1,1,3,56,1,3,4,1,2,11,39,300,1800,36
SIM,11,1,1,3,57,0,1,4,1,2,10,39,1200,300,45
SIM,11,1,1,3,58,1,1,3,1,1,10,39,300,1200,37
SIM,11,1,1,3,59,0,1,3,1,1,10,39,1200,1200,45
SIM,11,1,1,3,60,1,1,1,1,1,10,39,300,2100,37
SIM_END,11,1,1,3,60,1,0
SIM,12,1,1,4,1,0,0,6,0,1,40,40,1000,0,30
SIM,12,1,1,4,2,1,3,6,1,1,40,39,200,800,19
SIM,12,1,1,4,3,0,0,6,0,1,40,39,1200,800,45
SIM,12,1,1,4,4,1,0,6,0,1,40,39,300,1600,39
SIM,12,1,1,4,5,0,0,20,0,1,40,39,1300,1000,45
SIM,12,1,1,4,6,1,0,20,0,1,40,39,400,1800,39
SIM,12,1,1,4,7,0,0,9,0,2,39,39,1400,100,45
SIM,12,1,1,4,8,1,3,7,1,2,39,39,300,800,34
SIM,12,1,1,4,9,0,3,7,1,2,39,39,1200,800,45
SIM,12,1,1,4,10,1,3,6,1,1,39,39,300,1600,37
SIM,12,1,1,4,11,0,0,6,0,1,39,39,1300,400,45
SIM,12,1,1,4,12,1,0,6,0,1,39,39,400,1200,39
SIM,12,1,1,4,13,0,0,9,0,2,37,39,1400,100,45
SIM,12,1,1,4,14,1,3,7,1,2,37,39,300,800,36
SIM,12,1,1,4,15,0,0,7,0,2,36,39,1300,500,45
SIM,12,1,1,4,16,1,0,7,0,2,36,39,400,1200,39
SIM,12,1,1,4,17,0,0,7,0,2,34,39,1400,300,45
SIM,12,1,1,4,18,1,0,7,0,2,34,39,500,1000,39
SIM,12,1,1,4,19,0,0,7,0,2,33,39,1500,1000,45
SIM,12,1,1,4,20,1,3,6,1,1,33,39,100,1800,34
SIM,12,1,1,4,21,0,3,6,1,1,33,39,1000,1800,45
SIM,12,1,1,4,22,1,3,4,1,1,33,39,400,2600,39
SIM,12,1,1,4,23,0,0,7,0,2,32,39,1400,300,45
SIM,12,1,1,4,24,1,0,7,0,2,32,39,500,1000,39
SIM,12,1,1,4,25,0,0,7,0,2,30,39,1500,400,45
SIM,12,1,1,4,26,1,3,5,1,2,30,39,100,1100,34
SIM,12,1,1,4,27,0,0,5,0,2,29,39,1100,500,45
SIM,12,1,1,4,28,1,0,5,0,2,29,39,500,1200,41
SIM,12,1,1,4,29,0,0,5,0,2,28,39,1500,1200,45
SIM,12,1,1,4,30,1,0,5,0,2,28,39,300,1900,37
SIM,12,1,1,4,31,0,0,8,0,3,26,39,1300,200,45
SIM,12,1,1,4,32,1,3,6,1,2,26,39,200,1000,36
SIM,12,1,1,4,33,0,3,6,1,2,24,39,1100,400,45
SIM,12,1,1,4,34,1,3,4,1,2,24,39,500,1200,39
SIM,12,1,1,4,35,0,3,4,1,2,23,39,1400,1200,45
SIM,12,1,1,4,36,1,3,3,1,1,23,39,500,2100,37
SIM,12,1,1,4,37,0,3,6,1,2,21,39,1400,100,45
SIM,12,1,1,4,38,1,6,3,2,1,21,39,300,1000,34
SIM,12,1,1,4,39,0,6,3,2,1,20,39,1100,1000,45
SIM,12,1,1,4,40,1,6,0,2,0,20,39,500,2000,31
SIM,12,1,1,4,41,0,6,0,2,0,20,39,1300,500,45
SIM,12,1,1,4,42,1,6,0,2,0,20,38,400,1500,33
SIM,12,1,1,4,43,0,6,14,2,0,20,38,1200,900,45
SIM,12,1,1,4,44,1,9,12,3,0,20,36,100,1900,18
SIM,12,1,1,4,45,0,9,0,3,0,20,36,800,2200,45
SIM,12,1,1,4,46,1,9,0,3,0,20,33,500,3200,36
SIM,12,1,1,4,47,0,9,14,3,0,20,33,1200,2600,45
SIM,12,1,1,4,48,1,9,14,3,0,20,30,300,3600,33
SIM,12,1,1,4,49,0,9,0,3,0,20,30,1000,3900,45
SIM,12,1,1,4,50,1,12,0,4,0,20,27,200,4900,31
SIM,12,1,1,4,51,0,12,14,4,0,20,27,800,4300,45
SIM,12,1,1,4,52,1,12,14,4,0,20,24,500,5300,37
SIM,12,1,1,4,53,0,10,3,4,1,20,24,1100,300,45
SIM,12,1,1,4,54,1,10,1,4,1,20,21,500,1200,30
SIM,12,1,1,4,55,0,9,1,3,1,20,21,1200,1200,45
SIM,12,1,1,4,56,1,12,0,4,0,20,18,100,2200,22
SIM,12,1,1,4,57,0,12,14,4,0,20,18,700,1600,45
SIM,12,1,1,4,58,1,12,12,4,0,20,15,400,2600,32
SIM,12,1,1,4,59,0,12,0,4,0,20,15,1000,2900,45
SIM,12,1,1,4,60,1,12,0,4,0,20,11,400,3900,32
SIM_END,12,1,1,4,60,0,0
SIM,13,1,1,5,1,0,0,6,0,1,40,40,1000,0,30
SIM,13,1,1,5,2,1,3,6,1,1,40,39,200,800,19
SIM,13,1,1,5,3,0,3,6,1,1,40,39,1100,800,45
SIM,13,1,1,5,4,1,3,6,1,1,40,38,500,1600,39
SIM,13,1,1,5,5,0,0,6,0,1,40,38,1500,1600,45
SIM,13,1,1,5,6,1,0,6,0,1,40,38,300,2400,37
SIM,13,1,1,5,7,0,0,9,0,2,39,38,1300,100,45
SIM,13,1,1,5,8,1,3,7,1,2,39,38,200,800,34
SIM,13,1,1,5,9,0,0,7,0,2,38,38,1200,500,45
SIM,13,1,1,5,10,1,0,7,0,2,38,38,300,1200,39
SIM,13,1,1,5,11,0,0,7,0,2,37,38,1300,300,45
SIM,13,1,1,5,12,1,0,7,0,2,37,38,400,1000,39
SIM,13,1,1,5,13,0,0,10,0,3,36,38,1400,200,45
SIM,13,1,1,5,14,1,3,9,1,2,36,38,300,900,34
SIM,13,1,1,5,15,0,3,9,1,2,36,38,1200,900,45
SIM,13,1,1,5,16,1,3,7,1,2,36,38,300,1600,37
SIM,13,1,1,5,17,0,0,7,0,2,36,38,1300,1600,45
SIM,13,1,1,5,18,1,0,7,0,2,36,38,400,2300,39
SIM,13,1,1,5,19,0,0,21,0,2,36,38,1400,1700,45
SIM,13,1,1,5,20,1,3,19,1,2,36,38,300,2400,34
SIM,13,1,1,5,21,0,0,8,0,3,34,38,1300,100,45
SIM,13,1,1,5,22,1,0,8,0,3,34,38,400,700,39
SIM,13,1,1,5,23,0,0,8,0,3,32,38,1400,400,45
SIM,13,1,1,5,24,1,0,8,0,3,32,38,500,1000,39
SIM,13,1,1,5,25,0,0,8,0,3,30,38,1500,400,45
SIM,13,1,1,5,26,1,3,6,1,2,30,38,100,1200,31
SIM,13,1,1,5,27,0,1,9,1,3,28,38,1000,100,45
SIM,13,1,1,5,28,1,1,7,1,3,28,38,400,800,39
SIM,13,1,1,5,29,0,0,7,0,3,26,38,1400,500,45
SIM,13,1,1,5,30,1,0,7,0,3,26,38,500,1200,39
SIM,13,1,1,5,31,0,0,7,0,3,25,38,1500,1200,45
SIM,13,1,1,5,32,1,3,6,1,2,25,38,100,2000,31
SIM,13,1,1,5,33,0,3,6,1,2,24,38,1000,2000,45
SIM,13,1,1,5,34,1,3,4,1,2,24,38,400,2800,36
SIM,13,1,1,5,35,0,1,7,1,3,22,38,1300,200,45
SIM,13,1,1,5,36,1,1,6,1,2,22,38,400,1000,37
SIM,13,1,1,5,37,0,0,6,0,2,22,38,1400,1000,45
SIM,13,1,1,5,38,1,3,4,1,2,22,38,300,1800,36
SIM,13,1,1,5,39,0,3,4,1,2,20,38,1200,300,45
SIM,13,1,1,5,40,1,3,3,1,1,20,38,300,1200,37
SIM,13,1,1,5,41,0,3,3,1,1,19,38,1200,1200,45
SIM,13,1,1,5,42,1,3,1,1,1,19,38,300,2100,35
SIM,13,1,1,5,43,0,1,4,1,2,18,38,1200,100,45
SIM,13,1,1,5,44,1,4,1,2,1,18,38,100,1000,32
SIM,13,1,1,5,45,0,3,1,1,1,18,38,1000,400,45
SIM,13,1,1,5,46,1,3,0,1,0,18,38,400,1400,39
SIM,13,1,1,5,47,0,3,0,1,0,18,38,1300,500,45
SIM,13,1,1,5,48,1,3,0,1,0,18,38,400,1500,39
SIM,13,1,1,5,49,0,1,3,1,1,18,38,1300,100,45
SIM,13,1,1,5,50,1,4,0,2,0,18,38,200,1100,30
SIM,13,1,1,5,51,0,4,0,2,0,18,38,1000,500,45
SIM,13,1,1,5,52,1,4,0,2,0,18,38,400,1500,41
SIM,13,1,1,5,53,0,4,14,2,0,18,38,1200,900,45
SIM,13,1,1,5,54,1,4,14,2,0,18,37,300,1900,25
SIM,13,1,1,5,55,0,4,0,2,0,18,37,1100,2200,45
SIM,13,1,1,5,56,1,7,0,3,0,18,35,300,3200,31
SIM,13,1,1,5,57,0,6,3,2,1,18,35,1100,300,45
SIM,13,1,1,5,58,1,6,3,2,1,18,33,500,1200,36
SIM,13,1,1,5,59,0,4,3,2,1,18,33,1300,300,45
SIM,13,1,1,5,60,1,4,3,2,1,18,31,400,1200,35
SIM_END,13,1,1,5,60,1,0
SIM,14,1,1,6,1,0,0,6,0,1,40,40,1000,0,30
SIM,14,1,1,6,2,1,3,6,1,1,40,39,200,800,19
SIM,14,1,1,6,3,0,0,9,0,2,39,39,1200,300,45
SIM,14,1,1,6,4,1,0,9,0,2,39,39,300,1000,39
SIM,14,1,1,6,5,0,0,9,0,2,38,39,1300,400,45
SIM,14,1,1,6,6,1,0,9,0,2,38,39,400,1100,39
SIM,14,1,1,6,7,0,0,9,0,2,37,39,1400,1100,45
SIM,14,1,1,6,8,1,3,7,1,2,37,39,300,1800,34
SIM,14,1,1,6,9,0,3,7,1,2,37,39,1200,1800,45
SIM,14,1,1,6,10,1,3,6,1,1,37,39,300,2600,37
SIM,14,1,1,6,11,0,0,9,0,2,36,39,1300,300,45
SIM,14,1,1,6,12,1,0,9,0,2,36,39,400,1000,39
SIM,14,1,1,6,13,0,0,9,0,2,35,39,1400,400,45
SIM,14,1,1,6,14,1,3,7,1,2,35,39,300,1100,34
SIM,14,1,1,6,15,0,0,7,0,2,34,39,1300,500,45
SIM,14,1,1,6,16,1,0,7,0,2,34,39,400,1200,39
SIM,14,1,1,6,17,0,0,10,0,3,32,39,1400,100,45
SIM,14,1,1,6,18,1,0,10,0,3,32,39,500,700,39
SIM,14,1,1,6,19,0,0,10,0,3,30,39,1500,400,45
SIM,14,1,1,6,20,1,3,9,1,2,30,39,100,1100,32
SIM,14,1,1,6,21,0,0,9,0,2,29,39,1100,500,45
SIM,14,1,1,6,22,1,0,9,0,2,29,39,500,1200,41
SIM,14,1,1,6,23,0,0,12,0,3,26,39,1500,100,45
SIM,14,1,1,6,24,1,0,12,0,3,26,39,300,700,37
SIM,14,1,1,6,25,0,0,12,0,3,23,39,1300,400,45
SIM,14,1,1,6,26,1,3,10,1,3,23,39,200,1000,36
SIM,14,1,1,6,27,0,0,10,0,3,21,39,1200,400,45
SIM,14,1,1,6,28,1,0,10,0,3,21,39,300,1000,39
SIM,14,1,1,6,29,0,0,13,0,4,18,39,1300,200,45
SIM,14,1,1,6,30,1,0,13,0,4,18,39,400,700,39
SIM,14,1,1,6,31,0,0,13,0,4,14,39,1400,400,45
SIM,14,1,1,6,32,1,3,12,1,3,14,39,300,1000,36
SIM,14,1,1,6,33,0,0,12,0,3,12,39,1300,400,45
SIM,14,1,1,6,34,1,0,12,0,3,12,39,400,1000,39
SIM,14,1,1,6,35,0,0,15,0,4,8,39,1400,200,45
SIM,14,1,1,6,36,1,0,15,0,4,8,39,1400,700,45
SIM,14,1,1,6,37,0,0,15,0,4,4,39,2400,400,45
SIM,14,1,1,6,38,1,3,13,1,4,4,39,400,900,30
SIM,14,1,1,6,39,0,3,13,1,4,4,39,1300,900,45
SIM,14,1,1,6,40,1,3,12,1,3,4,39,400,1500,37
SIM,14,1,1,6,41,0,0,15,0,4,1,39,1400,100,45
SIM,14,1,1,6,42,1,0,15,0,4,1,39,500,600,39
SIM_END,14,1,1,6,42,1,0
SIM_DONE
### degrade=40
SIM_CONFIG,degrade_favoured_pct=40,only_handicap=1,variants=7
SIM,1,0,1,0,1,0,6,0,1,0,40,40,1000,0,30
SIM,1,0,1,0,2,1,9,0,2,0,40,39,200,1000,19
SIM,1,0,1,0,3,0,7,3,2,1,40,39,900,200,45
SIM,1,0,1,0,4,1,7,0,2,0,40,38,300,1200,31
SIM,1,0,1,0,5,0,7,0,2,0,40,38,1000,300,45
SIM,1,0,1,0,6,1,7,0,2,0,40,36,400,1300,31
SIM,1,0,1,0,7,0,7,0,2,0,40,36,1100,400,45
SIM,1,0,1,0,8,1,10,0,3,0,40,34,300,1400,33
SIM,1,0,1,0,9,0,9,3,2,1,40,34,1000,300,45
SIM,1,0,1,0,10,1,9,0,2,0,40,33,400,1300,36
SIM,1,0,1,0,11,0,9,0,2,0,40,33,1100,400,45
SIM,1,0,1,0,12,1,9,0,2,0,40,32,1100,1400,43
SIM,1,0,1,0,13,0,9,0,2,0,40,32,1800,500,45
SIM,1,0,1,0,14,1,9,0,2,0,40,31,1800,1500,43
SIM,1,0,1,0,15,0,7,3,2,1,40,31,2500,100,45
SIM,1,0,1,0,16,1,10,0,3,0,40,30,200,1100,23
SIM,1,0,1,0,17,0,10,0,3,0,40,30,800,500,45
SIM,1,0,1,0,18,1,10,0,3,0,40,29,800,1500,43
SIM,1,0,1,0,19,0,10,0,3,0,40,29,1400,300,45
SIM,1,0,1,0,20,1,10,0,3,0,40,26,500,1300,30
SIM,1,0,1,0,21,0,8,3,3,1,40,26,1100,200,45
SIM,1,0,1,0,22,1,11,0,4,0,40,24,300,1200,31
SIM,1,0,1,0,23,0,11,0,4,0,40,24,800,300,45
SIM,1,0,1,0,24,1,11,0,4,0,40,23,800,1300,43
SIM,1,0,1,0,25,0,11,0,4,0,40,23,1300,400,45
SIM,1,0,1,0,26,1,11,0,4,0,40,22,1300,1400,43
SIM,1,0,1,0,27,0,9,3,3,1,40,22,2000,300,45
SIM,1,0,1,0,28,1,12,1,4,1,40,19,300,1200,15
SIM,1,0,1,0,29,0,10,1,4,1,40,19,900,300,45
SIM,1,0,1,0,30,1,10,0,4,0,40,19,900,1300,43
SIM,1,0,1,0,31,0,10,0,4,0,40,19,1500,400,45
SIM,1,0,1,0,32,1,10,0,4,0,40,18,1500,1400,43
SIM,1,0,1,0,33,0,9,3,3,1,40,18,2200,300,45
SIM,1,0,1,0,34,1,9,3,3,1,40,17,2200,1200,43
SIM,1,0,1,0,35,0,7,3,3,1,40,17,2900,300,45
SIM,1,0,1,0,36,1,7,3,3,1,40,16,2900,1200,43
SIM,1,0,1,0,37,0,6,3,2,1,40,16,3700,300,45
SIM,1,0,1,0,38,1,9,3,3,1,40,14,200,1200,15
SIM,1,0,1,0,39,0,6,6,2,2,40,14,1000,100,45
SIM,1,0,1,0,40,1,6,6,2,2,40,13,1000,900,43
SIM,1,0,1,0,41,0,3,6,1,2,40,13,1900,300,45
SIM,1,0,1,0,42,1,17,6,1,2,40,13,1300,1100,43
SIM,1,0,1,0,43,0,14,6,0,2,40,13,2300,500,45
SIM,1,0,1,0,44,1,0,6,0,2,40,13,2600,1300,45
SIM,1,0,1,0,45,0,0,9,0,3,39,13,3600,200,45
SIM,1,0,1,0,46,1,3,7,1,3,39,13,100,900,18
SIM,1,0,1,0,47,0,0,7,0,3,38,13,1100,300,45
SIM,1,0,1,0,48,1,0,7,0,3,38,13,500,1000,41
SIM,1,0,1,0,49,0,0,7,0,3,35,13,1500,400,45
SIM,1,0,1,0,50,1,0,7,0,3,35,13,300,1100,37
SIM,1,0,1,0,51,0,0,10,0,4,32,13,1300,300,45
SIM,1,0,1,0,52,1,14,10,0,4,32,13,700,900,43
SIM,1,0,1,0,53,0,14,10,0,4,29,13,1700,300,45
SIM,1,0,1,0,54,1,0,10,0,4,29,13,2000,900,45
SIM,1,0,1,0,55,0,0,10,0,4,25,13,3000,300,45
SIM,1,0,1,0,56,1,3,9,1,3,25,13,400,1000,24
SIM,1,0,1,0,57,0,1,12,1,4,22,13,1300,200,45
SIM,1,0,1,0,58,1,15,12,1,4,22,13,700,800,43
SIM,1,0,1,0,59,0,14,12,0,4,19,13,1700,500,45
SIM,1,0,1,0,60,1,0,12,0,4,19,13,2000,1100,45
SIM_END,1,0,1,0,60,0,0
SIM,2,0,1,1,1,0,6,0,1,0,40,40,1000,0,30
SIM,2,0,1,1,2,1,20,0,1,0,40,40,400,1000,28
SIM,2,0,1,1,3,0,18,3,1,1,40,40,1200,200,45
SIM,2,0,1,1,4,1,7,0,2,0,40,39,100,1200,28
SIM,2,0,1,1,5,0,7,0,2,0,40,39,800,300,45
SIM,2,0,1,1,6,1,7,0,2,0,40,38,500,1300,31
SIM,2,0,1,1,7,0,7,0,2,0,40,38,1200,400,45
SIM,2,0,1,1,8,1,7,0,2,0,40,37,1200,1400,43
SIM,2,0,1,1,9,0,5,3,2,1,40,37,1900,300,45
SIM,2,0,1,1,10,1,8,0,3,0,40,36,200,1300,25
SIM,2,0,1,1,11,0,8,0,3,0,40,36,800,400,45
SIM,2,0,1,1,12,1,8,0,3,0,40,33,500,1400,30
SIM,2,0,1,1,13,0,8,0,3,0,40,33,1100,500,45
SIM,2,0,1,1,14,1,8,0,3,0,40,30,500,1500,35
SIM,2,0,1,1,15,0,7,3,2,1,40,30,1200,100,45
SIM,2,0,1,1,16,1,7,0,2,0,40,30,1200,1100,43
SIM,2,0,1,1,17,0,7,0,2,0,40,30,1900,500,45
SIM,2,0,1,1,18,1,10,0,3,0,40,27,200,1500,24
SIM,2,0,1,1,19,0,10,0,3,0,40,27,800,300,45
SIM,2,0,1,1,20,1,10,0,3,0,40,26,800,1300,43
SIM,2,0,1,1,21,0,8,3,3,1,40,26,1400,200,45
SIM,2,0,1,1,22,1,8,0,3,0,40,24,500,1200,33
SIM,2,0,1,1,23,0,8,0,3,0,40,24,1100,300,45
SIM,2,0,1,1,24,1,11,0,4,0,40,21,300,1300,31
SIM,2,0,1,1,25,0,11,0,4,0,40,21,800,400,45
SIM,2,0,1,1,26,1,11,0,4,0,40,17,500,1400,29
SIM,2,0,1,1,27,0,9,3,3,1,40,17,1200,300,45
SIM,2,0,1,1,28,1,9,3,3,1,40,14,300,1200,33
SIM,2,0,1,1,29,0,7,3,3,1,40,14,1000,300,45
SIM,2,0,1,1,30,1,7,3,3,1,40,13,1000,1200,43
SIM,2,0,1,1,31,0,6,3,2,1,40,13,1800,300,45
SIM,2,0,1,1,32,1,6,3,2,1,40,12,1800,1200,43
SIM,2,0,1,1,33,0,3,6,1,2,40,12,2700,100,45
SIM,2,0,1,1,34,1,6,6,2,2,40,10,100,900,16
SIM,2,0,1,1,35,0,3,6,1,2,40,10,1000,300,45
SIM,2,0,1,1,36,1,3,6,1,2,40,9,1000,1100,43
SIM,2,0,1,1,37,0,0,6,0,2,40,9,2000,500,45
SIM,2,0,1,1,38,1,0,6,0,2,40,9,500,1300,35
SIM,2,0,1,1,39,0,0,9,0,3,39,9,1500,200,45
SIM,2,0,1,1,40,1,3,7,1,3,39,9,100,900,32
SIM,2,0,1,1,41,0,0,7,0,3,38,9,1100,300,45
SIM,2,0,1,1,42,1,0,7,0,3,38,9,500,1000,41
SIM,2,0,1,1,43,0,0,7,0,3,35,9,1500,400,45
SIM,2,0,1,1,44,1,0,7,0,3,35,9,300,1100,37
SIM,2,0,1,1,45,0,0,10,0,4,32,9,1300,300,45
SIM,2,0,1,1,46,1,3,9,1,3,32,9,200,1000,34
SIM,2,0,1,1,47,0,3,9,1,3,29,9,1100,400,45
SIM,2,0,1,1,48,1,3,7,1,3,29,9,500,1100,39
SIM,2,0,1,1,49,0,3,7,1,3,26,9,1400,500,45
SIM,2,0,1,1,50,1,3,6,1,2,26,9,500,1300,37
SIM,2,0,1,1,51,0,1,9,1,3,24,9,1400,200,45
SIM,2,0,1,1,52,1,15,9,1,3,24,9,800,900,43
SIM,2,0,1,1,53,0,14,9,0,3,22,9,1800,300,45
SIM,2,0,1,1,54,1,3,7,1,3,22,9,100,1000,30
SIM,2,0,1,1,55,0,3,7,1,3,19,9,1000,400,45
SIM,2,0,1,1,56,1,3,6,1,2,19,9,400,1200,39
SIM,2,0,1,1,57,0,3,9,1,3,16,9,1300,100,45
SIM,2,0,1,1,58,1,17,9,1,3,16,9,700,800,43
SIM,2,0,1,1,59,0,17,9,1,3,13,9,1600,500,45
SIM,2,0,1,1,60,1,6,6,2,2,13,9,200,1300,30
SIM_END,2,0,1,1,60,0,0
SIM,3,0,1,2,1,0,6,0,1,0,40,40,1000,0,30
SIM,3,0,1,2,2,1,20,0,1,0,40,40,400,1000,28
SIM,3,0,1,2,3,0,18,3,1,1,40,40,1200,200,45
SIM,3,0,1,2,4,1,4,3,1,1,40,40,1500,1100,45
SIM,3,0,1,2,5,0,2,3,1,1,40,40,2300,500,45
SIM,3,0,1,2,6,1,2,0,1,0,40,40,2300,1500,43
SIM,3,0,1,2,7,0,2,0,1,0,40,40,3100,300,45
SIM,3,0,1,2,8,1,16,0,1,0,40,40,2500,1300,43
SIM,3,0,1,2,9,0,14,3,0,1,40,40,3500,200,45
SIM,3,0,1,2,10,1,0,3,0,1,40,40,3800,1100,45
SIM,3,0,1,2,11,0,0,3,0,1,39,40,4800,500,45
SIM,3,0,1,2,12,1,14,3,0,1,39,40,4200,1400,43
SIM,3,0,1,2,13,0,14,3,0,1,38,40,5200,500,45
SIM,3,0,1,2,14,1,3,1,1,1,38,40,200,1400,6
SIM,3,0,1,2,15,0,1,4,1,2,37,40,1100,300,36
SIM,3,0,1,2,16,1,1,3,1,1,37,40,500,1200,30
SIM,3,0,1,2,17,0,0,3,0,1,37,40,1500,300,45
SIM,3,0,1,2,18,1,0,3,0,1,37,40,300,1200,37
SIM,3,0,1,2,19,0,0,3,0,1,36,40,1300,300,45
SIM,3,0,1,2,20,1,3,1,1,1,36,40,200,1200,34
SIM,3,0,1,2,21,0,1,4,1,2,35,40,1100,100,45
SIM,3,0,1,2,22,1,1,3,1,1,35,40,500,1000,39
SIM,3,0,1,2,23,0,0,3,0,1,35,40,1500,400,45
SIM,3,0,1,2,24,1,14,3,0,1,35,40,900,1300,43
SIM,3,0,1,2,25,0,14,3,0,1,34,40,1900,400,45
SIM,3,0,1,2,26,1,3,1,1,1,34,40,200,1300,28
SIM,3,0,1,2,27,0,1,4,1,2,33,40,1100,200,45
SIM,3,0,1,2,28,1,1,3,1,1,33,40,500,1100,39
SIM,3,0,1,2,29,0,0,3,0,1,33,40,1500,500,45
SIM,3,0,1,2,30,1,0,3,0,1,33,40,300,1400,37
SIM,3,0,1,2,31,0,0,3,0,1,32,40,1300,500,45
SIM,3,0,1,2,32,1,3,1,1,1,32,40,200,1400,34
SIM,3,0,1,2,33,0,1,4,1,2,31,40,1100,300,45
SIM,3,0,1,2,34,1,1,3,1,1,31,40,500,1200,39
SIM,3,0,1,2,35,0,0,3,0,1,31,40,1500,300,45
SIM,3,0,1,2,36,1,0,3,0,1,31,40,300,1200,37
SIM,3,0,1,2,37,0,0,3,0,1,30,40,1300,300,45
SIM,3,0,1,2,38,1,14,3,0,1,30,40,700,1200,43
SIM,3,0,1,2,39,0,14,6,0,2,28,40,1700,100,45
SIM,3,0,1,2,40,1,3,4,1,2,28,40,300,900,30
SIM,3,0,1,2,41,0,3,4,1,2,26,40,1200,300,45
SIM,3,0,1,2,42,1,3,3,1,1,26,40,1200,1200,43
SIM,3,0,1,2,43,0,3,3,1,1,25,40,2100,300,45
SIM,3,0,1,2,44,1,3,1,1,1,25,40,300,1200,29
SIM,3,0,1,2,45,0,1,4,1,2,24,40,1200,100,45
SIM,3,0,1,2,46,1,4,1,2,1,24,40,100,1000,30
SIM,3,0,1,2,47,0,3,1,1,1,24,40,1000,400,45
SIM,3,0,1,2,48,1,3,0,1,0,24,40,400,1400,39
SIM,3,0,1,2,49,0,3,0,1,0,24,40,1300,500,45
SIM,3,0,1,2,50,1,3,0,1,0,24,39,400,1500,33
SIM,3,0,1,2,51,0,1,3,1,1,24,39,1300,100,45
SIM,3,0,1,2,52,1,1,3,1,1,24,38,1300,1000,43
SIM,3,0,1,2,53,0,0,3,0,1,24,38,2300,400,45
SIM,3,0,1,2,54,1,14,3,0,1,24,38,1700,1300,43
SIM,3,0,1,2,55,0,14,3,0,1,23,38,2700,400,45
SIM,3,0,1,2,56,1,0,3,0,1,23,38,3000,1300,45
SIM,3,0,1,2,57,0,0,6,0,2,22,38,4000,200,45
SIM,3,0,1,2,58,1,14,6,0,2,22,38,3400,1000,43
SIM,3,0,1,2,59,0,14,6,0,2,20,38,4400,400,45
SIM,3,0,1,2,60,1,0,6,0,2,20,38,4700,1200,45
SIM_END,3,0,1,2,60,1,0
SIM,4,0,1,3,1,0,6,0,1,0,40,40,1000,0,30
SIM,4,0,1,3,2,1,9,0,2,0,40,39,200,1000,19
SIM,4,0,1,3,3,0,7,3,2,1,40,39,900,200,45
SIM,4,0,1,3,4,1,7,3,2,1,40,39,900,1100,35
SIM,4,0,1,3,5,0,6,3,1,1,40,39,1700,500,45
SIM,4,0,1,3,6,1,6,0,1,0,40,39,1700,1500,43
SIM,4,0,1,3,7,0,6,0,1,0,40,39,2500,300,45
SIM,4,0,1,3,8,1,9,0,2,0,40,37,200,1300,16
SIM,4,0,1,3,9,0,7,3,2,1,40,37,900,200,45
SIM,4,0,1,3,10,1,7,0,2,0,40,36,300,1200,37
SIM,4,0,1,3,11,0,7,0,2,0,40,36,1000,300,45
SIM,4,0,1,3,12,1,7,0,2,0,40,34,400,1300,37
SIM,4,0,1,3,13,0,7,0,2,0,40,34,1100,400,45
SIM,4,0,1,3,14,1,7,0,2,0,40,33,1100,1400,43
SIM,4,0,1,3,15,0,5,3,2,1,40,33,1800,300,45
SIM,4,0,1,3,16,1,5,0,2,0,40,33,1800,1300,43
SIM,4,0,1,3,17,0,5,0,2,0,40,33,2500,400,45
SIM,4,0,1,3,18,1,8,0,3,0,40,31,200,1400,23
SIM,4,0,1,3,19,0,8,0,3,0,40,31,800,500,45
SIM,4,0,1,3,20,1,8,0,3,0,40,30,800,1500,43
SIM,4,0,1,3,21,0,6,3,2,1,40,30,1600,100,45
SIM,4,0,1,3,22,1,6,3,2,1,40,28,400,1000,30
SIM,4,0,1,3,23,0,4,3,2,1,40,28,1200,400,45
SIM,4,0,1,3,24,1,4,3,2,1,40,27,1200,1300,43
SIM,4,0,1,3,25,0,3,3,1,1,40,27,2100,400,45
SIM,4,0,1,3,26,1,3,3,1,1,40,26,2100,1300,43
SIM,4,0,1,3,27,0,0,6,0,2,40,26,3100,200,45
SIM,4,0,1,3,28,1,3,4,1,2,40,26,200,1000,20
SIM,4,0,1,3,29,0,0,4,0,2,40,26,1200,400,45
SIM,4,0,1,3,30,1,14,4,0,2,40,26,600,1200,43
SIM,4,0,1,3,31,0,14,4,0,2,39,26,1600,300,45
SIM,4,0,1,3,32,1,0,4,0,2,39,26,400,1100,35
SIM,4,0,1,3,33,0,0,7,0,3,37,26,1400,300,45
SIM,4,0,1,3,34,1,3,6,1,2,37,26,300,1100,36
SIM,4,0,1,3,35,0,3,6,1,2,35,26,1200,500,45
SIM,4,0,1,3,36,1,3,4,1,2,35,26,300,1300,37
SIM,4,0,1,3,37,0,3,4,1,2,33,26,1200,400,45
SIM,4,0,1,3,38,1,3,3,1,1,33,26,1200,1300,43
SIM,4,0,1,3,39,0,3,6,1,2,32,26,2100,200,45
SIM,4,0,1,3,40,1,6,3,2,1,32,26,100,1100,18
SIM,4,0,1,3,41,0,6,3,2,1,31,26,900,500,45
SIM,4,0,1,3,42,1,6,0,2,0,31,26,300,1500,37
SIM,4,0,1,3,43,0,6,0,2,0,31,26,1100,300,45
SIM,4,0,1,3,44,1,6,0,2,0,31,26,500,1300,41
SIM,4,0,1,3,45,0,4,3,2,1,31,26,1300,200,45
SIM,4,0,1,3,46,1,18,3,2,1,31,26,700,1100,43
SIM,4,0,1,3,47,0,17,3,1,1,31,26,1600,500,45
SIM,4,0,1,3,48,1,6,0,2,0,31,26,200,1500,26
SIM,4,0,1,3,49,0,6,0,2,0,31,26,1000,300,45
SIM,4,0,1,3,50,1,6,0,2,0,31,26,400,1300,41
SIM,4,0,1,3,51,0,4,3,2,1,31,26,1200,200,45
SIM,4,0,1,3,52,1,4,0,2,0,31,26,300,1200,33
SIM,4,0,1,3,53,0,4,0,2,0,31,26,1100,300,45
SIM,4,0,1,3,54,1,18,0,2,0,31,26,500,1300,43
SIM,4,0,1,3,55,0,18,0,2,0,31,26,1300,400,45
SIM,4,0,1,3,56,1,4,0,2,0,31,26,1600,1400,45
SIM,4,0,1,3,57,0,3,3,1,1,31,26,2500,300,45
SIM,4,0,1,3,58,1,17,3,1,1,31,26,1900,1200,43
SIM,4,0,1,3,59,0,15,3,1,1,31,26,2800,300,45
SIM,4,0,1,3,60,1,1,3,1,1,31,26,3100,1200,45
SIM_END,4,0,1,3,60,0,0
SIM,5,0,1,4,1,0,6,0,1,0,40,40,1000,0,30
SIM,5,0,1,4,2,1,20,0,1,0,40,40,400,1000,28
SIM,5,0,1,4,3,0,20,3,1,1,39,40,1200,200,45
SIM,5,0,1,4,4,1,9,0,2,0,39,39,100,1200,28
SIM,5,0,1,4,5,0,9,0,2,0,39,39,800,300,45
SIM,5,0,1,4,6,1,9,0,2,0,39,38,800,1300,43
SIM,5,0,1,4,7,0,9,0,2,0,39,38,1500,400,45
SIM,5,0,1,4,8,1,9,0,2,0,39,37,300,1400,35
SIM,5,0,1,4,9,0,7,3,2,1,39,37,1000,300,45
SIM,5,0,1,4,10,1,10,0,3,0,39,36,200,1300,15
SIM,5,0,1,4,11,0,10,0,3,0,39,36,800,400,45
SIM,5,0,1,4,12,1,10,0,3,0,39,35,800,1400,43
SIM,5,0,1,4,13,0,10,0,3,0,39,35,1400,500,45
SIM,5,0,1,4,14,1,10,0,3,0,39,32,500,1500,24
SIM,5,0,1,4,15,0,9,3,2,1,39,32,1200,100,45
SIM,5,0,1,4,16,1,9,0,2,0,39,32,1200,1100,43
SIM,5,0,1,4,17,0,9,0,2,0,39,32,1900,500,45
SIM,5,0,1,4,18,1,12,0,3,0,39,29,200,1500,24
SIM,5,0,1,4,19,0,12,0,3,0,39,29,800,300,45
SIM,5,0,1,4,20,1,12,0,3,0,39,28,800,1300,43
SIM,5,0,1,4,21,0,10,3,3,1,39,28,1400,200,45
SIM,5,0,1,4,22,1,10,0,3,0,39,26,500,1200,33
SIM,5,0,1,4,23,0,10,0,3,0,39,26,1100,300,45
SIM,5,0,1,4,24,1,10,0,3,0,39,25,1100,1300,43
SIM,5,0,1,4,25,0,10,0,3,0,39,25,1700,400,45
SIM,5,0,1,4,26,1,10,0,3,0,39,24,1700,1400,43
SIM,5,0,1,4,27,0,8,3,3,1,39,24,2300,300,45
SIM,5,0,1,4,28,1,8,0,3,0,39,24,2300,1300,43
SIM,5,0,1,4,29,0,8,0,3,0,39,24,2900,400,45
SIM,5,0,1,4,30,1,11,0,4,0,39,21,300,1400,19
SIM,5,0,1,4,31,0,11,0,4,0,39,21,800,500,45
SIM,5,0,1,4,32,1,11,0,4,0,39,20,800,1500,43
SIM,5,0,1,4,33,0,9,3,3,1,39,20,1500,100,45
SIM,5,0,1,4,34,1,9,3,3,1,39,19,1500,1000,43
SIM,5,0,1,4,35,0,7,3,3,1,39,19,2200,400,45
SIM,5,0,1,4,36,1,7,3,3,1,39,18,2200,1300,43
SIM,5,0,1,4,37,0,6,3,2,1,39,18,3000,400,45
SIM,5,0,1,4,38,1,9,1,3,1,39,16,100,1300,15
SIM,5,0,1,4,39,0,6,4,2,2,39,16,900,200,45
SIM,5,0,1,4,40,1,6,3,2,1,39,16,900,1100,43
SIM,5,0,1,4,41,0,4,3,2,1,39,16,1700,500,45
SIM,5,0,1,4,42,1,4,3,2,1,39,15,1700,1400,43
SIM,5,0,1,4,43,0,3,3,1,1,39,15,2600,500,45
SIM,5,0,1,4,44,1,3,3,1,1,39,14,2600,1400,43
SIM,5,0,1,4,45,0,0,6,0,2,39,14,3600,300,45
SIM,5,0,1,4,46,1,3,6,1,2,39,13,100,1100,16
SIM,5,0,1,4,47,0,0,6,0,2,39,13,1100,500,45
SIM,5,0,1,4,48,1,14,6,0,2,39,13,500,1300,43
SIM,5,0,1,4,49,0,14,6,0,2,38,13,1500,400,45
SIM,5,0,1,4,50,1,0,6,0,2,38,13,300,1200,35
SIM,5,0,1,4,51,0,0,9,0,3,35,13,1300,100,45
SIM,5,0,1,4,52,1,3,7,1,3,35,13,200,800,36
SIM,5,0,1,4,53,0,3,7,1,3,32,13,1100,500,45
SIM,5,0,1,4,54,1,3,6,1,2,32,13,1100,1300,43
SIM,5,0,1,4,55,0,3,6,1,2,30,13,2000,400,45
SIM,5,0,1,4,56,1,3,4,1,2,30,13,500,1200,31
SIM,5,0,1,4,57,0,1,7,1,3,28,13,1400,100,45
SIM,5,0,1,4,58,1,4,4,2,2,28,13,300,900,32
SIM,5,0,1,4,59,0,3,4,1,2,27,13,1200,300,45
SIM,5,0,1,4,60,1,3,3,1,1,27,13,1200,1200,43
SIM_END,5,0,1,4,60,0,0
SIM,6,0,1,5,1,0,6,0,1,0,40,40,1000,0,30
SIM,6,0,1,5,2,1,20,0,1,0,40,40,400,1000,28
SIM,6,0,1,5,3,0,20,3,1,1,39,40,1200,200,45
SIM,6,0,1,5,4,1,6,3,1,1,39,40,1500,1100,45
SIM,6,0,1,5,5,0,6,3,1,1,38,40,2300,500,45
SIM,6,0,1,5,6,1,6,3,1,1,38,40,2300,1400,43
SIM,6,0,1,5,7,0,6,3,1,1,37,40,3100,500,45
SIM,6,0,1,5,8,1,9,0,2,0,37,39,200,1500,18
SIM,6,0,1,5,9,0,7,3,2,1,37,39,900,100,45
SIM,6,0,1,5,10,1,7,3,2,1,37,39,900,1000,35
SIM,6,0,1,5,11,0,6,3,1,1,37,39,1700,400,45
SIM,6,0,1,5,12,1,6,0,1,0,37,39,500,1400,35
SIM,6,0,1,5,13,0,6,0,1,0,37,39,1300,500,45
SIM,6,0,1,5,14,1,9,0,2,0,37,37,200,1500,24
SIM,6,0,1,5,15,0,7,3,2,1,37,37,900,100,45
SIM,6,0,1,5,16,1,7,0,2,0,37,36,300,1100,37
SIM,6,0,1,5,17,0,7,0,2,0,37,36,1000,500,45
SIM,6,0,1,5,18,1,7,0,2,0,37,34,400,1500,37
SIM,6,0,1,5,19,0,7,0,2,0,37,34,1100,300,45
SIM,6,0,1,5,20,1,7,0,2,0,37,33,1100,1300,43
SIM,6,0,1,5,21,0,5,3,2,1,37,33,1800,200,45
SIM,6,0,1,5,22,1,5,0,2,0,37,33,1800,1200,43
SIM,6,0,1,5,23,0,5,0,2,0,37,33,2500,300,45
SIM,6,0,1,5,24,1,5,0,2,0,37,32,2500,1300,43
SIM,6,0,1,5,25,0,5,0,2,0,37,32,3200,400,45
SIM,6,0,1,5,26,1,8,0,3,0,37,30,300,1400,19
SIM,6,0,1,5,27,0,6,3,2,1,37,30,1100,300,45
SIM,6,0,1,5,28,1,6,3,2,1,37,29,1100,1200,43
SIM,6,0,1,5,29,0,4,3,2,1,37,29,1900,300,45
SIM,6,0,1,5,30,1,4,1,2,1,37,28,400,1200,30
SIM,6,0,1,5,31,0,3,1,1,1,37,28,1300,300,45
SIM,6,0,1,5,32,1,6,0,2,0,37,27,200,1300,30
SIM,6,0,1,5,33,0,4,3,2,1,37,27,1000,200,45
SIM,6,0,1,5,34,1,4,1,2,1,37,26,400,1100,37
SIM,6,0,1,5,35,0,3,1,1,1,37,26,1300,500,45
SIM,6,0,1,5,36,1,3,0,1,0,37,26,1300,1500,43
SIM,6,0,1,5,37,0,3,0,1,0,37,26,2200,300,45
SIM,6,0,1,5,38,1,6,0,2,0,37,24,200,1300,22
SIM,6,0,1,5,39,0,4,3,2,1,37,24,1000,200,45
SIM,6,0,1,5,40,1,4,3,2,1,37,22,400,1100,37
SIM,6,0,1,5,41,0,3,3,1,1,37,22,1300,500,45
SIM,6,0,1,5,42,1,3,3,1,1,37,21,1300,1400,43
SIM,6,0,1,5,43,0,1,3,1,1,37,21,2200,500,45
SIM,6,0,1,5,44,1,4,1,2,1,37,20,200,1400,24
SIM,6,0,1,5,45,0,1,4,1,2,37,20,1100,300,45
SIM,6,0,1,5,46,1,1,3,1,1,37,20,1100,1200,43
SIM,6,0,1,5,47,0,0,3,0,1,37,20,2100,300,45
SIM,6,0,1,5,48,1,0,3,0,1,37,20,300,1200,33
SIM,6,0,1,5,49,0,0,3,0,1,37,20,1300,300,45
SIM,6,0,1,5,50,1,14,3,0,1,37,20,700,1200,43
SIM,6,0,1,5,51,0,14,6,0,2,35,20,1700,100,45
SIM,6,0,1,5,52,1,0,6,0,2,35,20,2000,900,45
SIM,6,0,1,5,53,0,0,6,0,2,33,20,3000,300,45
SIM,6,0,1,5,54,1,3,4,1,2,33,20,100,1100,22
SIM,6,0,1,5,55,0,3,4,1,2,31,20,1000,500,45
SIM,6,0,1,5,56,1,3,3,1,1,31,20,400,1400,39
SIM,6,0,1,5,57,0,1,6,1,2,30,20,1300,300,45
SIM,6,0,1,5,58,1,15,6,1,2,30,20,700,1100,43
SIM,6,0,1,5,59,0,14,6,0,2,29,20,1700,500,45
SIM,6,0,1,5,60,1,0,6,0,2,29,20,2000,1300,45
SIM_END,6,0,1,5,60,0,0
SIM,7,0,1,6,1,0,6,0,1,0,40,40,1000,0,30
SIM,7,0,1,6,2,1,20,0,1,0,40,40,400,1000,28
SIM,7,0,1,6,3,0,20,3,1,1,39,40,1200,200,45
SIM,7,0,1,6,4,1,6,3,1,1,39,40,1500,1100,45
SIM,7,0,1,6,5,0,6,3,1,1,38,40,2300,500,45
SIM,7,0,1,6,6,1,9,0,2,0,38,39,300,1500,22
SIM,7,0,1,6,7,0,9,0,2,0,38,39,1000,300,45
SIM,7,0,1,6,8,1,9,0,2,0,38,38,400,1300,39
SIM,7,0,1,6,9,0,7,3,2,1,38,38,1100,200,45
SIM,7,0,1,6,10,1,7,0,2,0,38,37,500,1200,19
SIM,7,0,1,6,11,0,7,0,2,0,38,37,1200,300,45
SIM,7,0,1,6,12,1,10,0,3,0,38,34,100,1300,18
SIM,7,0,1,6,13,0,10,0,3,0,38,34,700,400,45
SIM,7,0,1,6,14,1,10,0,3,0,38,31,400,1400,37
SIM,7,0,1,6,15,0,9,3,2,1,38,31,1100,300,45
SIM,7,0,1,6,16,1,9,0,2,0,38,30,500,1300,37
SIM,7,0,1,6,17,0,9,0,2,0,38,30,1200,400,45
SIM,7,0,1,6,18,1,12,0,3,0,38,27,100,1400,28
SIM,7,0,1,6,19,0,12,0,3,0,38,27,700,500,45
SIM,7,0,1,6,20,1,12,0,3,0,38,24,400,1500,37
SIM,7,0,1,6,21,0,10,3,3,1,38,24,1000,100,45
SIM,7,0,1,6,22,1,10,0,3,0,38,22,400,1100,35
SIM,7,0,1,6,23,0,10,0,3,0,38,22,1000,500,45
SIM,7,0,1,6,24,1,10,0,3,0,38,21,1000,1500,43
SIM,7,0,1,6,25,0,10,0,3,0,38,21,1600,300,45
SIM,7,0,1,6,26,1,10,0,3,0,38,20,1600,1300,43
SIM,7,0,1,6,27,0,8,3,3,1,38,20,2200,200,45
SIM,7,0,1,6,28,1,11,0,4,0,38,18,200,1200,23
SIM,7,0,1,6,29,0,11,0,4,0,38,18,700,300,45
SIM,7,0,1,6,30,1,11,0,4,0,38,14,400,1300,29
SIM,7,0,1,6,31,0,11,0,4,0,38,14,900,1300,45
SIM,7,0,1,6,32,1,11,0,4,0,38,10,300,2300,33
SIM,7,0,1,6,33,0,9,3,3,1,38,10,1000,300,45
SIM,7,0,1,6,34,1,12,3,4,1,38,6,200,1200,24
SIM,7,0,1,6,35,0,10,3,4,1,38,6,800,300,45
SIM,7,0,1,6,36,1,10,3,4,1,38,2,500,1200,35
SIM,7,0,1,6,37,0,9,3,3,1,38,2,1200,300,45
SIM_END,7,0,1,6,37,0,0
SIM,8,1,1,0,1,0,0,6,0,1,40,40,1000,0,30
SIM,8,1,1,0,2,1,3,4,1,1,40,40,200,800,19
SIM,8,1,1,0,3,0,0,7,0,2,39,40,1200,300,45
SIM,8,1,1,0,4,1,0,7,0,2,39,40,300,1000,39
SIM,8,1,1,0,5,0,0,7,0,2,38,40,1300,400,45
SIM,8,1,1,0,6,1,0,7,0,2,38,40,400,1100,39
SIM,8,1,1,0,7,0,0,7,0,2,37,40,1400,500,45
SIM,8,1,1,0,8,1,3,5,1,2,37,40,300,1200,34
SIM,8,1,1,0,9,0,0,8,0,3,35,40,1300,100,45
SIM,8,1,1,0,10,1,0,8,0,3,35,40,400,700,39
SIM,8,1,1,0,11,0,0,8,0,3,33,40,1400,400,45
SIM,8,1,1,0,12,1,0,8,0,3,33,40,500,1000,39
SIM,8,1,1,0,13,0,0,8,0,3,31,40,1500,400,45
SIM,8,1,1,0,14,1,3,7,1,2,31,40,100,1100,32
SIM,8,1,1,0,15,0,3,7,1,2,31,40,1000,1100,45
SIM,8,1,1,0,16,1,3,5,1,2,31,40,400,1800,39
SIM,8,1,1,0,17,0,0,8,0,3,29,40,1400,100,45
SIM,8,1,1,0,18,1,0,8,0,3,29,40,500,700,39
SIM,8,1,1,0,19,0,0,8,0,3,27,40,1500,400,45
SIM,8,1,1,0,20,1,3,6,1,2,27,40,100,1200,31
SIM,8,1,1,0,21,0,3,6,1,2,25,40,1000,300,45
SIM,8,1,1,0,22,1,3,4,1,2,25,40,400,1100,38
SIM,8,1,1,0,23,0,1,7,1,3,23,40,1300,300,45
SIM,8,1,1,0,24,1,1,6,1,2,23,40,400,1100,37
SIM,8,1,1,0,25,0,0,6,0,2,23,40,1400,1100,45
SIM,8,1,1,0,26,1,3,4,1,2,23,40,300,1900,36
SIM,8,1,1,0,27,0,3,4,1,2,22,40,1200,1900,45
SIM,8,1,1,0,28,1,3,3,1,1,22,40,300,2800,37
SIM,8,1,1,0,29,0,3,6,1,2,21,40,1200,200,45
SIM,8,1,1,0,30,1,3,4,1,2,21,40,300,1000,35
SIM,8,1,1,0,31,0,1,4,1,2,20,40,1200,400,45
SIM,8,1,1,0,32,1,4,1,2,1,20,40,100,1300,32
SIM,8,1,1,0,33,0,3,1,1,1,20,40,1000,400,45
SIM,8,1,1,0,34,1,3,0,1,0,20,40,400,1400,39
SIM,8,1,1,0,35,0,3,14,1,0,20,40,1300,800,45
SIM,8,1,1,0,36,1,3,14,1,0,20,39,400,1800,29
SIM,8,1,1,0,37,0,3,0,1,0,20,39,1300,2100,45
SIM,8,1,1,0,38,1,6,0,2,0,20,38,200,3100,33
SIM,8,1,1,0,39,0,6,14,2,0,20,38,1000,2500,45
SIM,8,1,1,0,40,1,6,14,2,0,20,36,400,3500,34
SIM,8,1,1,0,41,0,6,0,2,0,20,36,1200,3800,45
SIM,8,1,1,0,42,1,6,0,2,0,20,34,300,4800,35
SIM,8,1,1,0,43,0,4,3,2,1,20,34,1100,100,45
SIM,8,1,1,0,44,1,7,1,3,1,20,32,300,1000,30
SIM,8,1,1,0,45,0,6,1,2,1,20,32,1100,1000,45
SIM,8,1,1,0,46,1,6,0,2,0,20,31,500,2000,37
SIM,8,1,1,0,47,0,6,14,2,0,20,31,1300,1400,45
SIM,8,1,1,0,48,1,6,14,2,0,20,29,400,2400,33
SIM,8,1,1,0,49,0,6,0,2,0,20,29,1200,2700,45
SIM,8,1,1,0,50,1,9,0,3,0,20,26,100,3700,24
SIM,8,1,1,0,51,0,9,14,3,0,20,26,800,3100,45
SIM,8,1,1,0,52,1,9,14,3,0,20,23,500,4100,37
SIM,8,1,1,0,53,0,7,3,3,1,20,23,1200,300,45
SIM,8,1,1,0,54,1,7,3,3,1,20,20,300,1200,33
SIM,8,1,1,0,55,0,6,3,2,1,20,20,1100,300,45
SIM,8,1,1,0,56,1,9,3,3,1,20,18,300,1200,33
SIM,8,1,1,0,57,0,7,3,3,1,20,18,1000,300,45
SIM,8,1,1,0,58,1,7,1,3,1,20,16,400,1200,34
SIM,8,1,1,0,59,0,6,1,2,1,20,16,1200,1200,45
SIM,8,1,1,0,60,1,6,0,2,0,20,15,300,2200,35
SIM_END,8,1,1,0,60,0,0
SIM,9,1,1,1,1,0,0,6,0,1,40,40,1000,0,30
SIM,9,1,1,1,2,1,3,4,1,1,40,40,200,800,19
SIM,9,1,1,1,3,0,0,4,0,1,40,40,1200,800,45
SIM,9,1,1,1,4,1,0,4,0,1,40,40,300,1600,39
SIM,9,1,1,1,5,0,0,7,0,2,39,40,1300,200,45
SIM,9,1,1,1,6,1,0,7,0,2,39,40,400,900,39
SIM,9,1,1,1,7,0,0,7,0,2,38,40,1400,900,45
SIM,9,1,1,1,8,1,3,5,1,2,38,40,300,1600,34
SIM,9,1,1,1,9,0,0,5,0,2,37,40,1300,400,45
SIM,9,1,1,1,10,1,0,5,0,2,37,40,400,1100,39
SIM,9,1,1,1,11,0,0,8,0,3,36,40,1400,300,45
SIM,9,1,1,1,12,1,0,8,0,3,36,40,500,900,39
SIM,9,1,1,1,13,0,0,8,0,3,35,40,1500,900,45
SIM,9,1,1,1,14,1,3,7,1,2,35,40,100,1600,32
SIM,9,1,1,1,15,0,0,7,0,2,34,40,1100,400,45
SIM,9,1,1,1,16,1,0,7,0,2,34,40,500,1100,41
SIM,9,1,1,1,17,0,0,7,0,2,33,40,1500,1100,45
SIM,9,1,1,1,18,1,0,7,0,2,33,40,300,1800,37
SIM,9,1,1,1,19,0,0,7,0,2,32,40,1300,1800,45
SIM,9,1,1,1,20,1,3,5,1,2,32,40,200,2500,34
SIM,9,1,1,1,21,0,0,5,0,2,32,40,1200,2500,45
SIM,9,1,1,1,22,1,0,5,0,2,32,40,300,3200,39
SIM,9,1,1,1,23,0,0,5,0,2,31,40,1300,3200,45
SIM,9,1,1,1,24,1,0,5,0,2,31,40,400,3900,39
SIM,9,1,1,1,25,0,0,5,0,2,30,40,1400,3900,45
SIM,9,1,1,1,26,1,3,3,1,1,30,40,300,4800,34
SIM,9,1,1,1,27,0,1,6,1,2,29,40,1200,100,45
SIM,9,1,1,1,28,1,1,4,1,2,29,40,300,900,37
SIM,9,1,1,1,29,0,0,4,0,2,29,40,1300,900,45
SIM,9,1,1,1,30,1,0,4,0,2,29,40,400,1700,39
SIM,9,1,1,1,31,0,0,4,0,2,28,40,1400,500,45
SIM,9,1,1,1,32,1,3,3,1,1,28,40,300,1400,33
SIM,9,1,1,1,33,0,1,6,1,2,27,40,1200,300,45
SIM,9,1,1,1,34,1,1,4,1,2,27,40,300,1100,37
SIM,9,1,1,1,35,0,0,4,0,2,26,40,1300,500,45
SIM,9,1,1,1,36,1,0,4,0,2,26,40,400,1300,39
SIM,9,1,1,1,37,0,0,4,0,2,24,40,1400,400,45
SIM,9,1,1,1,38,1,3,3,1,1,24,40,300,1300,36
SIM,9,1,1,1,39,0,3,6,1,2,23,40,1200,200,45
SIM,9,1,1,1,40,1,3,4,1,2,23,40,300,1000,35
SIM,9,1,1,1,41,0,1,4,1,2,22,40,1200,400,45
SIM,9,1,1,1,42,1,1,3,1,1,22,40,300,1300,37
SIM,9,1,1,1,43,0,0,3,0,1,22,40,1300,400,45
SIM,9,1,1,1,44,1,3,1,1,1,22,40,200,1300,34
SIM,9,1,1,1,45,0,0,4,0,2,22,40,1200,200,45
SIM,9,1,1,1,46,1,0,4,0,2,22,40,300,1000,39
SIM,9,1,1,1,47,0,0,18,0,2,22,40,1300,400,45
SIM,9,1,1,1,48,1,0,18,0,2,22,40,400,1200,39
SIM,9,1,1,1,49,0,0,4,0,2,22,40,1400,1500,45
SIM,9,1,1,1,50,1,3,3,1,1,22,40,300,2400,34
SIM,9,1,1,1,51,0,0,6,0,2,22,40,1300,100,45
SIM,9,1,1,1,52,1,0,6,0,2,22,40,400,900,39
SIM,9,1,1,1,53,0,0,20,0,2,22,40,1400,300,45
SIM,9,1,1,1,54,1,0,20,0,2,22,40,500,1100,39
SIM,9,1,1,1,55,0,0,6,0,2,21,40,1500,500,45
SIM,9,1,1,1,56,1,3,4,1,2,21,40,100,1300,32
SIM,9,1,1,1,57,0,3,4,1,2,20,40,1000,1300,45
SIM,9,1,1,1,58,1,3,3,1,1,20,40,400,2200,39
SIM,9,1,1,1,59,0,3,17,1,1,20,40,1300,1600,45
SIM,9,1,1,1,60,1,3,15,1,1,20,40,400,2500,36
SIM_END,9,1,1,1,60,1,0
SIM,10,1,1,2,1,0,0,6,0,1,40,40,1000,0,30
SIM,10,1,1,2,2,1,3,6,1,1,40,39,200,800,19
SIM,10,1,1,2,3,0,0,9,0,2,39,39,1200,300,45
SIM,10,1,1,2,4,1,0,9,0,2,39,39,300,1000,39
SIM,10,1,1,2,5,0,0,9,0,2,38,39,1300,1000,45
SIM,10,1,1,2,6,1,0,9,0,2,38,39,400,1700,39
SIM,10,1,1,2,7,0,0,9,0,2,37,39,1400,1700,45
SIM,10,1,1,2,8,1,3,7,1,2,37,39,300,2400,34
SIM,10,1,1,2,9,0,0,10,0,3,35,39,1300,100,45
SIM,10,1,1,2,10,1,0,10,0,3,35,39,400,700,39
SIM,10,1,1,2,11,0,0,10,0,3,33,39,1400,400,45
SIM,10,1,1,2,12,1,0,10,0,3,33,39,500,1000,39
SIM,10,1,1,2,13,0,0,10,0,3,31,39,1500,400,45
SIM,10,1,1,2,14,1,3,9,1,2,31,39,100,1100,32
SIM,10,1,1,2,15,0,0,12,0,3,29,39,1100,300,45
SIM,10,1,1,2,16,1,0,12,0,3,29,39,500,900,41
SIM,10,1,1,2,17,0,0,12,0,3,28,39,1500,900,45
SIM,10,1,1,2,18,1,0,12,0,3,28,39,300,1500,37
SIM,10,1,1,2,19,0,0,12,0,3,27,39,1300,1500,45
SIM,10,1,1,2,20,1,3,10,1,3,27,39,200,2100,36
SIM,10,1,1,2,21,0,3,10,1,3,27,39,1100,2100,45
SIM,10,1,1,2,22,1,3,9,1,2,27,39,500,2800,39
SIM,10,1,1,2,23,0,0,9,0,2,27,39,1500,2800,45
SIM,10,1,1,2,24,1,0,9,0,2,27,39,300,3500,37
SIM,10,1,1,2,25,0,0,12,0,3,26,39,1300,300,45
SIM,10,1,1,2,26,1,3,10,1,3,26,39,200,900,34
SIM,10,1,1,2,27,0,0,10,0,3,25,39,1200,300,45
SIM,10,1,1,2,28,1,0,10,0,3,25,39,300,900,39
SIM,10,1,1,2,29,0,0,10,0,3,24,39,1300,900,45
SIM,10,1,1,2,30,1,0,10,0,3,24,39,400,1500,39
SIM,10,1,1,2,31,0,0,13,0,4,21,39,1400,100,45
SIM,10,1,1,2,32,1,3,12,1,3,21,39,300,700,34
SIM,10,1,1,2,33,0,0,12,0,3,21,39,1300,700,45
SIM,10,1,1,2,34,1,0,12,0,3,21,39,400,1300,39
SIM,10,1,1,2,35,0,0,12,0,3,18,39,1400,400,45
SIM,10,1,1,2,36,1,0,12,0,3,18,39,500,1000,39
SIM,10,1,1,2,37,0,0,12,0,3,17,39,1500,1000,45
SIM,10,1,1,2,38,1,3,10,1,3,17,39,100,1600,34
SIM,10,1,1,2,39,0,0,13,0,4,15,39,1100,200,45
SIM,10,1,1,2,40,1,0,13,0,4,15,39,500,700,41
SIM,10,1,1,2,41,0,0,13,0,4,11,39,1500,400,45
SIM,10,1,1,2,42,1,0,13,0,4,11,39,1500,900,45
SIM,10,1,1,2,43,0,0,13,0,4,7,39,2500,300,45
SIM,10,1,1,2,44,1,3,11,1,4,7,39,500,800,30
SIM,10,1,1,2,45,0,0,11,0,4,4,39,1500,500,45
SIM,10,1,1,2,46,1,0,11,0,4,4,39,1500,1000,45
SIM,10,1,1,2,47,0,0,11,0,4,3,39,2500,1000,45
SIM,10,1,1,2,48,1,0,11,0,4,3,39,2500,1500,45
SIM_END,10,1,1,2,48,1,0
SIM,11,1,1,3,1,0,0,6,0,1,40,40,1000,0,30
SIM,11,1,1,3,2,1,3,6,1,1,40,39,200,800,19
SIM,11,1,1,3,3,0,0,9,0,2,39,39,1200,300,45
SIM,11,1,1,3,4,1,0,9,0,2,39,39,300,1000,39
SIM,11,1,1,3,5,0,0,9,0,2,38,39,1300,1000,45
SIM,11,1,1,3,6,1,0,9,0,2,38,39,400,1700,39
SIM,11,1,1,3,7,0,0,9,0,2,37,39,1400,1700,45
SIM,11,1,1,3,8,1,3,7,1,2,37,39,300,2400,34
SIM,11,1,1,3,9,0,3,7,1,2,37,39,1200,2400,45
SIM,11,1,1,3,10,1,3,6,1,1,37,39,300,3200,37
SIM,11,1,1,3,11,0,0,9,0,2,36,39,1300,300,45
SIM,11,1,1,3,12,1,0,9,0,2,36,39,400,1000,39
SIM,11,1,1,3,13,0,0,9,0,2,35,39,1400,400,45
SIM,11,1,1,3,14,1,3,7,1,2,35,39,300,1100,34
SIM,11,1,1,3,15,0,0,7,0,2,34,39,1300,500,45
SIM,11,1,1,3,16,1,0,7,0,2,34,39,400,1200,39
SIM,11,1,1,3,17,0,0,7,0,2,33,39,1400,1200,45
SIM,11,1,1,3,18,1,0,7,0,2,33,39,500,1900,39
SIM,11,1,1,3,19,0,0,7,0,2,32,39,1500,1900,45
SIM,11,1,1,3,20,1,3,6,1,1,32,39,100,2700,32
SIM,11,1,1,3,21,0,0,6,0,1,32,39,1100,2700,45
SIM,11,1,1,3,22,1,0,6,0,1,32,39,500,3500,41
SIM,11,1,1,3,23,0,0,20,0,1,32,39,1500,2900,45
SIM,11,1,1,3,24,1,0,20,0,1,32,39,300,3700,37
SIM,11,1,1,3,25,0,0,6,0,1,32,39,1300,4000,45
SIM,11,1,1,3,26,1,3,4,1,1,32,39,200,4800,34
SIM,11,1,1,3,27,0,0,4,0,1,32,39,1200,4800,45
SIM,11,1,1,3,28,1,0,4,0,1,32,39,300,5600,39
SIM,11,1,1,3,29,0,0,7,0,2,31,39,1300,300,45
SIM,11,1,1,3,30,1,0,7,0,2,31,39,400,1000,39
SIM,11,1,1,3,31,0,0,7,0,2,29,39,1400,400,45
SIM,11,1,1,3,32,1,3,5,1,2,29,39,300,1100,36
SIM,11,1,1,3,33,0,0,5,0,2,28,39,1300,500,45
SIM,11,1,1,3,34,1,0,5,0,2,28,39,400,1200,39
SIM,11,1,1,3,35,0,0,5,0,2,27,39,1400,1200,45
SIM,11,1,1,3,36,1,0,5,0,2,27,39,500,1900,39
SIM,11,1,1,3,37,0,0,5,0,2,26,39,1500,1900,45
SIM,11,1,1,3,38,1,3,4,1,1,26,39,100,2700,34
SIM,11,1,1,3,39,0,0,4,0,1,26,39,1100,2700,45
SIM,11,1,1,3,40,1,0,4,0,1,26,39,500,3500,41
SIM,11,1,1,3,41,0,0,7,0,2,25,39,1500,300,45
SIM,11,1,1,3,42,1,0,7,0,2,25,39,300,1000,37
SIM,11,1,1,3,43,0,0,7,0,2,23,39,1300,400,45
SIM,11,1,1,3,44,1,3,5,1,2,23,39,200,1100,36
SIM,11,1,1,3,45,0,0,5,0,2,22,39,1200,500,45
SIM,11,1,1,3,46,1,0,5,0,2,22,39,300,1200,39
SIM,11,1,1,3,47,0,0,8,0,3,19,39,1300,100,45
SIM,11,1,1,3,48,1,0,8,0,3,19,39,400,700,39
SIM,11,1,1,3,49,0,0,8,0,3,16,39,1400,400,45
SIM,11,1,1,3,50,1,3,7,1,2,16,39,300,1100,36
SIM,11,1,1,3,51,0,0,7,0,2,15,39,1300,500,45
SIM,11,1,1,3,52,1,0,7,0,2,15,39,400,1200,39
SIM,11,1,1,3,53,0,0,7,0,2,14,39,1400,1200,45
SIM,11,1,1,3,54,1,0,7,0,2,14,39,500,1900,39
SIM,11,1,1,3,55,0,0,7,0,2,13,39,1500,1900,45
SIM,11,1,1,3,56,1,3,5,1,2,13,39,100,2600,34
SIM,11,1,1,3,57,0,0,8,0,3,11,39,1100,300,45
SIM,11,1,1,3,58,1,0,8,0,3,11,39,500,900,41
SIM,11,1,1,3,59,0,0,8,0,3,10,39,1500,900,45
SIM,11,1,1,3,60,1,0,8,0,3,10,39,300,1500,37
SIM_END,11,1,1,3,60,1,0
SIM,12,1,1,4,1,0,0,6,0,1,40,40,1000,0,30
SIM,12,1,1,4,2,1,3,6,1,1,40,39,200,800,19
SIM,12,1,1,4,3,0,0,6,0,1,40,39,1200,800,45
SIM,12,1,1,4,4,1,0,6,0,1,40,39,300,1600,39
SIM,12,1,1,4,5,0,0,20,0,1,40,39,1300,1000,45
SIM,12,1,1,4,6,1,0,20,0,1,40,39,400,1800,39
SIM,12,1,1,4,7,0,0,9,0,2,39,39,1400,100,45
SIM,12,1,1,4,8,1,3,7,1,2,39,39,300,800,34
SIM,12,1,1,4,9,0,3,7,1,2,39,39,1200,800,45
SIM,12,1,1,4,10,1,3,6,1,1,39,39,300,1600,37
SIM,12,1,1,4,11,0,0,6,0,1,39,39,1300,400,45
SIM,12,1,1,4,12,1,0,6,0,1,39,39,400,1200,39
SIM,12,1,1,4,13,0,0,20,0,1,39,39,1400,600,45
SIM,12,1,1,4,14,1,3,18,1,1,39,39,300,1400,34
SIM,12,1,1,4,15,0,0,7,0,2,38,39,1300,300,45
SIM,12,1,1,4,16,1,0,7,0,2,38,39,400,1000,39
SIM,12,1,1,4,17,0,0,7,0,2,37,39,1400,400,45
SIM,12,1,1,4,18,1,0,7,0,2,37,39,500,1100,39
SIM,12,1,1,4,19,0,0,7,0,2,36,39,1500,1100,45
SIM,12,1,1,4,20,1,3,5,1,2,36,39,100,1800,32
SIM,12,1,1,4,21,0,3,5,1,2,36,39,1000,1800,45
SIM,12,1,1,4,22,1,3,4,1,1,36,39,400,2600,39
SIM,12,1,1,4,23,0,0,7,0,2,35,39,1400,300,45
SIM,12,1,1,4,24,1,0,7,0,2,35,39,500,1000,39
SIM,12,1,1,4,25,0,0,7,0,2,34,39,1500,400,45
SIM,12,1,1,4,26,1,3,5,1,2,34,39,100,1100,32
SIM,12,1,1,4,27,0,3,5,1,2,34,39,1000,1100,45
SIM,12,1,1,4,28,1,3,4,1,1,34,39,400,1900,39
SIM,12,1,1,4,29,0,0,4,0,1,34,39,1400,1900,45
SIM,12,1,1,4,30,1,0,4,0,1,34,39,500,2700,39
SIM,12,1,1,4,31,0,0,7,0,2,32,39,1500,100,45
SIM,12,1,1,4,32,1,3,5,1,2,32,39,100,800,34
SIM,12,1,1,4,33,0,3,5,1,2,32,39,1000,800,45
SIM,12,1,1,4,34,1,3,4,1,1,32,39,400,1600,39
SIM,12,1,1,4,35,0,0,4,0,1,32,39,1400,1600,45
SIM,12,1,1,4,36,1,0,4,0,1,32,39,500,2400,39
SIM,12,1,1,4,37,0,0,7,0,2,30,39,1500,100,45
SIM,12,1,1,4,38,1,3,5,1,2,30,39,100,800,34
SIM,12,1,1,4,39,0,3,5,1,2,30,39,1000,800,45
SIM,12,1,1,4,40,1,3,4,1,1,30,39,400,1600,39
SIM,12,1,1,4,41,0,0,4,0,1,30,39,1400,400,45
SIM,12,1,1,4,42,1,0,4,0,1,30,39,500,1200,39
SIM,12,1,1,4,43,0,0,18,0,1,30,39,1500,600,45
SIM,12,1,1,4,44,1,3,16,1,1,30,39,100,1400,34
SIM,12,1,1,4,45,0,3,2,1,1,30,39,1000,1700,45
SIM,12,1,1,4,46,1,3,0,1,0,30,39,400,2700,39
SIM,12,1,1,4,47,0,3,14,1,0,30,39,1300,2100,45
SIM,12,1,1,4,48,1,3,14,1,0,30,39,400,3100,39
SIM,12,1,1,4,49,0,3,0,1,0,30,39,1300,3400,45
SIM,12,1,1,4,50,1,6,0,2,0,30,38,200,4400,32
SIM,12,1,1,4,51,0,6,14,2,0,30,38,1000,3800,45
SIM,12,1,1,4,52,1,6,14,2,0,30,37,400,4800,39
SIM,12,1,1,4,53,0,4,3,2,1,30,37,1200,100,45
SIM,12,1,1,4,54,1,4,3,2,1,30,36,300,1000,37
SIM,12,1,1,4,55,0,3,3,1,1,30,36,1200,1000,45
SIM,12,1,1,4,56,1,6,0,2,0,30,36,100,2000,22
SIM,12,1,1,4,57,0,6,14,2,0,30,36,900,1400,45
SIM,12,1,1,4,58,1,6,12,2,0,30,35,300,2400,34
SIM,12,1,1,4,59,0,6,0,2,0,30,35,1100,2700,45
SIM,12,1,1,4,60,1,6,0,2,0,30,33,500,3700,36
SIM_END,12,1,1,4,60,1,0
SIM,13,1,1,5,1,0,0,6,0,1,40,40,1000,0,30
SIM,13,1,1,5,2,1,3,6,1,1,40,39,200,800,19
SIM,13,1,1,5,3,0,3,6,1,1,40,39,1100,800,45
SIM,13,1,1,5,4,1,3,6,1,1,40,38,500,1600,39
SIM,13,1,1,5,5,0,0,6,0,1,40,38,1500,1600,45
SIM,13,1,1,5,6,1,0,6,0,1,40,38,300,2400,37
SIM,13,1,1,5,7,0,0,9,0,2,39,38,1300,100,45
SIM,13,1,1,5,8,1,3,7,1,2,39,38,200,800,34
SIM,13,1,1,5,9,0,0,7,0,2,38,38,1200,500,45
SIM,13,1,1,5,10,1,0,7,0,2,38,38,300,1200,39
SIM,13,1,1,5,11,0,0,7,0,2,37,38,1300,300,45
SIM,13,1,1,5,12,1,0,7,0,2,37,38,400,1000,39
SIM,13,1,1,5,13,0,0,10,0,3,36,38,1400,200,45
SIM,13,1,1,5,14,1,3,9,1,2,36,38,300,900,34
SIM,13,1,1,5,15,0,3,9,1,2,36,38,1200,900,45
SIM,13,1,1,5,16,1,3,7,1,2,36,38,300,1600,37
SIM,13,1,1,5,17,0,0,7,0,2,36,38,1300,1600,45
SIM,13,1,1,5,18,1,0,7,0,2,36,38,400,2300,39
SIM,13,1,1,5,19,0,0,21,0,2,36,38,1400,1700,45
SIM,13,1,1,5,20,1,3,19,1,2,36,38,300,2400,34
SIM,13,1,1,5,21,0,0,8,0,3,34,38,1300,100,45
SIM,13,1,1,5,22,1,0,8,0,3,34,38,400,700,39
SIM,13,1,1,5,23,0,0,8,0,3,32,38,1400,400,45
SIM,13,1,1,5,24,1,0,8,0,3,32,38,500,1000,39
SIM,13,1,1,5,25,0,0,8,0,3,30,38,1500,400,45
SIM,13,1,1,5,26,1,3,6,1,2,30,38,100,1200,31
SIM,13,1,1,5,27,0,1,9,1,3,28,38,1000,100,45
SIM,13,1,1,5,28,1,1,7,1,3,28,38,400,800,39
SIM,13,1,1,5,29,0,0,7,0,3,26,38,1400,500,45
SIM,13,1,1,5,30,1,0,7,0,3,26,38,500,1200,39
SIM,13,1,1,5,31,0,0,7,0,3,25,38,1500,1200,45
SIM,13,1,1,5,32,1,3,6,1,2,25,38,100,2000,31
SIM,13,1,1,5,33,0,3,6,1,2,24,38,1000,2000,45
SIM,13,1,1,5,34,1,3,4,1,2,24,38,400,2800,36
SIM,13,1,1,5,35,0,1,7,1,3,22,38,1300,200,45
SIM,13,1,1,5,36,1,1,6,1,2,22,38,400,1000,37
SIM,13,1,1,5,37,0,0,6,0,2,22,38,1400,1000,45
SIM,13,1,1,5,38,1,3,4,1,2,22,38,300,1800,36
SIM,13,1,1,5,39,0,3,4,1,2,20,38,1200,300,45
SIM,13,1,1,5,40,1,3,3,1,1,20,38,300,1200,37
SIM,13,1,1,5,41,0,3,3,1,1,19,38,1200,1200,45
SIM,13,1,1,5,42,1,3,1,1,1,19,38,300,2100,35
SIM,13,1,1,5,43,0,3,1,1,1,18,38,1200,2100,45
SIM,13,1,1,5,44,1,6,0,2,0,18,37,100,3100,30
SIM,13,1,1,5,45,0,4,3,2,1,18,37,900,200,45
SIM,13,1,1,5,46,1,4,1,2,1,18,36,300,1100,33
SIM,13,1,1,5,47,0,3,1,1,1,18,36,1200,500,45
SIM,13,1,1,5,48,1,3,0,1,0,18,36,300,1500,37
SIM,13,1,1,5,49,0,3,0,1,0,18,36,1200,300,45
SIM,13,1,1,5,50,1,6,0,2,0,18,34,100,1300,28
SIM,13,1,1,5,51,0,4,3,2,1,18,34,900,200,45
SIM,13,1,1,5,52,1,4,3,2,1,18,32,300,1100,37
SIM,13,1,1,5,53,0,3,3,1,1,18,32,1200,1100,45
SIM,13,1,1,5,54,1,3,3,1,1,18,31,300,2000,37
SIM,13,1,1,5,55,0,3,17,1,1,18,31,1200,1400,45
SIM,13,1,1,5,56,1,6,17,2,1,18,29,100,2300,26
SIM,13,1,1,5,57,0,3,6,1,2,18,29,1000,300,45
SIM,13,1,1,5,58,1,3,6,1,2,18,28,400,1100,39
SIM,13,1,1,5,59,0,0,6,0,2,18,28,1400,500,45
SIM,13,1,1,5,60,1,0,6,0,2,18,28,500,1300,39
SIM_END,13,1,1,5,60,1,0
SIM,14,1,1,6,1,0,0,6,0,1,40,40,1000,0,30
SIM,14,1,1,6,2,1,3,6,1,1,40,39,200,800,19
SIM,14,1,1,6,3,0,0,9,0,2,39,39,1200,300,45
SIM,14,1,1,6,4,1,0,9,0,2,39,39,300,1000,39
SIM,14,1,1,6,5,0,0,9,0,2,38,39,1300,400,45
SIM,14,1,1,6,6,1,0,9,0,2,38,39,400,1100,39
SIM,14,1,1,6,7,0,0,9,0,2,37,39,1400,1100,45
SIM,14,1,1,6,8,1,3,7,1,2,37,39,300,1800,34
SIM,14,1,1,6,9,0,3,7,1,2,37,39,1200,1800,45
SIM,14,1,1,6,10,1,3,6,1,1,37,39,300,2600,37
SIM,14,1,1,6,11,0,0,6,0,1,37,39,1300,2600,45
SIM,14,1,1,6,12,1,0,6,0,1,37,39,400,3400,39
SIM,14,1,1,6,13,0,0,9,0,2,36,39,1400,200,45
SIM,14,1,1,6,14,1,3,7,1,2,36,39,300,900,34
SIM,14,1,1,6,15,0,0,7,0,2,35,39,1300,300,45
SIM,14,1,1,6,16,1,0,7,0,2,35,39,400,1000,39
SIM,14,1,1,6,17,0,0,7,0,2,33,39,1400,400,45
SIM,14,1,1,6,18,1,0,7,0,2,33,39,500,1100,39
SIM,14,1,1,6,19,0,0,10,0,3,31,39,1500,300,45
SIM,14,1,1,6,20,1,3,8,1,3,31,39,100,900,34
SIM,14,1,1,6,21,0,0,8,0,3,29,39,1100,300,45
SIM,14,1,1,6,22,1,0,8,0,3,29,39,500,900,41
SIM,14,1,1,6,23,0,0,8,0,3,27,39,1500,300,45
SIM,14,1,1,6,24,1,0,8,0,3,27,39,300,900,37
SIM,14,1,1,6,25,0,0,11,0,4,23,39,1300,100,45
SIM,14,1,1,6,26,1,3,10,1,3,23,39,500,700,38
SIM,14,1,1,6,27,0,0,10,0,3,21,39,1500,400,45
SIM,14,1,1,6,28,1,0,10,0,3,21,39,300,1000,37
SIM,14,1,1,6,29,0,0,10,0,3,18,39,1300,400,45
SIM,14,1,1,6,30,1,0,10,0,3,18,39,400,1000,39
SIM,14,1,1,6,31,0,0,13,0,4,15,39,1400,200,45
SIM,14,1,1,6,32,1,3,11,1,4,15,39,300,700,36
SIM,14,1,1,6,33,0,0,11,0,4,12,39,1300,400,45
SIM,14,1,1,6,34,1,0,11,0,4,12,39,1300,900,45
SIM,14,1,1,6,35,0,0,11,0,4,8,39,2300,300,45
SIM,14,1,1,6,36,1,0,11,0,4,8,39,2300,800,45
SIM,14,1,1,6,37,0,0,11,0,4,4,39,3300,500,45
SIM,14,1,1,6,38,1,3,9,1,3,4,39,400,1200,24
SIM,14,1,1,6,39,0,3,9,1,3,3,39,1300,1200,45
SIM,14,1,1,6,40,1,3,7,1,3,3,39,400,1900,35
SIM_END,14,1,1,6,40,1,0
SIM_DONE
### degrade=50
SIM_CONFIG,degrade_favoured_pct=50,only_handicap=1,variants=7
SIM,1,0,1,0,1,0,6,0,1,0,40,40,1000,0,30
SIM,1,0,1,0,2,1,9,0,2,0,40,39,200,1000,19
SIM,1,0,1,0,3,0,7,3,2,1,40,39,900,200,45
SIM,1,0,1,0,4,1,7,0,2,0,40,38,300,1200,31
SIM,1,0,1,0,5,0,7,0,2,0,40,38,1000,300,45
SIM,1,0,1,0,6,1,7,0,2,0,40,36,400,1300,31
SIM,1,0,1,0,7,0,7,0,2,0,40,36,1100,400,45
SIM,1,0,1,0,8,1,10,0,3,0,40,34,300,1400,33
SIM,1,0,1,0,9,0,9,3,2,1,40,34,1000,300,45
SIM,1,0,1,0,10,1,9,0,2,0,40,33,400,1300,36
SIM,1,0,1,0,11,0,9,0,2,0,40,33,1100,400,45
SIM,1,0,1,0,12,1,9,0,2,0,40,32,1100,1400,43
SIM,1,0,1,0,13,0,9,0,2,0,40,32,1800,500,45
SIM,1,0,1,0,14,1,9,0,2,0,40,31,1800,1500,43
SIM,1,0,1,0,15,0,7,3,2,1,40,31,2500,100,45
SIM,1,0,1,0,16,1,10,0,3,0,40,30,200,1100,23
SIM,1,0,1,0,17,0,10,0,3,0,40,30,800,500,45
SIM,1,0,1,0,18,1,10,0,3,0,40,29,800,1500,43
SIM,1,0,1,0,19,0,10,0,3,0,40,29,1400,300,45
SIM,1,0,1,0,20,1,10,0,3,0,40,26,500,1300,30
SIM,1,0,1,0,21,0,8,3,3,1,40,26,1100,200,45
SIM,1,0,1,0,22,1,11,0,4,0,40,24,300,1200,31
SIM,1,0,1,0,23,0,11,0,4,0,40,24,800,300,45
SIM,1,0,1,0,24,1,11,0,4,0,40,23,800,1300,43
SIM,1,0,1,0,25,0,11,0,4,0,40,23,1300,400,45
SIM,1,0,1,0,26,1,11,0,4,0,40,22,1300,1400,43
SIM,1,0,1,0,27,0,9,3,3,1,40,22,2000,300,45
SIM,1,0,1,0,28,1,12,1,4,1,40,19,300,1200,15
SIM,1,0,1,0,29,0,10,1,4,1,40,19,900,300,45
SIM,1,0,1,0,30,1,10,0,4,0,40,19,900,1300,43
SIM,1,0,1,0,31,0,10,0,4,0,40,19,1500,400,45
SIM,1,0,1,0,32,1,10,0,4,0,40,18,1500,1400,43
SIM,1,0,1,0,33,0,9,3,3,1,40,18,2200,300,45
SIM,1,0,1,0,34,1,9,3,3,1,40,17,2200,1200,43
SIM,1,0,1,0,35,0,7,3,3,1,40,17,2900,300,45
SIM,1,0,1,0,36,1,7,3,3,1,40,16,2900,1200,43
SIM,1,0,1,0,37,0,6,3,2,1,40,16,3700,300,45
SIM,1,0,1,0,38,1,6,3,2,1,40,15,3700,1200,43
SIM,1,0,1,0,39,0,3,6,1,2,40,15,4600,100,45
SIM,1,0,1,0,40,1,3,6,1,2,40,14,4600,900,43
SIM,1,0,1,0,41,0,0,6,0,2,40,14,5600,300,45
SIM,1,0,1,0,42,1,14,6,0,2,40,14,5000,1100,43
SIM,1,0,1,0,43,0,14,6,0,2,40,14,6000,500,45
SIM,1,0,1,0,44,1,0,6,0,2,40,14,6300,1300,45
SIM,1,0,1,0,45,0,0,9,0,3,39,14,7300,200,45
SIM,1,0,1,0,46,1,3,9,1,3,39,14,500,900,0
SIM,1,0,1,0,47,0,3,9,1,3,38,14,1400,300,30
SIM,1,0,1,0,48,1,3,7,1,3,38,14,500,1000,20
SIM,1,0,1,0,49,0,3,7,1,3,37,14,1400,400,45
SIM,1,0,1,0,50,1,3,6,1,2,37,14,500,1200,37
SIM,1,0,1,0,51,0,0,9,0,3,36,14,1500,100,45
SIM,1,0,1,0,52,1,14,9,0,3,36,14,900,800,43
SIM,1,0,1,0,53,0,14,9,0,3,33,14,1900,500,45
SIM,1,0,1,0,54,1,0,9,0,3,33,14,2200,1200,45
SIM,1,0,1,0,55,0,0,9,0,3,30,14,3200,300,45
SIM,1,0,1,0,56,1,3,7,1,3,30,14,300,1000,24
SIM,1,0,1,0,57,0,1,10,1,4,27,14,1200,200,45
SIM,1,0,1,0,58,1,1,9,1,3,27,14,1200,900,43
SIM,1,0,1,0,59,0,0,9,0,3,25,14,2200,300,45
SIM,1,0,1,0,60,1,0,9,0,3,25,14,400,1000,33
SIM_END,1,0,1,0,60,0,0
SIM,2,0,1,1,1,0,6,0,1,0,40,40,1000,0,30
SIM,2,0,1,1,2,1,20,0,1,0,40,40,400,1000,28
SIM,2,0,1,1,3,0,18,3,1,1,40,40,1200,200,45
SIM,2,0,1,1,4,1,7,0,2,0,40,39,100,1200,28
SIM,2,0,1,1,5,0,7,0,2,0,40,39,800,300,45
SIM,2,0,1,1,6,1,7,0,2,0,40,38,500,1300,31
SIM,2,0,1,1,7,0,7,0,2,0,40,38,1200,400,45
SIM,2,0,1,1,8,1,7,0,2,0,40,37,1200,1400,43
SIM,2,0,1,1,9,0,5,3,2,1,40,37,1900,300,45
SIM,2,0,1,1,10,1,8,0,3,0,40,36,200,1300,25
SIM,2,0,1,1,11,0,8,0,3,0,40,36,800,400,45
SIM,2,0,1,1,12,1,8,0,3,0,40,33,500,1400,30
SIM,2,0,1,1,13,0,8,0,3,0,40,33,1100,500,45
SIM,2,0,1,1,14,1,8,0,3,0,40,30,500,1500,35
SIM,2,0,1,1,15,0,7,3,2,1,40,30,1200,100,45
SIM,2,0,1,1,16,1,7,0,2,0,40,30,1200,1100,43
SIM,2,0,1,1,17,0,7,0,2,0,40,30,1900,500,45
SIM,2,0,1,1,18,1,10,0,3,0,40,27,200,1500,24
SIM,2,0,1,1,19,0,10,0,3,0,40,27,800,300,45
SIM,2,0,1,1,20,1,10,0,3,0,40,26,800,1300,43
SIM,2,0,1,1,21,0,8,3,3,1,40,26,1400,200,45
SIM,2,0,1,1,22,1,8,0,3,0,40,24,500,1200,33
SIM,2,0,1,1,23,0,8,0,3,0,40,24,1100,300,45
SIM,2,0,1,1,24,1,11,0,4,0,40,21,300,1300,31
SIM,2,0,1,1,25,0,11,0,4,0,40,21,800,400,45
SIM,2,0,1,1,26,1,11,0,4,0,40,17,500,1400,29
SIM,2,0,1,1,27,0,9,3,3,1,40,17,1200,300,45
SIM,2,0,1,1,28,1,9,3,3,1,40,14,300,1200,33
SIM,2,0,1,1,29,0,7,3,3,1,40,14,1000,300,45
SIM,2,0,1,1,30,1,7,3,3,1,40,13,1000,1200,43
SIM,2,0,1,1,31,0,6,3,2,1,40,13,1800,300,45
SIM,2,0,1,1,32,1,6,3,2,1,40,12,1800,1200,43
SIM,2,0,1,1,33,0,3,6,1,2,40,12,2700,100,45
SIM,2,0,1,1,34,1,3,6,1,2,40,11,2700,900,43
SIM,2,0,1,1,35,0,0,6,0,2,40,11,3700,300,45
SIM,2,0,1,1,36,1,14,6,0,2,40,11,3100,1100,43
SIM,2,0,1,1,37,0,14,6,0,2,39,11,4100,500,45
SIM,2,0,1,1,38,1,0,6,0,2,39,11,4400,1300,45
SIM,2,0,1,1,39,0,0,9,0,3,38,11,5400,200,45
SIM,2,0,1,1,40,1,3,7,1,3,38,11,100,900,6
SIM,2,0,1,1,41,0,0,7,0,3,37,11,1100,300,36
SIM,2,0,1,1,42,1,0,7,0,3,37,11,500,1000,32
SIM,2,0,1,1,43,0,0,7,0,3,34,11,1500,400,45
SIM,2,0,1,1,44,1,0,7,0,3,34,11,300,1100,37
SIM,2,0,1,1,45,0,0,10,0,4,31,11,1300,300,45
SIM,2,0,1,1,46,1,3,9,1,3,31,11,200,1000,34
SIM,2,0,1,1,47,0,3,9,1,3,28,11,1100,400,45
SIM,2,0,1,1,48,1,3,7,1,3,28,11,500,1100,39
SIM,2,0,1,1,49,0,3,7,1,3,25,11,1400,500,45
SIM,2,0,1,1,50,1,3,6,1,2,25,11,500,1300,37
SIM,2,0,1,1,51,0,1,9,1,3,23,11,1400,200,45
SIM,2,0,1,1,52,1,15,9,1,3,23,11,800,900,43
SIM,2,0,1,1,53,0,14,9,0,3,21,11,1800,300,45
SIM,2,0,1,1,54,1,3,7,1,3,21,11,100,1000,30
SIM,2,0,1,1,55,0,3,7,1,3,18,11,1000,400,45
SIM,2,0,1,1,56,1,3,6,1,2,18,11,400,1200,39
SIM,2,0,1,1,57,0,3,9,1,3,15,11,1300,100,45
SIM,2,0,1,1,58,1,17,9,1,3,15,11,700,800,43
SIM,2,0,1,1,59,0,17,9,1,3,12,11,1600,500,45
SIM,2,0,1,1,60,1,3,9,1,3,12,11,1900,1200,45
SIM_END,2,0,1,1,60,1,0
SIM,3,0,1,2,1,0,6,0,1,0,40,40,1000,0,30
SIM,3,0,1,2,2,1,20,0,1,0,40,40,400,1000,28
SIM,3,0,1,2,3,0,18,3,1,1,40,40,1200,200,45
SIM,3,0,1,2,4,1,4,3,1,1,40,40,1500,1100,45
SIM,3,0,1,2,5,0,2,3,1,1,40,40,2300,500,45
SIM,3,0,1,2,6,1,2,0,1,0,40,40,2300,1500,43
SIM,3,0,1,2,7,0,2,0,1,0,40,40,3100,300,45
SIM,3,0,1,2,8,1,16,0,1,0,40,40,2500,1300,43
SIM,3,0,1,2,9,0,14,3,0,1,40,40,3500,200,45
SIM,3,0,1,2,10,1,0,3,0,1,40,40,3800,1100,45
SIM,3,0,1,2,11,0,0,3,0,1,39,40,4800,500,45
SIM,3,0,1,2,12,1,14,3,0,1,39,40,4200,1400,43
SIM,3,0,1,2,13,0,14,3,0,1,38,40,5200,500,45
SIM,3,0,1,2,14,1,3,1,1,1,38,40,200,1400,6
SIM,3,0,1,2,15,0,1,4,1,2,37,40,1100,300,36
SIM,3,0,1,2,16,1,1,3,1,1,37,40,500,1200,30
SIM,3,0,1,2,17,0,0,3,0,1,37,40,1500,300,45
SIM,3,0,1,2,18,1,0,3,0,1,37,40,300,1200,37
SIM,3,0,1,2,19,0,0,3,0,1,36,40,1300,300,45
SIM,3,0,1,2,20,1,3,1,1,1,36,40,200,1200,34
SIM,3,0,1,2,21,0,1,4,1,2,35,40,1100,100,45
SIM,3,0,1,2,22,1,1,3,1,1,35,40,500,1000,39
SIM,3,0,1,2,23,0,0,3,0,1,35,40,1500,400,45
SIM,3,0,1,2,24,1,14,3,0,1,35,40,900,1300,43
SIM,3,0,1,2,25,0,14,3,0,1,34,40,1900,400,45
SIM,3,0,1,2,26,1,3,1,1,1,34,40,200,1300,28
SIM,3,0,1,2,27,0,1,4,1,2,33,40,1100,200,45
SIM,3,0,1,2,28,1,1,3,1,1,33,40,500,1100,39
SIM,3,0,1,2,29,0,0,3,0,1,33,40,1500,500,45
SIM,3,0,1,2,30,1,0,3,0,1,33,40,300,1400,37
SIM,3,0,1,2,31,0,0,3,0,1,32,40,1300,500,45
SIM,3,0,1,2,32,1,3,1,1,1,32,40,200,1400,34
SIM,3,0,1,2,33,0,1,4,1,2,31,40,1100,300,45
SIM,3,0,1,2,34,1,1,3,1,1,31,40,500,1200,39
SIM,3,0,1,2,35,0,0,3,0,1,31,40,1500,300,45
SIM,3,0,1,2,36,1,0,3,0,1,31,40,300,1200,37
SIM,3,0,1,2,37,0,0,3,0,1,30,40,1300,300,45
SIM,3,0,1,2,38,1,14,3,0,1,30,40,700,1200,43
SIM,3,0,1,2,39,0,14,6,0,2,28,40,1700,100,45
SIM,3,0,1,2,40,1,3,4,1,2,28,40,300,900,30
SIM,3,0,1,2,41,0,3,4,1,2,26,40,1200,300,45
SIM,3,0,1,2,42,1,3,3,1,1,26,40,1200,1200,43
SIM,3,0,1,2,43,0,3,3,1,1,25,40,2100,300,45
SIM,3,0,1,2,44,1,3,1,1,1,25,40,300,1200,29
SIM,3,0,1,2,45,0,1,4,1,2,24,40,1200,100,45
SIM,3,0,1,2,46,1,4,1,2,1,24,40,100,1000,30
SIM,3,0,1,2,47,0,3,1,1,1,24,40,1000,400,45
SIM,3,0,1,2,48,1,3,0,1,0,24,40,400,1400,39
SIM,3,0,1,2,49,0,3,0,1,0,24,40,1300,500,45
SIM,3,0,1,2,50,1,3,0,1,0,24,39,400,1500,33
SIM,3,0,1,2,51,0,1,3,1,1,24,39,1300,100,45
SIM,3,0,1,2,52,1,1,3,1,1,24,38,1300,1000,43
SIM,3,0,1,2,53,0,0,3,0,1,24,38,2300,400,45
SIM,3,0,1,2,54,1,14,3,0,1,24,38,1700,1300,43
SIM,3,0,1,2,55,0,14,3,0,1,23,38,2700,400,45
SIM,3,0,1,2,56,1,0,3,0,1,23,38,3000,1300,45
SIM,3,0,1,2,57,0,0,6,0,2,22,38,4000,200,45
SIM,3,0,1,2,58,1,14,6,0,2,22,38,3400,1000,43
SIM,3,0,1,2,59,0,14,6,0,2,20,38,4400,400,45
SIM,3,0,1,2,60,1,0,6,0,2,20,38,4700,1200,45
SIM_END,3,0,1,2,60,1,0
SIM,4,0,1,3,1,0,6,0,1,0,40,40,1000,0,30
SIM,4,0,1,3,2,1,9,0,2,0,40,39,200,1000,19
SIM,4,0,1,3,3,0,7,3,2,1,40,39,900,200,45
SIM,4,0,1,3,4,1,7,3,2,1,40,39,900,1100,35
SIM,4,0,1,3,5,0,6,3,1,1,40,39,1700,500,45
SIM,4,0,1,3,6,1,6,0,1,0,40,39,1700,1500,43
SIM,4,0,1,3,7,0,6,0,1,0,40,39,2500,300,45
SIM,4,0,1,3,8,1,9,0,2,0,40,37,200,1300,16
SIM,4,0,1,3,9,0,7,3,2,1,40,37,900,200,45
SIM,4,0,1,3,10,1,7,0,2,0,40,37,900,1200,43
SIM,4,0,1,3,11,0,7,0,2,0,40,37,1600,300,45
SIM,4,0,1,3,12,1,7,0,2,0,40,35,400,1300,33
SIM,4,0,1,3,13,0,7,0,2,0,40,35,1100,400,45
SIM,4,0,1,3,14,1,7,0,2,0,40,34,1100,1400,43
SIM,4,0,1,3,15,0,5,3,2,1,40,34,1800,300,45
SIM,4,0,1,3,16,1,5,0,2,0,40,34,1800,1300,43
SIM,4,0,1,3,17,0,5,0,2,0,40,34,2500,400,45
SIM,4,0,1,3,18,1,8,0,3,0,40,32,200,1400,23
SIM,4,0,1,3,19,0,8,0,3,0,40,32,800,500,45
SIM,4,0,1,3,20,1,8,0,3,0,40,31,800,1500,43
SIM,4,0,1,3,21,0,6,3,2,1,40,31,1600,100,45
SIM,4,0,1,3,22,1,6,3,2,1,40,29,400,1000,30
SIM,4,0,1,3,23,0,4,3,2,1,40,29,1200,400,45
SIM,4,0,1,3,24,1,4,3,2,1,40,28,1200,1300,43
SIM,4,0,1,3,25,0,3,3,1,1,40,28,2100,400,45
SIM,4,0,1,3,26,1,3,3,1,1,40,27,2100,1300,43
SIM,4,0,1,3,27,0,0,6,0,2,40,27,3100,200,45
SIM,4,0,1,3,28,1,3,4,1,2,40,27,200,1000,20
SIM,4,0,1,3,29,0,0,4,0,2,40,27,1200,400,45
SIM,4,0,1,3,30,1,14,4,0,2,40,27,600,1200,43
SIM,4,0,1,3,31,0,14,4,0,2,39,27,1600,300,45
SIM,4,0,1,3,32,1,0,4,0,2,39,27,1900,1100,45
SIM,4,0,1,3,33,0,0,7,0,3,37,27,2900,300,45
SIM,4,0,1,3,34,1,3,6,1,2,37,27,300,1100,26
SIM,4,0,1,3,35,0,3,6,1,2,35,27,1200,500,45
SIM,4,0,1,3,36,1,3,4,1,2,35,27,300,1300,37
SIM,4,0,1,3,37,0,3,4,1,2,33,27,1200,400,45
SIM,4,0,1,3,38,1,3,3,1,1,33,27,1200,1300,43
SIM,4,0,1,3,39,0,3,6,1,2,32,27,2100,200,45
SIM,4,0,1,3,40,1,17,6,1,2,32,27,1500,1000,43
SIM,4,0,1,3,41,0,17,6,1,2,30,27,2400,400,45
SIM,4,0,1,3,42,1,6,3,2,1,30,27,100,1300,24
SIM,4,0,1,3,43,0,6,3,2,1,29,27,900,400,45
SIM,4,0,1,3,44,1,6,0,2,0,29,27,300,1400,31
SIM,4,0,1,3,45,0,4,3,2,1,29,27,1100,300,45
SIM,4,0,1,3,46,1,18,3,2,1,29,27,500,1200,43
SIM,4,0,1,3,47,0,17,3,1,1,29,27,1400,300,45
SIM,4,0,1,3,48,1,6,0,2,0,29,27,300,1300,26
SIM,4,0,1,3,49,0,6,0,2,0,29,27,1100,400,45
SIM,4,0,1,3,50,1,6,0,2,0,29,25,500,1400,29
SIM,4,0,1,3,51,0,4,3,2,1,29,25,1300,300,45
SIM,4,0,1,3,52,1,4,3,2,1,29,23,400,1200,35
SIM,4,0,1,3,53,0,3,3,1,1,29,23,1300,300,45
SIM,4,0,1,3,54,1,3,3,1,1,29,22,1300,1200,43
SIM,4,0,1,3,55,0,1,3,1,1,29,22,2200,300,45
SIM,4,0,1,3,56,1,1,3,1,1,29,21,2200,1200,43
SIM,4,0,1,3,57,0,0,6,0,2,28,21,3200,100,45
SIM,4,0,1,3,58,1,14,6,0,2,28,21,2600,900,43
SIM,4,0,1,3,59,0,14,6,0,2,27,21,3600,300,45
SIM,4,0,1,3,60,1,0,6,0,2,27,21,3900,1100,45
SIM_END,4,0,1,3,60,0,0
SIM,5,0,1,4,1,0,6,0,1,0,40,40,1000,0,30
SIM,5,0,1,4,2,1,20,0,1,0,40,40,400,1000,28
SIM,5,0,1,4,3,0,20,3,1,1,39,40,1200,200,45
SIM,5,0,1,4,4,1,9,0,2,0,39,39,100,1200,28
SIM,5,0,1,4,5,0,9,0,2,0,39,39,800,300,45
SIM,5,0,1,4,6,1,9,0,2,0,39,38,800,1300,43
SIM,5,0,1,4,7,0,9,0,2,0,39,38,1500,400,45
SIM,5,0,1,4,8,1,9,0,2,0,39,37,1500,1400,43
SIM,5,0,1,4,9,0,7,3,2,1,39,37,2200,300,45
SIM,5,0,1,4,10,1,10,0,3,0,39,36,200,1300,7
SIM,5,0,1,4,11,0,10,0,3,0,39,36,800,400,37
SIM,5,0,1,4,12,1,10,0,3,0,39,35,800,1400,35
SIM,5,0,1,4,13,0,10,0,3,0,39,35,1400,500,45
SIM,5,0,1,4,14,1,10,0,3,0,39,34,1400,1500,43
SIM,5,0,1,4,15,0,9,3,2,1,39,34,2100,100,45
SIM,5,0,1,4,16,1,9,0,2,0,39,34,2100,1100,43
SIM,5,0,1,4,17,0,9,0,2,0,39,34,2800,500,45
SIM,5,0,1,4,18,1,12,0,3,0,39,32,200,1500,14
SIM,5,0,1,4,19,0,12,0,3,0,39,32,800,300,44
SIM,5,0,1,4,20,1,12,0,3,0,39,31,800,1300,42
SIM,5,0,1,4,21,0,10,3,3,1,39,31,1400,200,45
SIM,5,0,1,4,22,1,10,0,3,0,39,31,1400,1200,43
SIM,5,0,1,4,23,0,10,0,3,0,39,31,2000,300,45
SIM,5,0,1,4,24,1,10,0,3,0,39,30,2000,1300,43
SIM,5,0,1,4,25,0,10,0,3,0,39,30,2600,400,45
SIM,5,0,1,4,26,1,10,0,3,0,39,29,2600,1400,43
SIM,5,0,1,4,27,0,8,3,3,1,39,29,3200,300,45
SIM,5,0,1,4,28,1,8,0,3,0,39,29,3200,1300,43
SIM,5,0,1,4,29,0,8,0,3,0,39,29,3800,400,45
SIM,5,0,1,4,30,1,11,0,4,0,39,26,300,1400,10
SIM,5,0,1,4,31,0,11,0,4,0,39,26,800,500,40
SIM,5,0,1,4,32,1,11,0,4,0,39,25,800,1500,38
SIM,5,0,1,4,33,0,9,3,3,1,39,25,1500,100,45
SIM,5,0,1,4,34,1,9,3,3,1,39,24,1500,1000,43
SIM,5,0,1,4,35,0,7,3,3,1,39,24,2200,400,45
SIM,5,0,1,4,36,1,7,3,3,1,39,23,2200,1300,43
SIM,5,0,1,4,37,0,6,3,2,1,39,23,3000,400,45
SIM,5,0,1,4,38,1,9,1,3,1,39,21,100,1300,15
SIM,5,0,1,4,39,0,6,4,2,2,39,21,900,200,45
SIM,5,0,1,4,40,1,6,3,2,1,39,21,900,1100,43
SIM,5,0,1,4,41,0,4,3,2,1,39,21,1700,500,45
SIM,5,0,1,4,42,1,4,3,2,1,39,20,1700,1400,43
SIM,5,0,1,4,43,0,3,3,1,1,39,20,2600,500,45
SIM,5,0,1,4,44,1,3,3,1,1,39,19,2600,1400,43
SIM,5,0,1,4,45,0,0,6,0,2,39,19,3600,300,45
SIM,5,0,1,4,46,1,3,6,1,2,39,18,100,1100,16
SIM,5,0,1,4,47,0,0,6,0,2,39,18,1100,500,45
SIM,5,0,1,4,48,1,14,6,0,2,39,18,500,1300,43
SIM,5,0,1,4,49,0,14,6,0,2,38,18,1500,400,45
SIM,5,0,1,4,50,1,0,6,0,2,38,18,300,1200,35
SIM,5,0,1,4,51,0,0,9,0,3,35,18,1300,100,45
SIM,5,0,1,4,52,1,3,7,1,3,35,18,200,800,36
SIM,5,0,1,4,53,0,3,7,1,3,32,18,1100,500,45
SIM,5,0,1,4,54,1,3,6,1,2,32,18,1100,1300,43
SIM,5,0,1,4,55,0,3,6,1,2,30,18,2000,400,45
SIM,5,0,1,4,56,1,3,4,1,2,30,18,500,1200,31
SIM,5,0,1,4,57,0,1,7,1,3,28,18,1400,100,45
SIM,5,0,1,4,58,1,1,6,1,2,28,18,1400,900,43
SIM,5,0,1,4,59,0,0,6,0,2,27,18,2400,300,45
SIM,5,0,1,4,60,1,14,6,0,2,27,18,1800,1100,43
SIM_END,5,0,1,4,60,0,0
SIM,6,0,1,5,1,0,6,0,1,0,40,40,1000,0,30
SIM,6,0,1,5,2,1,20,0,1,0,40,40,400,1000,28
SIM,6,0,1,5,3,0,20,3,1,1,39,40,1200,200,45
SIM,6,0,1,5,4,1,6,3,1,1,39,40,1500,1100,45
SIM,6,0,1,5,5,0,6,3,1,1,38,40,2300,500,45
SIM,6,0,1,5,6,1,6,3,1,1,38,40,2300,1400,43
SIM,6,0,1,5,7,0,6,3,1,1,37,40,3100,500,45
SIM,6,0,1,5,8,1,9,0,2,0,37,39,200,1500,18
SIM,6,0,1,5,9,0,7,3,2,1,37,39,900,100,45
SIM,6,0,1,5,10,1,7,3,2,1,37,39,900,1000,35
SIM,6,0,1,5,11,0,6,3,1,1,37,39,1700,400,45
SIM,6,0,1,5,12,1,6,0,1,0,37,39,500,1400,35
SIM,6,0,1,5,13,0,6,0,1,0,37,39,1300,500,45
SIM,6,0,1,5,14,1,9,0,2,0,37,37,200,1500,24
SIM,6,0,1,5,15,0,7,3,2,1,37,37,900,100,45
SIM,6,0,1,5,16,1,7,0,2,0,37,36,300,1100,37
SIM,6,0,1,5,17,0,7,0,2,0,37,36,1000,500,45
SIM,6,0,1,5,18,1,7,0,2,0,37,34,400,1500,37
SIM,6,0,1,5,19,0,7,0,2,0,37,34,1100,300,45
SIM,6,0,1,5,20,1,7,0,2,0,37,33,1100,1300,43
SIM,6,0,1,5,21,0,5,3,2,1,37,33,1800,200,45
SIM,6,0,1,5,22,1,5,0,2,0,37,33,1800,1200,43
SIM,6,0,1,5,23,0,5,0,2,0,37,33,2500,300,45
SIM,6,0,1,5,24,1,5,0,2,0,37,32,2500,1300,43
SIM,6,0,1,5,25,0,5,0,2,0,37,32,3200,400,45
SIM,6,0,1,5,26,1,8,0,3,0,37,30,300,1400,19
SIM,6,0,1,5,27,0,6,3,2,1,37,30,1100,300,45
SIM,6,0,1,5,28,1,6,3,2,1,37,29,1100,1200,43
SIM,6,0,1,5,29,0,4,3,2,1,37,29,1900,300,45
SIM,6,0,1,5,30,1,4,1,2,1,37,28,400,1200,30
SIM,6,0,1,5,31,0,3,1,1,1,37,28,1300,300,45
SIM,6,0,1,5,32,1,6,0,2,0,37,27,200,1300,30
SIM,6,0,1,5,33,0,4,3,2,1,37,27,1000,200,45
SIM,6,0,1,5,34,1,4,3,2,1,37,26,1000,1100,43
SIM,6,0,1,5,35,0,3,3,1,1,37,26,1900,500,45
SIM,6,0,1,5,36,1,17,3,1,1,37,26,1300,1400,43
SIM,6,0,1,5,37,0,15,3,1,1,37,26,2200,500,45
SIM,6,0,1,5,38,1,4,0,2,0,37,26,200,1500,18
SIM,6,0,1,5,39,0,3,3,1,1,37,26,1100,100,45
SIM,6,0,1,5,40,1,3,1,1,1,37,26,500,1000,39
SIM,6,0,1,5,41,0,1,1,1,1,37,26,1400,400,45
SIM,6,0,1,5,42,1,1,0,1,0,37,26,1400,1400,43
SIM,6,0,1,5,43,0,1,0,1,0,37,26,2300,500,45
SIM,6,0,1,5,44,1,4,0,2,0,37,24,300,1500,22
SIM,6,0,1,5,45,0,3,3,1,1,37,24,1200,100,45
SIM,6,0,1,5,46,1,3,3,1,1,37,23,1200,1000,43
SIM,6,0,1,5,47,0,1,3,1,1,37,23,2100,400,45
SIM,6,0,1,5,48,1,1,3,1,1,37,22,300,1300,31
SIM,6,0,1,5,49,0,0,3,0,1,37,22,1300,400,45
SIM,6,0,1,5,50,1,14,3,0,1,37,22,700,1300,43
SIM,6,0,1,5,51,0,14,6,0,2,36,22,1700,200,45
SIM,6,0,1,5,52,1,0,6,0,2,36,22,2000,1000,45
SIM,6,0,1,5,53,0,0,6,0,2,34,22,3000,400,45
SIM,6,0,1,5,54,1,3,4,1,2,34,22,100,1200,24
SIM,6,0,1,5,55,0,3,4,1,2,32,22,1000,300,45
SIM,6,0,1,5,56,1,3,3,1,1,32,22,400,1200,39
SIM,6,0,1,5,57,0,3,6,1,2,30,22,1300,100,45
SIM,6,0,1,5,58,1,17,6,1,2,30,22,700,900,43
SIM,6,0,1,5,59,0,17,6,1,2,28,22,1600,300,45
SIM,6,0,1,5,60,1,3,6,1,2,28,22,1900,1100,45
SIM_END,6,0,1,5,60,0,0
SIM,7,0,1,6,1,0,6,0,1,0,40,40,1000,0,30
SIM,7,0,1,6,2,1,20,0,1,0,40,40,400,1000,28
SIM,7,0,1,6,3,0,20,3,1,1,39,40,1200,200,45
SIM,7,0,1,6,4,1,6,3,1,1,39,40,1500,1100,45
SIM,7,0,1,6,5,0,6,3,1,1,38,40,2300,500,45
SIM,7,0,1,6,6,1,9,0,2,0,38,39,300,1500,22
SIM,7,0,1,6,7,0,9,0,2,0,38,39,1000,300,45
SIM,7,0,1,6,8,1,9,0,2,0,38,38,400,1300,39
SIM,7,0,1,6,9,0,7,3,2,1,38,38,1100,200,45
SIM,7,0,1,6,10,1,7,0,2,0,38,37,500,1200,19
SIM,7,0,1,6,11,0,7,0,2,0,38,37,1200,300,45
SIM,7,0,1,6,12,1,10,0,3,0,38,34,100,1300,18
SIM,7,0,1,6,13,0,10,0,3,0,38,34,700,400,45
SIM,7,0,1,6,14,1,10,0,3,0,38,33,700,1400,43
SIM,7,0,1,6,15,0,9,3,2,1,38,33,1400,300,45
SIM,7,0,1,6,16,1,9,0,2,0,38,33,1400,1300,43
SIM,7,0,1,6,17,0,9,0,2,0,38,33,2100,400,45
SIM,7,0,1,6,18,1,12,0,3,0,38,30,100,1400,22
SIM,7,0,1,6,19,0,12,0,3,0,38,30,700,500,45
SIM,7,0,1,6,20,1,12,0,3,0,38,27,400,1500,37
SIM,7,0,1,6,21,0,10,3,3,1,38,27,1000,100,45
SIM,7,0,1,6,22,1,10,0,3,0,38,25,400,1100,35
SIM,7,0,1,6,23,0,10,0,3,0,38,25,1000,500,45
SIM,7,0,1,6,24,1,10,0,3,0,38,24,1000,1500,43
SIM,7,0,1,6,25,0,10,0,3,0,38,24,1600,300,45
SIM,7,0,1,6,26,1,10,0,3,0,38,23,1600,1300,43
SIM,7,0,1,6,27,0,8,3,3,1,38,23,2200,200,45
SIM,7,0,1,6,28,1,11,0,4,0,38,21,200,1200,23
SIM,7,0,1,6,29,0,11,0,4,0,38,21,700,300,45
SIM,7,0,1,6,30,1,11,0,4,0,38,17,400,1300,29
SIM,7,0,1,6,31,0,11,0,4,0,38,17,900,1300,45
SIM,7,0,1,6,32,1,11,0,4,0,38,13,300,2300,33
SIM,7,0,1,6,33,0,9,3,3,1,38,13,1000,300,45
SIM,7,0,1,6,34,1,12,3,4,1,38,9,200,1200,24
SIM,7,0,1,6,35,0,10,3,4,1,38,9,800,300,45
SIM,7,0,1,6,36,1,10,3,4,1,38,5,500,1200,35
SIM,7,0,1,6,37,0,9,3,3,1,38,5,1200,300,45
SIM,7,0,1,6,38,1,9,3,3,1,38,2,300,1200,33
SIM,7,0,1,6,39,0,6,6,2,2,38,2,1100,100,45
SIM_END,7,0,1,6,39,0,0
SIM,8,1,1,0,1,0,0,6,0,1,40,40,1000,0,30
SIM,8,1,1,0,2,1,3,4,1,1,40,40,200,800,19
SIM,8,1,1,0,3,0,0,7,0,2,39,40,1200,300,45
SIM,8,1,1,0,4,1,0,7,0,2,39,40,300,1000,39
SIM,8,1,1,0,5,0,0,7,0,2,38,40,1300,400,45
SIM,8,1,1,0,6,1,0,7,0,2,38,40,400,1100,39
SIM,8,1,1,0,7,0,0,7,0,2,37,40,1400,1100,45
SIM,8,1,1,0,8,1,3,5,1,2,37,40,300,1800,34
SIM,8,1,1,0,9,0,0,8,0,3,35,40,1300,100,45
SIM,8,1,1,0,10,1,0,8,0,3,35,40,400,700,39
SIM,8,1,1,0,11,0,0,8,0,3,33,40,1400,400,45
SIM,8,1,1,0,12,1,0,8,0,3,33,40,500,1000,39
SIM,8,1,1,0,13,0,0,8,0,3,31,40,1500,400,45
SIM,8,1,1,0,14,1,3,7,1,2,31,40,100,1100,32
SIM,8,1,1,0,15,0,3,7,1,2,31,40,1000,1100,45
SIM,8,1,1,0,16,1,3,5,1,2,31,40,400,1800,39
SIM,8,1,1,0,17,0,0,8,0,3,29,40,1400,100,45
SIM,8,1,1,0,18,1,0,8,0,3,29,40,500,700,39
SIM,8,1,1,0,19,0,0,8,0,3,27,40,1500,400,45
SIM,8,1,1,0,20,1,3,6,1,2,27,40,100,1200,31
SIM,8,1,1,0,21,0,3,6,1,2,25,40,1000,300,45
SIM,8,1,1,0,22,1,3,4,1,2,25,40,400,1100,38
SIM,8,1,1,0,23,0,1,7,1,3,23,40,1300,300,45
SIM,8,1,1,0,24,1,1,6,1,2,23,40,400,1100,37
SIM,8,1,1,0,25,0,0,6,0,2,23,40,1400,1100,45
SIM,8,1,1,0,26,1,3,4,1,2,23,40,300,1900,36
SIM,8,1,1,0,27,0,3,4,1,2,22,40,1200,1900,45
SIM,8,1,1,0,28,1,3,3,1,1,22,40,300,2800,37
SIM,8,1,1,0,29,0,3,6,1,2,21,40,1200,200,45
SIM,8,1,1,0,30,1,3,4,1,2,21,40,300,1000,35
SIM,8,1,1,0,31,0,3,4,1,2,20,40,1200,1000,45
SIM,8,1,1,0,32,1,6,1,2,1,20,40,100,1900,31
SIM,8,1,1,0,33,0,4,1,2,1,20,40,900,400,45
SIM,8,1,1,0,34,1,4,0,2,0,20,40,300,1400,39
SIM,8,1,1,0,35,0,4,14,2,0,20,40,1100,800,45
SIM,8,1,1,0,36,1,4,14,2,0,20,39,500,1800,29
SIM,8,1,1,0,37,0,4,0,2,0,20,39,1300,2100,45
SIM,8,1,1,0,38,1,7,0,3,0,20,37,200,3100,29
SIM,8,1,1,0,39,0,7,14,3,0,20,37,900,2500,45
SIM,8,1,1,0,40,1,7,14,3,0,20,34,300,3500,32
SIM,8,1,1,0,41,0,7,0,3,0,20,34,1000,3800,45
SIM,8,1,1,0,42,1,7,0,3,0,20,31,400,4800,35
SIM,8,1,1,0,43,0,6,3,2,1,20,31,1200,100,45
SIM,8,1,1,0,44,1,9,1,3,1,20,29,100,1000,28
SIM,8,1,1,0,45,0,9,15,3,1,20,29,800,400,45
SIM,8,1,1,0,46,1,9,14,3,0,20,27,500,1400,35
SIM,8,1,1,0,47,0,9,0,3,0,20,27,1200,1700,45
SIM,8,1,1,0,48,1,9,0,3,0,20,24,300,2700,33
SIM,8,1,1,0,49,0,9,14,3,0,20,24,1000,2100,45
SIM,8,1,1,0,50,1,12,14,4,0,20,21,200,3100,31
SIM,8,1,1,0,51,0,12,0,4,0,20,21,800,3400,45
SIM,8,1,1,0,52,1,12,0,4,0,20,17,500,4400,29
SIM,8,1,1,0,53,0,12,3,4,1,20,17,1100,4200,45
SIM,8,1,1,0,54,1,12,3,4,1,20,13,500,5100,33
SIM,8,1,1,0,55,0,10,3,4,1,20,13,1100,300,45
SIM,8,1,1,0,56,1,10,3,4,1,20,9,500,1200,33
SIM,8,1,1,0,57,0,9,3,3,1,20,9,1200,300,45
SIM,8,1,1,0,58,1,12,3,4,1,20,5,100,1200,22
SIM,8,1,1,0,59,0,12,17,4,1,20,5,700,600,45
SIM,8,1,1,0,60,1,12,17,4,1,20,1,400,1500,35
SIM_END,8,1,1,0,60,0,0
SIM,9,1,1,1,1,0,0,6,0,1,40,40,1000,0,30
SIM,9,1,1,1,2,1,3,4,1,1,40,40,200,800,19
SIM,9,1,1,1,3,0,0,4,0,1,40,40,1200,800,45
SIM,9,1,1,1,4,1,0,4,0,1,40,40,300,1600,39
SIM,9,1,1,1,5,0,0,7,0,2,39,40,1300,200,45
SIM,9,1,1,1,6,1,0,7,0,2,39,40,400,900,39
SIM,9,1,1,1,7,0,0,7,0,2,38,40,1400,900,45
SIM,9,1,1,1,8,1,3,5,1,2,38,40,300,1600,34
SIM,9,1,1,1,9,0,0,5,0,2,37,40,1300,400,45
SIM,9,1,1,1,10,1,0,5,0,2,37,40,400,1100,39
SIM,9,1,1,1,11,0,0,8,0,3,36,40,1400,300,45
SIM,9,1,1,1,12,1,0,8,0,3,36,40,500,900,39
SIM,9,1,1,1,13,0,0,8,0,3,35,40,1500,900,45
SIM,9,1,1,1,14,1,3,7,1,2,35,40,100,1600,32
SIM,9,1,1,1,15,0,0,7,0,2,34,40,1100,400,45
SIM,9,1,1,1,16,1,0,7,0,2,34,40,500,1100,41
SIM,9,1,1,1,17,0,0,7,0,2,33,40,1500,1100,45
SIM,9,1,1,1,18,1,0,7,0,2,33,40,300,1800,37
SIM,9,1,1,1,19,0,0,7,0,2,32,40,1300,1800,45
SIM,9,1,1,1,20,1,3,5,1,2,32,40,200,2500,34
SIM,9,1,1,1,21,0,0,5,0,2,32,40,1200,2500,45
SIM,9,1,1,1,22,1,0,5,0,2,32,40,300,3200,39
SIM,9,1,1,1,23,0,0,5,0,2,31,40,1300,3200,45
SIM,9,1,1,1,24,1,0,5,0,2,31,40,400,3900,39
SIM,9,1,1,1,25,0,0,5,0,2,30,40,1400,3900,45
SIM,9,1,1,1,26,1,3,3,1,1,30,40,300,4800,34
SIM,9,1,1,1,27,0,3,3,1,1,29,40,1200,4800,45
SIM,9,1,1,1,28,1,3,1,1,1,29,40,300,5700,35
SIM,9,1,1,1,29,0,3,1,1,1,28,40,1200,5700,45
SIM,9,1,1,1,30,1,3,0,1,0,28,40,300,6700,37
SIM,9,1,1,1,31,0,3,14,1,0,28,40,1200,6100,45
SIM,9,1,1,1,32,1,6,14,2,0,28,38,100,7100,22
SIM,9,1,1,1,33,0,6,3,2,1,28,38,900,600,45
SIM,9,1,1,1,34,1,6,3,2,1,28,36,300,1500,37
SIM,9,1,1,1,35,0,4,3,2,1,28,36,1100,300,45
SIM,9,1,1,1,36,1,4,3,2,1,28,34,500,1200,37
SIM,9,1,1,1,37,0,3,3,1,1,28,34,1400,1200,45
SIM,9,1,1,1,38,1,6,1,2,1,28,33,300,2100,30
SIM,9,1,1,1,39,0,3,4,1,2,28,33,1200,100,45
SIM,9,1,1,1,40,1,3,3,1,1,28,33,300,1000,35
SIM,9,1,1,1,41,0,1,3,1,1,28,33,1200,400,45
SIM,9,1,1,1,42,1,1,3,1,1,28,32,300,1300,37
SIM,9,1,1,1,43,0,0,3,0,1,28,32,1300,1300,45
SIM,9,1,1,1,44,1,3,1,1,1,28,32,200,2200,32
SIM,9,1,1,1,45,0,0,4,0,2,28,32,1200,200,45
SIM,9,1,1,1,46,1,0,4,0,2,28,32,300,1000,39
SIM,9,1,1,1,47,0,0,18,0,2,28,32,1300,400,45
SIM,9,1,1,1,48,1,0,18,0,2,28,32,400,1200,39
SIM,9,1,1,1,49,0,0,4,0,2,28,32,1400,1500,45
SIM,9,1,1,1,50,1,3,3,1,1,28,32,300,2400,28
SIM,9,1,1,1,51,0,0,6,0,2,28,32,1300,100,45
SIM,9,1,1,1,52,1,0,6,0,2,28,32,400,900,39
SIM,9,1,1,1,53,0,0,20,0,2,28,32,1400,300,45
SIM,9,1,1,1,54,1,0,20,0,2,28,32,500,1100,39
SIM,9,1,1,1,55,0,0,6,0,2,28,32,1500,1400,45
SIM,9,1,1,1,56,1,3,4,1,2,28,32,100,2200,30
SIM,9,1,1,1,57,0,3,18,1,2,28,32,1000,1600,45
SIM,9,1,1,1,58,1,3,17,1,1,28,32,400,2500,39
SIM,9,1,1,1,59,0,3,3,1,1,28,32,1300,2800,45
SIM,9,1,1,1,60,1,3,1,1,1,28,32,400,3700,35
SIM_END,9,1,1,1,60,1,0
SIM,10,1,1,2,1,0,0,6,0,1,40,40,1000,0,30
SIM,10,1,1,2,2,1,3,6,1,1,40,39,200,800,19
SIM,10,1,1,2,3,0,0,9,0,2,39,39,1200,300,45
SIM,10,1,1,2,4,1,0,9,0,2,39,39,300,1000,39
SIM,10,1,1,2,5,0,0,9,0,2,38,39,1300,1000,45
SIM,10,1,1,2,6,1,0,9,0,2,38,39,400,1700,39
SIM,10,1,1,2,7,0,0,9,0,2,37,39,1400,1700,45
SIM,10,1,1,2,8,1,3,7,1,2,37,39,300,2400,34
SIM,10,1,1,2,9,0,0,10,0,3,35,39,1300,100,45
SIM,10,1,1,2,10,1,0,10,0,3,35,39,400,700,39
SIM,10,1,1,2,11,0,0,10,0,3,33,39,1400,400,45
SIM,10,1,1,2,12,1,0,10,0,3,33,39,500,1000,39
SIM,10,1,1,2,13,0,0,10,0,3,32,39,1500,1000,45
SIM,10,1,1,2,14,1,3,9,1,2,32,39,100,1700,32
SIM,10,1,1,2,15,0,0,12,0,3,30,39,1100,300,45
SIM,10,1,1,2,16,1,0,12,0,3,30,39,500,900,41
SIM,10,1,1,2,17,0,0,12,0,3,29,39,1500,900,45
SIM,10,1,1,2,18,1,0,12,0,3,29,39,300,1500,37
SIM,10,1,1,2,19,0,0,12,0,3,28,39,1300,1500,45
SIM,10,1,1,2,20,1,3,10,1,3,28,39,200,2100,36
SIM,10,1,1,2,21,0,3,10,1,3,28,39,1100,2100,45
SIM,10,1,1,2,22,1,3,9,1,2,28,39,500,2800,39
SIM,10,1,1,2,23,0,0,9,0,2,28,39,1500,2800,45
SIM,10,1,1,2,24,1,0,9,0,2,28,39,300,3500,37
SIM,10,1,1,2,25,0,0,12,0,3,27,39,1300,300,45
SIM,10,1,1,2,26,1,3,10,1,3,27,39,200,900,34
SIM,10,1,1,2,27,0,0,10,0,3,26,39,1200,300,45
SIM,10,1,1,2,28,1,0,10,0,3,26,39,300,900,39
SIM,10,1,1,2,29,0,0,10,0,3,25,39,1300,900,45
SIM,10,1,1,2,30,1,0,10,0,3,25,39,400,1500,39
SIM,10,1,1,2,31,0,0,10,0,3,24,39,1400,1500,45
SIM,10,1,1,2,32,1,3,9,1,2,24,39,300,2200,34
SIM,10,1,1,2,33,0,0,9,0,2,24,39,1300,2200,45
SIM,10,1,1,2,34,1,0,9,0,2,24,39,400,2900,39
SIM,10,1,1,2,35,0,0,12,0,3,22,39,1400,300,45
SIM,10,1,1,2,36,1,0,12,0,3,22,39,500,900,39
SIM,10,1,1,2,37,0,0,12,0,3,21,39,1500,900,45
SIM,10,1,1,2,38,1,3,10,1,3,21,39,100,1500,34
SIM,10,1,1,2,39,0,0,10,0,3,21,39,1100,1500,45
SIM,10,1,1,2,40,1,0,10,0,3,21,39,500,2100,41
SIM,10,1,1,2,41,0,0,13,0,4,18,39,1500,100,45
SIM,10,1,1,2,42,1,0,13,0,4,18,39,300,600,37
SIM,10,1,1,2,43,0,0,13,0,4,14,39,1300,300,45
SIM,10,1,1,2,44,1,3,11,1,4,14,39,500,800,38
SIM,10,1,1,2,45,0,0,11,0,4,11,39,1500,500,45
SIM,10,1,1,2,46,1,0,11,0,4,11,39,1500,1000,45
SIM,10,1,1,2,47,0,0,11,0,4,10,39,2500,1000,45
SIM,10,1,1,2,48,1,0,11,0,4,10,39,2500,1500,45
SIM,10,1,1,2,49,0,0,11,0,4,6,39,3500,300,45
SIM,10,1,1,2,50,1,3,9,1,3,6,39,300,1000,22
SIM,10,1,1,2,51,0,3,9,1,3,5,39,1200,1000,45
SIM,10,1,1,2,52,1,3,7,1,3,5,39,300,1700,35
SIM,10,1,1,2,53,0,1,10,1,4,2,39,1200,300,45
SIM,10,1,1,2,54,1,1,9,1,3,2,39,300,1000,37
SIM_END,10,1,1,2,54,1,0
SIM,11,1,1,3,1,0,0,6,0,1,40,40,1000,0,30
SIM,11,1,1,3,2,1,3,6,1,1,40,39,200,800,19
SIM,11,1,1,3,3,0,0,6,0,1,40,39,1200,800,45
SIM,11,1,1,3,4,1,0,6,0,1,40,39,300,1600,39
SIM,11,1,1,3,5,0,0,20,0,1,40,39,1300,1000,45
SIM,11,1,1,3,6,1,0,20,0,1,40,39,400,1800,39
SIM,11,1,1,3,7,0,0,6,0,1,40,39,1400,2100,45
SIM,11,1,1,3,8,1,3,6,1,1,40,38,300,2900,32
SIM,11,1,1,3,9,0,0,6,0,1,40,38,1300,2900,45
SIM,11,1,1,3,10,1,0,6,0,1,40,38,400,3700,39
SIM,11,1,1,3,11,0,0,9,0,2,39,38,1400,200,45
SIM,11,1,1,3,12,1,0,9,0,2,39,38,500,900,39
SIM,11,1,1,3,13,0,0,9,0,2,38,38,1500,300,45
SIM,11,1,1,3,14,1,3,7,1,2,38,38,100,1000,32
SIM,11,1,1,3,15,0,3,7,1,2,38,38,1000,1000,45
SIM,11,1,1,3,16,1,3,6,1,1,38,38,400,1800,39
SIM,11,1,1,3,17,0,0,6,0,1,38,38,1400,1800,45
SIM,11,1,1,3,18,1,0,6,0,1,38,38,500,2600,39
SIM,11,1,1,3,19,0,0,20,0,1,38,38,1500,2000,45
SIM,11,1,1,3,20,1,3,18,1,1,38,38,100,2800,31
SIM,11,1,1,3,21,0,3,4,1,1,38,38,1000,3100,45
SIM,11,1,1,3,22,1,3,2,1,1,38,38,400,3900,39
SIM,11,1,1,3,23,0,0,2,0,1,38,38,1400,3900,45
SIM,11,1,1,3,24,1,0,2,0,1,38,38,500,4700,39
SIM,11,1,1,3,25,0,0,16,0,1,38,38,1500,4100,45
SIM,11,1,1,3,26,1,3,14,1,0,38,38,100,5100,31
SIM,11,1,1,3,27,0,3,0,1,0,38,38,1000,5400,45
SIM,11,1,1,3,28,1,3,0,1,0,38,37,400,6400,33
SIM,11,1,1,3,29,0,1,3,1,1,38,37,1300,200,45
SIM,11,1,1,3,30,1,1,3,1,1,38,36,400,1100,37
SIM,11,1,1,3,31,0,0,3,0,1,38,36,1400,500,45
SIM,11,1,1,3,32,1,3,3,1,1,38,35,300,1400,32
SIM,11,1,1,3,33,0,1,3,1,1,38,35,1200,500,45
SIM,11,1,1,3,34,1,1,3,1,1,38,34,300,1400,37
SIM,11,1,1,3,35,0,0,3,0,1,38,34,1300,1400,45
SIM,11,1,1,3,36,1,0,3,0,1,38,34,400,2300,39
SIM,11,1,1,3,37,0,0,17,0,1,38,34,1400,1700,45
SIM,11,1,1,3,38,1,3,15,1,1,38,34,300,2600,32
SIM,11,1,1,3,39,0,3,1,1,1,38,34,1200,2900,45
SIM,11,1,1,3,40,1,3,0,1,0,38,34,300,3900,37
SIM,11,1,1,3,41,0,1,3,1,1,38,34,1200,100,45
SIM,11,1,1,3,42,1,1,1,1,1,38,34,300,1000,37
SIM,11,1,1,3,43,0,0,1,0,1,38,34,1300,400,45
SIM,11,1,1,3,44,1,3,0,1,0,38,34,200,1400,32
SIM,11,1,1,3,45,0,3,0,1,0,38,34,1100,500,45
SIM,11,1,1,3,46,1,3,0,1,0,38,33,500,1500,37
SIM,11,1,1,3,47,0,1,3,1,1,38,33,1400,100,45
SIM,11,1,1,3,48,1,1,3,1,1,38,32,500,1000,37
SIM,11,1,1,3,49,0,0,3,0,1,38,32,1500,400,45
SIM,11,1,1,3,50,1,3,3,1,1,38,31,100,1300,30
SIM,11,1,1,3,51,0,1,3,1,1,38,31,1000,400,45
SIM,11,1,1,3,52,1,1,3,1,1,38,30,400,1300,39
SIM,11,1,1,3,53,0,0,3,0,1,38,30,1400,1300,45
SIM,11,1,1,3,54,1,0,3,0,1,38,30,500,2200,39
SIM,11,1,1,3,55,0,0,17,0,1,38,30,1500,1600,45
SIM,11,1,1,3,56,1,3,15,1,1,38,30,100,2500,30
SIM,11,1,1,3,57,0,0,4,0,2,38,30,1100,200,45
SIM,11,1,1,3,58,1,0,4,0,2,38,30,500,1000,41
SIM,11,1,1,3,59,0,0,18,0,2,38,30,1500,400,45
SIM,11,1,1,3,60,1,0,18,0,2,38,30,300,1200,37
SIM_END,11,1,1,3,60,0,0
SIM,12,1,1,4,1,0,0,6,0,1,40,40,1000,0,30
SIM,12,1,1,4,2,1,3,6,1,1,40,39,200,800,19
SIM,12,1,1,4,3,0,0,6,0,1,40,39,1200,800,45
SIM,12,1,1,4,4,1,0,6,0,1,40,39,300,1600,39
SIM,12,1,1,4,5,0,0,20,0,1,40,39,1300,1000,45
SIM,12,1,1,4,6,1,0,20,0,1,40,39,400,1800,39
SIM,12,1,1,4,7,0,0,9,0,2,39,39,1400,100,45
SIM,12,1,1,4,8,1,3,7,1,2,39,39,300,800,34
SIM,12,1,1,4,9,0,3,7,1,2,39,39,1200,800,45
SIM,12,1,1,4,10,1,3,6,1,1,39,39,300,1600,37
SIM,12,1,1,4,11,0,0,6,0,1,39,39,1300,1600,45
SIM,12,1,1,4,12,1,0,6,0,1,39,39,400,2400,39
SIM,12,1,1,4,13,0,0,20,0,1,39,39,1400,1800,45
SIM,12,1,1,4,14,1,3,18,1,1,39,39,300,2600,34
SIM,12,1,1,4,15,0,0,7,0,2,38,39,1300,300,45
SIM,12,1,1,4,16,1,0,7,0,2,38,39,400,1000,39
SIM,12,1,1,4,17,0,0,7,0,2,37,39,1400,400,45
SIM,12,1,1,4,18,1,0,7,0,2,37,39,500,1100,39
SIM,12,1,1,4,19,0,0,7,0,2,36,39,1500,1100,45
SIM,12,1,1,4,20,1,3,5,1,2,36,39,100,1800,32
SIM,12,1,1,4,21,0,3,5,1,2,36,39,1000,1800,45
SIM,12,1,1,4,22,1,3,4,1,1,36,39,400,2600,39
SIM,12,1,1,4,23,0,0,7,0,2,35,39,1400,300,45
SIM,12,1,1,4,24,1,0,7,0,2,35,39,500,1000,39
SIM,12,1,1,4,25,0,0,7,0,2,34,39,1500,400,45
SIM,12,1,1,4,26,1,3,5,1,2,34,39,100,1100,32
SIM,12,1,1,4,27,0,3,5,1,2,34,39,1000,1100,45
SIM,12,1,1,4,28,1,3,4,1,1,34,39,400,1900,39
SIM,12,1,1,4,29,0,0,4,0,1,34,39,1400,1900,45
SIM,12,1,1,4,30,1,0,4,0,1,34,39,500,2700,39
SIM,12,1,1,4,31,0,0,7,0,2,32,39,1500,100,45
SIM,12,1,1,4,32,1,3,5,1,2,32,39,100,800,34
SIM,12,1,1,4,33,0,3,5,1,2,32,39,1000,800,45
SIM,12,1,1,4,34,1,3,4,1,1,32,39,400,1600,39
SIM,12,1,1,4,35,0,0,4,0,1,32,39,1400,1600,45
SIM,12,1,1,4,36,1,0,4,0,1,32,39,500,2400,39
SIM,12,1,1,4,37,0,0,18,0,1,32,39,1500,1800,45
SIM,12,1,1,4,38,1,3,16,1,1,32,39,100,2600,34
SIM,12,1,1,4,39,0,3,2,1,1,32,39,1000,2900,45
SIM,12,1,1,4,40,1,3,0,1,0,32,39,400,3900,39
SIM,12,1,1,4,41,0,3,3,1,1,31,39,1300,100,45
SIM,12,1,1,4,42,1,3,1,1,1,31,39,400,1000,35
SIM,12,1,1,4,43,0,3,1,1,1,30,39,1300,1000,45
SIM,12,1,1,4,44,1,6,0,2,0,30,38,200,2000,30
SIM,12,1,1,4,45,0,6,14,2,0,30,38,1000,1400,45
SIM,12,1,1,4,46,1,6,14,2,0,30,37,400,2400,35
SIM,12,1,1,4,47,0,6,0,2,0,30,37,1200,2700,45
SIM,12,1,1,4,48,1,6,0,2,0,30,35,300,3700,33
SIM,12,1,1,4,49,0,6,14,2,0,30,35,1100,3100,45
SIM,12,1,1,4,50,1,9,14,3,0,30,33,300,4100,33
SIM,12,1,1,4,51,0,9,0,3,0,30,33,1000,4400,45
SIM,12,1,1,4,52,1,9,0,3,0,30,30,400,5400,32
SIM,12,1,1,4,53,0,7,3,3,1,30,30,1100,100,45
SIM,12,1,1,4,54,1,7,3,3,1,30,27,500,1000,35
SIM,12,1,1,4,55,0,6,3,2,1,30,27,1300,1000,45
SIM,12,1,1,4,56,1,9,3,3,1,30,25,200,1900,31
SIM,12,1,1,4,57,0,9,17,3,1,30,25,900,1300,45
SIM,12,1,1,4,58,1,9,17,3,1,30,22,300,2200,32
SIM,12,1,1,4,59,0,9,3,3,1,30,22,1000,2500,45
SIM,12,1,1,4,60,1,9,3,3,1,30,19,400,3400,35
SIM_END,12,1,1,4,60,0,0
SIM,13,1,1,5,1,0,0,6,0,1,40,40,1000,0,30
SIM,13,1,1,5,2,1,3,6,1,1,40,39,200,800,19
SIM,13,1,1,5,3,0,3,6,1,1,40,39,1100,800,45
SIM,13,1,1,5,4,1,3,6,1,1,40,38,500,1600,39
SIM,13,1,1,5,5,0,0,6,0,1,40,38,1500,1600,45
SIM,13,1,1,5,6,1,0,6,0,1,40,38,300,2400,37
SIM,13,1,1,5,7,0,0,9,0,2,39,38,1300,100,45
SIM,13,1,1,5,8,1,3,7,1,2,39,38,200,800,34
SIM,13,1,1,5,9,0,0,7,0,2,38,38,1200,500,45
SIM,13,1,1,5,10,1,0,7,0,2,38,38,300,1200,39
SIM,13,1,1,5,11,0,0,7,0,2,37,38,1300,300,45
SIM,13,1,1,5,12,1,0,7,0,2,37,38,400,1000,39
SIM,13,1,1,5,13,0,0,10,0,3,36,38,1400,200,45
SIM,13,1,1,5,14,1,3,9,1,2,36,38,300,900,34
SIM,13,1,1,5,15,0,3,9,1,2,36,38,1200,900,45
SIM,13,1,1,5,16,1,3,7,1,2,36,38,300,1600,37
SIM,13,1,1,5,17,0,0,7,0,2,36,38,1300,1600,45
SIM,13,1,1,5,18,1,0,7,0,2,36,38,400,2300,39
SIM,13,1,1,5,19,0,0,21,0,2,36,38,1400,1700,45
SIM,13,1,1,5,20,1,3,19,1,2,36,38,300,2400,34
SIM,13,1,1,5,21,0,0,8,0,3,34,38,1300,100,45
SIM,13,1,1,5,22,1,0,8,0,3,34,38,400,700,39
SIM,13,1,1,5,23,0,0,8,0,3,32,38,1400,400,45
SIM,13,1,1,5,24,1,0,8,0,3,32,38,500,1000,39
SIM,13,1,1,5,25,0,0,8,0,3,30,38,1500,400,45
SIM,13,1,1,5,26,1,3,6,1,2,30,38,100,1200,31
SIM,13,1,1,5,27,0,1,9,1,3,28,38,1000,100,45
SIM,13,1,1,5,28,1,1,7,1,3,28,38,400,800,39
SIM,13,1,1,5,29,0,0,7,0,3,26,38,1400,500,45
SIM,13,1,1,5,30,1,0,7,0,3,26,38,500,1200,39
SIM,13,1,1,5,31,0,0,7,0,3,25,38,1500,1200,45
SIM,13,1,1,5,32,1,3,6,1,2,25,38,100,2000,31
SIM,13,1,1,5,33,0,3,6,1,2,24,38,1000,2000,45
SIM,13,1,1,5,34,1,3,4,1,2,24,38,400,2800,36
SIM,13,1,1,5,35,0,3,4,1,2,23,38,1300,2800,45
SIM,13,1,1,5,36,1,3,3,1,1,23,38,400,3700,37
SIM,13,1,1,5,37,0,3,3,1,1,22,38,1300,3700,45
SIM,13,1,1,5,38,1,6,0,2,0,22,38,200,4700,32
SIM,13,1,1,5,39,0,4,3,2,1,22,38,1000,300,45
SIM,13,1,1,5,40,1,4,0,2,0,22,38,400,1300,35
SIM,13,1,1,5,41,0,4,14,2,0,22,38,1200,700,45
SIM,13,1,1,5,42,1,4,14,2,0,22,37,300,1700,25
SIM,13,1,1,5,43,0,4,0,2,0,22,37,1100,2000,45
SIM,13,1,1,5,44,1,7,0,3,0,22,35,300,3000,31
SIM,13,1,1,5,45,0,7,14,3,0,22,35,1000,2400,45
SIM,13,1,1,5,46,1,7,14,3,0,22,32,400,3400,32
SIM,13,1,1,5,47,0,6,3,2,1,22,32,1200,200,45
SIM,13,1,1,5,48,1,6,3,2,1,22,30,300,1100,35
SIM,13,1,1,5,49,0,4,3,2,1,22,30,1100,500,45
SIM,13,1,1,5,50,1,7,1,3,1,22,28,300,1400,30
SIM,13,1,1,5,51,0,6,1,2,1,22,28,1100,500,45
SIM,13,1,1,5,52,1,6,0,2,0,22,27,500,1500,37
SIM,13,1,1,5,53,0,6,14,2,0,22,27,1300,900,45
SIM,13,1,1,5,54,1,6,14,2,0,22,25,400,1900,33
SIM,13,1,1,5,55,0,6,0,2,0,22,25,1200,2200,45
SIM,13,1,1,5,56,1,9,0,3,0,22,22,100,3200,24
SIM,13,1,1,5,57,0,7,3,3,1,22,22,800,300,45
SIM,13,1,1,5,58,1,7,3,3,1,22,19,500,1200,37
SIM,13,1,1,5,59,0,6,3,2,1,22,19,1300,300,45
SIM,13,1,1,5,60,1,6,3,2,1,22,17,400,1200,35
SIM_END,13,1,1,5,60,0,0
SIM,14,1,1,6,1,0,0,6,0,1,40,40,1000,0,30
SIM,14,1,1,6,2,1,3,6,1,1,40,39,200,800,19
SIM,14,1,1,6,3,0,0,9,0,2,39,39,1200,300,45
SIM,14,1,1,6,4,1,0,9,0,2,39,39,300,1000,39
SIM,14,1,1,6,5,0,0,9,0,2,38,39,1300,400,45
SIM,14,1,1,6,6,1,0,9,0,2,38,39,400,1100,39
SIM,14,1,1,6,7,0,0,9,0,2,37,39,1400,1100,45
SIM,14,1,1,6,8,1,3,7,1,2,37,39,300,1800,34
SIM,14,1,1,6,9,0,3,7,1,2,37,39,1200,1800,45
SIM,14,1,1,6,10,1,3,6,1,1,37,39,300,2600,37
SIM,14,1,1,6,11,0,0,6,0,1,37,39,1300,2600,45
SIM,14,1,1,6,12,1,0,6,0,1,37,39,400,3400,39
SIM,14,1,1,6,13,0,0,9,0,2,36,39,1400,200,45
SIM,14,1,1,6,14,1,3,7,1,2,36,39,300,900,34
SIM,14,1,1,6,15,0,0,7,0,2,35,39,1300,300,45
SIM,14,1,1,6,16,1,0,7,0,2,35,39,400,1000,39
SIM,14,1,1,6,17,0,0,7,0,2,33,39,1400,400,45
SIM,14,1,1,6,18,1,0,7,0,2,33,39,500,1100,39
SIM,14,1,1,6,19,0,0,10,0,3,31,39,1500,300,45
SIM,14,1,1,6,20,1,3,8,1,3,31,39,100,900,34
SIM,14,1,1,6,21,0,0,8,0,3,29,39,1100,300,45
SIM,14,1,1,6,22,1,0,8,0,3,29,39,500,900,41
SIM,14,1,1,6,23,0,0,8,0,3,27,39,1500,300,45
SIM,14,1,1,6,24,1,0,8,0,3,27,39,300,900,37
SIM,14,1,1,6,25,0,0,11,0,4,23,39,1300,100,45
SIM,14,1,1,6,26,1,3,10,1,3,23,39,500,700,38
SIM,14,1,1,6,27,0,0,10,0,3,21,39,1500,400,45
SIM,14,1,1,6,28,1,0,10,0,3,21,39,300,1000,37
SIM,14,1,1,6,29,0,0,10,0,3,18,39,1300,400,45
SIM,14,1,1,6,30,1,0,10,0,3,18,39,400,1000,39
SIM,14,1,1,6,31,0,0,13,0,4,15,39,1400,200,45
SIM,14,1,1,6,32,1,3,11,1,4,15,39,300,700,36
SIM,14,1,1,6,33,0,0,11,0,4,15,39,1300,700,45
SIM,14,1,1,6,34,1,0,11,0,4,15,39,400,1200,39
SIM,14,1,1,6,35,0,0,11,0,4,11,39,1400,300,45
SIM,14,1,1,6,36,1,0,11,0,4,11,39,1400,800,45
SIM,14,1,1,6,37,0,0,11,0,4,7,39,2400,500,45
SIM,14,1,1,6,38,1,3,9,1,3,7,39,400,1200,30
SIM,14,1,1,6,39,0,3,9,1,3,6,39,1300,1200,45
SIM,14,1,1,6,40,1,3,7,1,3,6,39,400,1900,35
SIM,14,1,1,6,41,0,1,10,1,4,3,39,1300,200,45
SIM,14,1,1,6,42,1,1,9,1,3,3,39,400,900,37
SIM,14,1,1,6,43,0,0,9,0,3,1,39,1400,300,45
SIM,14,1,1,6,44,1,3,7,1,3,1,39,300,1000,34
SIM_END,14,1,1,6,44,1,0
SIM_DONE
