SIM_CONFIG,degrade_favoured_pct=0,only_handicap=1,variants=7,plain=false
SIM_TERRAIN,cover_tiles=8,of=120,plain=false,max_rounds=40
SIM,1,0,1,0,1,0,6,0,1,0,40,40,1000,0,30
SIM_COVER_USE,1,1,0,0
SIM,1,0,1,0,2,1,9,0,2,0,40,39,200,1000,19
SIM_COVER_USE,1,2,0,0
SIM,1,0,1,0,3,0,7,3,2,1,40,39,900,200,45
SIM_COVER_USE,1,3,0,0
SIM,1,0,1,0,4,1,7,0,2,0,40,38,300,1200,31
SIM_COVER_USE,1,4,0,0
SIM,1,0,1,0,5,0,7,0,2,0,40,38,1000,300,45
SIM_COVER_USE,1,5,0,0
SIM,1,0,1,0,6,1,10,0,3,0,40,37,200,1300,34
SIM_COVER_USE,1,6,0,0
SIM,1,0,1,0,7,0,9,3,2,1,40,37,900,200,45
SIM_COVER_USE,1,7,0,0
SIM,1,0,1,0,8,1,9,0,2,0,40,37,300,1200,34
SIM_COVER_USE,1,8,0,0
SIM,1,0,1,0,9,0,9,0,2,0,40,37,1000,300,45
SIM_COVER_USE,1,9,0,0
SIM,1,0,1,0,10,1,12,0,3,0,40,35,200,1300,30
SIM_COVER_USE,1,10,0,0
SIM,1,0,1,0,11,0,10,3,3,1,40,35,800,200,45
SIM_COVER_USE,1,11,0,0
SIM,1,0,1,0,12,1,10,0,3,0,40,33,500,1200,32
SIM_COVER_USE,1,12,1,0
SIM,1,0,1,0,13,0,10,0,3,0,40,33,1100,300,45
SIM_COVER_USE,1,13,1,0
SIM,1,0,1,0,14,1,13,0,4,0,40,30,300,1300,24
SIM_COVER_USE,1,14,0,0
SIM,1,0,1,0,15,0,12,3,3,1,40,30,900,200,45
SIM_COVER_USE,1,15,0,0
SIM,1,0,1,0,16,1,12,0,3,0,40,28,300,1200,33
SIM_COVER_USE,1,16,0,0
SIM,1,0,1,0,17,0,12,0,3,0,40,28,900,300,45
SIM_COVER_USE,1,17,0,0
SIM,1,0,1,0,18,1,15,0,4,0,40,25,100,1300,31
SIM_COVER_USE,1,18,0,0
SIM,1,0,1,0,19,0,13,3,4,1,40,25,600,200,45
SIM_COVER_USE,1,19,0,0
SIM,1,0,1,0,20,1,13,0,4,0,40,22,300,1200,29
SIM_COVER_USE,1,20,0,0
SIM,1,0,1,0,21,0,13,0,4,0,40,22,800,1200,45
SIM_COVER_USE,1,21,0,0
SIM,1,0,1,0,22,1,13,0,4,0,40,18,500,2200,35
SIM_COVER_USE,1,22,0,0
SIM,1,0,1,0,23,0,11,3,4,1,40,18,1000,500,45
SIM_COVER_USE,1,23,0,0
SIM,1,0,1,0,24,1,11,0,4,0,40,15,400,1500,33
SIM_COVER_USE,1,24,0,0
SIM,1,0,1,0,25,0,11,0,4,0,40,15,900,1500,45
SIM_COVER_USE,1,25,0,0
SIM,1,0,1,0,26,1,11,0,4,0,40,11,300,2500,33
SIM_COVER_USE,1,26,0,0
SIM,1,0,1,0,27,0,9,3,3,1,40,11,1000,500,45
SIM_COVER_USE,1,27,0,0
SIM,1,0,1,0,28,1,12,3,4,1,40,7,200,1400,24
SIM_COVER_USE,1,28,0,0
SIM,1,0,1,0,29,0,10,3,4,1,40,7,800,500,45
SIM_COVER_USE,1,29,0,0
SIM,1,0,1,0,30,1,10,3,4,1,40,3,500,1400,35
SIM_COVER_USE,1,30,0,0
SIM,1,0,1,0,31,0,7,6,3,2,40,3,1200,300,45
SIM_COVER_USE,1,31,0,0
SIM_END,1,0,1,0,31,0,0
SIM,2,0,1,1,1,0,6,0,1,0,40,40,1000,0,30
SIM_COVER_USE,2,1,0,0
SIM,2,0,1,1,2,1,9,0,2,0,40,39,200,1000,9
SIM_COVER_USE,2,2,0,0
SIM,2,0,1,1,3,0,7,3,2,1,40,39,900,200,39
SIM_COVER_USE,2,3,0,0
SIM,2,0,1,1,4,1,7,0,2,0,40,38,300,1200,29
SIM_COVER_USE,2,4,0,0
SIM,2,0,1,1,5,0,7,0,2,0,40,38,1000,300,45
SIM_COVER_USE,2,5,0,0
SIM,2,0,1,1,6,1,10,0,3,0,40,37,200,1300,36
SIM_COVER_USE,2,6,0,0
SIM,2,0,1,1,7,0,9,3,2,1,40,37,900,200,45
SIM_COVER_USE,2,7,0,0
SIM,2,0,1,1,8,1,9,0,2,0,40,37,300,1200,34
SIM_COVER_USE,2,8,0,0
SIM,2,0,1,1,9,0,9,0,2,0,40,37,1000,300,45
SIM_COVER_USE,2,9,0,0
SIM,2,0,1,1,10,1,12,0,3,0,40,35,200,1300,30
SIM_COVER_USE,2,10,0,0
SIM,2,0,1,1,11,0,10,3,3,1,40,35,800,200,45
SIM_COVER_USE,2,11,0,0
SIM,2,0,1,1,12,1,10,0,3,0,40,33,500,1200,32
SIM_COVER_USE,2,12,1,0
SIM,2,0,1,1,13,0,10,0,3,0,40,33,1100,300,45
SIM_COVER_USE,2,13,1,0
SIM,2,0,1,1,14,1,13,0,4,0,40,30,300,1300,24
SIM_COVER_USE,2,14,0,0
SIM,2,0,1,1,15,0,12,3,3,1,40,30,900,200,45
SIM_COVER_USE,2,15,0,0
SIM,2,0,1,1,16,1,12,0,3,0,40,28,300,1200,33
SIM_COVER_USE,2,16,0,0
SIM,2,0,1,1,17,0,12,0,3,0,40,28,900,300,45
SIM_COVER_USE,2,17,0,0
SIM,2,0,1,1,18,1,15,0,4,0,40,25,100,1300,31
SIM_COVER_USE,2,18,0,0
SIM,2,0,1,1,19,0,13,3,4,1,40,25,600,200,45
SIM_COVER_USE,2,19,0,0
SIM,2,0,1,1,20,1,13,0,4,0,40,22,300,1200,29
SIM_COVER_USE,2,20,0,0
SIM,2,0,1,1,21,0,13,0,4,0,40,22,800,1200,45
SIM_COVER_USE,2,21,0,0
SIM,2,0,1,1,22,1,13,0,4,0,40,18,500,2200,35
SIM_COVER_USE,2,22,0,0
SIM,2,0,1,1,23,0,11,3,4,1,40,18,1000,500,45
SIM_COVER_USE,2,23,0,0
SIM,2,0,1,1,24,1,11,0,4,0,40,15,400,1500,33
SIM_COVER_USE,2,24,0,0
SIM,2,0,1,1,25,0,11,0,4,0,40,15,900,1500,45
SIM_COVER_USE,2,25,0,0
SIM,2,0,1,1,26,1,11,0,4,0,40,11,300,2500,33
SIM_COVER_USE,2,26,0,0
SIM,2,0,1,1,27,0,9,3,3,1,40,11,1000,500,45
SIM_COVER_USE,2,27,0,0
SIM,2,0,1,1,28,1,12,3,4,1,40,7,200,1400,24
SIM_COVER_USE,2,28,0,0
SIM,2,0,1,1,29,0,10,3,4,1,40,7,800,500,45
SIM_COVER_USE,2,29,0,0
SIM,2,0,1,1,30,1,10,3,4,1,40,3,500,1400,35
SIM_COVER_USE,2,30,0,0
SIM,2,0,1,1,31,0,7,6,3,2,40,3,1200,300,45
SIM_COVER_USE,2,31,0,0
SIM_END,2,0,1,1,31,0,0
SIM,3,0,1,2,1,0,6,0,1,0,40,40,1000,0,30
SIM_COVER_USE,3,1,0,0
SIM,3,0,1,2,2,1,9,0,2,0,40,39,200,1000,19
SIM_COVER_USE,3,2,0,0
SIM,3,0,1,2,3,0,7,3,2,1,40,39,900,200,45
SIM_COVER_USE,3,3,0,0
SIM,3,0,1,2,4,1,7,0,2,0,40,38,300,1200,23
SIM_COVER_USE,3,4,0,0
SIM,3,0,1,2,5,0,7,0,2,0,40,38,1000,300,45
SIM_COVER_USE,3,5,0,0
SIM,3,0,1,2,6,1,10,0,3,0,40,37,200,1300,34
SIM_COVER_USE,3,6,0,0
SIM,3,0,1,2,7,0,9,3,2,1,40,37,900,200,45
SIM_COVER_USE,3,7,0,0
SIM,3,0,1,2,8,1,9,0,2,0,40,37,300,1200,34
SIM_COVER_USE,3,8,0,0
SIM,3,0,1,2,9,0,9,0,2,0,40,37,1000,300,45
SIM_COVER_USE,3,9,0,0
SIM,3,0,1,2,10,1,12,0,3,0,40,35,200,1300,30
SIM_COVER_USE,3,10,0,0
SIM,3,0,1,2,11,0,10,3,3,1,40,35,800,200,45
SIM_COVER_USE,3,11,0,0
SIM,3,0,1,2,12,1,10,0,3,0,40,33,500,1200,32
SIM_COVER_USE,3,12,1,0
SIM,3,0,1,2,13,0,10,0,3,0,40,33,1100,300,45
SIM_COVER_USE,3,13,1,0
SIM,3,0,1,2,14,1,13,0,4,0,40,30,300,1300,24
SIM_COVER_USE,3,14,0,0
SIM,3,0,1,2,15,0,12,3,3,1,40,30,900,200,45
SIM_COVER_USE,3,15,0,0
SIM,3,0,1,2,16,1,12,0,3,0,40,28,300,1200,33
SIM_COVER_USE,3,16,0,0
SIM,3,0,1,2,17,0,12,0,3,0,40,28,900,300,45
SIM_COVER_USE,3,17,0,0
SIM,3,0,1,2,18,1,15,0,4,0,40,25,100,1300,31
SIM_COVER_USE,3,18,0,0
SIM,3,0,1,2,19,0,13,3,4,1,40,25,600,200,45
SIM_COVER_USE,3,19,0,0
SIM,3,0,1,2,20,1,13,0,4,0,40,22,300,1200,29
SIM_COVER_USE,3,20,0,0
SIM,3,0,1,2,21,0,13,0,4,0,40,22,800,1200,45
SIM_COVER_USE,3,21,0,0
SIM,3,0,1,2,22,1,13,0,4,0,40,18,500,2200,35
SIM_COVER_USE,3,22,0,0
SIM,3,0,1,2,23,0,11,3,4,1,40,18,1000,500,45
SIM_COVER_USE,3,23,0,0
SIM,3,0,1,2,24,1,11,0,4,0,40,15,400,1500,33
SIM_COVER_USE,3,24,0,0
SIM,3,0,1,2,25,0,11,0,4,0,40,15,900,1500,45
SIM_COVER_USE,3,25,0,0
SIM,3,0,1,2,26,1,11,0,4,0,40,11,300,2500,33
SIM_COVER_USE,3,26,0,0
SIM,3,0,1,2,27,0,9,3,3,1,40,11,1000,500,45
SIM_COVER_USE,3,27,0,0
SIM,3,0,1,2,28,1,12,3,4,1,40,7,200,1400,24
SIM_COVER_USE,3,28,0,0
SIM,3,0,1,2,29,0,10,3,4,1,40,7,800,500,45
SIM_COVER_USE,3,29,0,0
SIM,3,0,1,2,30,1,10,3,4,1,40,3,500,1400,35
SIM_COVER_USE,3,30,0,0
SIM,3,0,1,2,31,0,7,6,3,2,40,3,1200,300,45
SIM_COVER_USE,3,31,0,0
SIM_END,3,0,1,2,31,0,0
SIM,4,0,1,3,1,0,6,0,1,0,40,40,1000,0,30
SIM_COVER_USE,4,1,1,0
SIM,4,0,1,3,2,1,9,0,2,0,40,39,200,1000,19
SIM_COVER_USE,4,2,1,0
SIM,4,0,1,3,3,0,7,3,2,1,40,39,900,200,45
SIM_COVER_USE,4,3,1,0
SIM,4,0,1,3,4,1,7,0,2,0,40,38,300,1200,27
SIM_COVER_USE,4,4,0,0
SIM,4,0,1,3,5,0,7,0,2,0,40,38,1000,300,45
SIM_COVER_USE,4,5,0,0
SIM,4,0,1,3,6,1,10,0,3,0,40,37,200,1300,34
SIM_COVER_USE,4,6,0,0
SIM,4,0,1,3,7,0,9,3,2,1,40,37,900,200,45
SIM_COVER_USE,4,7,0,0
SIM,4,0,1,3,8,1,9,0,2,0,40,37,300,1200,34
SIM_COVER_USE,4,8,0,0
SIM,4,0,1,3,9,0,9,0,2,0,40,37,1000,300,45
SIM_COVER_USE,4,9,0,0
SIM,4,0,1,3,10,1,12,0,3,0,40,35,200,1300,30
SIM_COVER_USE,4,10,0,0
SIM,4,0,1,3,11,0,10,3,3,1,40,35,800,200,45
SIM_COVER_USE,4,11,0,0
SIM,4,0,1,3,12,1,10,0,3,0,40,33,500,1200,32
SIM_COVER_USE,4,12,1,0
SIM,4,0,1,3,13,0,10,0,3,0,40,33,1100,300,45
SIM_COVER_USE,4,13,1,0
SIM,4,0,1,3,14,1,13,0,4,0,40,30,300,1300,24
SIM_COVER_USE,4,14,0,0
SIM,4,0,1,3,15,0,12,3,3,1,40,30,900,200,45
SIM_COVER_USE,4,15,0,0
SIM,4,0,1,3,16,1,12,0,3,0,40,28,300,1200,33
SIM_COVER_USE,4,16,0,0
SIM,4,0,1,3,17,0,12,0,3,0,40,28,900,300,45
SIM_COVER_USE,4,17,0,0
SIM,4,0,1,3,18,1,15,0,4,0,40,25,100,1300,31
SIM_COVER_USE,4,18,0,0
SIM,4,0,1,3,19,0,13,3,4,1,40,25,600,200,45
SIM_COVER_USE,4,19,0,0
SIM,4,0,1,3,20,1,13,0,4,0,40,22,300,1200,29
SIM_COVER_USE,4,20,0,0
SIM,4,0,1,3,21,0,13,0,4,0,40,22,800,1200,45
SIM_COVER_USE,4,21,0,0
SIM,4,0,1,3,22,1,13,0,4,0,40,18,500,2200,35
SIM_COVER_USE,4,22,0,0
SIM,4,0,1,3,23,0,11,3,4,1,40,18,1000,500,45
SIM_COVER_USE,4,23,0,0
SIM,4,0,1,3,24,1,11,0,4,0,40,15,400,1500,33
SIM_COVER_USE,4,24,0,0
SIM,4,0,1,3,25,0,11,0,4,0,40,15,900,1500,45
SIM_COVER_USE,4,25,0,0
SIM,4,0,1,3,26,1,11,0,4,0,40,11,300,2500,33
SIM_COVER_USE,4,26,0,0
SIM,4,0,1,3,27,0,9,3,3,1,40,11,1000,500,45
SIM_COVER_USE,4,27,0,0
SIM,4,0,1,3,28,1,12,3,4,1,40,7,200,1400,24
SIM_COVER_USE,4,28,0,0
SIM,4,0,1,3,29,0,10,3,4,1,40,7,800,500,45
SIM_COVER_USE,4,29,0,0
SIM,4,0,1,3,30,1,10,3,4,1,40,3,500,1400,35
SIM_COVER_USE,4,30,0,0
SIM,4,0,1,3,31,0,7,6,3,2,40,3,1200,300,45
SIM_COVER_USE,4,31,0,0
SIM_END,4,0,1,3,31,0,0
SIM,5,0,1,4,1,0,6,0,1,0,40,40,1000,0,30
SIM_COVER_USE,5,1,1,0
SIM,5,0,1,4,2,1,9,0,2,0,40,39,200,1000,19
SIM_COVER_USE,5,2,1,0
SIM,5,0,1,4,3,0,7,3,2,1,40,39,900,200,45
SIM_COVER_USE,5,3,1,0
SIM,5,0,1,4,4,1,7,0,2,0,40,38,300,1200,19
SIM_COVER_USE,5,4,0,0
SIM,5,0,1,4,5,0,7,0,2,0,40,38,1000,300,45
SIM_COVER_USE,5,5,0,0
SIM,5,0,1,4,6,1,10,0,3,0,40,37,200,1300,34
SIM_COVER_USE,5,6,0,0
SIM,5,0,1,4,7,0,9,3,2,1,40,37,900,200,45
SIM_COVER_USE,5,7,0,0
SIM,5,0,1,4,8,1,9,0,2,0,40,37,300,1200,34
SIM_COVER_USE,5,8,0,0
SIM,5,0,1,4,9,0,9,0,2,0,40,37,1000,300,45
SIM_COVER_USE,5,9,0,0
SIM,5,0,1,4,10,1,12,0,3,0,40,35,200,1300,30
SIM_COVER_USE,5,10,0,0
SIM,5,0,1,4,11,0,10,3,3,1,40,35,800,200,45
SIM_COVER_USE,5,11,0,0
SIM,5,0,1,4,12,1,10,0,3,0,40,33,500,1200,32
SIM_COVER_USE,5,12,1,0
SIM,5,0,1,4,13,0,10,0,3,0,40,33,1100,300,45
SIM_COVER_USE,5,13,1,0
SIM,5,0,1,4,14,1,13,0,4,0,40,30,300,1300,24
SIM_COVER_USE,5,14,0,0
SIM,5,0,1,4,15,0,12,3,3,1,40,30,900,200,45
SIM_COVER_USE,5,15,0,0
SIM,5,0,1,4,16,1,12,0,3,0,40,28,300,1200,33
SIM_COVER_USE,5,16,0,0
SIM,5,0,1,4,17,0,12,0,3,0,40,28,900,300,45
SIM_COVER_USE,5,17,0,0
SIM,5,0,1,4,18,1,15,0,4,0,40,25,100,1300,31
SIM_COVER_USE,5,18,0,0
SIM,5,0,1,4,19,0,13,3,4,1,40,25,600,200,45
SIM_COVER_USE,5,19,0,0
SIM,5,0,1,4,20,1,13,0,4,0,40,22,300,1200,29
SIM_COVER_USE,5,20,0,0
SIM,5,0,1,4,21,0,13,0,4,0,40,22,800,1200,45
SIM_COVER_USE,5,21,0,0
SIM,5,0,1,4,22,1,13,0,4,0,40,18,500,2200,35
SIM_COVER_USE,5,22,0,0
SIM,5,0,1,4,23,0,11,3,4,1,40,18,1000,500,45
SIM_COVER_USE,5,23,0,0
SIM,5,0,1,4,24,1,11,0,4,0,40,15,400,1500,33
SIM_COVER_USE,5,24,0,0
SIM,5,0,1,4,25,0,11,0,4,0,40,15,900,1500,45
SIM_COVER_USE,5,25,0,0
SIM,5,0,1,4,26,1,11,0,4,0,40,11,300,2500,33
SIM_COVER_USE,5,26,0,0
SIM,5,0,1,4,27,0,9,3,3,1,40,11,1000,500,45
SIM_COVER_USE,5,27,0,0
SIM,5,0,1,4,28,1,12,3,4,1,40,7,200,1400,24
SIM_COVER_USE,5,28,0,0
SIM,5,0,1,4,29,0,10,3,4,1,40,7,800,500,45
SIM_COVER_USE,5,29,0,0
SIM,5,0,1,4,30,1,10,3,4,1,40,3,500,1400,35
SIM_COVER_USE,5,30,0,0
SIM,5,0,1,4,31,0,7,6,3,2,40,3,1200,300,45
SIM_COVER_USE,5,31,0,0
SIM_END,5,0,1,4,31,0,0
SIM,6,0,1,5,1,0,6,0,1,0,40,40,1000,0,30
SIM_COVER_USE,6,1,0,0
SIM,6,0,1,5,2,1,9,0,2,0,40,39,200,1000,1
SIM_COVER_USE,6,2,1,0
SIM,6,0,1,5,3,0,8,3,2,1,40,39,900,200,31
SIM_COVER_USE,6,3,1,0
SIM,6,0,1,5,4,1,8,0,2,0,40,38,300,1200,23
SIM_COVER_USE,6,4,1,0
SIM,6,0,1,5,5,0,8,0,2,0,40,38,1000,300,45
SIM_COVER_USE,6,5,1,0
SIM,6,0,1,5,6,1,11,0,3,0,40,36,200,1300,29
SIM_COVER_USE,6,6,0,0
SIM,6,0,1,5,7,0,9,3,3,1,40,36,800,200,45
SIM_COVER_USE,6,7,0,0
SIM,6,0,1,5,8,1,9,0,3,0,40,34,500,1200,34
SIM_COVER_USE,6,8,0,0
SIM,6,0,1,5,9,0,9,0,3,0,40,34,1100,300,45
SIM_COVER_USE,6,9,0,0
SIM,6,0,1,5,10,1,12,0,4,0,40,31,300,1300,31
SIM_COVER_USE,6,10,0,0
SIM,6,0,1,5,11,0,10,3,4,1,40,31,800,200,45
SIM_COVER_USE,6,11,0,0
SIM,6,0,1,5,12,1,10,0,4,0,40,28,500,1200,29
SIM_COVER_USE,6,12,0,0
SIM,6,0,1,5,13,0,10,0,4,0,40,28,1000,1200,45
SIM_COVER_USE,6,13,0,0
SIM,6,0,1,5,14,1,10,0,4,0,40,24,400,2200,33
SIM_COVER_USE,6,14,0,0
SIM,6,0,1,5,15,0,9,3,3,1,40,24,1100,500,45
SIM_COVER_USE,6,15,0,0
SIM,6,0,1,5,16,1,12,3,4,1,40,20,300,1400,24
SIM_COVER_USE,6,16,0,0
SIM,6,0,1,5,17,0,10,3,4,1,40,20,900,500,45
SIM_COVER_USE,6,17,0,0
SIM,6,0,1,5,18,1,10,3,4,1,40,16,300,1400,33
SIM_COVER_USE,6,18,0,0
SIM,6,0,1,5,19,0,7,6,3,2,40,16,1000,300,45
SIM_COVER_USE,6,19,0,0
SIM,6,0,1,5,20,1,10,4,4,2,40,13,200,1100,28
SIM_COVER_USE,6,20,0,0
SIM,6,0,1,5,21,0,7,4,3,2,40,13,900,500,45
SIM_COVER_USE,6,21,0,0
SIM,6,0,1,5,22,1,7,3,3,1,40,11,300,1400,35
SIM_COVER_USE,6,22,0,0
SIM,6,0,1,5,23,0,4,6,2,2,40,11,1100,300,45
SIM_COVER_USE,6,23,0,0
SIM,6,0,1,5,24,1,7,4,3,2,40,9,300,1100,30
SIM_COVER_USE,6,24,1,0
SIM,6,0,1,5,25,0,5,4,2,2,40,9,1100,500,45
SIM_COVER_USE,6,25,1,0
SIM,6,0,1,5,26,1,5,3,2,1,40,8,500,1400,37
SIM_COVER_USE,6,26,1,0
SIM,6,0,1,5,27,0,2,6,1,2,40,8,1400,300,45
SIM_COVER_USE,6,27,1,0
SIM,6,0,1,5,28,1,5,4,2,2,40,7,300,1100,26
SIM_COVER_USE,6,28,0,0
SIM,6,0,1,5,29,0,1,4,1,2,40,7,1200,500,45
SIM_COVER_USE,6,29,0,0
SIM,6,0,1,5,30,1,1,3,1,1,40,7,300,1400,37
SIM_COVER_USE,6,30,0,0
SIM,6,0,1,5,31,0,0,6,0,2,39,7,1300,300,45
SIM_COVER_USE,6,31,0,0
SIM,6,0,1,5,32,1,3,4,1,2,39,7,200,1100,34
SIM_COVER_USE,6,32,0,0
SIM,6,0,1,5,33,0,1,4,1,2,38,7,1100,500,45
SIM_COVER_USE,6,33,0,0
SIM,6,0,1,5,34,1,1,3,1,1,38,7,500,1400,39
SIM_COVER_USE,6,34,0,0
SIM,6,0,1,5,35,0,0,6,0,2,37,7,1500,300,45
SIM_COVER_USE,6,35,0,0
SIM,6,0,1,5,36,1,3,4,1,2,37,7,100,1100,32
SIM_COVER_USE,6,36,0,0
SIM,6,0,1,5,37,0,1,4,1,2,36,7,1000,500,45
SIM_COVER_USE,6,37,0,0
SIM,6,0,1,5,38,1,1,3,1,1,36,7,400,1400,39
SIM_COVER_USE,6,38,0,0
SIM,6,0,1,5,39,0,0,6,0,2,36,7,1400,300,45
SIM_COVER_USE,6,39,0,0
SIM,6,0,1,5,40,1,3,4,1,2,36,7,300,1100,34
SIM_COVER_USE,6,40,0,0
SIM,6,0,1,5,41,0,1,4,1,2,35,7,1200,500,45
SIM_COVER_USE,6,41,0,0
SIM,6,0,1,5,42,1,1,3,1,1,35,7,300,1400,37
SIM_COVER_USE,6,42,0,0
SIM,6,0,1,5,43,0,0,6,0,2,34,7,1300,300,45
SIM_COVER_USE,6,43,0,0
SIM,6,0,1,5,44,1,3,4,1,2,34,7,200,1100,34
SIM_COVER_USE,6,44,0,0
SIM,6,0,1,5,45,0,1,4,1,2,33,7,1100,500,45
SIM_COVER_USE,6,45,0,0
SIM,6,0,1,5,46,1,1,3,1,1,33,7,500,1400,39
SIM_COVER_USE,6,46,0,0
SIM,6,0,1,5,47,0,0,6,0,2,33,7,1500,300,45
SIM_COVER_USE,6,47,0,0
SIM,6,0,1,5,48,1,3,4,1,2,33,7,100,1100,32
SIM_COVER_USE,6,48,0,0
SIM,6,0,1,5,49,0,1,4,1,2,32,7,1000,500,45
SIM_COVER_USE,6,49,0,0
SIM,6,0,1,5,50,1,1,3,1,1,32,7,400,1400,39
SIM_COVER_USE,6,50,0,0
SIM,6,0,1,5,51,0,0,6,0,2,31,7,1400,300,45
SIM_COVER_USE,6,51,0,0
SIM,6,0,1,5,52,1,3,4,1,2,31,7,300,1100,34
SIM_COVER_USE,6,52,0,0
SIM,6,0,1,5,53,0,1,4,1,2,30,7,1200,500,45
SIM_COVER_USE,6,53,0,0
SIM,6,0,1,5,54,1,1,3,1,1,30,7,300,1400,37
SIM_COVER_USE,6,54,0,0
SIM,6,0,1,5,55,0,0,6,0,2,30,7,1300,300,45
SIM_COVER_USE,6,55,0,0
SIM,6,0,1,5,56,1,3,4,1,2,30,7,200,1100,34
SIM_COVER_USE,6,56,0,0
SIM,6,0,1,5,57,0,1,4,1,2,29,7,1100,500,45
SIM_COVER_USE,6,57,0,0
SIM,6,0,1,5,58,1,1,3,1,1,29,7,500,1400,39
SIM_COVER_USE,6,58,0,0
SIM,6,0,1,5,59,0,0,6,0,2,28,7,1500,300,45
SIM_COVER_USE,6,59,0,0
SIM,6,0,1,5,60,1,3,4,1,2,28,7,100,1100,32
SIM_COVER_USE,6,60,0,0
SIM,6,0,1,5,61,0,1,4,1,2,27,7,1000,500,45
SIM_COVER_USE,6,61,0,0
SIM,6,0,1,5,62,1,1,3,1,1,27,7,400,1400,39
SIM_COVER_USE,6,62,0,0
SIM,6,0,1,5,63,0,0,6,0,2,27,7,1400,300,45
SIM_COVER_USE,6,63,0,0
SIM,6,0,1,5,64,1,3,4,1,2,27,7,300,1100,34
SIM_COVER_USE,6,64,0,0
SIM,6,0,1,5,65,0,1,4,1,2,26,7,1200,500,45
SIM_COVER_USE,6,65,0,0
SIM,6,0,1,5,66,1,1,3,1,1,26,7,300,1400,37
SIM_COVER_USE,6,66,0,0
SIM,6,0,1,5,67,0,0,6,0,2,25,7,1300,300,45
SIM_COVER_USE,6,67,0,0
SIM,6,0,1,5,68,1,3,4,1,2,25,7,200,1100,34
SIM_COVER_USE,6,68,0,0
SIM,6,0,1,5,69,0,1,4,1,2,24,7,1100,500,45
SIM_COVER_USE,6,69,0,0
SIM,6,0,1,5,70,1,1,3,1,1,24,7,500,1400,39
SIM_COVER_USE,6,70,0,0
SIM,6,0,1,5,71,0,0,6,0,2,24,7,1500,300,45
SIM_COVER_USE,6,71,0,0
SIM,6,0,1,5,72,1,3,4,1,2,24,7,100,1100,32
SIM_COVER_USE,6,72,0,0
SIM,6,0,1,5,73,0,1,4,1,2,23,7,1000,500,45
SIM_COVER_USE,6,73,0,0
SIM,6,0,1,5,74,1,1,3,1,1,23,7,400,1400,39
SIM_COVER_USE,6,74,0,0
SIM,6,0,1,5,75,0,0,6,0,2,22,7,1400,300,45
SIM_COVER_USE,6,75,0,0
SIM,6,0,1,5,76,1,3,4,1,2,22,7,300,1100,34
SIM_COVER_USE,6,76,0,0
SIM,6,0,1,5,77,0,1,4,1,2,21,7,1200,500,45
SIM_COVER_USE,6,77,0,0
SIM,6,0,1,5,78,1,1,3,1,1,21,7,300,1400,37
SIM_COVER_USE,6,78,0,0
SIM,6,0,1,5,79,0,0,6,0,2,21,7,1300,300,45
SIM_COVER_USE,6,79,0,0
SIM,6,0,1,5,80,1,3,4,1,2,21,7,200,1100,34
SIM_COVER_USE,6,80,0,0
SIM_END,6,0,1,5,80,0,0
SIM,7,0,1,6,1,0,6,0,1,0,40,40,1000,0,30
SIM_COVER_USE,7,1,0,0
SIM,7,0,1,6,2,1,9,0,2,0,40,39,200,1000,1
SIM_COVER_USE,7,2,1,0
SIM,7,0,1,6,3,0,7,3,2,1,40,39,900,200,31
SIM_COVER_USE,7,3,1,0
SIM,7,0,1,6,4,1,7,0,2,0,40,38,300,1200,13
SIM_COVER_USE,7,4,0,0
SIM,7,0,1,6,5,0,7,0,2,0,40,38,1000,300,43
SIM_COVER_USE,7,5,0,0
SIM,7,0,1,6,6,1,10,0,3,0,40,37,200,1300,34
SIM_COVER_USE,7,6,0,0
SIM,7,0,1,6,7,0,9,3,2,1,40,37,900,200,45
SIM_COVER_USE,7,7,0,0
SIM,7,0,1,6,8,1,9,0,2,0,40,37,300,1200,34
SIM_COVER_USE,7,8,0,0
SIM,7,0,1,6,9,0,9,0,2,0,40,37,1000,300,45
SIM_COVER_USE,7,9,0,0
SIM,7,0,1,6,10,1,12,0,3,0,40,35,200,1300,30
SIM_COVER_USE,7,10,0,0
SIM,7,0,1,6,11,0,10,3,3,1,40,35,800,200,45
SIM_COVER_USE,7,11,0,0
SIM,7,0,1,6,12,1,10,0,3,0,40,33,500,1200,32
SIM_COVER_USE,7,12,1,0
SIM,7,0,1,6,13,0,10,0,3,0,40,33,1100,300,45
SIM_COVER_USE,7,13,1,0
SIM,7,0,1,6,14,1,13,0,4,0,40,30,300,1300,24
SIM_COVER_USE,7,14,0,0
SIM,7,0,1,6,15,0,12,3,3,1,40,30,900,200,45
SIM_COVER_USE,7,15,0,0
SIM,7,0,1,6,16,1,12,0,3,0,40,28,300,1200,33
SIM_COVER_USE,7,16,0,0
SIM,7,0,1,6,17,0,12,0,3,0,40,28,900,300,45
SIM_COVER_USE,7,17,0,0
SIM,7,0,1,6,18,1,15,0,4,0,40,25,100,1300,31
SIM_COVER_USE,7,18,0,0
SIM,7,0,1,6,19,0,13,3,4,1,40,25,600,200,45
SIM_COVER_USE,7,19,0,0
SIM,7,0,1,6,20,1,13,0,4,0,40,22,300,1200,29
SIM_COVER_USE,7,20,0,0
SIM,7,0,1,6,21,0,13,0,4,0,40,22,800,1200,45
SIM_COVER_USE,7,21,0,0
SIM,7,0,1,6,22,1,13,0,4,0,40,18,500,2200,35
SIM_COVER_USE,7,22,0,0
SIM,7,0,1,6,23,0,11,3,4,1,40,18,1000,500,45
SIM_COVER_USE,7,23,0,0
SIM,7,0,1,6,24,1,11,0,4,0,40,15,400,1500,33
SIM_COVER_USE,7,24,0,0
SIM,7,0,1,6,25,0,11,0,4,0,40,15,900,1500,45
SIM_COVER_USE,7,25,0,0
SIM,7,0,1,6,26,1,11,0,4,0,40,11,300,2500,33
SIM_COVER_USE,7,26,0,0
SIM,7,0,1,6,27,0,9,3,3,1,40,11,1000,500,45
SIM_COVER_USE,7,27,0,0
SIM,7,0,1,6,28,1,12,3,4,1,40,7,200,1400,24
SIM_COVER_USE,7,28,0,0
SIM,7,0,1,6,29,0,10,3,4,1,40,7,800,500,45
SIM_COVER_USE,7,29,0,0
SIM,7,0,1,6,30,1,10,3,4,1,40,3,500,1400,35
SIM_COVER_USE,7,30,0,0
SIM,7,0,1,6,31,0,7,6,3,2,40,3,1200,300,45
SIM_COVER_USE,7,31,0,0
SIM_END,7,0,1,6,31,0,0
SIM,8,1,1,0,1,0,0,6,0,1,40,40,1000,0,30
SIM_COVER_USE,8,1,0,0
SIM,8,1,1,0,2,1,3,4,1,1,40,40,200,800,19
SIM_COVER_USE,8,2,0,0
SIM,8,1,1,0,3,0,0,7,0,2,39,40,1200,300,45
SIM_COVER_USE,8,3,0,0
SIM,8,1,1,0,4,1,0,7,0,2,39,40,300,1000,39
SIM_COVER_USE,8,4,0,0
SIM,8,1,1,0,5,0,0,7,0,2,38,40,1300,400,45
SIM_COVER_USE,8,5,0,0
SIM,8,1,1,0,6,1,3,5,1,2,38,40,200,1100,34
SIM_COVER_USE,8,6,0,0
SIM,8,1,1,0,7,0,0,8,0,3,37,40,1200,300,45
SIM_COVER_USE,8,7,0,0
SIM,8,1,1,0,8,1,0,8,0,3,37,40,300,900,39
SIM_COVER_USE,8,8,0,0
SIM,8,1,1,0,9,0,0,8,0,3,34,40,1300,300,45
SIM_COVER_USE,8,9,0,0
SIM,8,1,1,0,10,1,3,7,1,2,34,40,200,1000,34
SIM_COVER_USE,8,10,0,0
SIM,8,1,1,0,11,0,0,10,0,3,32,40,1200,200,45
SIM_COVER_USE,8,11,0,0
SIM,8,1,1,0,12,1,0,10,0,3,32,40,300,800,39
SIM_COVER_USE,8,12,0,0
SIM,8,1,1,0,13,0,0,10,0,3,29,40,1300,500,45
SIM_COVER_USE,8,13,0,0
SIM,8,1,1,0,14,1,3,8,1,3,29,40,200,1100,36
SIM_COVER_USE,8,14,0,0
SIM,8,1,1,0,15,0,0,11,0,4,27,40,1200,300,45
SIM_COVER_USE,8,15,0,0
SIM,8,1,1,0,16,1,0,11,0,4,27,40,300,800,39
SIM_COVER_USE,8,16,0,0
SIM,8,1,1,0,17,0,0,11,0,4,23,40,1300,500,45
SIM_COVER_USE,8,17,0,0
SIM,8,1,1,0,18,1,3,9,1,3,23,40,500,1200,38
SIM_COVER_USE,8,18,0,0
SIM,8,1,1,0,19,0,3,12,1,4,19,40,1400,100,45
SIM_COVER_USE,8,19,0,0
SIM,8,1,1,0,20,1,3,10,1,4,19,40,500,700,37
SIM_COVER_USE,8,20,0,0
SIM,8,1,1,0,21,0,3,10,1,4,15,40,1400,400,45
SIM_COVER_USE,8,21,0,0
SIM,8,1,1,0,22,1,6,7,2,3,15,40,300,1100,34
SIM_COVER_USE,8,22,0,0
SIM,8,1,1,0,23,0,6,10,2,4,11,40,1100,300,45
SIM_COVER_USE,8,23,0,0
SIM,8,1,1,0,24,1,6,7,2,3,11,40,500,1000,37
SIM_COVER_USE,8,24,0,0
SIM,8,1,1,0,25,0,6,7,2,3,8,40,1300,400,45
SIM_COVER_USE,8,25,0,0
SIM,8,1,1,0,26,1,9,3,3,1,8,40,200,1300,26
SIM_COVER_USE,8,26,0,0
SIM,8,1,1,0,27,0,9,6,3,2,7,40,900,200,45
SIM_COVER_USE,8,27,0,0
SIM,8,1,1,0,28,1,9,3,3,1,7,40,300,1100,32
SIM_COVER_USE,8,28,0,0
SIM,8,1,1,0,29,0,9,3,3,1,6,40,1000,500,45
SIM_COVER_USE,8,29,0,0
SIM,8,1,1,0,30,1,12,0,4,0,6,38,200,1500,10
SIM_COVER_USE,8,30,0,0
SIM,8,1,1,0,31,0,10,3,4,1,6,38,800,100,40
SIM_COVER_USE,8,31,0,0
SIM,8,1,1,0,32,1,10,1,4,1,6,35,500,1000,10
SIM_COVER_USE,8,32,1,0
SIM,8,1,1,0,33,0,9,1,3,1,6,35,1200,400,40
SIM_COVER_USE,8,33,1,0
SIM,8,1,1,0,34,1,12,0,4,0,6,32,100,1400,17
SIM_COVER_USE,8,34,1,0
SIM,8,1,1,0,35,0,10,3,4,1,6,32,700,300,45
SIM_COVER_USE,8,35,1,0
SIM,8,1,1,0,36,1,10,1,4,1,6,29,400,1200,35
SIM_COVER_USE,8,36,1,0
SIM,8,1,1,0,37,0,9,1,3,1,6,29,1100,300,45
SIM_COVER_USE,8,37,1,0
SIM,8,1,1,0,38,1,12,0,4,0,6,26,300,1300,24
SIM_COVER_USE,8,38,1,0
SIM,8,1,1,0,39,0,10,3,4,1,6,26,900,200,45
SIM_COVER_USE,8,39,1,0
SIM,8,1,1,0,40,1,10,1,4,1,6,23,300,1100,33
SIM_COVER_USE,8,40,1,0
SIM,8,1,1,0,41,0,9,1,3,1,6,23,1000,500,45
SIM_COVER_USE,8,41,1,0
SIM,8,1,1,0,42,1,12,0,4,0,6,20,200,1500,24
SIM_COVER_USE,8,42,1,0
SIM,8,1,1,0,43,0,10,3,4,1,6,20,800,100,45
SIM_COVER_USE,8,43,1,0
SIM,8,1,1,0,44,1,10,1,4,1,6,17,500,1000,35
SIM_COVER_USE,8,44,1,0
SIM,8,1,1,0,45,0,9,1,3,1,6,17,1200,400,45
SIM_COVER_USE,8,45,1,0
SIM,8,1,1,0,46,1,12,0,4,0,6,14,100,1400,22
SIM_COVER_USE,8,46,1,0
SIM,8,1,1,0,47,0,10,3,4,1,6,14,700,300,45
SIM_COVER_USE,8,47,1,0
SIM,8,1,1,0,48,1,10,1,4,1,6,11,400,1200,35
SIM_COVER_USE,8,48,1,0
SIM,8,1,1,0,49,0,9,1,3,1,6,11,1100,300,45
SIM_COVER_USE,8,49,1,0
SIM,8,1,1,0,50,1,12,0,4,0,6,8,300,1300,24
SIM_COVER_USE,8,50,1,0
SIM,8,1,1,0,51,0,10,3,4,1,6,8,900,200,45
SIM_COVER_USE,8,51,1,0
SIM,8,1,1,0,52,1,10,1,4,1,6,5,300,1100,33
SIM_COVER_USE,8,52,1,0
SIM,8,1,1,0,53,0,9,1,3,1,6,5,1000,500,45
SIM_COVER_USE,8,53,1,0
SIM,8,1,1,0,54,1,12,0,4,0,6,2,200,1500,24
SIM_COVER_USE,8,54,1,0
SIM,8,1,1,0,55,0,10,3,4,1,6,2,800,100,45
SIM_COVER_USE,8,55,1,0
SIM_END,8,1,1,0,55,0,0
SIM,9,1,1,1,1,0,0,6,0,1,40,40,1000,0,30
SIM_COVER_USE,9,1,0,0
SIM,9,1,1,1,2,1,3,4,1,1,40,40,200,800,19
SIM_COVER_USE,9,2,0,0
SIM,9,1,1,1,3,0,0,7,0,2,39,40,1200,300,45
SIM_COVER_USE,9,3,0,0
SIM,9,1,1,1,4,1,0,7,0,2,39,40,300,1000,39
SIM_COVER_USE,9,4,0,0
SIM,9,1,1,1,5,0,0,7,0,2,38,40,1300,400,45
SIM_COVER_USE,9,5,0,0
SIM,9,1,1,1,6,1,3,5,1,2,38,40,200,1100,34
SIM_COVER_USE,9,6,0,0
SIM,9,1,1,1,7,0,0,8,0,3,37,40,1200,300,45
SIM_COVER_USE,9,7,0,0
SIM,9,1,1,1,8,1,0,8,0,3,37,40,300,900,39
SIM_COVER_USE,9,8,0,0
SIM,9,1,1,1,9,0,0,8,0,3,34,40,1300,300,45
SIM_COVER_USE,9,9,0,0
SIM,9,1,1,1,10,1,3,7,1,2,34,40,200,1000,34
SIM_COVER_USE,9,10,0,0
SIM,9,1,1,1,11,0,0,10,0,3,32,40,1200,200,45
SIM_COVER_USE,9,11,0,0
SIM,9,1,1,1,12,1,0,10,0,3,32,40,300,800,39
SIM_COVER_USE,9,12,0,0
SIM,9,1,1,1,13,0,0,10,0,3,29,40,1300,500,45
SIM_COVER_USE,9,13,0,0
SIM,9,1,1,1,14,1,3,8,1,3,29,40,200,1100,36
SIM_COVER_USE,9,14,0,0
SIM,9,1,1,1,15,0,0,11,0,4,27,40,1200,300,45
SIM_COVER_USE,9,15,0,0
SIM,9,1,1,1,16,1,0,11,0,4,27,40,300,800,39
SIM_COVER_USE,9,16,0,0
SIM,9,1,1,1,17,0,0,11,0,4,23,40,1300,500,45
SIM_COVER_USE,9,17,0,0
SIM,9,1,1,1,18,1,3,9,1,3,23,40,500,1200,38
SIM_COVER_USE,9,18,0,0
SIM,9,1,1,1,19,0,3,12,1,4,19,40,1400,100,45
SIM_COVER_USE,9,19,0,0
SIM,9,1,1,1,20,1,3,10,1,4,19,40,500,700,37
SIM_COVER_USE,9,20,0,0
SIM,9,1,1,1,21,0,3,10,1,4,15,40,1400,400,45
SIM_COVER_USE,9,21,0,0
SIM,9,1,1,1,22,1,6,7,2,3,15,40,300,1100,34
SIM_COVER_USE,9,22,0,0
SIM,9,1,1,1,23,0,6,10,2,4,11,40,1100,300,45
SIM_COVER_USE,9,23,0,0
SIM,9,1,1,1,24,1,6,7,2,3,11,40,500,1000,37
SIM_COVER_USE,9,24,0,0
SIM,9,1,1,1,25,0,6,7,2,3,8,40,1300,400,45
SIM_COVER_USE,9,25,0,0
SIM,9,1,1,1,26,1,9,3,3,1,8,40,200,1300,26
SIM_COVER_USE,9,26,0,0
SIM,9,1,1,1,27,0,9,6,3,2,7,40,900,200,45
SIM_COVER_USE,9,27,0,0
SIM,9,1,1,1,28,1,9,3,3,1,7,40,300,1100,32
SIM_COVER_USE,9,28,0,0
SIM,9,1,1,1,29,0,9,3,3,1,6,40,1000,500,45
SIM_COVER_USE,9,29,0,0
SIM,9,1,1,1,30,1,12,0,4,0,6,38,200,1500,10
SIM_COVER_USE,9,30,0,0
SIM,9,1,1,1,31,0,10,3,4,1,6,38,800,100,40
SIM_COVER_USE,9,31,0,0
SIM,9,1,1,1,32,1,10,1,4,1,6,35,500,1000,10
SIM_COVER_USE,9,32,1,0
SIM,9,1,1,1,33,0,9,1,3,1,6,35,1200,400,40
SIM_COVER_USE,9,33,1,0
SIM,9,1,1,1,34,1,12,0,4,0,6,32,100,1400,17
SIM_COVER_USE,9,34,1,0
SIM,9,1,1,1,35,0,10,3,4,1,6,32,700,300,45
SIM_COVER_USE,9,35,1,0
SIM,9,1,1,1,36,1,10,1,4,1,6,29,400,1200,35
SIM_COVER_USE,9,36,1,0
SIM,9,1,1,1,37,0,9,1,3,1,6,29,1100,300,45
SIM_COVER_USE,9,37,1,0
SIM,9,1,1,1,38,1,12,0,4,0,6,26,300,1300,24
SIM_COVER_USE,9,38,1,0
SIM,9,1,1,1,39,0,10,3,4,1,6,26,900,200,45
SIM_COVER_USE,9,39,1,0
SIM,9,1,1,1,40,1,10,1,4,1,6,23,300,1100,33
SIM_COVER_USE,9,40,1,0
SIM,9,1,1,1,41,0,9,1,3,1,6,23,1000,500,45
SIM_COVER_USE,9,41,1,0
SIM,9,1,1,1,42,1,12,0,4,0,6,20,200,1500,24
SIM_COVER_USE,9,42,1,0
SIM,9,1,1,1,43,0,10,3,4,1,6,20,800,100,45
SIM_COVER_USE,9,43,1,0
SIM,9,1,1,1,44,1,10,1,4,1,6,17,500,1000,35
SIM_COVER_USE,9,44,1,0
SIM,9,1,1,1,45,0,9,1,3,1,6,17,1200,400,45
SIM_COVER_USE,9,45,1,0
SIM,9,1,1,1,46,1,12,0,4,0,6,14,100,1400,22
SIM_COVER_USE,9,46,1,0
SIM,9,1,1,1,47,0,10,3,4,1,6,14,700,300,45
SIM_COVER_USE,9,47,1,0
SIM,9,1,1,1,48,1,10,1,4,1,6,11,400,1200,35
SIM_COVER_USE,9,48,1,0
SIM,9,1,1,1,49,0,9,1,3,1,6,11,1100,300,45
SIM_COVER_USE,9,49,1,0
SIM,9,1,1,1,50,1,12,0,4,0,6,8,300,1300,24
SIM_COVER_USE,9,50,1,0
SIM,9,1,1,1,51,0,10,3,4,1,6,8,900,200,45
SIM_COVER_USE,9,51,1,0
SIM,9,1,1,1,52,1,10,1,4,1,6,5,300,1100,33
SIM_COVER_USE,9,52,1,0
SIM,9,1,1,1,53,0,9,1,3,1,6,5,1000,500,45
SIM_COVER_USE,9,53,1,0
SIM,9,1,1,1,54,1,12,0,4,0,6,2,200,1500,24
SIM_COVER_USE,9,54,1,0
SIM,9,1,1,1,55,0,10,3,4,1,6,2,800,100,45
SIM_COVER_USE,9,55,1,0
SIM_END,9,1,1,1,55,0,0
SIM,10,1,1,2,1,0,0,6,0,1,40,40,1000,0,30
SIM_COVER_USE,10,1,0,0
SIM,10,1,1,2,2,1,3,6,1,1,40,39,200,800,19
SIM_COVER_USE,10,2,0,0
SIM,10,1,1,2,3,0,0,9,0,2,39,39,1200,300,45
SIM_COVER_USE,10,3,0,0
SIM,10,1,1,2,4,1,0,9,0,2,39,39,300,1000,39
SIM_COVER_USE,10,4,0,0
SIM,10,1,1,2,5,0,0,9,0,2,38,39,1300,400,45
SIM_COVER_USE,10,5,0,0
SIM,10,1,1,2,6,1,3,7,1,2,38,39,200,1100,34
SIM_COVER_USE,10,6,0,0
SIM,10,1,1,2,7,0,0,10,0,3,37,39,1200,300,45
SIM_COVER_USE,10,7,0,0
SIM,10,1,1,2,8,1,0,10,0,3,37,39,300,900,39
SIM_COVER_USE,10,8,0,0
SIM,10,1,1,2,9,0,0,10,0,3,34,39,1300,300,45
SIM_COVER_USE,10,9,0,0
SIM,10,1,1,2,10,1,3,9,1,2,34,39,200,1000,34
SIM_COVER_USE,10,10,0,0
SIM,10,1,1,2,11,0,0,12,0,3,32,39,1200,200,45
SIM_COVER_USE,10,11,0,0
SIM,10,1,1,2,12,1,0,12,0,3,32,39,300,800,39
SIM_COVER_USE,10,12,0,0
SIM,10,1,1,2,13,0,0,12,0,3,29,39,1300,500,45
SIM_COVER_USE,10,13,0,0
SIM,10,1,1,2,14,1,3,10,1,3,29,39,200,1100,36
SIM_COVER_USE,10,14,0,0
SIM,10,1,1,2,15,0,0,13,0,4,27,39,1200,300,45
SIM_COVER_USE,10,15,0,0
SIM,10,1,1,2,16,1,0,13,0,4,27,39,300,800,39
SIM_COVER_USE,10,16,0,0
SIM,10,1,1,2,17,0,0,13,0,4,23,39,1300,500,45
SIM_COVER_USE,10,17,0,0
SIM,10,1,1,2,18,1,3,11,1,4,23,39,500,1000,38
SIM_COVER_USE,10,18,0,0
SIM,10,1,1,2,19,0,0,11,0,4,20,39,1500,400,45
SIM_COVER_USE,10,19,0,0
SIM,10,1,1,2,20,1,0,11,0,4,20,39,1500,900,45
SIM_COVER_USE,10,20,0,0
SIM,10,1,1,2,21,0,0,11,0,4,16,39,2500,300,45
SIM_COVER_USE,10,21,0,0
SIM,10,1,1,2,22,1,3,9,1,3,16,39,500,1000,30
SIM_COVER_USE,10,22,0,0
SIM,10,1,1,2,23,0,3,12,1,4,12,39,1400,200,45
SIM_COVER_USE,10,23,0,0
SIM,10,1,1,2,24,1,3,10,1,4,12,39,500,800,37
SIM_COVER_USE,10,24,0,0
SIM,10,1,1,2,25,0,3,10,1,4,8,39,1400,500,45
SIM_COVER_USE,10,25,0,0
SIM,10,1,1,2,26,1,6,7,2,3,8,39,300,1200,34
SIM_COVER_USE,10,26,0,0
SIM,10,1,1,2,27,0,6,10,2,4,4,39,1100,100,45
SIM_COVER_USE,10,27,0,0
SIM,10,1,1,2,28,1,6,7,2,3,4,39,500,800,37
SIM_COVER_USE,10,28,0,0
SIM,10,1,1,2,29,0,6,7,2,3,1,39,1300,500,45
SIM_COVER_USE,10,29,0,0
SIM,10,1,1,2,30,1,9,3,3,1,1,39,200,1400,26
SIM_COVER_USE,10,30,0,0
SIM_END,10,1,1,2,30,1,0
SIM,11,1,1,3,1,0,0,6,0,1,40,40,1000,0,30
SIM_COVER_USE,11,1,0,1
SIM,11,1,1,3,2,1,3,6,1,1,40,40,200,800,21
SIM_COVER_USE,11,2,1,1
SIM,11,1,1,3,3,0,0,9,0,2,40,40,1200,300,45
SIM_COVER_USE,11,3,0,1
SIM,11,1,1,3,4,1,0,9,0,2,40,40,300,1000,39
SIM_COVER_USE,11,4,0,1
SIM,11,1,1,3,5,0,0,9,0,2,40,40,1300,400,45
SIM_COVER_USE,11,5,0,1
SIM,11,1,1,3,6,1,3,7,1,2,40,40,200,1100,32
SIM_COVER_USE,11,6,1,1
SIM,11,1,1,3,7,0,0,10,0,3,39,40,1200,300,45
SIM_COVER_USE,11,7,0,0
SIM,11,1,1,3,8,1,0,10,0,3,39,40,300,900,39
SIM_COVER_USE,11,8,0,0
SIM,11,1,1,3,9,0,0,10,0,3,38,40,1300,300,45
SIM_COVER_USE,11,9,0,0
SIM,11,1,1,3,10,1,3,9,1,2,38,40,200,1000,32
SIM_COVER_USE,11,10,1,0
SIM,11,1,1,3,11,0,3,12,1,3,37,40,1100,200,45
SIM_COVER_USE,11,11,1,1
SIM,11,1,1,3,12,1,3,10,1,3,37,40,500,800,36
SIM_COVER_USE,11,12,0,1
SIM,11,1,1,3,13,0,0,10,0,3,36,40,1500,500,45
SIM_COVER_USE,11,13,0,1
SIM,11,1,1,3,14,1,3,8,1,3,36,40,100,1100,32
SIM_COVER_USE,11,14,0,1
SIM,11,1,1,3,15,0,0,11,0,4,33,40,1100,300,45
SIM_COVER_USE,11,15,0,0
SIM,11,1,1,3,16,1,0,11,0,4,33,40,500,800,41
SIM_COVER_USE,11,16,0,0
SIM,11,1,1,3,17,0,0,11,0,4,30,40,1500,500,45
SIM_COVER_USE,11,17,0,0
SIM,11,1,1,3,18,1,3,10,1,3,30,40,100,1100,32
SIM_COVER_USE,11,18,0,0
SIM,11,1,1,3,19,0,0,13,0,4,28,40,1100,300,45
SIM_COVER_USE,11,19,0,0
SIM,11,1,1,3,20,1,0,13,0,4,28,40,500,800,41
SIM_COVER_USE,11,20,0,0
SIM,11,1,1,3,21,0,0,13,0,4,24,40,1500,500,45
SIM_COVER_USE,11,21,0,0
SIM,11,1,1,3,22,1,3,11,1,4,24,40,400,1000,36
SIM_COVER_USE,11,22,0,0
SIM,11,1,1,3,23,0,0,11,0,4,21,40,1400,400,45
SIM_COVER_USE,11,23,0,1
SIM,11,1,1,3,24,1,0,11,0,4,21,40,500,900,39
SIM_COVER_USE,11,24,0,1
SIM,11,1,1,3,25,0,0,11,0,4,17,40,1500,300,45
SIM_COVER_USE,11,25,0,0
SIM,11,1,1,3,26,1,3,10,1,3,17,40,400,900,36
SIM_COVER_USE,11,26,0,0
SIM,11,1,1,3,27,0,0,13,0,4,14,40,1400,100,45
SIM_COVER_USE,11,27,0,0
SIM,11,1,1,3,28,1,0,13,0,4,14,40,1400,600,45
SIM_COVER_USE,11,28,0,0
SIM,11,1,1,3,29,0,0,13,0,4,10,40,2400,300,45
SIM_COVER_USE,11,29,0,0
SIM,11,1,1,3,30,1,3,11,1,4,10,40,400,800,30
SIM_COVER_USE,11,30,0,0
SIM,11,1,1,3,31,0,0,11,0,4,7,40,1400,500,45
SIM_COVER_USE,11,31,0,0
SIM,11,1,1,3,32,1,0,11,0,4,7,40,1400,1000,45
SIM_COVER_USE,11,32,0,0
SIM,11,1,1,3,33,0,0,11,0,4,3,40,2400,400,45
SIM_COVER_USE,11,33,0,0
SIM,11,1,1,3,34,1,3,9,1,3,3,40,400,1100,30
SIM_COVER_USE,11,34,0,0
SIM_END,11,1,1,3,34,1,0
SIM,12,1,1,4,1,0,0,6,0,1,40,40,1000,0,30
SIM_COVER_USE,12,1,0,1
SIM,12,1,1,4,2,1,3,6,1,1,40,40,200,800,21
SIM_COVER_USE,12,2,1,1
SIM,12,1,1,4,3,0,0,9,0,2,40,40,1200,300,45
SIM_COVER_USE,12,3,0,1
SIM,12,1,1,4,4,1,0,9,0,2,40,40,300,1000,39
SIM_COVER_USE,12,4,0,1
SIM,12,1,1,4,5,0,0,9,0,2,39,40,1300,400,45
SIM_COVER_USE,12,5,0,1
SIM,12,1,1,4,6,1,3,7,1,2,39,40,200,1100,34
SIM_COVER_USE,12,6,0,1
SIM,12,1,1,4,7,0,0,10,0,3,38,40,1200,300,45
SIM_COVER_USE,12,7,0,0
SIM,12,1,1,4,8,1,0,10,0,3,38,40,300,900,39
SIM_COVER_USE,12,8,0,0
SIM,12,1,1,4,9,0,0,10,0,3,35,40,1300,300,45
SIM_COVER_USE,12,9,0,0
SIM,12,1,1,4,10,1,3,9,1,2,35,40,200,1000,34
SIM_COVER_USE,12,10,0,0
SIM,12,1,1,4,11,0,0,12,0,3,33,40,1200,200,45
SIM_COVER_USE,12,11,0,0
SIM,12,1,1,4,12,1,0,12,0,3,33,40,300,800,39
SIM_COVER_USE,12,12,0,0
SIM,12,1,1,4,13,0,0,12,0,3,30,40,1300,500,45
SIM_COVER_USE,12,13,0,0
SIM,12,1,1,4,14,1,3,10,1,3,30,40,200,1100,36
SIM_COVER_USE,12,14,0,0
SIM,12,1,1,4,15,0,0,13,0,4,28,40,1200,300,45
SIM_COVER_USE,12,15,0,0
SIM,12,1,1,4,16,1,0,13,0,4,28,40,300,800,39
SIM_COVER_USE,12,16,0,0
SIM,12,1,1,4,17,0,0,13,0,4,24,40,1300,500,45
SIM_COVER_USE,12,17,0,0
SIM,12,1,1,4,18,1,3,11,1,4,24,40,500,1000,38
SIM_COVER_USE,12,18,0,0
SIM,12,1,1,4,19,0,0,11,0,4,21,40,1500,400,45
SIM_COVER_USE,12,19,0,0
SIM,12,1,1,4,20,1,0,11,0,4,21,40,1500,900,45
SIM_COVER_USE,12,20,0,0
SIM,12,1,1,4,21,0,0,11,0,4,17,40,2500,300,45
SIM_COVER_USE,12,21,0,0
SIM,12,1,1,4,22,1,3,9,1,3,17,40,500,1000,30
SIM_COVER_USE,12,22,0,0
SIM,12,1,1,4,23,0,3,12,1,4,13,40,1400,200,45
SIM_COVER_USE,12,23,0,0
SIM,12,1,1,4,24,1,3,10,1,4,13,40,500,800,37
SIM_COVER_USE,12,24,0,0
SIM,12,1,1,4,25,0,3,10,1,4,9,40,1400,500,45
SIM_COVER_USE,12,25,0,0
SIM,12,1,1,4,26,1,6,7,2,3,9,40,300,1200,34
SIM_COVER_USE,12,26,0,0
SIM,12,1,1,4,27,0,6,10,2,4,5,40,1100,100,45
SIM_COVER_USE,12,27,0,0
SIM,12,1,1,4,28,1,6,7,2,3,5,40,500,800,37
SIM_COVER_USE,12,28,0,0
SIM,12,1,1,4,29,0,6,7,2,3,2,40,1300,500,45
SIM_COVER_USE,12,29,0,0
SIM,12,1,1,4,30,1,9,3,3,1,2,40,200,1400,26
SIM_COVER_USE,12,30,0,0
SIM_END,12,1,1,4,30,1,0
SIM,13,1,1,5,1,0,0,6,0,1,40,40,1000,0,30
SIM_COVER_USE,13,1,0,0
SIM,13,1,1,5,2,1,3,6,1,1,40,39,200,800,19
SIM_COVER_USE,13,2,0,0
SIM,13,1,1,5,3,0,0,9,0,2,39,39,1200,300,45
SIM_COVER_USE,13,3,0,1
SIM,13,1,1,5,4,1,0,9,0,2,39,39,300,1000,39
SIM_COVER_USE,13,4,0,1
SIM,13,1,1,5,5,0,0,9,0,2,38,39,1300,400,45
SIM_COVER_USE,13,5,0,1
SIM,13,1,1,5,6,1,3,7,1,2,38,39,200,1100,34
SIM_COVER_USE,13,6,0,1
SIM,13,1,1,5,7,0,0,10,0,3,37,39,1200,300,45
SIM_COVER_USE,13,7,0,0
SIM,13,1,1,5,8,1,0,10,0,3,37,39,300,900,39
SIM_COVER_USE,13,8,0,0
SIM,13,1,1,5,9,0,0,10,0,3,34,39,1300,300,45
SIM_COVER_USE,13,9,0,0
SIM,13,1,1,5,10,1,3,9,1,2,34,39,200,1000,34
SIM_COVER_USE,13,10,0,0
SIM,13,1,1,5,11,0,0,12,0,3,32,39,1200,200,45
SIM_COVER_USE,13,11,0,0
SIM,13,1,1,5,12,1,0,12,0,3,32,39,300,800,39
SIM_COVER_USE,13,12,0,0
SIM,13,1,1,5,13,0,0,12,0,3,29,39,1300,500,45
SIM_COVER_USE,13,13,0,0
SIM,13,1,1,5,14,1,3,10,1,3,29,39,200,1100,36
SIM_COVER_USE,13,14,0,0
SIM,13,1,1,5,15,0,0,13,0,4,27,39,1200,300,45
SIM_COVER_USE,13,15,0,0
SIM,13,1,1,5,16,1,0,13,0,4,27,39,300,800,39
SIM_COVER_USE,13,16,0,0
SIM,13,1,1,5,17,0,0,13,0,4,23,39,1300,500,45
SIM_COVER_USE,13,17,0,0
SIM,13,1,1,5,18,1,3,11,1,4,23,39,500,1000,38
SIM_COVER_USE,13,18,0,0
SIM,13,1,1,5,19,0,0,11,0,4,20,39,1500,400,45
SIM_COVER_USE,13,19,0,0
SIM,13,1,1,5,20,1,0,11,0,4,20,39,1500,900,45
SIM_COVER_USE,13,20,0,0
SIM,13,1,1,5,21,0,0,11,0,4,16,39,2500,300,45
SIM_COVER_USE,13,21,0,0
SIM,13,1,1,5,22,1,3,9,1,3,16,39,500,1000,30
SIM_COVER_USE,13,22,0,0
SIM,13,1,1,5,23,0,3,12,1,4,12,39,1400,200,45
SIM_COVER_USE,13,23,0,0
SIM,13,1,1,5,24,1,3,10,1,4,12,39,500,800,37
SIM_COVER_USE,13,24,0,0
SIM,13,1,1,5,25,0,3,10,1,4,8,39,1400,500,45
SIM_COVER_USE,13,25,0,0
SIM,13,1,1,5,26,1,6,7,2,3,8,39,300,1200,34
SIM_COVER_USE,13,26,0,0
SIM,13,1,1,5,27,0,6,10,2,4,4,39,1100,100,45
SIM_COVER_USE,13,27,0,0
SIM,13,1,1,5,28,1,6,7,2,3,4,39,500,800,37
SIM_COVER_USE,13,28,0,0
SIM,13,1,1,5,29,0,6,7,2,3,1,39,1300,500,45
SIM_COVER_USE,13,29,0,0
SIM,13,1,1,5,30,1,9,3,3,1,1,39,200,1400,26
SIM_COVER_USE,13,30,0,0
SIM_END,13,1,1,5,30,1,0
SIM,14,1,1,6,1,0,0,6,0,1,40,40,1000,0,30
SIM_COVER_USE,14,1,0,0
SIM,14,1,1,6,2,1,3,6,1,1,40,39,200,800,19
SIM_COVER_USE,14,2,0,0
SIM,14,1,1,6,3,0,0,9,0,2,39,39,1200,300,45
SIM_COVER_USE,14,3,0,1
SIM,14,1,1,6,4,1,0,9,0,2,39,39,300,1000,39
SIM_COVER_USE,14,4,0,1
SIM,14,1,1,6,5,0,0,9,0,2,38,39,1300,400,45
SIM_COVER_USE,14,5,0,1
SIM,14,1,1,6,6,1,3,7,1,2,38,39,200,1100,34
SIM_COVER_USE,14,6,0,1
SIM,14,1,1,6,7,0,0,10,0,3,37,39,1200,300,45
SIM_COVER_USE,14,7,0,0
SIM,14,1,1,6,8,1,0,10,0,3,37,39,300,900,39
SIM_COVER_USE,14,8,0,0
SIM,14,1,1,6,9,0,0,10,0,3,34,39,1300,300,45
SIM_COVER_USE,14,9,0,0
SIM,14,1,1,6,10,1,3,9,1,2,34,39,200,1000,34
SIM_COVER_USE,14,10,0,0
SIM,14,1,1,6,11,0,0,12,0,3,32,39,1200,200,45
SIM_COVER_USE,14,11,0,0
SIM,14,1,1,6,12,1,0,12,0,3,32,39,300,800,39
SIM_COVER_USE,14,12,0,0
SIM,14,1,1,6,13,0,0,12,0,3,29,39,1300,500,45
SIM_COVER_USE,14,13,0,0
SIM,14,1,1,6,14,1,3,10,1,3,29,39,200,1100,36
SIM_COVER_USE,14,14,0,0
SIM,14,1,1,6,15,0,0,13,0,4,27,39,1200,300,45
SIM_COVER_USE,14,15,0,0
SIM,14,1,1,6,16,1,0,13,0,4,27,39,300,800,39
SIM_COVER_USE,14,16,0,0
SIM,14,1,1,6,17,0,0,13,0,4,23,39,1300,500,45
SIM_COVER_USE,14,17,0,0
SIM,14,1,1,6,18,1,3,11,1,4,23,39,500,1000,38
SIM_COVER_USE,14,18,0,0
SIM,14,1,1,6,19,0,0,11,0,4,20,39,1500,400,45
SIM_COVER_USE,14,19,0,0
SIM,14,1,1,6,20,1,0,11,0,4,20,39,1500,900,45
SIM_COVER_USE,14,20,0,0
SIM,14,1,1,6,21,0,0,11,0,4,16,39,2500,300,45
SIM_COVER_USE,14,21,0,0
SIM,14,1,1,6,22,1,3,9,1,3,16,39,500,1000,30
SIM_COVER_USE,14,22,0,0
SIM,14,1,1,6,23,0,3,12,1,4,12,39,1400,200,45
SIM_COVER_USE,14,23,0,0
SIM,14,1,1,6,24,1,3,10,1,4,12,39,500,800,37
SIM_COVER_USE,14,24,0,0
SIM,14,1,1,6,25,0,3,10,1,4,8,39,1400,500,45
SIM_COVER_USE,14,25,0,0
SIM,14,1,1,6,26,1,6,7,2,3,8,39,300,1200,34
SIM_COVER_USE,14,26,0,0
SIM,14,1,1,6,27,0,6,10,2,4,4,39,1100,100,45
SIM_COVER_USE,14,27,0,0
SIM,14,1,1,6,28,1,6,7,2,3,4,39,500,800,37
SIM_COVER_USE,14,28,0,0
SIM,14,1,1,6,29,0,6,7,2,3,1,39,1300,500,45
SIM_COVER_USE,14,29,0,0
SIM,14,1,1,6,30,1,9,3,3,1,1,39,200,1400,26
SIM_COVER_USE,14,30,0,0
SIM_END,14,1,1,6,30,1,0
SIM_DONE
SIM_CONFIG,degrade_favoured_pct=10,only_handicap=1,variants=7,plain=false
SIM_TERRAIN,cover_tiles=8,of=120,plain=false,max_rounds=40
SIM,1,0,1,0,1,0,6,0,1,0,40,40,1000,0,30
SIM_COVER_USE,1,1,0,0
SIM,1,0,1,0,2,1,9,0,2,0,40,39,200,1000,19
SIM_COVER_USE,1,2,0,0
SIM,1,0,1,0,3,0,7,3,2,1,40,39,900,200,45
SIM_COVER_USE,1,3,0,0
SIM,1,0,1,0,4,1,7,0,2,0,40,38,300,1200,31
SIM_COVER_USE,1,4,0,0
SIM,1,0,1,0,5,0,7,0,2,0,40,38,1000,300,45
SIM_COVER_USE,1,5,0,0
SIM,1,0,1,0,6,1,10,0,3,0,40,37,200,1300,34
SIM_COVER_USE,1,6,0,0
SIM,1,0,1,0,7,0,9,3,2,1,40,37,900,200,45
SIM_COVER_USE,1,7,0,0
SIM,1,0,1,0,8,1,9,0,2,0,40,37,300,1200,34
SIM_COVER_USE,1,8,0,0
SIM,1,0,1,0,9,0,9,0,2,0,40,37,1000,300,45
SIM_COVER_USE,1,9,0,0
SIM,1,0,1,0,10,1,12,0,3,0,40,35,200,1300,30
SIM_COVER_USE,1,10,0,0
SIM,1,0,1,0,11,0,10,3,3,1,40,35,800,200,45
SIM_COVER_USE,1,11,0,0
SIM,1,0,1,0,12,1,10,3,3,1,40,35,800,1100,41
SIM_COVER_USE,1,12,1,0
SIM,1,0,1,0,13,0,9,3,2,1,40,35,1500,500,45
SIM_COVER_USE,1,13,1,0
SIM,1,0,1,0,14,1,12,0,3,0,40,33,100,1500,21
SIM_COVER_USE,1,14,1,0
SIM,1,0,1,0,15,0,10,3,3,1,40,33,700,100,45
SIM_COVER_USE,1,15,1,0
SIM,1,0,1,0,16,1,10,0,3,0,40,31,400,1100,37
SIM_COVER_USE,1,16,1,0
SIM,1,0,1,0,17,0,10,0,3,0,40,31,1000,500,45
SIM_COVER_USE,1,17,1,0
SIM,1,0,1,0,18,1,13,0,4,0,40,28,200,1500,24
SIM_COVER_USE,1,18,0,0
SIM,1,0,1,0,19,0,12,3,3,1,40,28,800,100,45
SIM_COVER_USE,1,19,0,0
SIM,1,0,1,0,20,1,12,0,3,0,40,26,500,1100,35
SIM_COVER_USE,1,20,0,0
SIM,1,0,1,0,21,0,12,0,3,0,40,26,1100,500,45
SIM_COVER_USE,1,21,0,0
SIM,1,0,1,0,22,1,15,0,4,0,40,23,300,1500,31
SIM_COVER_USE,1,22,0,0
SIM,1,0,1,0,23,0,13,3,4,1,40,23,800,100,45
SIM_COVER_USE,1,23,0,0
SIM,1,0,1,0,24,1,13,0,4,0,40,20,500,1100,29
SIM_COVER_USE,1,24,0,0
SIM,1,0,1,0,25,0,13,0,4,0,40,20,1000,1100,45
SIM_COVER_USE,1,25,0,0
SIM,1,0,1,0,26,1,13,0,4,0,40,16,400,2100,33
SIM_COVER_USE,1,26,0,0
SIM,1,0,1,0,27,0,11,3,4,1,40,16,900,400,45
SIM_COVER_USE,1,27,0,0
SIM,1,0,1,0,28,1,11,0,4,0,40,13,300,1400,33
SIM_COVER_USE,1,28,0,0
SIM,1,0,1,0,29,0,11,0,4,0,40,13,800,1400,45
SIM_COVER_USE,1,29,0,0
SIM,1,0,1,0,30,1,11,0,4,0,40,12,800,2400,43
SIM_COVER_USE,1,30,0,0
SIM,1,0,1,0,31,0,9,3,3,1,40,12,1500,400,45
SIM_COVER_USE,1,31,0,0
SIM,1,0,1,0,32,1,12,3,4,1,40,8,100,1300,20
SIM_COVER_USE,1,32,0,0
SIM,1,0,1,0,33,0,10,3,4,1,40,8,700,400,45
SIM_COVER_USE,1,33,0,0
SIM,1,0,1,0,34,1,10,3,4,1,40,4,400,1300,35
SIM_COVER_USE,1,34,0,0
SIM,1,0,1,0,35,0,7,6,3,2,40,4,1100,200,45
SIM_COVER_USE,1,35,0,0
SIM,1,0,1,0,36,1,7,6,3,2,40,3,1100,1000,43
SIM_COVER_USE,1,36,0,0
SIM,1,0,1,0,37,0,4,6,2,2,40,3,1900,400,45
SIM_COVER_USE,1,37,0,0
SIM_END,1,0,1,0,37,0,0
SIM,2,0,1,1,1,0,6,0,1,0,40,40,1000,0,30
SIM_COVER_USE,2,1,0,0
SIM,2,0,1,1,2,1,9,0,2,0,40,39,200,1000,9
SIM_COVER_USE,2,2,0,0
SIM,2,0,1,1,3,0,7,3,2,1,40,39,900,200,39
SIM_COVER_USE,2,3,0,0
SIM,2,0,1,1,4,1,7,0,2,0,40,38,300,1200,29
SIM_COVER_USE,2,4,0,0
SIM,2,0,1,1,5,0,7,0,2,0,40,38,1000,300,45
SIM_COVER_USE,2,5,0,0
SIM,2,0,1,1,6,1,10,0,3,0,40,37,200,1300,36
SIM_COVER_USE,2,6,0,0
SIM,2,0,1,1,7,0,9,3,2,1,40,37,900,200,45
SIM_COVER_USE,2,7,0,0
SIM,2,0,1,1,8,1,9,0,2,0,40,37,300,1200,34
SIM_COVER_USE,2,8,0,0
SIM,2,0,1,1,9,0,9,0,2,0,40,37,1000,300,45
SIM_COVER_USE,2,9,0,0
SIM,2,0,1,1,10,1,12,0,3,0,40,35,200,1300,30
SIM_COVER_USE,2,10,0,0
SIM,2,0,1,1,11,0,10,3,3,1,40,35,800,200,45
SIM_COVER_USE,2,11,0,0
SIM,2,0,1,1,12,1,10,0,3,0,40,33,500,1200,32
SIM_COVER_USE,2,12,1,0
SIM,2,0,1,1,13,0,10,0,3,0,40,33,1100,300,45
SIM_COVER_USE,2,13,1,0
SIM,2,0,1,1,14,1,13,0,4,0,40,30,300,1300,24
SIM_COVER_USE,2,14,0,0
SIM,2,0,1,1,15,0,12,3,3,1,40,30,900,200,45
SIM_COVER_USE,2,15,0,0
SIM,2,0,1,1,16,1,12,0,3,0,40,28,300,1200,33
SIM_COVER_USE,2,16,0,0
SIM,2,0,1,1,17,0,12,0,3,0,40,28,900,300,45
SIM_COVER_USE,2,17,0,0
SIM,2,0,1,1,18,1,15,0,4,0,40,25,100,1300,31
SIM_COVER_USE,2,18,0,0
SIM,2,0,1,1,19,0,13,3,4,1,40,25,600,200,45
SIM_COVER_USE,2,19,0,0
SIM,2,0,1,1,20,1,13,0,4,0,40,22,300,1200,29
SIM_COVER_USE,2,20,0,0
SIM,2,0,1,1,21,0,13,0,4,0,40,22,800,1200,45
SIM_COVER_USE,2,21,0,0
SIM,2,0,1,1,22,1,13,0,4,0,40,18,500,2200,35
SIM_COVER_USE,2,22,0,0
SIM,2,0,1,1,23,0,11,3,4,1,40,18,1000,500,45
SIM_COVER_USE,2,23,0,0
SIM,2,0,1,1,24,1,11,0,4,0,40,15,400,1500,33
SIM_COVER_USE,2,24,0,0
SIM,2,0,1,1,25,0,11,0,4,0,40,15,900,1500,45
SIM_COVER_USE,2,25,0,0
SIM,2,0,1,1,26,1,11,0,4,0,40,11,300,2500,33
SIM_COVER_USE,2,26,0,0
SIM,2,0,1,1,27,0,9,3,3,1,40,11,1000,500,45
SIM_COVER_USE,2,27,0,0
SIM,2,0,1,1,28,1,12,3,4,1,40,7,200,1400,24
SIM_COVER_USE,2,28,0,0
SIM,2,0,1,1,29,0,10,3,4,1,40,7,800,500,45
SIM_COVER_USE,2,29,0,0
SIM,2,0,1,1,30,1,10,3,4,1,40,3,500,1400,35
SIM_COVER_USE,2,30,0,0
SIM,2,0,1,1,31,0,7,6,3,2,40,3,1200,300,45
SIM_COVER_USE,2,31,0,0
SIM_END,2,0,1,1,31,0,0
SIM,3,0,1,2,1,0,6,0,1,0,40,40,1000,0,30
SIM_COVER_USE,3,1,0,0
SIM,3,0,1,2,2,1,20,0,1,0,40,40,400,1000,28
SIM_COVER_USE,3,2,0,0
SIM,3,0,1,2,3,0,20,3,1,1,39,40,1200,200,45
SIM_COVER_USE,3,3,0,0
SIM,3,0,1,2,4,1,9,0,2,0,39,39,100,1200,28
SIM_COVER_USE,3,4,0,0
SIM,3,0,1,2,5,0,9,0,2,0,39,39,800,300,45
SIM_COVER_USE,3,5,0,0
SIM,3,0,1,2,6,1,9,0,2,0,39,38,500,1300,41
SIM_COVER_USE,3,6,0,0
SIM,3,0,1,2,7,0,7,3,2,1,39,38,1200,200,45
SIM_COVER_USE,3,7,0,0
SIM,3,0,1,2,8,1,10,0,3,0,39,36,100,1200,10
SIM_COVER_USE,3,8,0,0
SIM,3,0,1,2,9,0,10,0,3,0,39,36,700,300,40
SIM_COVER_USE,3,9,0,0
SIM,3,0,1,2,10,1,10,0,3,0,39,34,400,1300,30
SIM_COVER_USE,3,10,0,0
SIM,3,0,1,2,11,0,9,3,2,1,39,34,1100,200,45
SIM_COVER_USE,3,11,0,0
SIM,3,0,1,2,12,1,9,3,2,1,39,34,1100,1100,43
SIM_COVER_USE,3,12,0,0
SIM,3,0,1,2,13,0,7,3,2,1,39,34,1800,500,45
SIM_COVER_USE,3,13,0,0
SIM,3,0,1,2,14,1,10,0,3,0,39,32,100,1500,20
SIM_COVER_USE,3,14,0,0
SIM,3,0,1,2,15,0,9,3,2,1,39,32,800,100,45
SIM_COVER_USE,3,15,0,0
SIM,3,0,1,2,16,1,9,0,2,0,39,31,500,1100,35
SIM_COVER_USE,3,16,0,0
SIM,3,0,1,2,17,0,9,0,2,0,39,31,1200,500,45
SIM_COVER_USE,3,17,0,0
SIM,3,0,1,2,18,1,12,0,3,0,39,28,100,1500,28
SIM_COVER_USE,3,18,0,0
SIM,3,0,1,2,19,0,10,3,3,1,39,28,700,100,45
SIM_COVER_USE,3,19,0,0
SIM,3,0,1,2,20,1,10,0,3,0,39,26,400,1100,37
SIM_COVER_USE,3,20,0,0
SIM,3,0,1,2,21,0,10,0,3,0,39,26,1000,500,45
SIM_COVER_USE,3,21,0,0
SIM,3,0,1,2,22,1,13,0,4,0,39,23,200,1500,31
SIM_COVER_USE,3,22,0,0
SIM,3,0,1,2,23,0,11,3,4,1,39,23,700,100,45
SIM_COVER_USE,3,23,0,0
SIM,3,0,1,2,24,1,11,0,4,0,39,20,400,1100,29
SIM_COVER_USE,3,24,0,0
SIM,3,0,1,2,25,0,11,0,4,0,39,20,900,1100,45
SIM_COVER_USE,3,25,0,0
SIM,3,0,1,2,26,1,11,0,4,0,39,16,300,2100,33
SIM_COVER_USE,3,26,0,0
SIM,3,0,1,2,27,0,9,3,3,1,39,16,1000,400,45
SIM_COVER_USE,3,27,0,0
SIM,3,0,1,2,28,1,12,3,4,1,39,12,200,1300,24
SIM_COVER_USE,3,28,0,0
SIM,3,0,1,2,29,0,10,3,4,1,39,12,800,400,45
SIM_COVER_USE,3,29,0,0
SIM,3,0,1,2,30,1,10,3,4,1,39,8,500,1300,35
SIM_COVER_USE,3,30,0,0
SIM,3,0,1,2,31,0,7,6,3,2,39,8,1200,200,45
SIM_COVER_USE,3,31,0,0
SIM,3,0,1,2,32,1,10,4,4,2,39,5,100,1000,26
SIM_COVER_USE,3,32,0,0
SIM,3,0,1,2,33,0,7,4,3,2,39,5,800,400,45
SIM_COVER_USE,3,33,0,0
SIM,3,0,1,2,34,1,7,3,3,1,39,3,500,1300,37
SIM_COVER_USE,3,34,0,0
SIM,3,0,1,2,35,0,4,6,2,2,39,3,1300,200,45
SIM_COVER_USE,3,35,0,0
SIM_END,3,0,1,2,35,0,0
SIM,4,0,1,3,1,0,6,0,1,0,40,40,1000,0,30
SIM_COVER_USE,4,1,1,0
SIM,4,0,1,3,2,1,9,0,2,0,40,39,200,1000,19
SIM_COVER_USE,4,2,1,0
SIM,4,0,1,3,3,0,7,3,2,1,40,39,900,200,45
SIM_COVER_USE,4,3,1,0
SIM,4,0,1,3,4,1,7,0,2,0,40,38,300,1200,27
SIM_COVER_USE,4,4,0,0
SIM,4,0,1,3,5,0,7,0,2,0,40,38,1000,300,45
SIM_COVER_USE,4,5,0,0
SIM,4,0,1,3,6,1,10,0,3,0,40,37,200,1300,34
SIM_COVER_USE,4,6,0,0
SIM,4,0,1,3,7,0,9,3,2,1,40,37,900,200,45
SIM_COVER_USE,4,7,0,0
SIM,4,0,1,3,8,1,9,0,2,0,40,37,300,1200,34
SIM_COVER_USE,4,8,0,0
SIM,4,0,1,3,9,0,9,0,2,0,40,37,1000,300,45
SIM_COVER_USE,4,9,0,0
SIM,4,0,1,3,10,1,12,0,3,0,40,35,200,1300,30
SIM_COVER_USE,4,10,0,0
SIM,4,0,1,3,11,0,10,3,3,1,40,35,800,200,45
SIM_COVER_USE,4,11,0,0
SIM,4,0,1,3,12,1,10,0,3,0,40,33,500,1200,32
SIM_COVER_USE,4,12,1,0
SIM,4,0,1,3,13,0,10,0,3,0,40,33,1100,300,45
SIM_COVER_USE,4,13,1,0
SIM,4,0,1,3,14,1,10,0,3,0,40,32,1100,1300,43
SIM_COVER_USE,4,14,1,0
SIM,4,0,1,3,15,0,9,3,2,1,40,32,1800,200,45
SIM_COVER_USE,4,15,1,0
SIM,4,0,1,3,16,1,12,0,3,0,40,30,100,1200,20
SIM_COVER_USE,4,16,1,0
SIM,4,0,1,3,17,0,12,0,3,0,40,30,700,300,45
SIM_COVER_USE,4,17,1,0
SIM,4,0,1,3,18,1,12,0,3,0,40,28,400,1300,37
SIM_COVER_USE,4,18,0,0
SIM,4,0,1,3,19,0,10,3,3,1,40,28,1000,200,45
SIM_COVER_USE,4,19,0,0
SIM,4,0,1,3,20,1,10,3,3,1,40,28,1000,1100,43
SIM_COVER_USE,4,20,1,0
SIM,4,0,1,3,21,0,9,3,2,1,40,28,1700,500,45
SIM_COVER_USE,4,21,1,0
SIM,4,0,1,3,22,1,12,0,3,0,40,27,300,1500,29
SIM_COVER_USE,4,22,1,0
SIM,4,0,1,3,23,0,11,3,3,1,40,27,900,100,45
SIM_COVER_USE,4,23,1,0
SIM,4,0,1,3,24,1,11,0,3,0,40,25,300,1100,32
SIM_COVER_USE,4,24,1,0
SIM,4,0,1,3,25,0,11,0,3,0,40,25,900,500,45
SIM_COVER_USE,4,25,1,0
SIM,4,0,1,3,26,1,11,0,3,0,40,24,900,1500,43
SIM_COVER_USE,4,26,1,0
SIM,4,0,1,3,27,0,9,3,3,1,40,24,1500,100,45
SIM_COVER_USE,4,27,1,0
SIM,4,0,1,3,28,1,12,0,4,0,40,21,100,1100,20
SIM_COVER_USE,4,28,1,0
SIM,4,0,1,3,29,0,12,0,4,0,40,21,600,500,45
SIM_COVER_USE,4,29,1,0
SIM,4,0,1,3,30,1,12,0,4,0,40,18,300,1500,35
SIM_COVER_USE,4,30,0,0
SIM,4,0,1,3,31,0,11,3,3,1,40,18,900,100,45
SIM_COVER_USE,4,31,0,0
SIM,4,0,1,3,32,1,14,0,4,0,40,16,100,1100,29
SIM_COVER_USE,4,32,0,0
SIM,4,0,1,3,33,0,14,0,4,0,40,16,600,500,45
SIM_COVER_USE,4,33,0,0
SIM,4,0,1,3,34,1,14,0,4,0,40,12,300,1500,29
SIM_COVER_USE,4,34,0,0
SIM,4,0,1,3,35,0,12,3,4,1,40,12,800,400,45
SIM_COVER_USE,4,35,0,0
SIM,4,0,1,3,36,1,12,0,4,0,40,9,500,1400,35
SIM_COVER_USE,4,36,0,0
SIM,4,0,1,3,37,0,12,0,4,0,40,9,1000,1400,45
SIM_COVER_USE,4,37,0,0
SIM,4,0,1,3,38,1,12,0,4,0,40,5,400,2400,33
SIM_COVER_USE,4,38,0,0
SIM,4,0,1,3,39,0,10,3,4,1,40,5,900,400,45
SIM_COVER_USE,4,39,0,0
SIM,4,0,1,3,40,1,10,0,4,0,40,2,300,1400,33
SIM_COVER_USE,4,40,0,0
SIM,4,0,1,3,41,0,10,0,4,0,40,2,800,1400,45
SIM_COVER_USE,4,41,0,0
SIM_END,4,0,1,3,41,0,0
SIM,5,0,1,4,1,0,6,0,1,0,40,40,1000,0,30
SIM_COVER_USE,5,1,1,0
SIM,5,0,1,4,2,1,9,0,2,0,40,39,200,1000,19
SIM_COVER_USE,5,2,1,0
SIM,5,0,1,4,3,0,7,3,2,1,40,39,900,200,45
SIM_COVER_USE,5,3,1,0
SIM,5,0,1,4,4,1,7,0,2,0,40,38,300,1200,19
SIM_COVER_USE,5,4,0,0
SIM,5,0,1,4,5,0,7,0,2,0,40,38,1000,300,45
SIM_COVER_USE,5,5,0,0
SIM,5,0,1,4,6,1,10,0,3,0,40,37,200,1300,34
SIM_COVER_USE,5,6,0,0
SIM,5,0,1,4,7,0,9,3,2,1,40,37,900,200,45
SIM_COVER_USE,5,7,0,0
SIM,5,0,1,4,8,1,9,0,2,0,40,37,300,1200,34
SIM_COVER_USE,5,8,0,0
SIM,5,0,1,4,9,0,9,0,2,0,40,37,1000,300,45
SIM_COVER_USE,5,9,0,0
SIM,5,0,1,4,10,1,12,0,3,0,40,35,200,1300,30
SIM_COVER_USE,5,10,0,0
SIM,5,0,1,4,11,0,10,3,3,1,40,35,800,200,45
SIM_COVER_USE,5,11,0,0
SIM,5,0,1,4,12,1,10,0,3,0,40,33,500,1200,32
SIM_COVER_USE,5,12,1,0
SIM,5,0,1,4,13,0,10,0,3,0,40,33,1100,300,45
SIM_COVER_USE,5,13,1,0
SIM,5,0,1,4,14,1,13,0,4,0,40,30,300,1300,24
SIM_COVER_USE,5,14,0,0
SIM,5,0,1,4,15,0,12,3,3,1,40,30,900,200,45
SIM_COVER_USE,5,15,0,0
SIM,5,0,1,4,16,1,12,0,3,0,40,28,300,1200,33
SIM_COVER_USE,5,16,0,0
SIM,5,0,1,4,17,0,12,0,3,0,40,28,900,300,45
SIM_COVER_USE,5,17,0,0
SIM,5,0,1,4,18,1,15,0,4,0,40,25,100,1300,31
SIM_COVER_USE,5,18,0,0
SIM,5,0,1,4,19,0,13,3,4,1,40,25,600,200,45
SIM_COVER_USE,5,19,0,0
SIM,5,0,1,4,20,1,13,0,4,0,40,22,300,1200,29
SIM_COVER_USE,5,20,0,0
SIM,5,0,1,4,21,0,13,0,4,0,40,22,800,1200,45
SIM_COVER_USE,5,21,0,0
SIM,5,0,1,4,22,1,13,0,4,0,40,18,500,2200,35
SIM_COVER_USE,5,22,0,0
SIM,5,0,1,4,23,0,11,3,4,1,40,18,1000,500,45
SIM_COVER_USE,5,23,0,0
SIM,5,0,1,4,24,1,11,0,4,0,40,15,400,1500,33
SIM_COVER_USE,5,24,0,0
SIM,5,0,1,4,25,0,11,0,4,0,40,15,900,1500,45
SIM_COVER_USE,5,25,0,0
SIM,5,0,1,4,26,1,11,0,4,0,40,11,300,2500,33
SIM_COVER_USE,5,26,0,0
SIM,5,0,1,4,27,0,9,3,3,1,40,11,1000,500,45
SIM_COVER_USE,5,27,0,0
SIM,5,0,1,4,28,1,12,3,4,1,40,7,200,1400,24
SIM_COVER_USE,5,28,0,0
SIM,5,0,1,4,29,0,10,3,4,1,40,7,800,500,45
SIM_COVER_USE,5,29,0,0
SIM,5,0,1,4,30,1,10,3,4,1,40,3,500,1400,35
SIM_COVER_USE,5,30,0,0
SIM,5,0,1,4,31,0,7,6,3,2,40,3,1200,300,45
SIM_COVER_USE,5,31,0,0
SIM,5,0,1,4,32,1,7,6,3,2,40,2,1200,1100,43
SIM_COVER_USE,5,32,0,0
SIM,5,0,1,4,33,0,4,6,2,2,40,2,2000,500,45
SIM_COVER_USE,5,33,0,0
SIM_END,5,0,1,4,33,0,0
SIM,6,0,1,5,1,0,6,0,1,0,40,40,1000,0,30
SIM_COVER_USE,6,1,0,0
SIM,6,0,1,5,2,1,9,0,2,0,40,39,200,1000,1
SIM_COVER_USE,6,2,1,0
SIM,6,0,1,5,3,0,8,3,2,1,40,39,900,200,31
SIM_COVER_USE,6,3,1,0
SIM,6,0,1,5,4,1,8,0,2,0,40,38,300,1200,23
SIM_COVER_USE,6,4,1,0
SIM,6,0,1,5,5,0,8,0,2,0,40,38,1000,300,45
SIM_COVER_USE,6,5,1,0
SIM,6,0,1,5,6,1,11,0,3,0,40,36,200,1300,29
SIM_COVER_USE,6,6,0,0
SIM,6,0,1,5,7,0,9,3,3,1,40,36,800,200,45
SIM_COVER_USE,6,7,0,0
SIM,6,0,1,5,8,1,9,0,3,0,40,34,500,1200,34
SIM_COVER_USE,6,8,0,0
SIM,6,0,1,5,9,0,9,0,3,0,40,34,1100,300,45
SIM_COVER_USE,6,9,0,0
SIM,6,0,1,5,10,1,9,0,3,0,40,33,1100,1300,43
SIM_COVER_USE,6,10,0,0
SIM,6,0,1,5,11,0,7,3,3,1,40,33,1700,200,45
SIM_COVER_USE,6,11,0,0
SIM,6,0,1,5,12,1,10,0,4,0,40,31,300,1200,27
SIM_COVER_USE,6,12,0,0
SIM,6,0,1,5,13,0,10,0,4,0,40,31,800,300,45
SIM_COVER_USE,6,13,0,0
SIM,6,0,1,5,14,1,10,0,4,0,40,27,500,1300,29
SIM_COVER_USE,6,14,0,0
SIM,6,0,1,5,15,0,9,3,3,1,40,27,1200,500,45
SIM_COVER_USE,6,15,0,0
SIM,6,0,1,5,16,1,12,3,4,1,40,23,100,1400,22
SIM_COVER_USE,6,16,0,0
SIM,6,0,1,5,17,0,10,3,4,1,40,23,700,500,45
SIM_COVER_USE,6,17,0,0
SIM,6,0,1,5,18,1,10,3,4,1,40,19,400,1400,35
SIM_COVER_USE,6,18,0,0
SIM,6,0,1,5,19,0,7,6,3,2,40,19,1100,300,45
SIM_COVER_USE,6,19,0,0
SIM,6,0,1,5,20,1,7,6,3,2,40,18,1100,1100,43
SIM_COVER_USE,6,20,0,0
SIM,6,0,1,5,21,0,4,6,2,2,40,18,1900,500,45
SIM_COVER_USE,6,21,0,0
SIM,6,0,1,5,22,1,7,4,3,2,40,16,200,1300,24
SIM_COVER_USE,6,22,0,0
SIM,6,0,1,5,23,0,3,7,1,3,40,16,1100,200,45
SIM_COVER_USE,6,23,0,0
SIM,6,0,1,5,24,1,3,7,1,3,40,16,1100,900,43
SIM_COVER_USE,6,24,0,0
SIM,6,0,1,5,25,0,0,7,0,3,39,16,2100,300,45
SIM_COVER_USE,6,25,0,0
SIM,6,0,1,5,26,1,3,6,1,2,39,16,100,1100,22
SIM_COVER_USE,6,26,0,0
SIM,6,0,1,5,27,0,0,9,0,3,38,16,1100,300,45
SIM_COVER_USE,6,27,0,0
SIM,6,0,1,5,28,1,0,9,0,3,38,16,500,1000,41
SIM_COVER_USE,6,28,0,0
SIM,6,0,1,5,29,0,0,9,0,3,37,16,1500,400,45
SIM_COVER_USE,6,29,0,0
SIM,6,0,1,5,30,1,3,7,1,3,37,16,100,1100,32
SIM_COVER_USE,6,30,0,0
SIM,6,0,1,5,31,0,0,10,0,4,35,16,1100,300,45
SIM_COVER_USE,6,31,0,1
SIM,6,0,1,5,32,1,0,10,0,4,35,16,500,900,41
SIM_COVER_USE,6,32,0,1
SIM,6,0,1,5,33,0,0,10,0,4,31,16,1500,300,45
SIM_COVER_USE,6,33,0,0
SIM,6,0,1,5,34,1,3,9,1,3,31,16,400,1000,34
SIM_COVER_USE,6,34,0,0
SIM,6,0,1,5,35,0,1,12,1,4,28,16,1300,200,45
SIM_COVER_USE,6,35,0,0
SIM,6,0,1,5,36,1,1,10,1,4,28,16,400,800,37
SIM_COVER_USE,6,36,0,0
SIM,6,0,1,5,37,0,0,10,0,4,25,16,1400,500,45
SIM_COVER_USE,6,37,0,0
SIM,6,0,1,5,38,1,3,9,1,3,25,16,300,1200,34
SIM_COVER_USE,6,38,0,0
SIM,6,0,1,5,39,0,1,12,1,4,22,16,1200,100,45
SIM_COVER_USE,6,39,0,0
SIM,6,0,1,5,40,1,1,10,1,4,22,16,300,700,37
SIM_COVER_USE,6,40,0,0
SIM,6,0,1,5,41,0,0,10,0,4,19,16,1300,400,45
SIM_COVER_USE,6,41,0,0
SIM,6,0,1,5,42,1,3,10,1,4,19,16,1100,1000,44
SIM_COVER_USE,6,42,0,0
SIM,6,0,1,5,43,0,3,10,1,4,15,16,2000,400,45
SIM_COVER_USE,6,43,0,0
SIM,6,0,1,5,44,1,3,9,1,3,15,16,500,1100,31
SIM_COVER_USE,6,44,0,0
SIM,6,0,1,5,45,0,1,12,1,4,12,16,1400,300,45
SIM_COVER_USE,6,45,0,0
SIM,6,0,1,5,46,1,4,9,2,3,12,16,300,1000,32
SIM_COVER_USE,6,46,0,0
SIM,6,0,1,5,47,0,3,9,1,3,10,16,1200,400,45
SIM_COVER_USE,6,47,0,0
SIM,6,0,1,5,48,1,3,7,1,3,10,16,300,1100,35
SIM_COVER_USE,6,48,0,0
SIM,6,0,1,5,49,0,1,10,1,4,7,16,1200,300,45
SIM_COVER_USE,6,49,0,0
SIM,6,0,1,5,50,1,1,9,1,3,7,16,1200,1000,43
SIM_COVER_USE,6,50,0,0
SIM,6,0,1,5,51,0,0,9,0,3,5,16,2200,400,45
SIM_COVER_USE,6,51,0,0
SIM,6,0,1,5,52,1,3,7,1,3,5,16,200,1100,28
SIM_COVER_USE,6,52,0,0
SIM,6,0,1,5,53,0,0,10,0,4,3,16,1200,300,45
SIM_COVER_USE,6,53,0,0
SIM,6,0,1,5,54,1,0,10,0,4,3,16,300,900,39
SIM_COVER_USE,6,54,0,0
SIM_END,6,0,1,5,54,1,0
SIM,7,0,1,6,1,0,6,0,1,0,40,40,1000,0,30
SIM_COVER_USE,7,1,0,0
SIM,7,0,1,6,2,1,9,0,2,0,40,39,200,1000,1
SIM_COVER_USE,7,2,1,0
SIM,7,0,1,6,3,0,7,3,2,1,40,39,900,200,31
SIM_COVER_USE,7,3,1,0
SIM,7,0,1,6,4,1,7,3,2,1,40,39,900,1100,21
SIM_COVER_USE,7,4,0,0
SIM,7,0,1,6,5,0,6,3,1,1,40,39,1700,500,45
SIM_COVER_USE,7,5,0,0
SIM,7,0,1,6,6,1,9,0,2,0,40,38,300,1500,28
SIM_COVER_USE,7,6,0,0
SIM,7,0,1,6,7,0,7,3,2,1,40,38,1000,100,45
SIM_COVER_USE,7,7,0,0
SIM,7,0,1,6,8,1,7,0,2,0,40,37,400,1100,37
SIM_COVER_USE,7,8,0,0
SIM,7,0,1,6,9,0,7,0,2,0,40,37,1100,500,45
SIM_COVER_USE,7,9,0,0
SIM,7,0,1,6,10,1,10,0,3,0,40,36,300,1500,36
SIM_COVER_USE,7,10,0,0
SIM,7,0,1,6,11,0,9,3,2,1,40,36,1000,100,45
SIM_COVER_USE,7,11,0,0
SIM,7,0,1,6,12,1,9,0,2,0,40,36,400,1100,34
SIM_COVER_USE,7,12,0,0
SIM,7,0,1,6,13,0,9,0,2,0,40,36,1100,500,45
SIM_COVER_USE,7,13,0,0
SIM,7,0,1,6,14,1,12,0,3,0,40,34,300,1500,30
SIM_COVER_USE,7,14,0,0
SIM,7,0,1,6,15,0,10,3,3,1,40,34,900,100,45
SIM_COVER_USE,7,15,0,0
SIM,7,0,1,6,16,1,10,0,3,0,40,32,300,1100,30
SIM_COVER_USE,7,16,1,0
SIM,7,0,1,6,17,0,10,0,3,0,40,32,900,500,45
SIM_COVER_USE,7,17,1,0
SIM,7,0,1,6,18,1,13,0,4,0,40,29,100,1500,24
SIM_COVER_USE,7,18,0,0
SIM,7,0,1,6,19,0,12,3,3,1,40,29,700,100,45
SIM_COVER_USE,7,19,0,0
SIM,7,0,1,6,20,1,12,0,3,0,40,27,400,1100,35
SIM_COVER_USE,7,20,0,0
SIM,7,0,1,6,21,0,12,0,3,0,40,27,1000,500,45
SIM_COVER_USE,7,21,0,0
SIM,7,0,1,6,22,1,15,0,4,0,40,24,200,1500,31
SIM_COVER_USE,7,22,0,0
SIM,7,0,1,6,23,0,13,3,4,1,40,24,700,100,45
SIM_COVER_USE,7,23,0,0
SIM,7,0,1,6,24,1,13,0,4,0,40,21,400,1100,29
SIM_COVER_USE,7,24,0,0
SIM,7,0,1,6,25,0,13,0,4,0,40,21,900,1100,45
SIM_COVER_USE,7,25,0,0
SIM,7,0,1,6,26,1,13,0,4,0,40,17,300,2100,33
SIM_COVER_USE,7,26,0,0
SIM,7,0,1,6,27,0,11,3,4,1,40,17,800,400,45
SIM_COVER_USE,7,27,0,0
SIM,7,0,1,6,28,1,11,0,4,0,40,14,500,1400,35
SIM_COVER_USE,7,28,0,0
SIM,7,0,1,6,29,0,11,0,4,0,40,14,1000,1400,45
SIM_COVER_USE,7,29,0,0
SIM,7,0,1,6,30,1,11,0,4,0,40,10,400,2400,33
SIM_COVER_USE,7,30,0,0
SIM,7,0,1,6,31,0,9,3,3,1,40,10,1100,400,45
SIM_COVER_USE,7,31,0,0
SIM,7,0,1,6,32,1,12,3,4,1,40,6,300,1300,24
SIM_COVER_USE,7,32,0,0
SIM,7,0,1,6,33,0,10,3,4,1,40,6,900,400,45
SIM_COVER_USE,7,33,0,0
SIM,7,0,1,6,34,1,10,3,4,1,40,2,300,1300,33
SIM_COVER_USE,7,34,0,0
SIM,7,0,1,6,35,0,7,6,3,2,40,2,1000,200,45
SIM_COVER_USE,7,35,0,0
SIM_END,7,0,1,6,35,0,0
SIM,8,1,1,0,1,0,0,6,0,1,40,40,1000,0,30
SIM_COVER_USE,8,1,0,0
SIM,8,1,1,0,2,1,3,4,1,1,40,40,200,800,19
SIM_COVER_USE,8,2,0,0
SIM,8,1,1,0,3,0,0,7,0,2,39,40,1200,300,45
SIM_COVER_USE,8,3,0,0
SIM,8,1,1,0,4,1,0,7,0,2,39,40,300,1000,39
SIM_COVER_USE,8,4,0,0
SIM,8,1,1,0,5,0,0,7,0,2,38,40,1300,400,45
SIM_COVER_USE,8,5,0,0
SIM,8,1,1,0,6,1,3,5,1,2,38,40,200,1100,34
SIM_COVER_USE,8,6,0,0
SIM,8,1,1,0,7,0,0,8,0,3,37,40,1200,300,45
SIM_COVER_USE,8,7,0,0
SIM,8,1,1,0,8,1,0,8,0,3,37,40,300,900,39
SIM_COVER_USE,8,8,0,0
SIM,8,1,1,0,9,0,0,8,0,3,34,40,1300,300,45
SIM_COVER_USE,8,9,0,0
SIM,8,1,1,0,10,1,3,7,1,2,34,40,200,1000,34
SIM_COVER_USE,8,10,0,0
SIM,8,1,1,0,11,0,0,10,0,3,32,40,1200,200,45
SIM_COVER_USE,8,11,0,0
SIM,8,1,1,0,12,1,0,10,0,3,32,40,300,800,39
SIM_COVER_USE,8,12,0,0
SIM,8,1,1,0,13,0,0,10,0,3,29,40,1300,500,45
SIM_COVER_USE,8,13,0,0
SIM,8,1,1,0,14,1,3,8,1,3,29,40,200,1100,36
SIM_COVER_USE,8,14,0,0
SIM,8,1,1,0,15,0,0,8,0,3,29,40,1200,1100,45
SIM_COVER_USE,8,15,0,0
SIM,8,1,1,0,16,1,0,8,0,3,29,40,300,1700,39
SIM_COVER_USE,8,16,0,0
SIM,8,1,1,0,17,0,0,11,0,4,26,40,1300,300,45
SIM_COVER_USE,8,17,0,0
SIM,8,1,1,0,18,1,3,9,1,3,26,40,200,1000,36
SIM_COVER_USE,8,18,0,0
SIM,8,1,1,0,19,0,3,9,1,3,23,40,1100,400,45
SIM_COVER_USE,8,19,0,0
SIM,8,1,1,0,20,1,3,7,1,3,23,40,500,1100,39
SIM_COVER_USE,8,20,0,0
SIM,8,1,1,0,21,0,1,10,1,4,20,40,1400,300,45
SIM_COVER_USE,8,21,0,1
SIM,8,1,1,0,22,1,4,7,2,3,20,40,300,1000,32
SIM_COVER_USE,8,22,0,1
SIM,8,1,1,0,23,0,3,7,1,3,18,40,1200,400,45
SIM_COVER_USE,8,23,0,1
SIM,8,1,1,0,24,1,3,6,1,2,18,40,300,1200,37
SIM_COVER_USE,8,24,0,1
SIM,8,1,1,0,25,0,3,9,1,3,15,40,1200,100,45
SIM_COVER_USE,8,25,0,0
SIM,8,1,1,0,26,1,6,6,2,2,15,40,100,900,26
SIM_COVER_USE,8,26,0,0
SIM,8,1,1,0,27,0,6,6,2,2,14,40,900,900,45
SIM_COVER_USE,8,27,0,0
SIM,8,1,1,0,28,1,6,3,2,1,14,40,300,1800,33
SIM_COVER_USE,8,28,0,0
SIM,8,1,1,0,29,0,4,6,2,2,13,40,1100,100,45
SIM_COVER_USE,8,29,0,0
SIM,8,1,1,0,30,1,7,1,3,1,13,40,300,1000,32
SIM_COVER_USE,8,30,0,0
SIM,8,1,1,0,31,0,6,1,2,1,13,40,1100,400,45
SIM_COVER_USE,8,31,0,0
SIM,8,1,1,0,32,1,6,0,2,0,13,39,500,1400,23
SIM_COVER_USE,8,32,0,0
SIM,8,1,1,0,33,0,4,3,2,1,13,39,1300,300,45
SIM_COVER_USE,8,33,0,0
SIM,8,1,1,0,34,1,7,0,3,0,13,38,200,1300,20
SIM_COVER_USE,8,34,1,0
SIM,8,1,1,0,35,0,7,0,3,0,13,38,900,400,45
SIM_COVER_USE,8,35,1,0
SIM,8,1,1,0,36,1,7,0,3,0,13,35,300,1400,29
SIM_COVER_USE,8,36,0,0
SIM,8,1,1,0,37,0,6,3,2,1,13,35,1100,300,45
SIM_COVER_USE,8,37,0,0
SIM,8,1,1,0,38,1,9,1,3,1,13,33,300,1200,30
SIM_COVER_USE,8,38,0,0
SIM,8,1,1,0,39,0,7,1,3,1,13,33,1000,300,45
SIM_COVER_USE,8,39,0,0
SIM,8,1,1,0,40,1,7,0,3,0,13,31,400,1300,33
SIM_COVER_USE,8,40,0,0
SIM,8,1,1,0,41,0,6,3,2,1,13,31,1200,200,45
SIM_COVER_USE,8,41,0,0
SIM,8,1,1,0,42,1,9,3,3,1,13,28,100,1100,24
SIM_COVER_USE,8,42,0,0
SIM,8,1,1,0,43,0,7,3,3,1,13,28,800,500,45
SIM_COVER_USE,8,43,0,0
SIM,8,1,1,0,44,1,7,3,3,1,13,25,500,1400,37
SIM_COVER_USE,8,44,0,0
SIM,8,1,1,0,45,0,4,6,2,2,13,25,1300,300,45
SIM_COVER_USE,8,45,0,0
SIM,8,1,1,0,46,1,7,4,3,2,13,23,200,1100,28
SIM_COVER_USE,8,46,0,0
SIM,8,1,1,0,47,0,4,4,2,2,13,23,1000,500,45
SIM_COVER_USE,8,47,0,0
SIM,8,1,1,0,48,1,4,3,2,1,13,22,400,1400,37
SIM_COVER_USE,8,48,0,0
SIM,8,1,1,0,49,0,1,6,1,2,13,22,1300,300,45
SIM_COVER_USE,8,49,0,0
SIM,8,1,1,0,50,1,4,4,2,2,13,21,200,1100,30
SIM_COVER_USE,8,50,1,0
SIM,8,1,1,0,51,0,2,4,1,2,13,21,1100,500,45
SIM_COVER_USE,8,51,1,0
SIM,8,1,1,0,52,1,2,3,1,1,13,21,500,1400,39
SIM_COVER_USE,8,52,1,0
SIM,8,1,1,0,53,0,2,6,1,2,13,21,1400,300,45
SIM_COVER_USE,8,53,1,1
SIM,8,1,1,0,54,1,5,6,2,2,13,20,300,1100,28
SIM_COVER_USE,8,54,1,1
SIM,8,1,1,0,55,0,3,6,1,2,13,20,1200,500,45
SIM_COVER_USE,8,55,1,1
SIM,8,1,1,0,56,1,3,4,1,2,13,20,300,1300,35
SIM_COVER_USE,8,56,0,1
SIM,8,1,1,0,57,0,0,7,0,3,12,20,1300,200,45
SIM_COVER_USE,8,57,0,0
SIM,8,1,1,0,58,1,3,6,1,2,12,20,200,1000,28
SIM_COVER_USE,8,58,0,0
SIM,8,1,1,0,59,0,1,6,1,2,11,20,1100,400,45
SIM_COVER_USE,8,59,0,0
SIM,8,1,1,0,60,1,1,4,1,2,11,20,500,1200,39
SIM_COVER_USE,8,60,0,0
SIM,8,1,1,0,61,0,0,4,0,2,11,20,1500,1200,45
SIM_COVER_USE,8,61,0,0
SIM,8,1,1,0,62,1,3,3,1,1,11,20,100,2100,30
SIM_COVER_USE,8,62,1,0
SIM,8,1,1,0,63,0,2,6,1,2,10,20,1000,100,45
SIM_COVER_USE,8,63,1,0
SIM,8,1,1,0,64,1,2,4,1,2,10,20,400,900,39
SIM_COVER_USE,8,64,1,0
SIM,8,1,1,0,65,0,2,4,1,2,9,20,1300,900,45
SIM_COVER_USE,8,65,1,0
SIM,8,1,1,0,66,1,5,1,2,1,9,20,200,1800,32
SIM_COVER_USE,8,66,1,0
SIM,8,1,1,0,67,0,4,4,2,2,8,20,1000,100,45
SIM_COVER_USE,8,67,1,0
SIM,8,1,1,0,68,1,4,1,2,1,8,20,400,1000,37
SIM_COVER_USE,8,68,1,0
SIM,8,1,1,0,69,0,3,1,1,1,8,20,1300,400,45
SIM_COVER_USE,8,69,0,0
SIM,8,1,1,0,70,1,6,0,2,0,8,19,200,1400,26
SIM_COVER_USE,8,70,0,0
SIM,8,1,1,0,71,0,4,3,2,1,8,19,1000,300,45
SIM_COVER_USE,8,71,0,0
SIM,8,1,1,0,72,1,4,1,2,1,8,18,400,1200,37
SIM_COVER_USE,8,72,0,0
SIM,8,1,1,0,73,0,3,1,1,1,8,18,1300,300,45
SIM_COVER_USE,8,73,0,0
SIM,8,1,1,0,74,1,6,0,2,0,8,17,200,1300,30
SIM_COVER_USE,8,74,0,0
SIM,8,1,1,0,75,0,4,3,2,1,8,17,1000,200,45
SIM_COVER_USE,8,75,0,0
SIM,8,1,1,0,76,1,4,1,2,1,8,16,400,1100,37
SIM_COVER_USE,8,76,0,0
SIM,8,1,1,0,77,0,3,1,1,1,8,16,1300,500,45
SIM_COVER_USE,8,77,0,0
SIM,8,1,1,0,78,1,6,0,2,0,8,15,200,1500,30
SIM_COVER_USE,8,78,0,0
SIM,8,1,1,0,79,0,4,3,2,1,8,15,1000,100,45
SIM_COVER_USE,8,79,0,0
SIM,8,1,1,0,80,1,4,1,2,1,8,14,400,1000,37
SIM_COVER_USE,8,80,0,0
SIM_END,8,1,1,0,80,1,0
SIM,9,1,1,1,1,0,0,6,0,1,40,40,1000,0,30
SIM_COVER_USE,9,1,0,0
SIM,9,1,1,1,2,1,3,4,1,1,40,40,200,800,19
SIM_COVER_USE,9,2,0,0
SIM,9,1,1,1,3,0,0,7,0,2,39,40,1200,300,45
SIM_COVER_USE,9,3,0,0
SIM,9,1,1,1,4,1,0,7,0,2,39,40,300,1000,39
SIM_COVER_USE,9,4,0,0
SIM,9,1,1,1,5,0,0,7,0,2,38,40,1300,400,45
SIM_COVER_USE,9,5,0,0
SIM,9,1,1,1,6,1,3,5,1,2,38,40,200,1100,34
SIM_COVER_USE,9,6,0,0
SIM,9,1,1,1,7,0,0,8,0,3,37,40,1200,300,45
SIM_COVER_USE,9,7,0,0
SIM,9,1,1,1,8,1,0,8,0,3,37,40,300,900,39
SIM_COVER_USE,9,8,0,0
SIM,9,1,1,1,9,0,0,8,0,3,34,40,1300,300,45
SIM_COVER_USE,9,9,0,0
SIM,9,1,1,1,10,1,3,7,1,2,34,40,200,1000,34
SIM_COVER_USE,9,10,0,0
SIM,9,1,1,1,11,0,0,10,0,3,32,40,1200,200,45
SIM_COVER_USE,9,11,0,0
SIM,9,1,1,1,12,1,0,10,0,3,32,40,300,800,39
SIM_COVER_USE,9,12,0,0
SIM,9,1,1,1,13,0,0,10,0,3,29,40,1300,500,45
SIM_COVER_USE,9,13,0,0
SIM,9,1,1,1,14,1,3,8,1,3,29,40,200,1100,36
SIM_COVER_USE,9,14,0,0
SIM,9,1,1,1,15,0,0,11,0,4,27,40,1200,300,45
SIM_COVER_USE,9,15,0,0
SIM,9,1,1,1,16,1,0,11,0,4,27,40,300,800,39
SIM_COVER_USE,9,16,0,0
SIM,9,1,1,1,17,0,0,11,0,4,26,40,1300,800,45
SIM_COVER_USE,9,17,0,0
SIM,9,1,1,1,18,1,3,9,1,3,26,40,200,1500,36
SIM_COVER_USE,9,18,0,0
SIM,9,1,1,1,19,0,3,9,1,3,25,40,1100,1500,45
SIM_COVER_USE,9,19,0,0
SIM,9,1,1,1,20,1,3,7,1,3,25,40,500,2200,37
SIM_COVER_USE,9,20,0,0
SIM,9,1,1,1,21,0,0,10,0,4,23,40,1500,200,45
SIM_COVER_USE,9,21,0,1
SIM,9,1,1,1,22,1,3,9,1,3,23,40,100,900,32
SIM_COVER_USE,9,22,0,1
SIM,9,1,1,1,23,0,0,9,0,3,22,40,1100,300,45
SIM_COVER_USE,9,23,0,1
SIM,9,1,1,1,24,1,0,9,0,3,22,40,500,1000,41
SIM_COVER_USE,9,24,0,1
SIM,9,1,1,1,25,0,0,12,0,4,19,40,1500,200,45
SIM_COVER_USE,9,25,0,0
SIM,9,1,1,1,26,1,3,10,1,4,19,40,100,800,34
SIM_COVER_USE,9,26,0,0
SIM,9,1,1,1,27,0,1,10,1,4,16,40,1000,500,45
SIM_COVER_USE,9,27,0,1
SIM,9,1,1,1,28,1,1,9,1,3,16,40,400,1200,39
SIM_COVER_USE,9,28,0,1
SIM,9,1,1,1,29,0,0,12,0,4,13,40,1400,100,45
SIM_COVER_USE,9,29,0,1
SIM,9,1,1,1,30,1,3,10,1,4,13,40,300,700,36
SIM_COVER_USE,9,30,0,1
SIM,9,1,1,1,31,0,1,10,1,4,10,40,1200,400,45
SIM_COVER_USE,9,31,0,1
SIM,9,1,1,1,32,1,1,9,1,3,10,40,300,1100,37
SIM_COVER_USE,9,32,0,1
SIM,9,1,1,1,33,0,0,12,0,4,7,40,1300,300,45
SIM_COVER_USE,9,33,0,1
SIM,9,1,1,1,34,1,3,10,1,4,7,40,200,900,36
SIM_COVER_USE,9,34,0,1
SIM,9,1,1,1,35,0,1,10,1,4,4,40,1100,300,45
SIM_COVER_USE,9,35,0,1
SIM,9,1,1,1,36,1,1,9,1,3,4,40,500,1000,39
SIM_COVER_USE,9,36,0,1
SIM,9,1,1,1,37,0,0,12,0,4,1,40,1500,200,45
SIM_COVER_USE,9,37,0,1
SIM,9,1,1,1,38,1,3,10,1,4,1,40,100,800,34
SIM_COVER_USE,9,38,0,1
SIM_END,9,1,1,1,38,1,0
SIM,10,1,1,2,1,0,0,6,0,1,40,40,1000,0,30
SIM_COVER_USE,10,1,0,0
SIM,10,1,1,2,2,1,3,6,1,1,40,39,200,800,19
SIM_COVER_USE,10,2,0,0
SIM,10,1,1,2,3,0,0,9,0,2,39,39,1200,300,45
SIM_COVER_USE,10,3,0,0
SIM,10,1,1,2,4,1,0,9,0,2,39,39,300,1000,39
SIM_COVER_USE,10,4,0,0
SIM,10,1,1,2,5,0,0,9,0,2,38,39,1300,1000,45
SIM_COVER_USE,10,5,0,0
SIM,10,1,1,2,6,1,3,7,1,2,38,39,200,1700,34
SIM_COVER_USE,10,6,0,0
SIM,10,1,1,2,7,0,0,10,0,3,37,39,1200,300,45
SIM_COVER_USE,10,7,0,0
SIM,10,1,1,2,8,1,0,10,0,3,37,39,300,900,39
SIM_COVER_USE,10,8,0,0
SIM,10,1,1,2,9,0,0,10,0,3,34,39,1300,300,45
SIM_COVER_USE,10,9,0,0
SIM,10,1,1,2,10,1,3,9,1,2,34,39,200,1000,34
SIM_COVER_USE,10,10,0,0
SIM,10,1,1,2,11,0,0,12,0,3,32,39,1200,200,45
SIM_COVER_USE,10,11,0,0
SIM,10,1,1,2,12,1,0,12,0,3,32,39,300,800,39
SIM_COVER_USE,10,12,0,0
SIM,10,1,1,2,13,0,0,12,0,3,29,39,1300,500,45
SIM_COVER_USE,10,13,0,0
SIM,10,1,1,2,14,1,3,10,1,3,29,39,200,1100,36
SIM_COVER_USE,10,14,0,0
SIM,10,1,1,2,15,0,0,13,0,4,27,39,1200,300,45
SIM_COVER_USE,10,15,0,0
SIM,10,1,1,2,16,1,0,13,0,4,27,39,300,800,39
SIM_COVER_USE,10,16,0,0
SIM,10,1,1,2,17,0,0,13,0,4,23,39,1300,500,45
SIM_COVER_USE,10,17,0,0
SIM,10,1,1,2,18,1,3,11,1,4,23,39,500,1000,38
SIM_COVER_USE,10,18,0,0
SIM,10,1,1,2,19,0,0,11,0,4,23,39,1500,1000,45
SIM_COVER_USE,10,19,0,0
SIM,10,1,1,2,20,1,0,11,0,4,23,39,1500,1500,45
SIM_COVER_USE,10,20,0,0
SIM,10,1,1,2,21,0,0,11,0,4,19,39,2500,300,45
SIM_COVER_USE,10,21,0,0
SIM,10,1,1,2,22,1,3,9,1,3,19,39,500,1000,30
SIM_COVER_USE,10,22,0,0
SIM,10,1,1,2,23,0,3,12,1,4,15,39,1400,200,45
SIM_COVER_USE,10,23,0,0
SIM,10,1,1,2,24,1,3,10,1,4,15,39,500,800,37
SIM_COVER_USE,10,24,0,0
SIM,10,1,1,2,25,0,3,10,1,4,11,39,1400,500,45
SIM_COVER_USE,10,25,0,0
SIM,10,1,1,2,26,1,6,7,2,3,11,39,300,1200,34
SIM_COVER_USE,10,26,0,0
SIM,10,1,1,2,27,0,6,10,2,4,7,39,1100,100,45
SIM_COVER_USE,10,27,0,0
SIM,10,1,1,2,28,1,6,7,2,3,7,39,500,800,37
SIM_COVER_USE,10,28,0,0
SIM,10,1,1,2,29,0,6,7,2,3,4,39,1300,500,45
SIM_COVER_USE,10,29,0,0
SIM,10,1,1,2,30,1,9,3,3,1,4,39,200,1400,26
SIM_COVER_USE,10,30,0,0
SIM,10,1,1,2,31,0,9,6,3,2,3,39,900,300,45
SIM_COVER_USE,10,31,0,0
SIM,10,1,1,2,32,1,9,3,3,1,3,39,300,1200,32
SIM_COVER_USE,10,32,0,0
SIM,10,1,1,2,33,0,9,3,3,1,2,39,1000,300,45
SIM_COVER_USE,10,33,0,0
SIM,10,1,1,2,34,1,12,0,4,0,2,37,200,1300,10
SIM_COVER_USE,10,34,0,0
SIM,10,1,1,2,35,0,10,3,4,1,2,37,800,200,40
SIM_COVER_USE,10,35,0,0
SIM,10,1,1,2,36,1,10,1,4,1,2,34,500,1100,10
SIM_COVER_USE,10,36,1,0
SIM,10,1,1,2,37,0,9,1,3,1,2,34,1200,500,40
SIM_COVER_USE,10,37,1,0
SIM,10,1,1,2,38,1,12,0,4,0,2,31,100,1500,17
SIM_COVER_USE,10,38,1,0
SIM,10,1,1,2,39,0,10,3,4,1,2,31,700,100,45
SIM_COVER_USE,10,39,1,0
SIM,10,1,1,2,40,1,10,1,4,1,2,28,400,1000,35
SIM_COVER_USE,10,40,1,0
SIM,10,1,1,2,41,0,9,1,3,1,2,28,1100,400,45
SIM_COVER_USE,10,41,1,0
SIM,10,1,1,2,42,1,12,0,4,0,2,25,300,1400,24
SIM_COVER_USE,10,42,1,0
SIM,10,1,1,2,43,0,10,3,4,1,2,25,900,300,45
SIM_COVER_USE,10,43,1,0
SIM,10,1,1,2,44,1,10,1,4,1,2,22,300,1200,33
SIM_COVER_USE,10,44,1,0
SIM,10,1,1,2,45,0,9,1,3,1,2,22,1000,300,45
SIM_COVER_USE,10,45,1,0
SIM,10,1,1,2,46,1,12,0,4,0,2,19,200,1300,24
SIM_COVER_USE,10,46,1,0
SIM,10,1,1,2,47,0,10,3,4,1,2,19,800,200,45
SIM_COVER_USE,10,47,1,0
SIM,10,1,1,2,48,1,10,1,4,1,2,16,500,1100,35
SIM_COVER_USE,10,48,1,0
SIM,10,1,1,2,49,0,9,1,3,1,2,16,1200,500,45
SIM_COVER_USE,10,49,1,0
SIM,10,1,1,2,50,1,12,0,4,0,2,13,100,1500,22
SIM_COVER_USE,10,50,1,0
SIM,10,1,1,2,51,0,10,3,4,1,2,13,700,100,45
SIM_COVER_USE,10,51,1,0
SIM,10,1,1,2,52,1,10,1,4,1,2,10,400,1000,35
SIM_COVER_USE,10,52,1,0
SIM,10,1,1,2,53,0,9,1,3,1,2,10,1100,400,45
SIM_COVER_USE,10,53,1,0
SIM,10,1,1,2,54,1,12,0,4,0,2,7,300,1400,24
SIM_COVER_USE,10,54,1,0
SIM,10,1,1,2,55,0,10,3,4,1,2,7,900,300,45
SIM_COVER_USE,10,55,1,0
SIM,10,1,1,2,56,1,10,1,4,1,2,4,300,1200,33
SIM_COVER_USE,10,56,1,0
SIM,10,1,1,2,57,0,9,1,3,1,2,4,1000,300,45
SIM_COVER_USE,10,57,1,0
SIM,10,1,1,2,58,1,12,0,4,0,2,1,200,1300,24
SIM_COVER_USE,10,58,1,0
SIM,10,1,1,2,59,0,10,3,4,1,2,1,800,200,45
SIM_COVER_USE,10,59,1,0
SIM_END,10,1,1,2,59,0,0
SIM,11,1,1,3,1,0,0,6,0,1,40,40,1000,0,30
SIM_COVER_USE,11,1,0,1
SIM,11,1,1,3,2,1,3,6,1,1,40,40,200,800,21
SIM_COVER_USE,11,2,1,1
SIM,11,1,1,3,3,0,0,9,0,2,40,40,1200,300,45
SIM_COVER_USE,11,3,0,1
SIM,11,1,1,3,4,1,0,9,0,2,40,40,300,1000,39
SIM_COVER_USE,11,4,0,1
SIM,11,1,1,3,5,0,0,9,0,2,40,40,1300,400,45
SIM_COVER_USE,11,5,0,1
SIM,11,1,1,3,6,1,3,7,1,2,40,40,200,1100,32
SIM_COVER_USE,11,6,1,1
SIM,11,1,1,3,7,0,3,21,1,2,40,40,1100,500,45
SIM_COVER_USE,11,7,1,1
SIM,11,1,1,3,8,1,3,20,1,1,40,40,500,1300,39
SIM_COVER_USE,11,8,1,1
SIM,11,1,1,3,9,0,3,6,1,1,40,40,1400,1600,45
SIM_COVER_USE,11,9,1,1
SIM,11,1,1,3,10,1,6,6,2,1,40,39,300,2400,28
SIM_COVER_USE,11,10,1,1
SIM,11,1,1,3,11,0,3,9,1,2,39,39,1200,100,45
SIM_COVER_USE,11,11,1,1
SIM,11,1,1,3,12,1,3,9,1,2,39,38,300,800,33
SIM_COVER_USE,11,12,0,1
SIM,11,1,1,3,13,0,0,9,0,2,38,38,1300,500,45
SIM_COVER_USE,11,13,0,1
SIM,11,1,1,3,14,1,3,7,1,2,38,38,200,1200,34
SIM_COVER_USE,11,14,0,1
SIM,11,1,1,3,15,0,0,10,0,3,36,38,1200,100,45
SIM_COVER_USE,11,15,0,0
SIM,11,1,1,3,16,1,0,10,0,3,36,38,300,700,39
SIM_COVER_USE,11,16,0,0
SIM,11,1,1,3,17,0,0,10,0,3,34,38,1300,400,45
SIM_COVER_USE,11,17,0,0
SIM,11,1,1,3,18,1,3,9,1,2,34,38,200,1100,34
SIM_COVER_USE,11,18,0,0
SIM,11,1,1,3,19,0,0,12,0,3,33,38,1200,300,45
SIM_COVER_USE,11,19,0,0
SIM,11,1,1,3,20,1,0,12,0,3,33,38,300,900,39
SIM_COVER_USE,11,20,0,0
SIM,11,1,1,3,21,0,0,12,0,3,30,38,1300,300,45
SIM_COVER_USE,11,21,0,0
SIM,11,1,1,3,22,1,3,10,1,3,30,38,200,900,36
SIM_COVER_USE,11,22,0,0
SIM,11,1,1,3,23,0,0,13,0,4,27,38,1200,100,45
SIM_COVER_USE,11,23,0,1
SIM,11,1,1,3,24,1,0,13,0,4,27,38,300,600,39
SIM_COVER_USE,11,24,0,1
SIM,11,1,1,3,25,0,0,13,0,4,24,38,1300,300,45
SIM_COVER_USE,11,25,0,0
SIM,11,1,1,3,26,1,3,12,1,3,24,38,200,900,36
SIM_COVER_USE,11,26,0,0
SIM,11,1,1,3,27,0,3,12,1,3,24,38,1100,900,45
SIM_COVER_USE,11,27,0,0
SIM,11,1,1,3,28,1,3,10,1,3,24,38,500,1500,39
SIM_COVER_USE,11,28,0,0
SIM,11,1,1,3,29,0,0,13,0,4,22,38,1500,100,45
SIM_COVER_USE,11,29,0,0
SIM,11,1,1,3,30,1,3,11,1,4,22,38,100,600,34
SIM_COVER_USE,11,30,0,0
SIM,11,1,1,3,31,0,0,11,0,4,19,38,1100,300,45
SIM_COVER_USE,11,31,0,0
SIM,11,1,1,3,32,1,0,11,0,4,19,38,1100,800,45
SIM_COVER_USE,11,32,0,0
SIM,11,1,1,3,33,0,0,11,0,4,15,38,2100,500,45
SIM_COVER_USE,11,33,0,0
SIM,11,1,1,3,34,1,3,9,1,3,15,38,400,1200,32
SIM_COVER_USE,11,34,0,0
SIM,11,1,1,3,35,0,3,12,1,4,11,38,1300,100,45
SIM_COVER_USE,11,35,0,0
SIM,11,1,1,3,36,1,3,10,1,4,11,38,400,700,37
SIM_COVER_USE,11,36,0,0
SIM,11,1,1,3,37,0,3,10,1,4,7,38,1300,400,45
SIM_COVER_USE,11,37,0,0
SIM,11,1,1,3,38,1,6,7,2,3,7,38,200,1100,34
SIM_COVER_USE,11,38,0,0
SIM,11,1,1,3,39,0,6,7,2,3,6,38,1000,1100,45
SIM_COVER_USE,11,39,0,0
SIM,11,1,1,3,40,1,6,4,2,2,6,38,400,1900,35
SIM_COVER_USE,11,40,0,0
SIM,11,1,1,3,41,0,4,7,2,3,4,38,1200,200,45
SIM_COVER_USE,11,41,0,0
SIM,11,1,1,3,42,1,7,3,3,1,4,38,100,1100,26
SIM_COVER_USE,11,42,0,0
SIM,11,1,1,3,43,0,6,3,2,1,4,38,900,500,45
SIM_COVER_USE,11,43,0,0
SIM,11,1,1,3,44,1,6,0,2,0,4,38,300,1500,31
SIM_COVER_USE,11,44,0,0
SIM,11,1,1,3,45,0,4,3,2,1,4,38,1100,100,45
SIM_COVER_USE,11,45,0,0
SIM,11,1,1,3,46,1,7,0,3,0,4,37,300,1100,20
SIM_COVER_USE,11,46,0,0
SIM,11,1,1,3,47,0,7,0,3,0,4,37,1000,500,45
SIM_COVER_USE,11,47,0,0
SIM,11,1,1,3,48,1,7,0,3,0,4,35,400,1500,26
SIM_COVER_USE,11,48,0,0
SIM,11,1,1,3,49,0,6,3,2,1,4,35,1200,100,45
SIM_COVER_USE,11,49,0,0
SIM,11,1,1,3,50,1,9,1,3,1,4,33,100,1000,28
SIM_COVER_USE,11,50,0,0
SIM,11,1,1,3,51,0,7,1,3,1,4,33,800,400,45
SIM_COVER_USE,11,51,0,0
SIM,11,1,1,3,52,1,7,0,3,0,4,31,500,1400,37
SIM_COVER_USE,11,52,0,0
SIM,11,1,1,3,53,0,6,3,2,1,4,31,1300,300,45
SIM_COVER_USE,11,53,0,0
SIM,11,1,1,3,54,1,9,1,3,1,4,29,200,1200,28
SIM_COVER_USE,11,54,0,0
SIM,11,1,1,3,55,0,7,1,3,1,4,29,900,300,45
SIM_COVER_USE,11,55,0,0
SIM,11,1,1,3,56,1,7,0,3,0,4,27,300,1300,35
SIM_COVER_USE,11,56,0,0
SIM,11,1,1,3,57,0,6,3,2,1,4,27,1100,200,45
SIM_COVER_USE,11,57,0,0
SIM,11,1,1,3,58,1,9,1,3,1,4,25,300,1100,30
SIM_COVER_USE,11,58,0,0
SIM,11,1,1,3,59,0,7,1,3,1,4,25,1000,500,45
SIM_COVER_USE,11,59,0,0
SIM,11,1,1,3,60,1,7,0,3,0,4,23,400,1500,35
SIM_COVER_USE,11,60,0,0
SIM,11,1,1,3,61,0,6,3,2,1,4,23,1200,100,45
SIM_COVER_USE,11,61,0,0
SIM,11,1,1,3,62,1,9,1,3,1,4,21,100,1000,28
SIM_COVER_USE,11,62,0,0
SIM,11,1,1,3,63,0,7,1,3,1,4,21,800,400,45
SIM_COVER_USE,11,63,0,0
SIM,11,1,1,3,64,1,7,0,3,0,4,19,500,1400,37
SIM_COVER_USE,11,64,0,0
SIM,11,1,1,3,65,0,6,3,2,1,4,19,1300,300,45
SIM_COVER_USE,11,65,0,0
SIM,11,1,1,3,66,1,9,1,3,1,4,17,200,1200,28
SIM_COVER_USE,11,66,0,0
SIM,11,1,1,3,67,0,7,1,3,1,4,17,900,300,45
SIM_COVER_USE,11,67,0,0
SIM,11,1,1,3,68,1,7,0,3,0,4,15,300,1300,35
SIM_COVER_USE,11,68,0,0
SIM,11,1,1,3,69,0,7,14,3,0,4,15,1000,700,45
SIM_COVER_USE,11,69,0,0
SIM,11,1,1,3,70,1,10,14,4,0,4,12,200,1700,25
SIM_COVER_USE,11,70,0,0
SIM,11,1,1,3,71,0,9,3,3,1,4,12,900,300,45
SIM_COVER_USE,11,71,0,0
SIM,11,1,1,3,72,1,9,3,3,1,4,9,300,1200,32
SIM_COVER_USE,11,72,0,0
SIM,11,1,1,3,73,0,7,3,3,1,4,9,1000,300,45
SIM_COVER_USE,11,73,0,0
SIM,11,1,1,3,74,1,10,3,4,1,4,6,200,1200,31
SIM_COVER_USE,11,74,0,0
SIM,11,1,1,3,75,0,7,6,3,2,4,6,900,100,45
SIM_COVER_USE,11,75,0,0
SIM,11,1,1,3,76,1,7,6,3,2,4,3,300,900,32
SIM_COVER_USE,11,76,0,0
SIM,11,1,1,3,77,0,4,6,2,2,4,3,1100,300,45
SIM_COVER_USE,11,77,0,0
SIM_END,11,1,1,3,77,0,0
SIM,12,1,1,4,1,0,0,6,0,1,40,40,1000,0,30
SIM_COVER_USE,12,1,0,1
SIM,12,1,1,4,2,1,3,6,1,1,40,40,200,800,21
SIM_COVER_USE,12,2,1,1
SIM,12,1,1,4,3,0,0,9,0,2,40,40,1200,300,45
SIM_COVER_USE,12,3,0,1
SIM,12,1,1,4,4,1,0,9,0,2,40,40,300,1000,39
SIM_COVER_USE,12,4,0,1
SIM,12,1,1,4,5,0,0,9,0,2,39,40,1300,400,45
SIM_COVER_USE,12,5,0,1
SIM,12,1,1,4,6,1,3,7,1,2,39,40,200,1100,34
SIM_COVER_USE,12,6,0,1
SIM,12,1,1,4,7,0,0,10,0,3,38,40,1200,300,45
SIM_COVER_USE,12,7,0,0
SIM,12,1,1,4,8,1,0,10,0,3,38,40,300,900,39
SIM_COVER_USE,12,8,0,0
SIM,12,1,1,4,9,0,0,10,0,3,37,40,1300,900,45
SIM_COVER_USE,12,9,0,0
SIM,12,1,1,4,10,1,3,9,1,2,37,40,200,1600,34
SIM_COVER_USE,12,10,0,0
SIM,12,1,1,4,11,0,0,12,0,3,36,40,1200,200,45
SIM_COVER_USE,12,11,0,0
SIM,12,1,1,4,12,1,0,12,0,3,36,40,300,800,39
SIM_COVER_USE,12,12,0,0
SIM,12,1,1,4,13,0,0,12,0,3,33,40,1300,500,45
SIM_COVER_USE,12,13,0,0
SIM,12,1,1,4,14,1,3,10,1,3,33,40,200,1100,36
SIM_COVER_USE,12,14,0,0
SIM,12,1,1,4,15,0,0,13,0,4,31,40,1200,300,45
SIM_COVER_USE,12,15,0,0
SIM,12,1,1,4,16,1,0,13,0,4,31,40,300,800,39
SIM_COVER_USE,12,16,0,0
SIM,12,1,1,4,17,0,0,13,0,4,27,40,1300,500,45
SIM_COVER_USE,12,17,0,0
SIM,12,1,1,4,18,1,3,11,1,4,27,40,500,1000,38
SIM_COVER_USE,12,18,0,0
SIM,12,1,1,4,19,0,0,11,0,4,24,40,1500,400,45
SIM_COVER_USE,12,19,0,0
SIM,12,1,1,4,20,1,0,11,0,4,24,40,1500,900,45
SIM_COVER_USE,12,20,0,0
SIM,12,1,1,4,21,0,0,11,0,4,20,40,2500,300,45
SIM_COVER_USE,12,21,0,0
SIM,12,1,1,4,22,1,3,9,1,3,20,40,500,1000,30
SIM_COVER_USE,12,22,0,0
SIM,12,1,1,4,23,0,3,12,1,4,16,40,1400,200,45
SIM_COVER_USE,12,23,0,0
SIM,12,1,1,4,24,1,3,10,1,4,16,40,500,800,37
SIM_COVER_USE,12,24,0,0
SIM,12,1,1,4,25,0,3,10,1,4,12,40,1400,500,45
SIM_COVER_USE,12,25,0,0
SIM,12,1,1,4,26,1,6,7,2,3,12,40,300,1200,34
SIM_COVER_USE,12,26,0,0
SIM,12,1,1,4,27,0,6,10,2,4,8,40,1100,100,45
SIM_COVER_USE,12,27,0,0
SIM,12,1,1,4,28,1,6,7,2,3,8,40,500,800,37
SIM_COVER_USE,12,28,0,0
SIM,12,1,1,4,29,0,6,7,2,3,7,40,1300,800,45
SIM_COVER_USE,12,29,0,0
SIM,12,1,1,4,30,1,9,3,3,1,7,40,200,1700,26
SIM_COVER_USE,12,30,0,0
SIM,12,1,1,4,31,0,9,6,3,2,6,40,900,300,45
SIM_COVER_USE,12,31,0,0
SIM,12,1,1,4,32,1,9,3,3,1,6,40,300,1200,32
SIM_COVER_USE,12,32,0,0
SIM,12,1,1,4,33,0,9,3,3,1,5,40,1000,300,45
SIM_COVER_USE,12,33,0,0
SIM,12,1,1,4,34,1,12,0,4,0,5,38,200,1300,10
SIM_COVER_USE,12,34,0,0
SIM,12,1,1,4,35,0,10,3,4,1,5,38,800,200,40
SIM_COVER_USE,12,35,0,0
SIM,12,1,1,4,36,1,10,1,4,1,5,35,500,1100,10
SIM_COVER_USE,12,36,1,0
SIM,12,1,1,4,37,0,9,1,3,1,5,35,1200,500,40
SIM_COVER_USE,12,37,1,0
SIM,12,1,1,4,38,1,12,0,4,0,5,32,100,1500,17
SIM_COVER_USE,12,38,1,0
SIM,12,1,1,4,39,0,12,14,4,0,5,32,700,900,45
SIM_COVER_USE,12,39,1,0
SIM,12,1,1,4,40,1,12,12,4,0,5,29,400,1900,32
SIM_COVER_USE,12,40,0,0
SIM,12,1,1,4,41,0,10,3,4,1,5,29,1000,200,45
SIM_COVER_USE,12,41,0,0
SIM,12,1,1,4,42,1,10,3,4,1,5,25,400,1100,32
SIM_COVER_USE,12,42,0,0
SIM,12,1,1,4,43,0,9,3,3,1,5,25,1100,500,45
SIM_COVER_USE,12,43,0,0
SIM,12,1,1,4,44,1,12,3,4,1,5,21,300,1400,24
SIM_COVER_USE,12,44,0,0
SIM,12,1,1,4,45,0,12,17,4,1,5,21,900,800,45
SIM_COVER_USE,12,45,0,0
SIM,12,1,1,4,46,1,12,17,4,1,5,17,300,1700,33
SIM_COVER_USE,12,46,0,0
SIM,12,1,1,4,47,0,12,3,4,1,5,17,900,2000,45
SIM_COVER_USE,12,47,0,0
SIM,12,1,1,4,48,1,12,3,4,1,5,13,300,2900,33
SIM_COVER_USE,12,48,0,0
SIM,12,1,1,4,49,0,9,6,3,2,5,13,1000,300,45
SIM_COVER_USE,12,49,0,0
SIM,12,1,1,4,50,1,12,4,4,2,5,10,200,1100,28
SIM_COVER_USE,12,50,0,0
SIM,12,1,1,4,51,0,12,4,4,2,5,10,800,1100,45
SIM_COVER_USE,12,51,0,1
SIM,12,1,1,4,52,1,12,3,4,1,5,7,500,2000,33
SIM_COVER_USE,12,52,0,1
SIM,12,1,1,4,53,0,9,6,3,2,5,7,1200,300,45
SIM_COVER_USE,12,53,0,0
SIM,12,1,1,4,54,1,12,4,4,2,5,4,100,1100,26
SIM_COVER_USE,12,54,0,0
SIM,12,1,1,4,55,0,9,4,3,2,5,4,800,500,45
SIM_COVER_USE,12,55,0,0
SIM,12,1,1,4,56,1,9,3,3,1,5,2,500,1400,37
SIM_COVER_USE,12,56,0,0
SIM,12,1,1,4,57,0,9,17,3,1,5,2,1200,800,45
SIM_COVER_USE,12,57,0,0
SIM_END,12,1,1,4,57,0,0
SIM,13,1,1,5,1,0,0,6,0,1,40,40,1000,0,30
SIM_COVER_USE,13,1,0,0
SIM,13,1,1,5,2,1,3,6,1,1,40,39,200,800,19
SIM_COVER_USE,13,2,0,0
SIM,13,1,1,5,3,0,3,6,1,1,40,39,1100,800,45
SIM_COVER_USE,13,3,0,1
SIM,13,1,1,5,4,1,3,6,1,1,40,38,500,1600,39
SIM_COVER_USE,13,4,0,1
SIM,13,1,1,5,5,0,0,9,0,2,39,38,1500,200,45
SIM_COVER_USE,13,5,0,1
SIM,13,1,1,5,6,1,3,7,1,2,39,38,100,900,32
SIM_COVER_USE,13,6,0,1
SIM,13,1,1,5,7,0,0,7,0,2,38,38,1100,300,45
SIM_COVER_USE,13,7,0,0
SIM,13,1,1,5,8,1,0,7,0,2,38,38,500,1000,41
SIM_COVER_USE,13,8,0,0
SIM,13,1,1,5,9,0,0,10,0,3,37,38,1500,200,45
SIM_COVER_USE,13,9,0,0
SIM,13,1,1,5,10,1,3,9,1,2,37,38,100,900,32
SIM_COVER_USE,13,10,0,0
SIM,13,1,1,5,11,0,0,9,0,2,37,38,1100,300,45
SIM_COVER_USE,13,11,0,0
SIM,13,1,1,5,12,1,0,9,0,2,37,38,500,1000,41
SIM_COVER_USE,13,12,0,0
SIM,13,1,1,5,13,0,0,12,0,3,35,38,1500,200,45
SIM_COVER_USE,13,13,0,0
SIM,13,1,1,5,14,1,3,10,1,3,35,38,100,800,34
SIM_COVER_USE,13,14,0,0
SIM,13,1,1,5,15,0,0,10,0,3,33,38,1100,500,45
SIM_COVER_USE,13,15,0,1
SIM,13,1,1,5,16,1,0,10,0,3,33,38,500,1100,41
SIM_COVER_USE,13,16,0,1
SIM,13,1,1,5,17,0,0,10,0,3,32,38,1500,1100,45
SIM_COVER_USE,13,17,0,1
SIM,13,1,1,5,18,1,3,9,1,2,32,38,100,1800,34
SIM_COVER_USE,13,18,0,1
SIM,13,1,1,5,19,0,0,12,0,3,30,38,1100,100,45
SIM_COVER_USE,13,19,0,1
SIM,13,1,1,5,20,1,0,12,0,3,30,38,500,700,41
SIM_COVER_USE,13,20,0,1
SIM,13,1,1,5,21,0,0,12,0,3,28,38,1500,400,45
SIM_COVER_USE,13,21,0,0
SIM,13,1,1,5,22,1,3,10,1,3,28,38,100,1000,34
SIM_COVER_USE,13,22,0,0
SIM,13,1,1,5,23,0,0,13,0,4,25,38,1100,200,45
SIM_COVER_USE,13,23,0,1
SIM,13,1,1,5,24,1,0,13,0,4,25,38,500,700,41
SIM_COVER_USE,13,24,0,1
SIM,13,1,1,5,25,0,0,13,0,4,22,38,1500,400,45
SIM_COVER_USE,13,25,0,0
SIM,13,1,1,5,26,1,3,12,1,3,22,38,100,1000,34
SIM_COVER_USE,13,26,0,0
SIM,13,1,1,5,27,0,0,15,0,4,20,38,1100,200,45
SIM_COVER_USE,13,27,0,0
SIM,13,1,1,5,28,1,0,15,0,4,20,38,500,700,41
SIM_COVER_USE,13,28,0,0
SIM,13,1,1,5,29,0,0,15,0,4,16,38,1500,400,45
SIM_COVER_USE,13,29,0,0
SIM,13,1,1,5,30,1,3,13,1,4,16,38,400,900,36
SIM_COVER_USE,13,30,0,0
SIM,13,1,1,5,31,0,0,13,0,4,13,38,1400,300,45
SIM_COVER_USE,13,31,0,0
SIM,13,1,1,5,32,1,0,13,0,4,13,38,1400,800,45
SIM_COVER_USE,13,32,0,0
SIM,13,1,1,5,33,0,0,13,0,4,12,38,2400,800,45
SIM_COVER_USE,13,33,0,0
SIM,13,1,1,5,34,1,3,11,1,4,12,38,400,1300,30
SIM_COVER_USE,13,34,0,0
SIM,13,1,1,5,35,0,0,11,0,4,9,38,1400,400,45
SIM_COVER_USE,13,35,0,0
SIM,13,1,1,5,36,1,0,11,0,4,9,38,1400,900,45
SIM_COVER_USE,13,36,0,0
SIM,13,1,1,5,37,0,0,11,0,4,5,38,2400,300,45
SIM_COVER_USE,13,37,0,0
SIM,13,1,1,5,38,1,3,9,1,3,5,38,400,1000,30
SIM_COVER_USE,13,38,0,0
SIM,13,1,1,5,39,0,3,12,1,4,1,38,1300,200,45
SIM_COVER_USE,13,39,0,0
SIM,13,1,1,5,40,1,3,10,1,4,1,38,400,800,37
SIM_COVER_USE,13,40,0,0
SIM_END,13,1,1,5,40,1,0
SIM,14,1,1,6,1,0,0,6,0,1,40,40,1000,0,30
SIM_COVER_USE,14,1,0,0
SIM,14,1,1,6,2,1,3,6,1,1,40,39,200,800,19
SIM_COVER_USE,14,2,0,0
SIM,14,1,1,6,3,0,0,9,0,2,39,39,1200,300,45
SIM_COVER_USE,14,3,0,1
SIM,14,1,1,6,4,1,0,9,0,2,39,39,300,1000,39
SIM_COVER_USE,14,4,0,1
SIM,14,1,1,6,5,0,0,9,0,2,38,39,1300,400,45
SIM_COVER_USE,14,5,0,1
SIM,14,1,1,6,6,1,3,7,1,2,38,39,200,1100,34
SIM_COVER_USE,14,6,0,1
SIM,14,1,1,6,7,0,0,10,0,3,37,39,1200,300,45
SIM_COVER_USE,14,7,0,0
SIM,14,1,1,6,8,1,0,10,0,3,37,39,300,900,39
SIM_COVER_USE,14,8,0,0
SIM,14,1,1,6,9,0,0,10,0,3,34,39,1300,300,45
SIM_COVER_USE,14,9,0,0
SIM,14,1,1,6,10,1,3,9,1,2,34,39,200,1000,34
SIM_COVER_USE,14,10,0,0
SIM,14,1,1,6,11,0,0,12,0,3,32,39,1200,200,45
SIM_COVER_USE,14,11,0,0
SIM,14,1,1,6,12,1,0,12,0,3,32,39,300,800,39
SIM_COVER_USE,14,12,0,0
SIM,14,1,1,6,13,0,0,12,0,3,29,39,1300,500,45
SIM_COVER_USE,14,13,0,0
SIM,14,1,1,6,14,1,3,10,1,3,29,39,200,1100,36
SIM_COVER_USE,14,14,0,0
SIM,14,1,1,6,15,0,0,13,0,4,27,39,1200,300,45
SIM_COVER_USE,14,15,0,0
SIM,14,1,1,6,16,1,0,13,0,4,27,39,300,800,39
SIM_COVER_USE,14,16,0,0
SIM,14,1,1,6,17,0,0,13,0,4,23,39,1300,500,45
SIM_COVER_USE,14,17,0,0
SIM,14,1,1,6,18,1,3,11,1,4,23,39,500,1000,38
SIM_COVER_USE,14,18,0,0
SIM,14,1,1,6,19,0,0,11,0,4,20,39,1500,400,45
SIM_COVER_USE,14,19,0,0
SIM,14,1,1,6,20,1,0,11,0,4,20,39,1500,900,45
SIM_COVER_USE,14,20,0,0
SIM,14,1,1,6,21,0,0,11,0,4,16,39,2500,300,45
SIM_COVER_USE,14,21,0,0
SIM,14,1,1,6,22,1,3,9,1,3,16,39,500,1000,30
SIM_COVER_USE,14,22,0,0
SIM,14,1,1,6,23,0,3,12,1,4,12,39,1400,200,45
SIM_COVER_USE,14,23,0,0
SIM,14,1,1,6,24,1,3,10,1,4,12,39,500,800,37
SIM_COVER_USE,14,24,0,0
SIM,14,1,1,6,25,0,3,10,1,4,8,39,1400,500,45
SIM_COVER_USE,14,25,0,0
SIM,14,1,1,6,26,1,6,7,2,3,8,39,300,1200,34
SIM_COVER_USE,14,26,0,0
SIM,14,1,1,6,27,0,6,10,2,4,4,39,1100,100,45
SIM_COVER_USE,14,27,0,0
SIM,14,1,1,6,28,1,6,7,2,3,4,39,500,800,37
SIM_COVER_USE,14,28,0,0
SIM,14,1,1,6,29,0,6,7,2,3,1,39,1300,500,45
SIM_COVER_USE,14,29,0,0
SIM,14,1,1,6,30,1,9,3,3,1,1,39,200,1400,26
SIM_COVER_USE,14,30,0,0
SIM_END,14,1,1,6,30,1,0
SIM_DONE
SIM_CONFIG,degrade_favoured_pct=15,only_handicap=1,variants=7,plain=false
SIM_TERRAIN,cover_tiles=8,of=120,plain=false,max_rounds=40
SIM,1,0,1,0,1,0,6,0,1,0,40,40,1000,0,30
SIM_COVER_USE,1,1,0,0
SIM,1,0,1,0,2,1,9,0,2,0,40,39,200,1000,19
SIM_COVER_USE,1,2,0,0
SIM,1,0,1,0,3,0,7,3,2,1,40,39,900,200,45
SIM_COVER_USE,1,3,0,0
SIM,1,0,1,0,4,1,7,0,2,0,40,38,300,1200,31
SIM_COVER_USE,1,4,0,0
SIM,1,0,1,0,5,0,7,0,2,0,40,38,1000,300,45
SIM_COVER_USE,1,5,0,0
SIM,1,0,1,0,6,1,10,0,3,0,40,37,200,1300,34
SIM_COVER_USE,1,6,0,0
SIM,1,0,1,0,7,0,9,3,2,1,40,37,900,200,45
SIM_COVER_USE,1,7,0,0
SIM,1,0,1,0,8,1,9,0,2,0,40,37,300,1200,34
SIM_COVER_USE,1,8,0,0
SIM,1,0,1,0,9,0,9,0,2,0,40,37,1000,300,45
SIM_COVER_USE,1,9,0,0
SIM,1,0,1,0,10,1,12,0,3,0,40,35,200,1300,30
SIM_COVER_USE,1,10,0,0
SIM,1,0,1,0,11,0,10,3,3,1,40,35,800,200,45
SIM_COVER_USE,1,11,0,0
SIM,1,0,1,0,12,1,10,3,3,1,40,35,800,1100,41
SIM_COVER_USE,1,12,1,0
SIM,1,0,1,0,13,0,9,3,2,1,40,35,1500,500,45
SIM_COVER_USE,1,13,1,0
SIM,1,0,1,0,14,1,12,0,3,0,40,33,100,1500,21
SIM_COVER_USE,1,14,1,0
SIM,1,0,1,0,15,0,10,3,3,1,40,33,700,100,45
SIM_COVER_USE,1,15,1,0
SIM,1,0,1,0,16,1,10,0,3,0,40,31,400,1100,37
SIM_COVER_USE,1,16,1,0
SIM,1,0,1,0,17,0,10,0,3,0,40,31,1000,500,45
SIM_COVER_USE,1,17,1,0
SIM,1,0,1,0,18,1,13,0,4,0,40,28,200,1500,24
SIM_COVER_USE,1,18,0,0
SIM,1,0,1,0,19,0,12,3,3,1,40,28,800,100,45
SIM_COVER_USE,1,19,0,0
SIM,1,0,1,0,20,1,12,0,3,0,40,26,500,1100,35
SIM_COVER_USE,1,20,0,0
SIM,1,0,1,0,21,0,12,0,3,0,40,26,1100,500,45
SIM_COVER_USE,1,21,0,0
SIM,1,0,1,0,22,1,15,0,4,0,40,23,300,1500,31
SIM_COVER_USE,1,22,0,0
SIM,1,0,1,0,23,0,13,3,4,1,40,23,800,100,45
SIM_COVER_USE,1,23,0,0
SIM,1,0,1,0,24,1,13,0,4,0,40,23,800,1100,43
SIM_COVER_USE,1,24,0,0
SIM,1,0,1,0,25,0,13,0,4,0,40,23,1300,500,45
SIM_COVER_USE,1,25,0,0
SIM,1,0,1,0,26,1,13,0,4,0,40,19,400,1500,25
SIM_COVER_USE,1,26,0,0
SIM,1,0,1,0,27,0,11,3,4,1,40,19,900,400,45
SIM_COVER_USE,1,27,0,0
SIM,1,0,1,0,28,1,11,0,4,0,40,16,300,1400,33
SIM_COVER_USE,1,28,0,0
SIM,1,0,1,0,29,0,11,0,4,0,40,16,800,1400,45
SIM_COVER_USE,1,29,0,0
SIM,1,0,1,0,30,1,11,0,4,0,40,15,800,2400,43
SIM_COVER_USE,1,30,0,0
SIM,1,0,1,0,31,0,9,3,3,1,40,15,1500,400,45
SIM_COVER_USE,1,31,0,0
SIM,1,0,1,0,32,1,9,3,3,1,40,14,1500,1300,43
SIM_COVER_USE,1,32,0,0
SIM,1,0,1,0,33,0,7,3,3,1,40,14,2200,400,45
SIM_COVER_USE,1,33,0,0
SIM,1,0,1,0,34,1,10,1,4,1,40,11,200,1300,20
SIM_COVER_USE,1,34,0,0
SIM,1,0,1,0,35,0,7,4,3,2,40,11,900,200,45
SIM_COVER_USE,1,35,0,0
SIM,1,0,1,0,36,1,7,3,3,1,40,11,900,1100,43
SIM_COVER_USE,1,36,0,0
SIM,1,0,1,0,37,0,6,3,2,1,40,11,1700,500,45
SIM_COVER_USE,1,37,0,0
SIM,1,0,1,0,38,1,9,1,3,1,40,9,300,1400,26
SIM_COVER_USE,1,38,1,0
SIM,1,0,1,0,39,0,6,4,3,2,40,9,1000,300,45
SIM_COVER_USE,1,39,1,0
SIM,1,0,1,0,40,1,6,3,3,1,40,7,400,1200,35
SIM_COVER_USE,1,40,1,0
SIM,1,0,1,0,41,0,5,3,2,1,40,7,1200,300,45
SIM_COVER_USE,1,41,1,0
SIM,1,0,1,0,42,1,5,3,2,1,40,6,1200,1200,43
SIM_COVER_USE,1,42,1,0
SIM,1,0,1,0,43,0,2,6,1,2,40,6,2100,100,45
SIM_COVER_USE,1,43,1,0
SIM,1,0,1,0,44,1,5,6,2,2,40,4,100,900,16
SIM_COVER_USE,1,44,0,0
SIM,1,0,1,0,45,0,1,6,1,2,40,4,1000,300,45
SIM_COVER_USE,1,45,0,0
SIM,1,0,1,0,46,1,1,6,1,2,40,3,400,1100,39
SIM_COVER_USE,1,46,0,0
SIM,1,0,1,0,47,0,0,9,0,3,39,3,1400,300,45
SIM_COVER_USE,1,47,0,0
SIM,1,0,1,0,48,1,3,7,1,3,39,3,300,1000,34
SIM_COVER_USE,1,48,0,0
SIM,1,0,1,0,49,0,0,7,0,3,38,3,1300,400,45
SIM_COVER_USE,1,49,0,1
SIM,1,0,1,0,50,1,0,7,0,3,38,3,400,1100,39
SIM_COVER_USE,1,50,0,1
SIM,1,0,1,0,51,0,0,10,0,4,35,3,1400,300,45
SIM_COVER_USE,1,51,0,0
SIM,1,0,1,0,52,1,3,9,1,3,35,3,300,1000,34
SIM_COVER_USE,1,52,0,0
SIM,1,0,1,0,53,0,3,9,1,3,32,3,1200,400,45
SIM_COVER_USE,1,53,0,0
SIM,1,0,1,0,54,1,17,9,1,3,32,3,600,1100,43
SIM_COVER_USE,1,54,0,0
SIM,1,0,1,0,55,0,15,12,1,4,29,3,1500,300,45
SIM_COVER_USE,1,55,0,0
SIM,1,0,1,0,56,1,4,9,2,3,29,3,100,1000,28
SIM_COVER_USE,1,56,0,0
SIM,1,0,1,0,57,0,3,9,1,3,27,3,1000,400,45
SIM_COVER_USE,1,57,0,0
SIM,1,0,1,0,58,1,3,9,1,3,27,3,1000,1100,44
SIM_COVER_USE,1,58,1,0
SIM,1,0,1,0,59,0,3,12,1,4,24,3,1900,300,45
SIM_COVER_USE,1,59,1,0
SIM,1,0,1,0,60,1,6,9,2,3,24,3,200,1000,17
SIM_COVER_USE,1,60,0,0
SIM,1,0,1,0,61,0,6,9,2,3,21,3,1000,400,45
SIM_COVER_USE,1,61,0,0
SIM,1,0,1,0,62,1,6,6,2,2,21,3,400,1200,37
SIM_COVER_USE,1,62,0,0
SIM,1,0,1,0,63,0,4,9,2,3,19,3,1200,100,45
SIM_COVER_USE,1,63,0,0
SIM,1,0,1,0,64,1,7,4,3,2,19,3,100,900,30
SIM_COVER_USE,1,64,0,0
SIM,1,0,1,0,65,0,6,4,2,2,18,3,900,300,45
SIM_COVER_USE,1,65,0,0
SIM,1,0,1,0,66,1,6,3,2,1,18,3,900,1200,43
SIM_COVER_USE,1,66,0,0
SIM,1,0,1,0,67,0,4,6,2,2,17,3,1700,100,45
SIM_COVER_USE,1,67,0,0
SIM,1,0,1,0,68,1,7,1,3,1,17,3,300,1000,22
SIM_COVER_USE,1,68,0,0
SIM,1,0,1,0,69,0,6,1,2,1,17,3,1100,400,45
SIM_COVER_USE,1,69,0,0
SIM,1,0,1,0,70,1,6,0,2,0,17,2,500,1400,33
SIM_COVER_USE,1,70,0,0
SIM,1,0,1,0,71,0,4,3,2,1,17,2,1300,300,45
SIM_COVER_USE,1,71,0,0
SIM_END,1,0,1,0,71,0,0
SIM,2,0,1,1,1,0,6,0,1,0,40,40,1000,0,30
SIM_COVER_USE,2,1,0,0
SIM,2,0,1,1,2,1,20,0,1,0,40,40,400,1000,28
SIM_COVER_USE,2,2,0,0
SIM,2,0,1,1,3,0,18,3,1,1,40,40,1200,200,45
SIM_COVER_USE,2,3,0,0
SIM,2,0,1,1,4,1,7,0,2,0,40,39,100,1200,28
SIM_COVER_USE,2,4,0,0
SIM,2,0,1,1,5,0,7,0,2,0,40,39,800,300,45
SIM_COVER_USE,2,5,0,0
SIM,2,0,1,1,6,1,7,0,2,0,40,38,500,1300,31
SIM_COVER_USE,2,6,0,0
SIM,2,0,1,1,7,0,5,3,2,1,40,38,1200,200,45
SIM_COVER_USE,2,7,0,0
SIM,2,0,1,1,8,1,8,0,3,0,40,36,100,1200,22
SIM_COVER_USE,2,8,0,0
SIM,2,0,1,1,9,0,8,0,3,0,40,36,700,300,45
SIM_COVER_USE,2,9,0,0
SIM,2,0,1,1,10,1,8,0,3,0,40,34,400,1300,37
SIM_COVER_USE,2,10,0,0
SIM,2,0,1,1,11,0,7,3,2,1,40,34,1100,200,45
SIM_COVER_USE,2,11,0,0
SIM,2,0,1,1,12,1,10,0,3,0,40,33,300,1200,31
SIM_COVER_USE,2,12,0,0
SIM,2,0,1,1,13,0,10,0,3,0,40,33,900,300,45
SIM_COVER_USE,2,13,0,0
SIM,2,0,1,1,14,1,10,0,3,0,40,30,300,1300,32
SIM_COVER_USE,2,14,0,0
SIM,2,0,1,1,15,0,8,3,3,1,40,30,900,200,45
SIM_COVER_USE,2,15,0,0
SIM,2,0,1,1,16,1,11,0,4,0,40,27,100,1200,24
SIM_COVER_USE,2,16,1,0
SIM,2,0,1,1,17,0,11,0,4,0,40,27,600,300,45
SIM_COVER_USE,2,17,1,0
SIM,2,0,1,1,18,1,11,0,4,0,40,24,300,1300,35
SIM_COVER_USE,2,18,0,0
SIM,2,0,1,1,19,0,10,3,3,1,40,24,900,200,45
SIM_COVER_USE,2,19,0,0
SIM,2,0,1,1,20,1,13,0,4,0,40,22,100,1200,29
SIM_COVER_USE,2,20,0,0
SIM,2,0,1,1,21,0,13,0,4,0,40,22,600,300,45
SIM_COVER_USE,2,21,0,0
SIM,2,0,1,1,22,1,13,0,4,0,40,18,300,1300,29
SIM_COVER_USE,2,22,0,0
SIM,2,0,1,1,23,0,11,3,4,1,40,18,800,500,45
SIM_COVER_USE,2,23,0,0
SIM,2,0,1,1,24,1,11,0,4,0,40,15,500,1500,35
SIM_COVER_USE,2,24,0,0
SIM,2,0,1,1,25,0,11,0,4,0,40,15,1000,1500,45
SIM_COVER_USE,2,25,0,0
SIM,2,0,1,1,26,1,11,0,4,0,40,11,400,2500,33
SIM_COVER_USE,2,26,0,0
SIM,2,0,1,1,27,0,9,3,3,1,40,11,1100,500,45
SIM_COVER_USE,2,27,0,0
SIM,2,0,1,1,28,1,12,3,4,1,40,7,300,1400,24
SIM_COVER_USE,2,28,0,0
SIM,2,0,1,1,29,0,10,3,4,1,40,7,900,500,45
SIM_COVER_USE,2,29,0,0
SIM,2,0,1,1,30,1,10,3,4,1,40,3,300,1400,33
SIM_COVER_USE,2,30,0,0
SIM,2,0,1,1,31,0,7,6,3,2,40,3,1000,300,45
SIM_COVER_USE,2,31,0,0
SIM,2,0,1,1,32,1,7,6,3,2,40,2,1000,1100,43
SIM_COVER_USE,2,32,0,0
SIM,2,0,1,1,33,0,4,6,2,2,40,2,1800,500,45
SIM_COVER_USE,2,33,0,0
SIM_END,2,0,1,1,33,0,0
SIM,3,0,1,2,1,0,6,0,1,0,40,40,1000,0,30
SIM_COVER_USE,3,1,0,0
SIM,3,0,1,2,2,1,20,0,1,0,40,40,400,1000,28
SIM_COVER_USE,3,2,0,0
SIM,3,0,1,2,3,0,20,3,1,1,39,40,1200,200,45
SIM_COVER_USE,3,3,0,0
SIM,3,0,1,2,4,1,9,0,2,0,39,39,100,1200,28
SIM_COVER_USE,3,4,0,0
SIM,3,0,1,2,5,0,9,0,2,0,39,39,800,300,45
SIM_COVER_USE,3,5,0,0
SIM,3,0,1,2,6,1,9,0,2,0,39,38,500,1300,41
SIM_COVER_USE,3,6,0,0
SIM,3,0,1,2,7,0,7,3,2,1,39,38,1200,200,45
SIM_COVER_USE,3,7,0,0
SIM,3,0,1,2,8,1,10,0,3,0,39,36,100,1200,10
SIM_COVER_USE,3,8,0,0
SIM,3,0,1,2,9,0,10,0,3,0,39,36,700,300,40
SIM_COVER_USE,3,9,0,0
SIM,3,0,1,2,10,1,10,0,3,0,39,35,700,1300,38
SIM_COVER_USE,3,10,0,0
SIM,3,0,1,2,11,0,9,3,2,1,39,35,1400,200,45
SIM_COVER_USE,3,11,0,0
SIM,3,0,1,2,12,1,9,0,2,0,39,35,1400,1200,43
SIM_COVER_USE,3,12,0,0
SIM,3,0,1,2,13,0,9,0,2,0,39,35,2100,300,45
SIM_COVER_USE,3,13,0,0
SIM,3,0,1,2,14,1,12,0,3,0,39,32,100,1300,12
SIM_COVER_USE,3,14,0,0
SIM,3,0,1,2,15,0,10,3,3,1,39,32,700,200,42
SIM_COVER_USE,3,15,0,0
SIM,3,0,1,2,16,1,10,0,3,0,39,30,400,1200,30
SIM_COVER_USE,3,16,1,0
SIM,3,0,1,2,17,0,10,0,3,0,39,30,1000,300,45
SIM_COVER_USE,3,17,1,0
SIM,3,0,1,2,18,1,13,0,4,0,39,27,200,1300,27
SIM_COVER_USE,3,18,0,0
SIM,3,0,1,2,19,0,12,3,3,1,39,27,800,200,45
SIM_COVER_USE,3,19,0,0
SIM,3,0,1,2,20,1,12,0,3,0,39,25,500,1200,32
SIM_COVER_USE,3,20,0,0
SIM,3,0,1,2,21,0,12,0,3,0,39,25,1100,300,45
SIM_COVER_USE,3,21,0,0
SIM,3,0,1,2,22,1,15,0,4,0,39,22,300,1300,31
SIM_COVER_USE,3,22,0,0
SIM,3,0,1,2,23,0,13,3,4,1,39,22,800,200,45
SIM_COVER_USE,3,23,0,0
SIM,3,0,1,2,24,1,13,0,4,0,39,19,500,1200,29
SIM_COVER_USE,3,24,0,0
SIM,3,0,1,2,25,0,13,0,4,0,39,19,1000,1200,45
SIM_COVER_USE,3,25,0,0
SIM,3,0,1,2,26,1,13,0,4,0,39,15,400,2200,33
SIM_COVER_USE,3,26,0,0
SIM,3,0,1,2,27,0,11,3,4,1,39,15,900,500,45
SIM_COVER_USE,3,27,0,0
SIM,3,0,1,2,28,1,11,0,4,0,39,12,300,1500,33
SIM_COVER_USE,3,28,0,0
SIM,3,0,1,2,29,0,11,0,4,0,39,12,800,1500,45
SIM_COVER_USE,3,29,0,0
SIM,3,0,1,2,30,1,11,0,4,0,39,8,500,2500,35
SIM_COVER_USE,3,30,0,0
SIM,3,0,1,2,31,0,9,3,3,1,39,8,1200,500,45
SIM_COVER_USE,3,31,0,0
SIM,3,0,1,2,32,1,12,3,4,1,39,4,100,1400,22
SIM_COVER_USE,3,32,0,0
SIM,3,0,1,2,33,0,10,3,4,1,39,4,700,500,45
SIM_COVER_USE,3,33,0,0
SIM_END,3,0,1,2,33,0,0
SIM,4,0,1,3,1,0,6,0,1,0,40,40,1000,0,30
SIM_COVER_USE,4,1,1,0
SIM,4,0,1,3,2,1,9,0,2,0,40,39,200,1000,19
SIM_COVER_USE,4,2,1,0
SIM,4,0,1,3,3,0,7,3,2,1,40,39,900,200,45
SIM_COVER_USE,4,3,1,0
SIM,4,0,1,3,4,1,7,0,2,0,40,38,300,1200,27
SIM_COVER_USE,4,4,0,0
SIM,4,0,1,3,5,0,7,0,2,0,40,38,1000,300,45
SIM_COVER_USE,4,5,0,0
SIM,4,0,1,3,6,1,10,0,3,0,40,37,200,1300,34
SIM_COVER_USE,4,6,0,0
SIM,4,0,1,3,7,0,9,3,2,1,40,37,900,200,45
SIM_COVER_USE,4,7,0,0
SIM,4,0,1,3,8,1,9,0,2,0,40,37,300,1200,34
SIM_COVER_USE,4,8,0,0
SIM,4,0,1,3,9,0,9,0,2,0,40,37,1000,300,45
SIM_COVER_USE,4,9,0,0
SIM,4,0,1,3,10,1,12,0,3,0,40,35,200,1300,30
SIM_COVER_USE,4,10,0,0
SIM,4,0,1,3,11,0,10,3,3,1,40,35,800,200,45
SIM_COVER_USE,4,11,0,0
SIM,4,0,1,3,12,1,10,0,3,0,40,33,500,1200,32
SIM_COVER_USE,4,12,1,0
SIM,4,0,1,3,13,0,10,0,3,0,40,33,1100,300,45
SIM_COVER_USE,4,13,1,0
SIM,4,0,1,3,14,1,10,0,3,0,40,32,1100,1300,43
SIM_COVER_USE,4,14,1,0
SIM,4,0,1,3,15,0,9,3,2,1,40,32,1800,200,45
SIM_COVER_USE,4,15,1,0
SIM,4,0,1,3,16,1,12,0,3,0,40,30,100,1200,20
SIM_COVER_USE,4,16,1,0
SIM,4,0,1,3,17,0,12,0,3,0,40,30,700,300,45
SIM_COVER_USE,4,17,1,0
SIM,4,0,1,3,18,1,12,0,3,0,40,28,400,1300,37
SIM_COVER_USE,4,18,0,0
SIM,4,0,1,3,19,0,10,3,3,1,40,28,1000,200,45
SIM_COVER_USE,4,19,0,0
SIM,4,0,1,3,20,1,10,3,3,1,40,28,1000,1100,43
SIM_COVER_USE,4,20,1,0
SIM,4,0,1,3,21,0,9,3,2,1,40,28,1700,500,45
SIM_COVER_USE,4,21,1,0
SIM,4,0,1,3,22,1,12,0,3,0,40,27,300,1500,29
SIM_COVER_USE,4,22,1,0
SIM,4,0,1,3,23,0,11,3,3,1,40,27,900,100,45
SIM_COVER_USE,4,23,1,0
SIM,4,0,1,3,24,1,11,0,3,0,40,25,300,1100,32
SIM_COVER_USE,4,24,1,0
SIM,4,0,1,3,25,0,11,0,3,0,40,25,900,500,45
SIM_COVER_USE,4,25,1,0
SIM,4,0,1,3,26,1,11,0,3,0,40,24,900,1500,43
SIM_COVER_USE,4,26,1,0
SIM,4,0,1,3,27,0,9,3,3,1,40,24,1500,100,45
SIM_COVER_USE,4,27,1,0
SIM,4,0,1,3,28,1,12,0,4,0,40,21,100,1100,20
SIM_COVER_USE,4,28,1,0
SIM,4,0,1,3,29,0,12,0,4,0,40,21,600,500,45
SIM_COVER_USE,4,29,1,0
SIM,4,0,1,3,30,1,12,0,4,0,40,20,600,1500,43
SIM_COVER_USE,4,30,1,0
SIM,4,0,1,3,31,0,11,3,3,1,40,20,1200,100,45
SIM_COVER_USE,4,31,1,0
SIM,4,0,1,3,32,1,14,0,4,0,40,17,100,1100,22
SIM_COVER_USE,4,32,1,0
SIM,4,0,1,3,33,0,14,0,4,0,40,17,600,500,45
SIM_COVER_USE,4,33,1,0
SIM,4,0,1,3,34,1,14,0,4,0,40,14,300,1500,35
SIM_COVER_USE,4,34,0,0
SIM,4,0,1,3,35,0,12,3,4,1,40,14,800,100,45
SIM_COVER_USE,4,35,0,0
SIM,4,0,1,3,36,1,12,0,4,0,40,11,500,1100,33
SIM_COVER_USE,4,36,1,0
SIM,4,0,1,3,37,0,12,0,4,0,40,11,1000,500,45
SIM_COVER_USE,4,37,1,0
SIM,4,0,1,3,38,1,12,0,4,0,40,8,400,1500,33
SIM_COVER_USE,4,38,0,0
SIM,4,0,1,3,39,0,11,3,3,1,40,8,1000,100,45
SIM_COVER_USE,4,39,0,0
SIM,4,0,1,3,40,1,14,0,4,0,40,6,200,1100,29
SIM_COVER_USE,4,40,0,0
SIM,4,0,1,3,41,0,14,0,4,0,40,6,700,500,45
SIM_COVER_USE,4,41,0,0
SIM,4,0,1,3,42,1,14,0,4,0,40,2,400,1500,29
SIM_COVER_USE,4,42,0,0
SIM,4,0,1,3,43,0,12,3,4,1,40,2,900,400,45
SIM_COVER_USE,4,43,0,0
SIM_END,4,0,1,3,43,0,0
SIM,5,0,1,4,1,0,6,0,1,0,40,40,1000,0,30
SIM_COVER_USE,5,1,1,0
SIM,5,0,1,4,2,1,9,0,2,0,40,39,200,1000,19
SIM_COVER_USE,5,2,1,0
SIM,5,0,1,4,3,0,7,3,2,1,40,39,900,200,45
SIM_COVER_USE,5,3,1,0
SIM,5,0,1,4,4,1,7,0,2,0,40,38,300,1200,19
SIM_COVER_USE,5,4,0,0
SIM,5,0,1,4,5,0,7,0,2,0,40,38,1000,300,45
SIM_COVER_USE,5,5,0,0
SIM,5,0,1,4,6,1,10,0,3,0,40,37,200,1300,34
SIM_COVER_USE,5,6,0,0
SIM,5,0,1,4,7,0,9,3,2,1,40,37,900,200,45
SIM_COVER_USE,5,7,0,0
SIM,5,0,1,4,8,1,9,0,2,0,40,37,300,1200,34
SIM_COVER_USE,5,8,0,0
SIM,5,0,1,4,9,0,9,0,2,0,40,37,1000,300,45
SIM_COVER_USE,5,9,0,0
SIM,5,0,1,4,10,1,12,0,3,0,40,35,200,1300,30
SIM_COVER_USE,5,10,0,0
SIM,5,0,1,4,11,0,10,3,3,1,40,35,800,200,45
SIM_COVER_USE,5,11,0,0
SIM,5,0,1,4,12,1,10,0,3,0,40,33,500,1200,32
SIM_COVER_USE,5,12,1,0
SIM,5,0,1,4,13,0,10,0,3,0,40,33,1100,300,45
SIM_COVER_USE,5,13,1,0
SIM,5,0,1,4,14,1,13,0,4,0,40,30,300,1300,24
SIM_COVER_USE,5,14,0,0
SIM,5,0,1,4,15,0,12,3,3,1,40,30,900,200,45
SIM_COVER_USE,5,15,0,0
SIM,5,0,1,4,16,1,12,0,3,0,40,28,300,1200,33
SIM_COVER_USE,5,16,0,0
SIM,5,0,1,4,17,0,12,0,3,0,40,28,900,300,45
SIM_COVER_USE,5,17,0,0
SIM,5,0,1,4,18,1,15,0,4,0,40,25,100,1300,31
SIM_COVER_USE,5,18,0,0
SIM,5,0,1,4,19,0,13,3,4,1,40,25,600,200,45
SIM_COVER_USE,5,19,0,0
SIM,5,0,1,4,20,1,13,0,4,0,40,22,300,1200,29
SIM_COVER_USE,5,20,0,0
SIM,5,0,1,4,21,0,13,0,4,0,40,22,800,1200,45
SIM_COVER_USE,5,21,0,0
SIM,5,0,1,4,22,1,13,0,4,0,40,18,500,2200,35
SIM_COVER_USE,5,22,0,0
SIM,5,0,1,4,23,0,11,3,4,1,40,18,1000,500,45
SIM_COVER_USE,5,23,0,0
SIM,5,0,1,4,24,1,11,0,4,0,40,18,1000,1500,43
SIM_COVER_USE,5,24,0,0
SIM,5,0,1,4,25,0,11,0,4,0,40,18,1500,1500,45
SIM_COVER_USE,5,25,0,0
SIM,5,0,1,4,26,1,11,0,4,0,40,17,1500,2500,43
SIM_COVER_USE,5,26,0,0
SIM,5,0,1,4,27,0,9,3,3,1,40,17,2200,500,45
SIM_COVER_USE,5,27,0,0
SIM,5,0,1,4,28,1,12,3,4,1,40,13,200,1400,16
SIM_COVER_USE,5,28,0,0
SIM,5,0,1,4,29,0,10,3,4,1,40,13,800,500,45
SIM_COVER_USE,5,29,0,0
SIM,5,0,1,4,30,1,10,3,4,1,40,9,500,1400,35
SIM_COVER_USE,5,30,0,0
SIM,5,0,1,4,31,0,7,6,3,2,40,9,1200,300,45
SIM_COVER_USE,5,31,0,0
SIM,5,0,1,4,32,1,7,6,3,2,40,8,1200,1100,43
SIM_COVER_USE,5,32,0,0
SIM,5,0,1,4,33,0,4,6,2,2,40,8,2000,500,45
SIM_COVER_USE,5,33,0,0
SIM,5,0,1,4,34,1,7,4,3,2,40,6,300,1300,24
SIM_COVER_USE,5,34,0,0
SIM,5,0,1,4,35,0,3,7,1,3,40,6,1200,200,45
SIM_COVER_USE,5,35,0,0
SIM,5,0,1,4,36,1,3,6,1,2,40,6,300,1000,35
SIM_COVER_USE,5,36,0,0
SIM,5,0,1,4,37,0,0,6,0,2,40,6,1300,400,45
SIM_COVER_USE,5,37,0,0
SIM,5,0,1,4,38,1,3,4,1,2,40,6,200,1200,32
SIM_COVER_USE,5,38,0,0
SIM,5,0,1,4,39,0,0,7,0,3,39,6,1200,100,45
SIM_COVER_USE,5,39,0,0
SIM,5,0,1,4,40,1,14,7,0,3,39,6,600,800,43
SIM_COVER_USE,5,40,0,0
SIM,5,0,1,4,41,0,14,7,0,3,38,6,1600,500,45
SIM_COVER_USE,5,41,0,0
SIM,5,0,1,4,42,1,0,7,0,3,38,6,1900,1200,45
SIM_COVER_USE,5,42,0,0
SIM,5,0,1,4,43,0,0,10,0,4,35,6,2900,100,45
SIM_COVER_USE,5,43,0,0
SIM,5,0,1,4,44,1,3,9,1,3,35,6,300,800,26
SIM_COVER_USE,5,44,0,0
SIM,5,0,1,4,45,0,3,9,1,3,32,6,1200,500,45
SIM_COVER_USE,5,45,0,0
SIM,5,0,1,4,46,1,3,7,1,3,32,6,300,1200,37
SIM_COVER_USE,5,46,0,0
SIM,5,0,1,4,47,0,1,10,1,4,29,6,1200,100,45
SIM_COVER_USE,5,47,0,1
SIM,5,0,1,4,48,1,4,7,2,3,29,6,100,800,32
SIM_COVER_USE,5,48,0,1
SIM,5,0,1,4,49,0,3,7,1,3,27,6,1000,500,45
SIM_COVER_USE,5,49,0,1
SIM,5,0,1,4,50,1,3,6,1,2,27,6,400,1300,39
SIM_COVER_USE,5,50,0,1
SIM,5,0,1,4,51,0,3,9,1,3,25,6,1300,200,45
SIM_COVER_USE,5,51,0,0
SIM,5,0,1,4,52,1,6,6,2,2,25,6,200,1000,32
SIM_COVER_USE,5,52,0,0
SIM,5,0,1,4,53,0,6,6,2,2,23,6,1000,400,45
SIM_COVER_USE,5,53,0,0
SIM,5,0,1,4,54,1,20,6,2,2,23,6,400,1200,43
SIM_COVER_USE,5,54,0,0
SIM,5,0,1,4,55,0,20,9,2,3,20,6,1200,100,45
SIM_COVER_USE,5,55,0,0
SIM,5,0,1,4,56,1,9,4,3,2,20,6,100,900,29
SIM_COVER_USE,5,56,0,0
SIM,5,0,1,4,57,0,9,4,3,2,18,6,800,300,45
SIM_COVER_USE,5,57,0,0
SIM,5,0,1,4,58,1,9,0,3,0,18,6,500,1300,31
SIM_COVER_USE,5,58,0,0
SIM,5,0,1,4,59,0,7,3,3,1,18,6,1200,200,45
SIM_COVER_USE,5,59,0,0
SIM,5,0,1,4,60,1,21,3,3,1,18,6,600,1100,43
SIM_COVER_USE,5,60,0,0
SIM,5,0,1,4,61,0,20,3,2,1,18,6,1400,500,45
SIM_COVER_USE,5,61,0,0
SIM,5,0,1,4,62,1,9,0,3,0,18,5,300,1500,12
SIM_COVER_USE,5,62,0,0
SIM,5,0,1,4,63,0,7,3,3,1,18,5,1000,100,42
SIM_COVER_USE,5,63,0,0
SIM,5,0,1,4,64,1,7,0,3,0,18,4,400,1100,20
SIM_COVER_USE,5,64,1,0
SIM,5,0,1,4,65,0,7,0,3,0,18,4,1100,500,45
SIM_COVER_USE,5,65,1,0
SIM_END,5,0,1,4,65,0,0
SIM,6,0,1,5,1,0,6,0,1,0,40,40,1000,0,30
SIM_COVER_USE,6,1,0,0
SIM,6,0,1,5,2,1,9,0,2,0,40,39,200,1000,1
SIM_COVER_USE,6,2,1,0
SIM,6,0,1,5,3,0,8,3,2,1,40,39,900,200,31
SIM_COVER_USE,6,3,1,0
SIM,6,0,1,5,4,1,8,0,2,0,40,38,300,1200,23
SIM_COVER_USE,6,4,1,0
SIM,6,0,1,5,5,0,8,0,2,0,40,38,1000,300,45
SIM_COVER_USE,6,5,1,0
SIM,6,0,1,5,6,1,11,0,3,0,40,36,200,1300,29
SIM_COVER_USE,6,6,0,0
SIM,6,0,1,5,7,0,9,3,3,1,40,36,800,200,45
SIM_COVER_USE,6,7,0,0
SIM,6,0,1,5,8,1,9,0,3,0,40,34,500,1200,34
SIM_COVER_USE,6,8,0,0
SIM,6,0,1,5,9,0,9,0,3,0,40,34,1100,300,45
SIM_COVER_USE,6,9,0,0
SIM,6,0,1,5,10,1,9,0,3,0,40,33,1100,1300,43
SIM_COVER_USE,6,10,0,0
SIM,6,0,1,5,11,0,7,3,3,1,40,33,1700,200,45
SIM_COVER_USE,6,11,0,0
SIM,6,0,1,5,12,1,10,0,4,0,40,31,300,1200,27
SIM_COVER_USE,6,12,0,0
SIM,6,0,1,5,13,0,10,0,4,0,40,31,800,300,45
SIM_COVER_USE,6,13,0,0
SIM,6,0,1,5,14,1,10,0,4,0,40,27,500,1300,29
SIM_COVER_USE,6,14,0,0
SIM,6,0,1,5,15,0,9,3,3,1,40,27,1200,500,45
SIM_COVER_USE,6,15,0,0
SIM,6,0,1,5,16,1,12,3,4,1,40,23,100,1400,22
SIM_COVER_USE,6,16,0,0
SIM,6,0,1,5,17,0,10,3,4,1,40,23,700,500,45
SIM_COVER_USE,6,17,0,0
SIM,6,0,1,5,18,1,10,3,4,1,40,19,400,1400,35
SIM_COVER_USE,6,18,0,0
SIM,6,0,1,5,19,0,7,6,3,2,40,19,1100,300,45
SIM_COVER_USE,6,19,0,0
SIM,6,0,1,5,20,1,7,6,3,2,40,18,1100,1100,43
SIM_COVER_USE,6,20,0,0
SIM,6,0,1,5,21,0,4,6,2,2,40,18,1900,500,45
SIM_COVER_USE,6,21,0,0
SIM,6,0,1,5,22,1,7,4,3,2,40,16,200,1300,24
SIM_COVER_USE,6,22,0,0
SIM,6,0,1,5,23,0,3,7,1,3,40,16,1100,200,45
SIM_COVER_USE,6,23,0,0
SIM,6,0,1,5,24,1,3,7,1,3,40,16,1100,900,43
SIM_COVER_USE,6,24,0,0
SIM,6,0,1,5,25,0,0,7,0,3,39,16,2100,300,45
SIM_COVER_USE,6,25,0,0
SIM,6,0,1,5,26,1,3,6,1,2,39,16,100,1100,22
SIM_COVER_USE,6,26,0,0
SIM,6,0,1,5,27,0,0,9,0,3,38,16,1100,300,45
SIM_COVER_USE,6,27,0,0
SIM,6,0,1,5,28,1,0,9,0,3,38,16,500,1000,41
SIM_COVER_USE,6,28,0,0
SIM,6,0,1,5,29,0,0,9,0,3,37,16,1500,400,45
SIM_COVER_USE,6,29,0,0
SIM,6,0,1,5,30,1,3,7,1,3,37,16,100,1100,32
SIM_COVER_USE,6,30,0,0
SIM,6,0,1,5,31,0,0,10,0,4,35,16,1100,300,45
SIM_COVER_USE,6,31,0,1
SIM,6,0,1,5,32,1,0,10,0,4,35,16,500,900,41
SIM_COVER_USE,6,32,0,1
SIM,6,0,1,5,33,0,0,10,0,4,31,16,1500,300,45
SIM_COVER_USE,6,33,0,0
SIM,6,0,1,5,34,1,3,9,1,3,31,16,400,1000,34
SIM_COVER_USE,6,34,0,0
SIM,6,0,1,5,35,0,1,12,1,4,28,16,1300,200,45
SIM_COVER_USE,6,35,0,0
SIM,6,0,1,5,36,1,1,10,1,4,28,16,400,800,37
SIM_COVER_USE,6,36,0,0
SIM,6,0,1,5,37,0,0,10,0,4,25,16,1400,500,45
SIM_COVER_USE,6,37,0,0
SIM,6,0,1,5,38,1,3,9,1,3,25,16,300,1200,34
SIM_COVER_USE,6,38,0,0
SIM,6,0,1,5,39,0,1,12,1,4,22,16,1200,100,45
SIM_COVER_USE,6,39,0,0
SIM,6,0,1,5,40,1,1,10,1,4,22,16,300,700,37
SIM_COVER_USE,6,40,0,0
SIM,6,0,1,5,41,0,0,10,0,4,19,16,1300,400,45
SIM_COVER_USE,6,41,0,0
SIM,6,0,1,5,42,1,3,10,1,4,19,16,1100,1000,44
SIM_COVER_USE,6,42,0,0
SIM,6,0,1,5,43,0,3,10,1,4,15,16,2000,400,45
SIM_COVER_USE,6,43,0,0
SIM,6,0,1,5,44,1,3,9,1,3,15,16,500,1100,31
SIM_COVER_USE,6,44,0,0
SIM,6,0,1,5,45,0,1,12,1,4,12,16,1400,300,45
SIM_COVER_USE,6,45,0,0
SIM,6,0,1,5,46,1,4,9,2,3,12,16,300,1000,32
SIM_COVER_USE,6,46,0,0
SIM,6,0,1,5,47,0,3,9,1,3,10,16,1200,400,45
SIM_COVER_USE,6,47,0,0
SIM,6,0,1,5,48,1,3,7,1,3,10,16,300,1100,35
SIM_COVER_USE,6,48,0,0
SIM,6,0,1,5,49,0,1,10,1,4,7,16,1200,300,45
SIM_COVER_USE,6,49,0,0
SIM,6,0,1,5,50,1,1,9,1,3,7,16,1200,1000,43
SIM_COVER_USE,6,50,0,0
SIM,6,0,1,5,51,0,0,9,0,3,5,16,2200,400,45
SIM_COVER_USE,6,51,0,0
SIM,6,0,1,5,52,1,3,7,1,3,5,16,200,1100,28
SIM_COVER_USE,6,52,0,0
SIM,6,0,1,5,53,0,0,10,0,4,3,16,1200,300,45
SIM_COVER_USE,6,53,0,0
SIM,6,0,1,5,54,1,0,10,0,4,3,16,300,900,39
SIM_COVER_USE,6,54,0,0
SIM_END,6,0,1,5,54,1,0
SIM,7,0,1,6,1,0,6,0,1,0,40,40,1000,0,30
SIM_COVER_USE,7,1,0,0
SIM,7,0,1,6,2,1,9,0,2,0,40,39,200,1000,1
SIM_COVER_USE,7,2,1,0
SIM,7,0,1,6,3,0,7,3,2,1,40,39,900,200,31
SIM_COVER_USE,7,3,1,0
SIM,7,0,1,6,4,1,7,3,2,1,40,39,900,1100,21
SIM_COVER_USE,7,4,0,0
SIM,7,0,1,6,5,0,6,3,1,1,40,39,1700,500,45
SIM_COVER_USE,7,5,0,0
SIM,7,0,1,6,6,1,9,0,2,0,40,38,300,1500,28
SIM_COVER_USE,7,6,0,0
SIM,7,0,1,6,7,0,7,3,2,1,40,38,1000,100,45
SIM_COVER_USE,7,7,0,0
SIM,7,0,1,6,8,1,7,0,2,0,40,37,400,1100,37
SIM_COVER_USE,7,8,0,0
SIM,7,0,1,6,9,0,7,0,2,0,40,37,1100,500,45
SIM_COVER_USE,7,9,0,0
SIM,7,0,1,6,10,1,10,0,3,0,40,36,300,1500,36
SIM_COVER_USE,7,10,0,0
SIM,7,0,1,6,11,0,9,3,2,1,40,36,1000,100,45
SIM_COVER_USE,7,11,0,0
SIM,7,0,1,6,12,1,9,0,2,0,40,36,400,1100,34
SIM_COVER_USE,7,12,0,0
SIM,7,0,1,6,13,0,9,0,2,0,40,36,1100,500,45
SIM_COVER_USE,7,13,0,0
SIM,7,0,1,6,14,1,12,0,3,0,40,34,300,1500,30
SIM_COVER_USE,7,14,0,0
SIM,7,0,1,6,15,0,10,3,3,1,40,34,900,100,45
SIM_COVER_USE,7,15,0,0
SIM,7,0,1,6,16,1,10,0,3,0,40,32,300,1100,30
SIM_COVER_USE,7,16,1,0
SIM,7,0,1,6,17,0,10,0,3,0,40,32,900,500,45
SIM_COVER_USE,7,17,1,0
SIM,7,0,1,6,18,1,13,0,4,0,40,29,100,1500,24
SIM_COVER_USE,7,18,0,0
SIM,7,0,1,6,19,0,12,3,3,1,40,29,700,100,45
SIM_COVER_USE,7,19,0,0
SIM,7,0,1,6,20,1,12,0,3,0,40,27,400,1100,35
SIM_COVER_USE,7,20,0,0
SIM,7,0,1,6,21,0,12,0,3,0,40,27,1000,500,45
SIM_COVER_USE,7,21,0,0
SIM,7,0,1,6,22,1,15,0,4,0,40,24,200,1500,31
SIM_COVER_USE,7,22,0,0
SIM,7,0,1,6,23,0,13,3,4,1,40,24,700,100,45
SIM_COVER_USE,7,23,0,0
SIM,7,0,1,6,24,1,13,0,4,0,40,21,400,1100,29
SIM_COVER_USE,7,24,0,0
SIM,7,0,1,6,25,0,13,0,4,0,40,21,900,1100,45
SIM_COVER_USE,7,25,0,0
SIM,7,0,1,6,26,1,13,0,4,0,40,17,300,2100,33
SIM_COVER_USE,7,26,0,0
SIM,7,0,1,6,27,0,11,3,4,1,40,17,800,400,45
SIM_COVER_USE,7,27,0,0
SIM,7,0,1,6,28,1,11,0,4,0,40,14,500,1400,35
SIM_COVER_USE,7,28,0,0
SIM,7,0,1,6,29,0,11,0,4,0,40,14,1000,1400,45
SIM_COVER_USE,7,29,0,0
SIM,7,0,1,6,30,1,11,0,4,0,40,10,400,2400,33
SIM_COVER_USE,7,30,0,0
SIM,7,0,1,6,31,0,9,3,3,1,40,10,1100,400,45
SIM_COVER_USE,7,31,0,0
SIM,7,0,1,6,32,1,12,3,4,1,40,6,300,1300,24
SIM_COVER_USE,7,32,0,0
SIM,7,0,1,6,33,0,10,3,4,1,40,6,900,400,45
SIM_COVER_USE,7,33,0,0
SIM,7,0,1,6,34,1,10,3,4,1,40,2,300,1300,33
SIM_COVER_USE,7,34,0,0
SIM,7,0,1,6,35,0,7,6,3,2,40,2,1000,200,45
SIM_COVER_USE,7,35,0,0
SIM_END,7,0,1,6,35,0,0
SIM,8,1,1,0,1,0,0,6,0,1,40,40,1000,0,30
SIM_COVER_USE,8,1,0,0
SIM,8,1,1,0,2,1,3,4,1,1,40,40,200,800,19
SIM_COVER_USE,8,2,0,0
SIM,8,1,1,0,3,0,0,7,0,2,39,40,1200,300,45
SIM_COVER_USE,8,3,0,0
SIM,8,1,1,0,4,1,0,7,0,2,39,40,300,1000,39
SIM_COVER_USE,8,4,0,0
SIM,8,1,1,0,5,0,0,7,0,2,38,40,1300,400,45
SIM_COVER_USE,8,5,0,0
SIM,8,1,1,0,6,1,3,5,1,2,38,40,200,1100,34
SIM_COVER_USE,8,6,0,0
SIM,8,1,1,0,7,0,0,8,0,3,37,40,1200,300,45
SIM_COVER_USE,8,7,0,0
SIM,8,1,1,0,8,1,0,8,0,3,37,40,300,900,39
SIM_COVER_USE,8,8,0,0
SIM,8,1,1,0,9,0,0,8,0,3,34,40,1300,300,45
SIM_COVER_USE,8,9,0,0
SIM,8,1,1,0,10,1,3,7,1,2,34,40,200,1000,34
SIM_COVER_USE,8,10,0,0
SIM,8,1,1,0,11,0,0,10,0,3,32,40,1200,200,45
SIM_COVER_USE,8,11,0,0
SIM,8,1,1,0,12,1,0,10,0,3,32,40,300,800,39
SIM_COVER_USE,8,12,0,0
SIM,8,1,1,0,13,0,0,10,0,3,29,40,1300,500,45
SIM_COVER_USE,8,13,0,0
SIM,8,1,1,0,14,1,3,8,1,3,29,40,200,1100,36
SIM_COVER_USE,8,14,0,0
SIM,8,1,1,0,15,0,0,8,0,3,29,40,1200,1100,45
SIM_COVER_USE,8,15,0,0
SIM,8,1,1,0,16,1,0,8,0,3,29,40,300,1700,39
SIM_COVER_USE,8,16,0,0
SIM,8,1,1,0,17,0,0,11,0,4,26,40,1300,300,45
SIM_COVER_USE,8,17,0,0
SIM,8,1,1,0,18,1,3,9,1,3,26,40,200,1000,36
SIM_COVER_USE,8,18,0,0
SIM,8,1,1,0,19,0,3,9,1,3,23,40,1100,400,45
SIM_COVER_USE,8,19,0,0
SIM,8,1,1,0,20,1,3,7,1,3,23,40,500,1100,39
SIM_COVER_USE,8,20,0,0
SIM,8,1,1,0,21,0,1,10,1,4,20,40,1400,300,45
SIM_COVER_USE,8,21,0,1
SIM,8,1,1,0,22,1,4,7,2,3,20,40,300,1000,32
SIM_COVER_USE,8,22,0,1
SIM,8,1,1,0,23,0,3,7,1,3,18,40,1200,400,45
SIM_COVER_USE,8,23,0,1
SIM,8,1,1,0,24,1,3,6,1,2,18,40,300,1200,37
SIM_COVER_USE,8,24,0,1
SIM,8,1,1,0,25,0,3,9,1,3,15,40,1200,100,45
SIM_COVER_USE,8,25,0,0
SIM,8,1,1,0,26,1,6,6,2,2,15,40,100,900,26
SIM_COVER_USE,8,26,0,0
SIM,8,1,1,0,27,0,6,6,2,2,14,40,900,900,45
SIM_COVER_USE,8,27,0,0
SIM,8,1,1,0,28,1,6,3,2,1,14,40,300,1800,33
SIM_COVER_USE,8,28,0,0
SIM,8,1,1,0,29,0,4,6,2,2,13,40,1100,100,45
SIM_COVER_USE,8,29,0,0
SIM,8,1,1,0,30,1,7,1,3,1,13,40,300,1000,32
SIM_COVER_USE,8,30,0,0
SIM,8,1,1,0,31,0,6,1,2,1,13,40,1100,400,45
SIM_COVER_USE,8,31,0,0
SIM,8,1,1,0,32,1,6,0,2,0,13,39,500,1400,23
SIM_COVER_USE,8,32,0,0
SIM,8,1,1,0,33,0,4,3,2,1,13,39,1300,300,45
SIM_COVER_USE,8,33,0,0
SIM,8,1,1,0,34,1,7,0,3,0,13,38,200,1300,20
SIM_COVER_USE,8,34,1,0
SIM,8,1,1,0,35,0,7,0,3,0,13,38,900,400,45
SIM_COVER_USE,8,35,1,0
SIM,8,1,1,0,36,1,7,0,3,0,13,35,300,1400,29
SIM_COVER_USE,8,36,0,0
SIM,8,1,1,0,37,0,6,3,2,1,13,35,1100,300,45
SIM_COVER_USE,8,37,0,0
SIM,8,1,1,0,38,1,9,1,3,1,13,33,300,1200,30
SIM_COVER_USE,8,38,0,0
SIM,8,1,1,0,39,0,7,1,3,1,13,33,1000,300,45
SIM_COVER_USE,8,39,0,0
SIM,8,1,1,0,40,1,7,0,3,0,13,31,400,1300,33
SIM_COVER_USE,8,40,0,0
SIM,8,1,1,0,41,0,6,3,2,1,13,31,1200,200,45
SIM_COVER_USE,8,41,0,0
SIM,8,1,1,0,42,1,9,3,3,1,13,28,100,1100,24
SIM_COVER_USE,8,42,0,0
SIM,8,1,1,0,43,0,7,3,3,1,13,28,800,500,45
SIM_COVER_USE,8,43,0,0
SIM,8,1,1,0,44,1,7,3,3,1,13,25,500,1400,37
SIM_COVER_USE,8,44,0,0
SIM,8,1,1,0,45,0,4,6,2,2,13,25,1300,300,45
SIM_COVER_USE,8,45,0,0
SIM,8,1,1,0,46,1,7,4,3,2,13,23,200,1100,28
SIM_COVER_USE,8,46,0,0
SIM,8,1,1,0,47,0,4,4,2,2,13,23,1000,500,45
SIM_COVER_USE,8,47,0,0
SIM,8,1,1,0,48,1,4,3,2,1,13,22,400,1400,37
SIM_COVER_USE,8,48,0,0
SIM,8,1,1,0,49,0,1,6,1,2,13,22,1300,300,45
SIM_COVER_USE,8,49,0,0
SIM,8,1,1,0,50,1,4,4,2,2,13,21,200,1100,30
SIM_COVER_USE,8,50,1,0
SIM,8,1,1,0,51,0,3,4,1,2,13,21,1100,1100,45
SIM_COVER_USE,8,51,1,0
SIM,8,1,1,0,52,1,3,3,1,1,13,21,500,2000,39
SIM_COVER_USE,8,52,1,0
SIM,8,1,1,0,53,0,3,6,1,2,13,21,1400,300,45
SIM_COVER_USE,8,53,1,1
SIM,8,1,1,0,54,1,6,6,2,2,13,20,300,1100,28
SIM_COVER_USE,8,54,1,1
SIM,8,1,1,0,55,0,3,6,1,2,13,20,1200,500,45
SIM_COVER_USE,8,55,1,0
SIM,8,1,1,0,56,1,3,4,1,2,13,20,300,1300,35
SIM_COVER_USE,8,56,0,0
SIM,8,1,1,0,57,0,0,7,0,3,12,20,1300,200,45
SIM_COVER_USE,8,57,0,0
SIM,8,1,1,0,58,1,3,6,1,2,12,20,200,1000,28
SIM_COVER_USE,8,58,0,0
SIM,8,1,1,0,59,0,1,6,1,2,11,20,1100,400,45
SIM_COVER_USE,8,59,0,0
SIM,8,1,1,0,60,1,1,4,1,2,11,20,500,1200,39
SIM_COVER_USE,8,60,0,0
SIM,8,1,1,0,61,0,0,4,0,2,11,20,1500,1200,45
SIM_COVER_USE,8,61,0,0
SIM,8,1,1,0,62,1,3,3,1,1,11,20,100,2100,30
SIM_COVER_USE,8,62,0,0
SIM,8,1,1,0,63,0,1,6,1,2,10,20,1000,100,45
SIM_COVER_USE,8,63,0,0
SIM,8,1,1,0,64,1,1,4,1,2,10,20,400,900,39
SIM_COVER_USE,8,64,0,0
SIM,8,1,1,0,65,0,0,4,0,2,10,20,1400,900,45
SIM_COVER_USE,8,65,0,0
SIM,8,1,1,0,66,1,3,3,1,1,10,20,300,1800,32
SIM_COVER_USE,8,66,0,0
SIM,8,1,1,0,67,0,1,6,1,2,9,20,1200,100,45
SIM_COVER_USE,8,67,0,0
SIM,8,1,1,0,68,1,1,4,1,2,9,20,300,900,37
SIM_COVER_USE,8,68,0,0
SIM,8,1,1,0,69,0,0,4,0,2,9,20,1300,900,45
SIM_COVER_USE,8,69,0,0
SIM,8,1,1,0,70,1,3,3,1,1,9,20,200,1800,32
SIM_COVER_USE,8,70,0,0
SIM,8,1,1,0,71,0,1,6,1,2,8,20,1100,100,45
SIM_COVER_USE,8,71,0,0
SIM,8,1,1,0,72,1,1,4,1,2,8,20,500,900,39
SIM_COVER_USE,8,72,0,0
SIM,8,1,1,0,73,0,0,4,0,2,7,20,1500,300,45
SIM_COVER_USE,8,73,0,0
SIM,8,1,1,0,74,1,3,3,1,1,7,20,100,1200,30
SIM_COVER_USE,8,74,0,0
SIM,8,1,1,0,75,0,1,6,1,2,6,20,1000,100,45
SIM_COVER_USE,8,75,0,0
SIM,8,1,1,0,76,1,1,4,1,2,6,20,400,900,39
SIM_COVER_USE,8,76,0,0
SIM,8,1,1,0,77,0,0,4,0,2,5,20,1400,300,45
SIM_COVER_USE,8,77,0,0
SIM,8,1,1,0,78,1,3,3,1,1,5,20,300,1200,32
SIM_COVER_USE,8,78,0,0
SIM,8,1,1,0,79,0,1,6,1,2,4,20,1200,100,45
SIM_COVER_USE,8,79,0,0
SIM,8,1,1,0,80,1,1,4,1,2,4,20,300,900,37
SIM_COVER_USE,8,80,0,0
SIM_END,8,1,1,0,80,1,0
SIM,9,1,1,1,1,0,0,6,0,1,40,40,1000,0,30
SIM_COVER_USE,9,1,0,0
SIM,9,1,1,1,2,1,3,4,1,1,40,40,200,800,19
SIM_COVER_USE,9,2,0,0
SIM,9,1,1,1,3,0,0,7,0,2,39,40,1200,300,45
SIM_COVER_USE,9,3,0,0
SIM,9,1,1,1,4,1,0,7,0,2,39,40,300,1000,39
SIM_COVER_USE,9,4,0,0
SIM,9,1,1,1,5,0,0,7,0,2,38,40,1300,400,45
SIM_COVER_USE,9,5,0,0
SIM,9,1,1,1,6,1,3,5,1,2,38,40,200,1100,34
SIM_COVER_USE,9,6,0,0
SIM,9,1,1,1,7,0,0,8,0,3,37,40,1200,300,45
SIM_COVER_USE,9,7,0,0
SIM,9,1,1,1,8,1,0,8,0,3,37,40,300,900,39
SIM_COVER_USE,9,8,0,0
SIM,9,1,1,1,9,0,0,8,0,3,34,40,1300,300,45
SIM_COVER_USE,9,9,0,0
SIM,9,1,1,1,10,1,3,7,1,2,34,40,200,1000,34
SIM_COVER_USE,9,10,0,0
SIM,9,1,1,1,11,0,0,10,0,3,32,40,1200,200,45
SIM_COVER_USE,9,11,0,0
SIM,9,1,1,1,12,1,0,10,0,3,32,40,300,800,39
SIM_COVER_USE,9,12,0,0
SIM,9,1,1,1,13,0,0,10,0,3,31,40,1300,800,45
SIM_COVER_USE,9,13,0,0
SIM,9,1,1,1,14,1,3,8,1,3,31,40,200,1400,36
SIM_COVER_USE,9,14,0,0
SIM,9,1,1,1,15,0,0,11,0,4,29,40,1200,300,45
SIM_COVER_USE,9,15,0,0
SIM,9,1,1,1,16,1,0,11,0,4,29,40,300,800,39
SIM_COVER_USE,9,16,0,0
SIM,9,1,1,1,17,0,0,11,0,4,28,40,1300,800,45
SIM_COVER_USE,9,17,0,0
SIM,9,1,1,1,18,1,3,9,1,3,28,40,200,1500,36
SIM_COVER_USE,9,18,0,0
SIM,9,1,1,1,19,0,3,9,1,3,27,40,1100,1500,45
SIM_COVER_USE,9,19,0,0
SIM,9,1,1,1,20,1,3,7,1,3,27,40,500,2200,37
SIM_COVER_USE,9,20,0,0
SIM,9,1,1,1,21,0,0,10,0,4,25,40,1500,200,45
SIM_COVER_USE,9,21,0,1
SIM,9,1,1,1,22,1,3,9,1,3,25,40,100,900,32
SIM_COVER_USE,9,22,0,1
SIM,9,1,1,1,23,0,0,9,0,3,24,40,1100,300,45
SIM_COVER_USE,9,23,0,1
SIM,9,1,1,1,24,1,0,9,0,3,24,40,500,1000,41
SIM_COVER_USE,9,24,0,1
SIM,9,1,1,1,25,0,0,12,0,4,21,40,1500,200,45
SIM_COVER_USE,9,25,0,0
SIM,9,1,1,1,26,1,3,10,1,4,21,40,100,800,34
SIM_COVER_USE,9,26,0,0
SIM,9,1,1,1,27,0,1,10,1,4,18,40,1000,500,45
SIM_COVER_USE,9,27,0,1
SIM,9,1,1,1,28,1,1,9,1,3,18,40,400,1200,39
SIM_COVER_USE,9,28,0,1
SIM,9,1,1,1,29,0,0,12,0,4,15,40,1400,100,45
SIM_COVER_USE,9,29,0,1
SIM,9,1,1,1,30,1,3,10,1,4,15,40,300,700,36
SIM_COVER_USE,9,30,0,1
SIM,9,1,1,1,31,0,1,10,1,4,12,40,1200,400,45
SIM_COVER_USE,9,31,0,1
SIM,9,1,1,1,32,1,1,9,1,3,12,40,300,1100,37
SIM_COVER_USE,9,32,0,1
SIM,9,1,1,1,33,0,0,12,0,4,9,40,1300,300,45
SIM_COVER_USE,9,33,0,1
SIM,9,1,1,1,34,1,3,10,1,4,9,40,200,900,36
SIM_COVER_USE,9,34,0,1
SIM,9,1,1,1,35,0,1,10,1,4,6,40,1100,300,45
SIM_COVER_USE,9,35,0,1
SIM,9,1,1,1,36,1,1,9,1,3,6,40,500,1000,39
SIM_COVER_USE,9,36,0,1
SIM,9,1,1,1,37,0,0,12,0,4,3,40,1500,200,45
SIM_COVER_USE,9,37,0,1
SIM,9,1,1,1,38,1,3,10,1,4,3,40,100,800,34
SIM_COVER_USE,9,38,0,1
SIM_END,9,1,1,1,38,1,0
SIM,10,1,1,2,1,0,0,6,0,1,40,40,1000,0,30
SIM_COVER_USE,10,1,0,0
SIM,10,1,1,2,2,1,3,6,1,1,40,39,200,800,19
SIM_COVER_USE,10,2,0,0
SIM,10,1,1,2,3,0,0,9,0,2,39,39,1200,300,45
SIM_COVER_USE,10,3,0,0
SIM,10,1,1,2,4,1,0,9,0,2,39,39,300,1000,39
SIM_COVER_USE,10,4,0,0
SIM,10,1,1,2,5,0,0,9,0,2,38,39,1300,1000,45
SIM_COVER_USE,10,5,0,0
SIM,10,1,1,2,6,1,3,7,1,2,38,39,200,1700,34
SIM_COVER_USE,10,6,0,0
SIM,10,1,1,2,7,0,3,7,1,2,38,39,1100,1700,45
SIM_COVER_USE,10,7,0,0
SIM,10,1,1,2,8,1,3,6,1,1,38,39,500,2500,39
SIM_COVER_USE,10,8,0,0
SIM,10,1,1,2,9,0,0,9,0,2,37,39,1500,200,45
SIM_COVER_USE,10,9,0,0
SIM,10,1,1,2,10,1,3,7,1,2,37,39,100,900,32
SIM_COVER_USE,10,10,0,0
SIM,10,1,1,2,11,0,0,7,0,2,36,39,1100,300,45
SIM_COVER_USE,10,11,0,0
SIM,10,1,1,2,12,1,0,7,0,2,36,39,500,1000,41
SIM_COVER_USE,10,12,0,0
SIM,10,1,1,2,13,0,0,10,0,3,35,39,1500,200,45
SIM_COVER_USE,10,13,0,0
SIM,10,1,1,2,14,1,3,9,1,2,35,39,100,900,32
SIM_COVER_USE,10,14,0,0
SIM,10,1,1,2,15,0,0,9,0,2,35,39,1100,300,45
SIM_COVER_USE,10,15,0,0
SIM,10,1,1,2,16,1,0,9,0,2,35,39,500,1000,41
SIM_COVER_USE,10,16,0,0
SIM,10,1,1,2,17,0,0,12,0,3,33,39,1500,200,45
SIM_COVER_USE,10,17,0,0
SIM,10,1,1,2,18,1,3,10,1,3,33,39,100,800,34
SIM_COVER_USE,10,18,0,0
SIM,10,1,1,2,19,0,3,10,1,3,33,39,1000,800,45
SIM_COVER_USE,10,19,0,1
SIM,10,1,1,2,20,1,3,9,1,2,33,39,400,1500,39
SIM_COVER_USE,10,20,0,1
SIM,10,1,1,2,21,0,0,12,0,3,31,39,1400,100,45
SIM_COVER_USE,10,21,0,1
SIM,10,1,1,2,22,1,3,10,1,3,31,39,300,700,36
SIM_COVER_USE,10,22,0,1
SIM,10,1,1,2,23,0,0,10,0,3,29,39,1300,400,45
SIM_COVER_USE,10,23,0,1
SIM,10,1,1,2,24,1,0,10,0,3,29,39,400,1000,39
SIM_COVER_USE,10,24,0,1
SIM,10,1,1,2,25,0,0,13,0,4,26,39,1400,200,45
SIM_COVER_USE,10,25,0,0
SIM,10,1,1,2,26,1,3,12,1,3,26,39,300,800,36
SIM_COVER_USE,10,26,0,0
SIM,10,1,1,2,27,0,0,12,0,3,24,39,1300,500,45
SIM_COVER_USE,10,27,0,0
SIM,10,1,1,2,28,1,0,12,0,3,24,39,400,1100,39
SIM_COVER_USE,10,28,0,0
SIM,10,1,1,2,29,0,0,15,0,4,21,39,1400,300,45
SIM_COVER_USE,10,29,0,0
SIM,10,1,1,2,30,1,3,13,1,4,21,39,300,800,36
SIM_COVER_USE,10,30,0,0
SIM,10,1,1,2,31,0,0,13,0,4,18,39,1300,500,45
SIM_COVER_USE,10,31,0,0
SIM,10,1,1,2,32,1,0,13,0,4,18,39,1300,1000,45
SIM_COVER_USE,10,32,0,0
SIM,10,1,1,2,33,0,0,13,0,4,14,39,2300,400,45
SIM_COVER_USE,10,33,0,0
SIM,10,1,1,2,34,1,3,11,1,4,14,39,300,900,30
SIM_COVER_USE,10,34,0,0
SIM,10,1,1,2,35,0,0,11,0,4,11,39,1300,300,45
SIM_COVER_USE,10,35,0,0
SIM,10,1,1,2,36,1,0,11,0,4,11,39,1300,800,45
SIM_COVER_USE,10,36,0,0
SIM,10,1,1,2,37,0,0,11,0,4,7,39,2300,500,45
SIM_COVER_USE,10,37,0,0
SIM,10,1,1,2,38,1,3,9,1,3,7,39,300,1200,30
SIM_COVER_USE,10,38,0,0
SIM,10,1,1,2,39,0,3,12,1,4,3,39,1200,100,45
SIM_COVER_USE,10,39,0,0
SIM,10,1,1,2,40,1,3,10,1,4,3,39,300,700,37
SIM_COVER_USE,10,40,0,0
SIM_END,10,1,1,2,40,1,0
SIM,11,1,1,3,1,0,0,6,0,1,40,40,1000,0,30
SIM_COVER_USE,11,1,0,1
SIM,11,1,1,3,2,1,3,6,1,1,40,40,200,800,21
SIM_COVER_USE,11,2,1,1
SIM,11,1,1,3,3,0,0,9,0,2,40,40,1200,300,45
SIM_COVER_USE,11,3,0,1
SIM,11,1,1,3,4,1,0,9,0,2,40,40,300,1000,39
SIM_COVER_USE,11,4,0,1
SIM,11,1,1,3,5,0,0,9,0,2,40,40,1300,400,45
SIM_COVER_USE,11,5,0,1
SIM,11,1,1,3,6,1,3,7,1,2,40,40,200,1100,32
SIM_COVER_USE,11,6,1,1
SIM,11,1,1,3,7,0,3,21,1,2,40,40,1100,500,45
SIM_COVER_USE,11,7,1,1
SIM,11,1,1,3,8,1,3,20,1,1,40,40,500,1300,39
SIM_COVER_USE,11,8,1,1
SIM,11,1,1,3,9,0,3,6,1,1,40,40,1400,1600,45
SIM_COVER_USE,11,9,1,1
SIM,11,1,1,3,10,1,6,6,2,1,40,39,300,2400,28
SIM_COVER_USE,11,10,1,1
SIM,11,1,1,3,11,0,3,9,1,2,39,39,1200,100,45
SIM_COVER_USE,11,11,1,1
SIM,11,1,1,3,12,1,3,9,1,2,39,38,300,800,33
SIM_COVER_USE,11,12,0,1
SIM,11,1,1,3,13,0,0,9,0,2,38,38,1300,500,45
SIM_COVER_USE,11,13,0,1
SIM,11,1,1,3,14,1,3,7,1,2,38,38,200,1200,34
SIM_COVER_USE,11,14,0,1
SIM,11,1,1,3,15,0,0,10,0,3,36,38,1200,100,45
SIM_COVER_USE,11,15,0,0
SIM,11,1,1,3,16,1,0,10,0,3,36,38,300,700,39
SIM_COVER_USE,11,16,0,0
SIM,11,1,1,3,17,0,0,10,0,3,34,38,1300,400,45
SIM_COVER_USE,11,17,0,0
SIM,11,1,1,3,18,1,3,9,1,2,34,38,200,1100,34
SIM_COVER_USE,11,18,0,0
SIM,11,1,1,3,19,0,3,9,1,2,34,38,1100,1100,45
SIM_COVER_USE,11,19,0,0
SIM,11,1,1,3,20,1,3,7,1,2,34,38,500,1800,39
SIM_COVER_USE,11,20,0,0
SIM,11,1,1,3,21,0,0,7,0,2,34,38,1500,1800,45
SIM_COVER_USE,11,21,0,0
SIM,11,1,1,3,22,1,3,5,1,2,34,38,100,2500,34
SIM_COVER_USE,11,22,0,0
SIM,11,1,1,3,23,0,0,8,0,3,32,38,1100,200,45
SIM_COVER_USE,11,23,0,1
SIM,11,1,1,3,24,1,0,8,0,3,32,38,500,800,41
SIM_COVER_USE,11,24,0,1
SIM,11,1,1,3,25,0,0,8,0,3,30,38,1500,500,45
SIM_COVER_USE,11,25,0,0
SIM,11,1,1,3,26,1,3,7,1,2,30,38,100,1200,34
SIM_COVER_USE,11,26,0,0
SIM,11,1,1,3,27,0,3,7,1,2,30,38,1000,1200,45
SIM_COVER_USE,11,27,0,0
SIM,11,1,1,3,28,1,3,5,1,2,30,38,400,1900,39
SIM_COVER_USE,11,28,0,0
SIM,11,1,1,3,29,0,0,8,0,3,29,38,1400,200,45
SIM_COVER_USE,11,29,0,0
SIM,11,1,1,3,30,1,3,6,1,2,29,38,300,1000,36
SIM_COVER_USE,11,30,0,0
SIM,11,1,1,3,31,0,3,6,1,2,27,38,1200,400,45
SIM_COVER_USE,11,31,0,0
SIM,11,1,1,3,32,1,3,4,1,2,27,38,300,1200,37
SIM_COVER_USE,11,32,0,0
SIM,11,1,1,3,33,0,3,7,1,3,24,38,1200,100,45
SIM_COVER_USE,11,33,0,0
SIM,11,1,1,3,34,1,6,4,2,2,24,38,100,900,32
SIM_COVER_USE,11,34,0,0
SIM,11,1,1,3,35,0,6,4,2,2,22,38,900,300,45
SIM_COVER_USE,11,35,0,0
SIM,11,1,1,3,36,1,6,1,2,1,22,38,300,1200,35
SIM_COVER_USE,11,36,0,0
SIM,11,1,1,3,37,0,4,4,2,2,21,38,1100,100,45
SIM_COVER_USE,11,37,0,0
SIM,11,1,1,3,38,1,7,0,3,0,21,38,300,1100,28
SIM_COVER_USE,11,38,0,0
SIM,11,1,1,3,39,0,7,14,3,0,21,38,1000,500,45
SIM_COVER_USE,11,39,0,0
SIM,11,1,1,3,40,1,7,14,3,0,21,37,400,1500,27
SIM_COVER_USE,11,40,1,0
SIM,11,1,1,3,41,0,6,3,2,1,21,37,1200,100,45
SIM_COVER_USE,11,41,1,0
SIM,11,1,1,3,42,1,9,0,3,0,21,36,100,1100,28
SIM_COVER_USE,11,42,1,0
SIM,11,1,1,3,43,0,9,0,3,0,21,36,800,500,45
SIM_COVER_USE,11,43,1,0
SIM,11,1,1,3,44,1,9,0,3,0,21,33,500,1500,31
SIM_COVER_USE,11,44,0,0
SIM,11,1,1,3,45,0,7,3,3,1,21,33,1200,100,45
SIM_COVER_USE,11,45,0,0
SIM,11,1,1,3,46,1,10,1,4,1,21,30,100,1000,22
SIM_COVER_USE,11,46,1,0
SIM,11,1,1,3,47,0,9,1,3,1,21,30,800,400,45
SIM_COVER_USE,11,47,1,0
SIM,11,1,1,3,48,1,9,0,3,0,21,28,500,1400,37
SIM_COVER_USE,11,48,1,0
SIM,11,1,1,3,49,0,8,3,3,1,21,28,1200,300,45
SIM_COVER_USE,11,49,1,0
SIM,11,1,1,3,50,1,11,0,4,0,21,26,100,1300,22
SIM_COVER_USE,11,50,1,0
SIM,11,1,1,3,51,0,11,0,4,0,21,26,700,400,45
SIM_COVER_USE,11,51,1,0
SIM,11,1,1,3,52,1,11,0,4,0,21,22,400,1400,31
SIM_COVER_USE,11,52,0,0
SIM,11,1,1,3,53,0,9,3,3,1,21,22,1100,300,45
SIM_COVER_USE,11,53,0,0
SIM,11,1,1,3,54,1,12,3,4,1,21,19,300,1200,31
SIM_COVER_USE,11,54,0,0
SIM,11,1,1,3,55,0,10,3,4,1,21,19,900,300,45
SIM_COVER_USE,11,55,0,0
SIM,11,1,1,3,56,1,10,3,4,1,21,15,300,1200,27
SIM_COVER_USE,11,56,0,0
SIM,11,1,1,3,57,0,7,6,3,2,21,15,1000,100,45
SIM_COVER_USE,11,57,0,0
SIM,11,1,1,3,58,1,10,4,4,2,21,12,200,900,28
SIM_COVER_USE,11,58,0,0
SIM,11,1,1,3,59,0,7,4,3,2,21,12,900,300,45
SIM_COVER_USE,11,59,0,0
SIM,11,1,1,3,60,1,7,3,3,1,21,10,300,1200,35
SIM_COVER_USE,11,60,0,0
SIM,11,1,1,3,61,0,4,6,2,2,21,10,1100,100,45
SIM_COVER_USE,11,61,0,0
SIM,11,1,1,3,62,1,7,3,3,1,21,9,300,1000,26
SIM_COVER_USE,11,62,0,0
SIM,11,1,1,3,63,0,7,3,3,1,21,9,1000,1000,45
SIM_COVER_USE,11,63,0,0
SIM,11,1,1,3,64,1,7,1,3,1,21,7,400,1900,35
SIM_COVER_USE,11,64,0,0
SIM,11,1,1,3,65,0,4,4,2,2,21,7,1200,200,45
SIM_COVER_USE,11,65,0,0
SIM,11,1,1,3,66,1,7,1,3,1,21,6,100,1100,28
SIM_COVER_USE,11,66,0,0
SIM,11,1,1,3,67,0,6,1,2,1,21,6,900,500,45
SIM_COVER_USE,11,67,0,0
SIM,11,1,1,3,68,1,6,0,2,0,21,5,300,1500,37
SIM_COVER_USE,11,68,0,0
SIM,11,1,1,3,69,0,6,14,2,0,21,5,1100,900,45
SIM_COVER_USE,11,69,0,0
SIM,11,1,1,3,70,1,9,14,3,0,21,3,300,1900,31
SIM_COVER_USE,11,70,0,0
SIM,11,1,1,3,71,0,7,3,3,1,21,3,1000,200,45
SIM_COVER_USE,11,71,0,0
SIM_END,11,1,1,3,71,0,0
SIM,12,1,1,4,1,0,0,6,0,1,40,40,1000,0,30
SIM_COVER_USE,12,1,0,1
SIM,12,1,1,4,2,1,3,6,1,1,40,40,200,800,21
SIM_COVER_USE,12,2,1,1
SIM,12,1,1,4,3,0,0,9,0,2,40,40,1200,300,45
SIM_COVER_USE,12,3,0,1
SIM,12,1,1,4,4,1,0,9,0,2,40,40,300,1000,39
SIM_COVER_USE,12,4,0,1
SIM,12,1,1,4,5,0,0,9,0,2,39,40,1300,400,45
SIM_COVER_USE,12,5,0,1
SIM,12,1,1,4,6,1,3,7,1,2,39,40,200,1100,34
SIM_COVER_USE,12,6,0,1
SIM,12,1,1,4,7,0,0,10,0,3,38,40,1200,300,45
SIM_COVER_USE,12,7,0,0
SIM,12,1,1,4,8,1,0,10,0,3,38,40,300,900,39
SIM_COVER_USE,12,8,0,0
SIM,12,1,1,4,9,0,0,10,0,3,37,40,1300,900,45
SIM_COVER_USE,12,9,0,0
SIM,12,1,1,4,10,1,3,9,1,2,37,40,200,1600,34
SIM_COVER_USE,12,10,0,0
SIM,12,1,1,4,11,0,0,12,0,3,36,40,1200,200,45
SIM_COVER_USE,12,11,0,0
SIM,12,1,1,4,12,1,0,12,0,3,36,40,300,800,39
SIM_COVER_USE,12,12,0,0
SIM,12,1,1,4,13,0,0,12,0,3,33,40,1300,500,45
SIM_COVER_USE,12,13,0,0
SIM,12,1,1,4,14,1,3,10,1,3,33,40,200,1100,36
SIM_COVER_USE,12,14,0,0
SIM,12,1,1,4,15,0,0,13,0,4,31,40,1200,300,45
SIM_COVER_USE,12,15,0,0
SIM,12,1,1,4,16,1,0,13,0,4,31,40,300,800,39
SIM_COVER_USE,12,16,0,0
SIM,12,1,1,4,17,0,0,13,0,4,27,40,1300,500,45
SIM_COVER_USE,12,17,0,0
SIM,12,1,1,4,18,1,3,11,1,4,27,40,500,1000,38
SIM_COVER_USE,12,18,0,0
SIM,12,1,1,4,19,0,0,11,0,4,24,40,1500,400,45
SIM_COVER_USE,12,19,0,0
SIM,12,1,1,4,20,1,0,11,0,4,24,40,1500,900,45
SIM_COVER_USE,12,20,0,0
SIM,12,1,1,4,21,0,0,11,0,4,23,40,2500,900,45
SIM_COVER_USE,12,21,0,0
SIM,12,1,1,4,22,1,3,9,1,3,23,40,500,1600,30
SIM_COVER_USE,12,22,0,0
SIM,12,1,1,4,23,0,3,12,1,4,19,40,1400,200,45
SIM_COVER_USE,12,23,0,0
SIM,12,1,1,4,24,1,3,10,1,4,19,40,500,800,37
SIM_COVER_USE,12,24,0,0
SIM,12,1,1,4,25,0,3,10,1,4,15,40,1400,500,45
SIM_COVER_USE,12,25,0,0
SIM,12,1,1,4,26,1,6,7,2,3,15,40,300,1200,34
SIM_COVER_USE,12,26,0,0
SIM,12,1,1,4,27,0,6,10,2,4,11,40,1100,100,45
SIM_COVER_USE,12,27,0,0
SIM,12,1,1,4,28,1,6,7,2,3,11,40,500,800,37
SIM_COVER_USE,12,28,0,0
SIM,12,1,1,4,29,0,6,7,2,3,10,40,1300,800,45
SIM_COVER_USE,12,29,0,0
SIM,12,1,1,4,30,1,9,3,3,1,10,40,200,1700,26
SIM_COVER_USE,12,30,0,0
SIM,12,1,1,4,31,0,9,6,3,2,9,40,900,300,45
SIM_COVER_USE,12,31,0,0
SIM,12,1,1,4,32,1,9,3,3,1,9,40,300,1200,32
SIM_COVER_USE,12,32,0,0
SIM,12,1,1,4,33,0,9,3,3,1,8,40,1000,300,45
SIM_COVER_USE,12,33,0,0
SIM,12,1,1,4,34,1,12,0,4,0,8,38,200,1300,10
SIM_COVER_USE,12,34,0,0
SIM,12,1,1,4,35,0,12,14,4,0,8,38,800,700,40
SIM_COVER_USE,12,35,0,0
SIM,12,1,1,4,36,1,12,14,4,0,8,35,500,1700,18
SIM_COVER_USE,12,36,0,0
SIM,12,1,1,4,37,0,10,3,4,1,8,35,1100,300,45
SIM_COVER_USE,12,37,0,0
SIM,12,1,1,4,38,1,10,1,4,1,8,32,500,1200,30
SIM_COVER_USE,12,38,1,0
SIM,12,1,1,4,39,0,9,1,3,1,8,32,1200,1200,45
SIM_COVER_USE,12,39,1,0
SIM,12,1,1,4,40,1,12,0,4,0,8,29,100,2200,22
SIM_COVER_USE,12,40,1,0
SIM,12,1,1,4,41,0,10,3,4,1,8,29,700,200,45
SIM_COVER_USE,12,41,1,0
SIM,12,1,1,4,42,1,10,1,4,1,8,26,400,1100,35
SIM_COVER_USE,12,42,1,0
SIM,12,1,1,4,43,0,9,1,3,1,8,26,1100,500,45
SIM_COVER_USE,12,43,1,0
SIM,12,1,1,4,44,1,12,0,4,0,8,23,300,1500,24
SIM_COVER_USE,12,44,1,0
SIM,12,1,1,4,45,0,12,14,4,0,8,23,900,900,45
SIM_COVER_USE,12,45,1,0
SIM,12,1,1,4,46,1,12,12,4,0,8,20,300,1900,30
SIM_COVER_USE,12,46,0,0
SIM,12,1,1,4,47,0,12,0,4,0,8,20,900,2200,45
SIM_COVER_USE,12,47,0,0
SIM,12,1,1,4,48,1,12,0,4,0,8,16,300,3200,32
SIM_COVER_USE,12,48,0,0
SIM,12,1,1,4,49,0,10,3,4,1,8,16,900,300,45
SIM_COVER_USE,12,49,0,0
SIM,12,1,1,4,50,1,10,3,4,1,8,12,300,1200,33
SIM_COVER_USE,12,50,0,0
SIM,12,1,1,4,51,0,9,3,3,1,8,12,1000,1200,45
SIM_COVER_USE,12,51,0,0
SIM,12,1,1,4,52,1,12,3,4,1,8,8,200,2100,24
SIM_COVER_USE,12,52,0,0
SIM,12,1,1,4,53,0,9,6,3,2,8,8,900,100,45
SIM_COVER_USE,12,53,0,0
SIM,12,1,1,4,54,1,9,6,3,2,8,5,300,900,35
SIM_COVER_USE,12,54,0,0
SIM,12,1,1,4,55,0,6,6,2,2,8,5,1100,300,45
SIM_COVER_USE,12,55,0,0
SIM,12,1,1,4,56,1,9,4,3,2,8,3,300,1100,30
SIM_COVER_USE,12,56,0,0
SIM,12,1,1,4,57,0,9,18,3,2,8,3,1000,500,45
SIM_COVER_USE,12,57,0,0
SIM,12,1,1,4,58,1,9,17,3,1,8,1,400,1400,35
SIM_COVER_USE,12,58,0,0
SIM,12,1,1,4,59,0,9,3,3,1,8,1,1100,1700,45
SIM_COVER_USE,12,59,0,0
SIM_END,12,1,1,4,59,0,0
SIM,13,1,1,5,1,0,0,6,0,1,40,40,1000,0,30
SIM_COVER_USE,13,1,0,0
SIM,13,1,1,5,2,1,3,6,1,1,40,39,200,800,19
SIM_COVER_USE,13,2,0,0
SIM,13,1,1,5,3,0,3,6,1,1,40,39,1100,800,45
SIM_COVER_USE,13,3,0,1
SIM,13,1,1,5,4,1,3,6,1,1,40,38,500,1600,39
SIM_COVER_USE,13,4,0,1
SIM,13,1,1,5,5,0,0,9,0,2,39,38,1500,200,45
SIM_COVER_USE,13,5,0,1
SIM,13,1,1,5,6,1,3,7,1,2,39,38,100,900,32
SIM_COVER_USE,13,6,0,1
SIM,13,1,1,5,7,0,0,7,0,2,38,38,1100,300,45
SIM_COVER_USE,13,7,0,0
SIM,13,1,1,5,8,1,0,7,0,2,38,38,500,1000,41
SIM_COVER_USE,13,8,0,0
SIM,13,1,1,5,9,0,0,10,0,3,37,38,1500,200,45
SIM_COVER_USE,13,9,0,0
SIM,13,1,1,5,10,1,3,9,1,2,37,38,100,900,32
SIM_COVER_USE,13,10,0,0
SIM,13,1,1,5,11,0,0,9,0,2,37,38,1100,300,45
SIM_COVER_USE,13,11,0,0
SIM,13,1,1,5,12,1,0,9,0,2,37,38,500,1000,41
SIM_COVER_USE,13,12,0,0
SIM,13,1,1,5,13,0,0,12,0,3,35,38,1500,200,45
SIM_COVER_USE,13,13,0,0
SIM,13,1,1,5,14,1,3,10,1,3,35,38,100,800,34
SIM_COVER_USE,13,14,0,0
SIM,13,1,1,5,15,0,0,10,0,3,33,38,1100,500,45
SIM_COVER_USE,13,15,0,1
SIM,13,1,1,5,16,1,0,10,0,3,33,38,500,1100,41
SIM_COVER_USE,13,16,0,1
SIM,13,1,1,5,17,0,0,10,0,3,32,38,1500,1100,45
SIM_COVER_USE,13,17,0,1
SIM,13,1,1,5,18,1,3,9,1,2,32,38,100,1800,34
SIM_COVER_USE,13,18,0,1
SIM,13,1,1,5,19,0,0,9,0,2,32,38,1100,1800,45
SIM_COVER_USE,13,19,0,1
SIM,13,1,1,5,20,1,0,9,0,2,32,38,500,2500,41
SIM_COVER_USE,13,20,0,1
SIM,13,1,1,5,21,0,0,12,0,3,30,38,1500,200,45
SIM_COVER_USE,13,21,0,0
SIM,13,1,1,5,22,1,3,10,1,3,30,38,100,800,34
SIM_COVER_USE,13,22,0,0
SIM,13,1,1,5,23,0,0,10,0,3,28,38,1100,500,45
SIM_COVER_USE,13,23,0,0
SIM,13,1,1,5,24,1,0,10,0,3,28,38,500,1100,41
SIM_COVER_USE,13,24,0,0
SIM,13,1,1,5,25,0,0,13,0,4,25,38,1500,300,45
SIM_COVER_USE,13,25,0,0
SIM,13,1,1,5,26,1,3,11,1,4,25,38,100,800,34
SIM_COVER_USE,13,26,0,0
SIM,13,1,1,5,27,0,0,11,0,4,22,38,1100,500,45
SIM_COVER_USE,13,27,0,0
SIM,13,1,1,5,28,1,0,11,0,4,22,38,1100,1000,45
SIM_COVER_USE,13,28,0,0
SIM,13,1,1,5,29,0,0,11,0,4,18,38,2100,400,45
SIM_COVER_USE,13,29,0,0
SIM,13,1,1,5,30,1,3,9,1,3,18,38,400,1100,32
SIM_COVER_USE,13,30,0,0
SIM,13,1,1,5,31,0,3,12,1,4,14,38,1300,300,45
SIM_COVER_USE,13,31,0,0
SIM,13,1,1,5,32,1,3,10,1,4,14,38,400,900,37
SIM_COVER_USE,13,32,0,0
SIM,13,1,1,5,33,0,3,10,1,4,13,38,1300,900,45
SIM_COVER_USE,13,33,0,0
SIM,13,1,1,5,34,1,6,7,2,3,13,38,200,1600,34
SIM_COVER_USE,13,34,0,0
SIM,13,1,1,5,35,0,6,10,2,4,9,38,1000,200,45
SIM_COVER_USE,13,35,0,0
SIM,13,1,1,5,36,1,6,7,2,3,9,38,400,900,37
SIM_COVER_USE,13,36,0,0
SIM,13,1,1,5,37,0,6,7,2,3,6,38,1200,300,45
SIM_COVER_USE,13,37,0,0
SIM,13,1,1,5,38,1,9,3,3,1,6,38,100,1200,26
SIM_COVER_USE,13,38,0,0
SIM,13,1,1,5,39,0,9,6,3,2,4,38,800,100,45
SIM_COVER_USE,13,39,0,0
SIM,13,1,1,5,40,1,9,1,3,1,4,38,500,1000,33
SIM_COVER_USE,13,40,0,0
SIM,13,1,1,5,41,0,9,1,3,1,3,38,1200,1000,45
SIM_COVER_USE,13,41,0,0
SIM,13,1,1,5,42,1,12,0,4,0,3,36,100,2000,6
SIM_COVER_USE,13,42,0,0
SIM,13,1,1,5,43,0,10,3,4,1,3,36,700,300,36
SIM_COVER_USE,13,43,0,0
SIM,13,1,1,5,44,1,10,1,4,1,3,33,400,1200,11
SIM_COVER_USE,13,44,1,0
SIM,13,1,1,5,45,0,9,1,3,1,3,33,1100,300,41
SIM_COVER_USE,13,45,1,0
SIM,13,1,1,5,46,1,12,0,4,0,3,30,300,1300,20
SIM_COVER_USE,13,46,1,0
SIM,13,1,1,5,47,0,10,3,4,1,3,30,900,200,45
SIM_COVER_USE,13,47,1,0
SIM,13,1,1,5,48,1,10,1,4,1,3,27,300,1100,33
SIM_COVER_USE,13,48,1,0
SIM,13,1,1,5,49,0,9,1,3,1,3,27,1000,500,45
SIM_COVER_USE,13,49,1,0
SIM,13,1,1,5,50,1,12,0,4,0,3,24,200,1500,24
SIM_COVER_USE,13,50,1,0
SIM,13,1,1,5,51,0,10,3,4,1,3,24,800,100,45
SIM_COVER_USE,13,51,1,0
SIM,13,1,1,5,52,1,10,1,4,1,3,21,500,1000,35
SIM_COVER_USE,13,52,1,0
SIM,13,1,1,5,53,0,9,1,3,1,3,21,1200,400,45
SIM_COVER_USE,13,53,1,0
SIM,13,1,1,5,54,1,12,0,4,0,3,18,100,1400,22
SIM_COVER_USE,13,54,1,0
SIM,13,1,1,5,55,0,10,3,4,1,3,18,700,300,45
SIM_COVER_USE,13,55,1,0
SIM,13,1,1,5,56,1,10,1,4,1,3,15,400,1200,35
SIM_COVER_USE,13,56,1,0
SIM,13,1,1,5,57,0,9,1,3,1,3,15,1100,300,45
SIM_COVER_USE,13,57,1,0
SIM,13,1,1,5,58,1,12,0,4,0,3,12,300,1300,24
SIM_COVER_USE,13,58,1,0
SIM,13,1,1,5,59,0,10,3,4,1,3,12,900,200,45
SIM_COVER_USE,13,59,1,0
SIM,13,1,1,5,60,1,10,1,4,1,3,9,300,1100,33
SIM_COVER_USE,13,60,1,0
SIM,13,1,1,5,61,0,9,1,3,1,3,9,1000,500,45
SIM_COVER_USE,13,61,1,0
SIM,13,1,1,5,62,1,12,0,4,0,3,6,200,1500,24
SIM_COVER_USE,13,62,1,0
SIM,13,1,1,5,63,0,10,3,4,1,3,6,800,100,45
SIM_COVER_USE,13,63,1,0
SIM,13,1,1,5,64,1,10,1,4,1,3,3,500,1000,35
SIM_COVER_USE,13,64,1,0
SIM,13,1,1,5,65,0,9,1,3,1,3,3,1200,400,45
SIM_COVER_USE,13,65,1,0
SIM_END,13,1,1,5,65,0,0
SIM,14,1,1,6,1,0,0,6,0,1,40,40,1000,0,30
SIM_COVER_USE,14,1,0,0
SIM,14,1,1,6,2,1,3,6,1,1,40,39,200,800,19
SIM_COVER_USE,14,2,0,0
SIM,14,1,1,6,3,0,0,9,0,2,39,39,1200,300,45
SIM_COVER_USE,14,3,0,1
SIM,14,1,1,6,4,1,0,9,0,2,39,39,300,1000,39
SIM_COVER_USE,14,4,0,1
SIM,14,1,1,6,5,0,0,9,0,2,38,39,1300,400,45
SIM_COVER_USE,14,5,0,1
SIM,14,1,1,6,6,1,3,7,1,2,38,39,200,1100,34
SIM_COVER_USE,14,6,0,1
SIM,14,1,1,6,7,0,3,7,1,2,38,39,1100,1100,45
SIM_COVER_USE,14,7,0,0
SIM,14,1,1,6,8,1,3,6,1,1,38,39,500,1900,39
SIM_COVER_USE,14,8,0,0
SIM,14,1,1,6,9,0,0,9,0,2,37,39,1500,200,45
SIM_COVER_USE,14,9,0,0
SIM,14,1,1,6,10,1,3,7,1,2,37,39,100,900,32
SIM_COVER_USE,14,10,0,0
SIM,14,1,1,6,11,0,0,7,0,2,36,39,1100,300,45
SIM_COVER_USE,14,11,0,0
SIM,14,1,1,6,12,1,0,7,0,2,36,39,500,1000,41
SIM_COVER_USE,14,12,0,0
SIM,14,1,1,6,13,0,0,10,0,3,35,39,1500,200,45
SIM_COVER_USE,14,13,0,0
SIM,14,1,1,6,14,1,3,9,1,2,35,39,100,900,32
SIM_COVER_USE,14,14,0,0
SIM,14,1,1,6,15,0,0,9,0,2,35,39,1100,300,45
SIM_COVER_USE,14,15,0,0
SIM,14,1,1,6,16,1,0,9,0,2,35,39,500,1000,41
SIM_COVER_USE,14,16,0,0
SIM,14,1,1,6,17,0,0,12,0,3,33,39,1500,200,45
SIM_COVER_USE,14,17,0,0
SIM,14,1,1,6,18,1,3,10,1,3,33,39,100,800,34
SIM_COVER_USE,14,18,0,0
SIM,14,1,1,6,19,0,0,10,0,3,31,39,1100,500,45
SIM_COVER_USE,14,19,0,1
SIM,14,1,1,6,20,1,0,10,0,3,31,39,500,1100,41
SIM_COVER_USE,14,20,0,1
SIM,14,1,1,6,21,0,0,13,0,4,28,39,1500,300,45
SIM_COVER_USE,14,21,0,0
SIM,14,1,1,6,22,1,3,12,1,3,28,39,100,900,34
SIM_COVER_USE,14,22,0,0
SIM,14,1,1,6,23,0,0,12,0,3,26,39,1100,300,45
SIM_COVER_USE,14,23,0,0
SIM,14,1,1,6,24,1,0,12,0,3,26,39,500,900,41
SIM_COVER_USE,14,24,0,0
SIM,14,1,1,6,25,0,0,15,0,4,23,39,1500,100,45
SIM_COVER_USE,14,25,0,0
SIM,14,1,1,6,26,1,3,13,1,4,23,39,100,600,34
SIM_COVER_USE,14,26,0,0
SIM,14,1,1,6,27,0,0,13,0,4,20,39,1100,300,45
SIM_COVER_USE,14,27,0,0
SIM,14,1,1,6,28,1,0,13,0,4,20,39,1100,800,45
SIM_COVER_USE,14,28,0,0
SIM,14,1,1,6,29,0,0,13,0,4,16,39,2100,500,45
SIM_COVER_USE,14,29,0,0
SIM,14,1,1,6,30,1,3,11,1,4,16,39,400,1000,32
SIM_COVER_USE,14,30,0,0
SIM,14,1,1,6,31,0,0,11,0,4,13,39,1400,400,45
SIM_COVER_USE,14,31,0,0
SIM,14,1,1,6,32,1,0,11,0,4,13,39,1400,900,45
SIM_COVER_USE,14,32,0,0
SIM,14,1,1,6,33,0,0,11,0,4,9,39,2400,300,45
SIM_COVER_USE,14,33,0,0
SIM,14,1,1,6,34,1,3,9,1,3,9,39,400,1000,30
SIM_COVER_USE,14,34,0,0
SIM,14,1,1,6,35,0,3,12,1,4,5,39,1300,200,45
SIM_COVER_USE,14,35,0,0
SIM,14,1,1,6,36,1,3,10,1,4,5,39,400,800,37
SIM_COVER_USE,14,36,0,0
SIM,14,1,1,6,37,0,3,10,1,4,1,39,1300,500,45
SIM_COVER_USE,14,37,0,0
SIM,14,1,1,6,38,1,6,7,2,3,1,39,200,1200,34
SIM_COVER_USE,14,38,0,0
SIM_END,14,1,1,6,38,1,0
SIM_DONE
SIM_CONFIG,degrade_favoured_pct=20,only_handicap=1,variants=7,plain=false
SIM_TERRAIN,cover_tiles=8,of=120,plain=false,max_rounds=40
SIM,1,0,1,0,1,0,6,0,1,0,40,40,1000,0,30
SIM_COVER_USE,1,1,0,0
SIM,1,0,1,0,2,1,9,0,2,0,40,39,200,1000,19
SIM_COVER_USE,1,2,0,0
SIM,1,0,1,0,3,0,7,3,2,1,40,39,900,200,45
SIM_COVER_USE,1,3,0,0
SIM,1,0,1,0,4,1,7,0,2,0,40,38,300,1200,31
SIM_COVER_USE,1,4,0,0
SIM,1,0,1,0,5,0,7,0,2,0,40,38,1000,300,45
SIM_COVER_USE,1,5,0,0
SIM,1,0,1,0,6,1,10,0,3,0,40,37,200,1300,34
SIM_COVER_USE,1,6,0,0
SIM,1,0,1,0,7,0,9,3,2,1,40,37,900,200,45
SIM_COVER_USE,1,7,0,0
SIM,1,0,1,0,8,1,9,0,2,0,40,37,300,1200,34
SIM_COVER_USE,1,8,0,0
SIM,1,0,1,0,9,0,9,0,2,0,40,37,1000,300,45
SIM_COVER_USE,1,9,0,0
SIM,1,0,1,0,10,1,12,0,3,0,40,35,200,1300,30
SIM_COVER_USE,1,10,0,0
SIM,1,0,1,0,11,0,10,3,3,1,40,35,800,200,45
SIM_COVER_USE,1,11,0,0
SIM,1,0,1,0,12,1,10,3,3,1,40,35,800,1100,41
SIM_COVER_USE,1,12,1,0
SIM,1,0,1,0,13,0,9,3,2,1,40,35,1500,500,45
SIM_COVER_USE,1,13,1,0
SIM,1,0,1,0,14,1,12,0,3,0,40,33,100,1500,21
SIM_COVER_USE,1,14,1,0
SIM,1,0,1,0,15,0,10,3,3,1,40,33,700,100,45
SIM_COVER_USE,1,15,1,0
SIM,1,0,1,0,16,1,10,0,3,0,40,31,400,1100,37
SIM_COVER_USE,1,16,1,0
SIM,1,0,1,0,17,0,10,0,3,0,40,31,1000,500,45
SIM_COVER_USE,1,17,1,0
SIM,1,0,1,0,18,1,13,0,4,0,40,28,200,1500,24
SIM_COVER_USE,1,18,0,0
SIM,1,0,1,0,19,0,12,3,3,1,40,28,800,100,45
SIM_COVER_USE,1,19,0,0
SIM,1,0,1,0,20,1,12,0,3,0,40,26,500,1100,35
SIM_COVER_USE,1,20,0,0
SIM,1,0,1,0,21,0,12,0,3,0,40,26,1100,500,45
SIM_COVER_USE,1,21,0,0
SIM,1,0,1,0,22,1,15,0,4,0,40,23,300,1500,31
SIM_COVER_USE,1,22,0,0
SIM,1,0,1,0,23,0,13,3,4,1,40,23,800,100,45
SIM_COVER_USE,1,23,0,0
SIM,1,0,1,0,24,1,13,0,4,0,40,23,800,1100,43
SIM_COVER_USE,1,24,0,0
SIM,1,0,1,0,25,0,13,0,4,0,40,23,1300,500,45
SIM_COVER_USE,1,25,0,0
SIM,1,0,1,0,26,1,13,0,4,0,40,22,1300,1500,43
SIM_COVER_USE,1,26,0,0
SIM,1,0,1,0,27,0,11,3,4,1,40,22,1800,100,45
SIM_COVER_USE,1,27,0,0
SIM,1,0,1,0,28,1,11,0,4,0,40,19,300,1100,21
SIM_COVER_USE,1,28,0,0
SIM,1,0,1,0,29,0,11,0,4,0,40,19,800,1100,45
SIM_COVER_USE,1,29,0,0
SIM,1,0,1,0,30,1,11,0,4,0,40,18,800,2100,43
SIM_COVER_USE,1,30,0,0
SIM,1,0,1,0,31,0,9,3,3,1,40,18,1500,400,45
SIM_COVER_USE,1,31,0,0
SIM,1,0,1,0,32,1,9,3,3,1,40,17,1500,1300,43
SIM_COVER_USE,1,32,0,0
SIM,1,0,1,0,33,0,7,3,3,1,40,17,2200,400,45
SIM_COVER_USE,1,33,0,0
SIM,1,0,1,0,34,1,7,3,3,1,40,16,2200,1300,43
SIM_COVER_USE,1,34,0,0
SIM,1,0,1,0,35,0,4,6,2,2,40,16,3000,200,45
SIM_COVER_USE,1,35,0,0
SIM,1,0,1,0,36,1,4,6,2,2,40,15,3000,1000,43
SIM_COVER_USE,1,36,0,0
SIM,1,0,1,0,37,0,1,6,1,2,40,15,3900,400,45
SIM_COVER_USE,1,37,0,0
SIM,1,0,1,0,38,1,4,6,2,2,40,13,100,1200,12
SIM_COVER_USE,1,38,0,0
SIM,1,0,1,0,39,0,0,9,0,3,40,13,1100,100,42
SIM_COVER_USE,1,39,0,0
SIM,1,0,1,0,40,1,0,9,0,3,40,13,500,800,38
SIM_COVER_USE,1,40,0,0
SIM,1,0,1,0,41,0,0,9,0,3,39,13,1500,500,45
SIM_COVER_USE,1,41,0,0
SIM,1,0,1,0,42,1,14,9,0,3,39,13,900,1200,43
SIM_COVER_USE,1,42,0,0
SIM,1,0,1,0,43,0,12,12,0,4,37,13,1900,100,45
SIM_COVER_USE,1,43,0,0
SIM,1,0,1,0,44,1,3,10,1,4,37,13,200,700,29
SIM_COVER_USE,1,44,0,0
SIM,1,0,1,0,45,0,0,10,0,4,35,13,1200,400,45
SIM_COVER_USE,1,45,0,0
SIM,1,0,1,0,46,1,0,10,0,4,35,13,300,1000,39
SIM_COVER_USE,1,46,0,0
SIM,1,0,1,0,47,0,0,10,0,4,31,13,1300,400,45
SIM_COVER_USE,1,47,0,0
SIM,1,0,1,0,48,1,3,9,1,3,31,13,500,1100,38
SIM_COVER_USE,1,48,0,0
SIM,1,0,1,0,49,0,3,12,1,4,27,13,1400,300,45
SIM_COVER_USE,1,49,0,0
SIM,1,0,1,0,50,1,3,10,1,4,27,13,500,900,37
SIM_COVER_USE,1,50,0,0
SIM,1,0,1,0,51,0,3,10,1,4,23,13,1400,300,45
SIM_COVER_USE,1,51,0,0
SIM,1,0,1,0,52,1,6,7,2,3,23,13,300,1000,34
SIM_COVER_USE,1,52,0,0
SIM,1,0,1,0,53,0,6,10,2,4,19,13,1100,200,45
SIM_COVER_USE,1,53,0,0
SIM,1,0,1,0,54,1,6,9,2,3,19,13,1100,900,43
SIM_COVER_USE,1,54,0,0
SIM,1,0,1,0,55,0,6,9,2,3,16,13,1900,300,45
SIM_COVER_USE,1,55,0,0
SIM,1,0,1,0,56,1,9,4,3,2,16,13,200,1100,27
SIM_COVER_USE,1,56,0,0
SIM,1,0,1,0,57,0,7,7,3,3,14,13,900,300,45
SIM_COVER_USE,1,57,0,0
SIM,1,0,1,0,58,1,7,6,3,2,14,13,900,1100,43
SIM_COVER_USE,1,58,0,0
SIM,1,0,1,0,59,0,6,6,2,2,13,13,1700,500,45
SIM_COVER_USE,1,59,0,0
SIM,1,0,1,0,60,1,9,1,3,1,13,13,300,1400,16
SIM_COVER_USE,1,60,0,0
SIM,1,0,1,0,61,0,7,4,3,2,12,13,1000,300,45
SIM_COVER_USE,1,61,0,0
SIM,1,0,1,0,62,1,7,0,3,0,12,13,400,1300,33
SIM_COVER_USE,1,62,0,0
SIM,1,0,1,0,63,0,7,0,3,0,12,13,1100,400,45
SIM_COVER_USE,1,63,0,0
SIM,1,0,1,0,64,1,10,0,4,0,12,10,300,1400,11
SIM_COVER_USE,1,64,0,0
SIM,1,0,1,0,65,0,9,3,3,1,12,10,1000,300,41
SIM_COVER_USE,1,65,0,0
SIM,1,0,1,0,66,1,9,3,3,1,12,9,1000,1200,39
SIM_COVER_USE,1,66,0,0
SIM,1,0,1,0,67,0,7,3,3,1,12,9,1700,300,45
SIM_COVER_USE,1,67,0,0
SIM,1,0,1,0,68,1,10,0,4,0,12,7,300,1300,19
SIM_COVER_USE,1,68,1,0
SIM,1,0,1,0,69,0,9,3,3,1,12,7,1000,200,45
SIM_COVER_USE,1,69,1,0
SIM,1,0,1,0,70,1,9,0,3,0,12,6,400,1200,35
SIM_COVER_USE,1,70,1,0
SIM,1,0,1,0,71,0,9,0,3,0,12,6,1100,300,45
SIM_COVER_USE,1,71,1,0
SIM,1,0,1,0,72,1,12,0,4,0,12,3,300,1300,27
SIM_COVER_USE,1,72,0,0
SIM,1,0,1,0,73,0,10,3,4,1,12,3,900,200,45
SIM_COVER_USE,1,73,0,0
SIM_END,1,0,1,0,73,0,0
SIM,2,0,1,1,1,0,6,0,1,0,40,40,1000,0,30
SIM_COVER_USE,2,1,0,0
SIM,2,0,1,1,2,1,20,0,1,0,40,40,400,1000,28
SIM_COVER_USE,2,2,0,0
SIM,2,0,1,1,3,0,18,3,1,1,40,40,1200,200,45
SIM_COVER_USE,2,3,0,0
SIM,2,0,1,1,4,1,7,0,2,0,40,39,100,1200,28
SIM_COVER_USE,2,4,0,0
SIM,2,0,1,1,5,0,7,0,2,0,40,39,800,300,45
SIM_COVER_USE,2,5,0,0
SIM,2,0,1,1,6,1,7,0,2,0,40,38,500,1300,31
SIM_COVER_USE,2,6,0,0
SIM,2,0,1,1,7,0,5,3,2,1,40,38,1200,200,45
SIM_COVER_USE,2,7,0,0
SIM,2,0,1,1,8,1,5,3,2,1,40,38,1200,1100,43
SIM_COVER_USE,2,8,0,0
SIM,2,0,1,1,9,0,4,3,1,1,40,38,2000,500,45
SIM_COVER_USE,2,9,0,0
SIM,2,0,1,1,10,1,7,0,2,0,40,37,300,1500,26
SIM_COVER_USE,2,10,0,0
SIM,2,0,1,1,11,0,5,3,2,1,40,37,1000,100,45
SIM_COVER_USE,2,11,0,0
SIM,2,0,1,1,12,1,5,0,2,0,40,36,400,1100,37
SIM_COVER_USE,2,12,0,0
SIM,2,0,1,1,13,0,5,0,2,0,40,36,1100,500,45
SIM_COVER_USE,2,13,0,0
SIM,2,0,1,1,14,1,8,0,3,0,40,35,300,1500,36
SIM_COVER_USE,2,14,0,0
SIM,2,0,1,1,15,0,7,3,2,1,40,35,1000,100,45
SIM_COVER_USE,2,15,0,0
SIM,2,0,1,1,16,1,7,0,2,0,40,35,400,1100,34
SIM_COVER_USE,2,16,0,0
SIM,2,0,1,1,17,0,7,0,2,0,40,35,1100,500,45
SIM_COVER_USE,2,17,0,0
SIM,2,0,1,1,18,1,10,0,3,0,40,33,300,1500,30
SIM_COVER_USE,2,18,0,0
SIM,2,0,1,1,19,0,8,3,3,1,40,33,900,100,45
SIM_COVER_USE,2,19,0,0
SIM,2,0,1,1,20,1,8,0,3,0,40,31,300,1100,30
SIM_COVER_USE,2,20,1,0
SIM,2,0,1,1,21,0,8,0,3,0,40,31,900,500,45
SIM_COVER_USE,2,21,1,0
SIM,2,0,1,1,22,1,11,0,4,0,40,28,100,1500,24
SIM_COVER_USE,2,22,0,0
SIM,2,0,1,1,23,0,10,3,3,1,40,28,700,100,45
SIM_COVER_USE,2,23,0,0
SIM,2,0,1,1,24,1,10,0,3,0,40,26,400,1100,35
SIM_COVER_USE,2,24,0,0
SIM,2,0,1,1,25,0,10,0,3,0,40,26,1000,500,45
SIM_COVER_USE,2,25,0,0
SIM,2,0,1,1,26,1,13,0,4,0,40,23,200,1500,31
SIM_COVER_USE,2,26,0,0
SIM,2,0,1,1,27,0,11,3,4,1,40,23,700,100,45
SIM_COVER_USE,2,27,0,0
SIM,2,0,1,1,28,1,11,0,4,0,40,20,400,1100,29
SIM_COVER_USE,2,28,0,0
SIM,2,0,1,1,29,0,11,0,4,0,40,20,900,1100,45
SIM_COVER_USE,2,29,0,0
SIM,2,0,1,1,30,1,11,0,4,0,40,16,300,2100,33
SIM_COVER_USE,2,30,0,0
SIM,2,0,1,1,31,0,9,3,3,1,40,16,1000,400,45
SIM_COVER_USE,2,31,0,0
SIM,2,0,1,1,32,1,9,3,3,1,40,15,1000,1300,43
SIM_COVER_USE,2,32,0,0
SIM,2,0,1,1,33,0,7,3,3,1,40,15,1700,400,45
SIM_COVER_USE,2,33,0,0
SIM,2,0,1,1,34,1,10,1,4,1,40,12,300,1300,24
SIM_COVER_USE,2,34,0,0
SIM,2,0,1,1,35,0,7,4,3,2,40,12,1000,200,45
SIM_COVER_USE,2,35,0,0
SIM,2,0,1,1,36,1,7,3,3,1,40,12,1000,1100,43
SIM_COVER_USE,2,36,0,0
SIM,2,0,1,1,37,0,6,3,2,1,40,12,1800,500,45
SIM_COVER_USE,2,37,0,0
SIM,2,0,1,1,38,1,9,1,3,1,40,10,100,1400,24
SIM_COVER_USE,2,38,1,0
SIM,2,0,1,1,39,0,6,4,3,2,40,10,800,300,45
SIM_COVER_USE,2,39,1,0
SIM,2,0,1,1,40,1,6,3,3,1,40,8,500,1200,37
SIM_COVER_USE,2,40,1,0
SIM,2,0,1,1,41,0,5,3,2,1,40,8,1300,300,45
SIM_COVER_USE,2,41,1,0
SIM,2,0,1,1,42,1,8,1,3,1,40,6,200,1200,24
SIM_COVER_USE,2,42,0,0
SIM,2,0,1,1,43,0,4,4,2,2,40,6,1000,100,45
SIM_COVER_USE,2,43,0,0
SIM,2,0,1,1,44,1,4,3,2,1,40,5,400,1000,37
SIM_COVER_USE,2,44,0,0
SIM,2,0,1,1,45,0,3,3,1,1,40,5,1300,400,45
SIM_COVER_USE,2,45,0,0
SIM,2,0,1,1,46,1,6,3,2,1,40,4,200,1300,31
SIM_COVER_USE,2,46,0,0
SIM,2,0,1,1,47,0,3,6,1,2,40,4,1100,200,45
SIM_COVER_USE,2,47,0,0
SIM,2,0,1,1,48,1,3,6,1,2,40,3,500,1000,38
SIM_COVER_USE,2,48,0,0
SIM,2,0,1,1,49,0,0,6,0,2,40,3,1500,400,45
SIM_COVER_USE,2,49,0,0
SIM,2,0,1,1,50,1,3,4,1,2,40,3,100,1200,30
SIM_COVER_USE,2,50,0,0
SIM,2,0,1,1,51,0,0,7,0,3,39,3,1100,100,45
SIM_COVER_USE,2,51,0,0
SIM,2,0,1,1,52,1,14,7,0,3,39,3,500,800,43
SIM_COVER_USE,2,52,0,0
SIM,2,0,1,1,53,0,14,7,0,3,38,3,1500,500,45
SIM_COVER_USE,2,53,0,0
SIM,2,0,1,1,54,1,3,6,1,2,38,3,100,1300,30
SIM_COVER_USE,2,54,0,0
SIM,2,0,1,1,55,0,0,9,0,3,37,3,1100,200,45
SIM_COVER_USE,2,55,0,1
SIM,2,0,1,1,56,1,0,9,0,3,37,3,500,900,41
SIM_COVER_USE,2,56,0,1
SIM,2,0,1,1,57,0,0,9,0,3,34,3,1500,300,45
SIM_COVER_USE,2,57,0,0
SIM,2,0,1,1,58,1,14,9,0,3,34,3,900,1000,43
SIM_COVER_USE,2,58,0,0
SIM,2,0,1,1,59,0,14,12,0,4,31,3,1900,200,45
SIM_COVER_USE,2,59,0,0
SIM,2,0,1,1,60,1,3,10,1,4,31,3,200,800,30
SIM_COVER_USE,2,60,0,0
SIM,2,0,1,1,61,0,1,10,1,4,28,3,1100,500,45
SIM_COVER_USE,2,61,0,1
SIM,2,0,1,1,62,1,1,9,1,3,28,3,500,1200,39
SIM_COVER_USE,2,62,0,1
SIM,2,0,1,1,63,0,0,12,0,4,25,3,1500,100,45
SIM_COVER_USE,2,63,0,1
SIM,2,0,1,1,64,1,3,10,1,4,25,3,100,700,34
SIM_COVER_USE,2,64,0,1
SIM,2,0,1,1,65,0,1,10,1,4,22,3,1000,400,45
SIM_COVER_USE,2,65,0,1
SIM,2,0,1,1,66,1,1,9,1,3,22,3,400,1100,39
SIM_COVER_USE,2,66,0,1
SIM,2,0,1,1,67,0,0,12,0,4,19,3,1400,300,45
SIM_COVER_USE,2,67,0,1
SIM,2,0,1,1,68,1,3,10,1,4,19,3,300,900,36
SIM_COVER_USE,2,68,0,1
SIM,2,0,1,1,69,0,1,10,1,4,16,3,1200,300,45
SIM_COVER_USE,2,69,0,1
SIM,2,0,1,1,70,1,1,9,1,3,16,3,1200,1000,43
SIM_COVER_USE,2,70,0,1
SIM,2,0,1,1,71,0,0,12,0,4,13,3,2200,200,45
SIM_COVER_USE,2,71,0,1
SIM,2,0,1,1,72,1,14,12,0,4,13,3,1600,800,43
SIM_COVER_USE,2,72,0,1
SIM,2,0,1,1,73,0,12,12,0,4,10,3,2600,500,45
SIM_COVER_USE,2,73,0,0
SIM,2,0,1,1,74,1,3,10,1,4,10,3,300,1100,26
SIM_COVER_USE,2,74,0,0
SIM,2,0,1,1,75,0,3,10,1,4,6,3,1200,500,45
SIM_COVER_USE,2,75,0,0
SIM,2,0,1,1,76,1,3,9,1,3,6,3,300,1200,37
SIM_COVER_USE,2,76,0,0
SIM,2,0,1,1,77,0,3,12,1,4,2,3,1200,100,45
SIM_COVER_USE,2,77,0,0
SIM,2,0,1,1,78,1,6,9,2,3,2,3,100,800,34
SIM_COVER_USE,2,78,0,0
SIM_END,2,0,1,1,78,1,0
SIM,3,0,1,2,1,0,6,0,1,0,40,40,1000,0,30
SIM_COVER_USE,3,1,0,0
SIM,3,0,1,2,2,1,20,0,1,0,40,40,400,1000,28
SIM_COVER_USE,3,2,0,0
SIM,3,0,1,2,3,0,20,3,1,1,39,40,1200,200,45
SIM_COVER_USE,3,3,0,0
SIM,3,0,1,2,4,1,9,0,2,0,39,39,100,1200,28
SIM_COVER_USE,3,4,0,0
SIM,3,0,1,2,5,0,9,0,2,0,39,39,800,300,45
SIM_COVER_USE,3,5,0,0
SIM,3,0,1,2,6,1,9,0,2,0,39,38,500,1300,41
SIM_COVER_USE,3,6,0,0
SIM,3,0,1,2,7,0,7,3,2,1,39,38,1200,200,45
SIM_COVER_USE,3,7,0,0
SIM,3,0,1,2,8,1,10,0,3,0,39,36,100,1200,10
SIM_COVER_USE,3,8,0,0
SIM,3,0,1,2,9,0,10,0,3,0,39,36,700,300,40
SIM_COVER_USE,3,9,0,0
SIM,3,0,1,2,10,1,10,0,3,0,39,35,700,1300,38
SIM_COVER_USE,3,10,0,0
SIM,3,0,1,2,11,0,9,3,2,1,39,35,1400,200,45
SIM_COVER_USE,3,11,0,0
SIM,3,0,1,2,12,1,9,0,2,0,39,35,1400,1200,43
SIM_COVER_USE,3,12,0,0
SIM,3,0,1,2,13,0,9,0,2,0,39,35,2100,300,45
SIM_COVER_USE,3,13,0,0
SIM,3,0,1,2,14,1,12,0,3,0,39,32,100,1300,12
SIM_COVER_USE,3,14,0,0
SIM,3,0,1,2,15,0,10,3,3,1,39,32,700,200,42
SIM_COVER_USE,3,15,0,0
SIM,3,0,1,2,16,1,10,0,3,0,39,30,400,1200,30
SIM_COVER_USE,3,16,1,0
SIM,3,0,1,2,17,0,10,0,3,0,39,30,1000,300,45
SIM_COVER_USE,3,17,1,0
SIM,3,0,1,2,18,1,13,0,4,0,39,27,200,1300,27
SIM_COVER_USE,3,18,0,0
SIM,3,0,1,2,19,0,12,3,3,1,39,27,800,200,45
SIM_COVER_USE,3,19,0,0
SIM,3,0,1,2,20,1,12,0,3,0,39,25,500,1200,32
SIM_COVER_USE,3,20,0,0
SIM,3,0,1,2,21,0,12,0,3,0,39,25,1100,300,45
SIM_COVER_USE,3,21,0,0
SIM,3,0,1,2,22,1,15,0,4,0,39,22,300,1300,31
SIM_COVER_USE,3,22,0,0
SIM,3,0,1,2,23,0,13,3,4,1,39,22,800,200,45
SIM_COVER_USE,3,23,0,0
SIM,3,0,1,2,24,1,13,0,4,0,39,19,500,1200,29
SIM_COVER_USE,3,24,0,0
SIM,3,0,1,2,25,0,13,0,4,0,39,19,1000,1200,45
SIM_COVER_USE,3,25,0,0
SIM,3,0,1,2,26,1,13,0,4,0,39,15,400,2200,33
SIM_COVER_USE,3,26,0,0
SIM,3,0,1,2,27,0,11,3,4,1,39,15,900,500,45
SIM_COVER_USE,3,27,0,0
SIM,3,0,1,2,28,1,11,0,4,0,39,12,300,1500,33
SIM_COVER_USE,3,28,0,0
SIM,3,0,1,2,29,0,11,0,4,0,39,12,800,1500,45
SIM_COVER_USE,3,29,0,0
SIM,3,0,1,2,30,1,11,0,4,0,39,8,500,2500,35
SIM_COVER_USE,3,30,0,0
SIM,3,0,1,2,31,0,9,3,3,1,39,8,1200,500,45
SIM_COVER_USE,3,31,0,0
SIM,3,0,1,2,32,1,12,3,4,1,39,4,100,1400,22
SIM_COVER_USE,3,32,0,0
SIM,3,0,1,2,33,0,10,3,4,1,39,4,700,500,45
SIM_COVER_USE,3,33,0,0
SIM_END,3,0,1,2,33,0,0
SIM,4,0,1,3,1,0,6,0,1,0,40,40,1000,0,30
SIM_COVER_USE,4,1,1,0
SIM,4,0,1,3,2,1,9,0,2,0,40,39,200,1000,19
SIM_COVER_USE,4,2,1,0
SIM,4,0,1,3,3,0,7,3,2,1,40,39,900,200,45
SIM_COVER_USE,4,3,1,0
SIM,4,0,1,3,4,1,7,0,2,0,40,38,300,1200,27
SIM_COVER_USE,4,4,0,0
SIM,4,0,1,3,5,0,7,0,2,0,40,38,1000,300,45
SIM_COVER_USE,4,5,0,0
SIM,4,0,1,3,6,1,10,0,3,0,40,37,200,1300,34
SIM_COVER_USE,4,6,0,0
SIM,4,0,1,3,7,0,9,3,2,1,40,37,900,200,45
SIM_COVER_USE,4,7,0,0
SIM,4,0,1,3,8,1,9,0,2,0,40,37,300,1200,34
SIM_COVER_USE,4,8,0,0
SIM,4,0,1,3,9,0,9,0,2,0,40,37,1000,300,45
SIM_COVER_USE,4,9,0,0
SIM,4,0,1,3,10,1,12,0,3,0,40,35,200,1300,30
SIM_COVER_USE,4,10,0,0
SIM,4,0,1,3,11,0,10,3,3,1,40,35,800,200,45
SIM_COVER_USE,4,11,0,0
SIM,4,0,1,3,12,1,10,0,3,0,40,33,500,1200,32
SIM_COVER_USE,4,12,1,0
SIM,4,0,1,3,13,0,10,0,3,0,40,33,1100,300,45
SIM_COVER_USE,4,13,1,0
SIM,4,0,1,3,14,1,10,0,3,0,40,32,1100,1300,43
SIM_COVER_USE,4,14,1,0
SIM,4,0,1,3,15,0,9,3,2,1,40,32,1800,200,45
SIM_COVER_USE,4,15,1,0
SIM,4,0,1,3,16,1,12,0,3,0,40,30,100,1200,20
SIM_COVER_USE,4,16,1,0
SIM,4,0,1,3,17,0,12,0,3,0,40,30,700,300,45
SIM_COVER_USE,4,17,1,0
SIM,4,0,1,3,18,1,12,0,3,0,40,28,400,1300,37
SIM_COVER_USE,4,18,0,0
SIM,4,0,1,3,19,0,10,3,3,1,40,28,1000,200,45
SIM_COVER_USE,4,19,0,0
SIM,4,0,1,3,20,1,10,3,3,1,40,28,1000,1100,43
SIM_COVER_USE,4,20,1,0
SIM,4,0,1,3,21,0,9,3,2,1,40,28,1700,500,45
SIM_COVER_USE,4,21,1,0
SIM,4,0,1,3,22,1,12,0,3,0,40,27,300,1500,29
SIM_COVER_USE,4,22,1,0
SIM,4,0,1,3,23,0,11,3,3,1,40,27,900,100,45
SIM_COVER_USE,4,23,1,0
SIM,4,0,1,3,24,1,11,0,3,0,40,27,900,1100,43
SIM_COVER_USE,4,24,1,0
SIM,4,0,1,3,25,0,11,0,3,0,40,27,1500,500,45
SIM_COVER_USE,4,25,1,0
SIM,4,0,1,3,26,1,11,0,3,0,40,26,1500,1500,43
SIM_COVER_USE,4,26,1,0
SIM,4,0,1,3,27,0,10,3,3,1,40,26,2100,100,45
SIM_COVER_USE,4,27,1,0
SIM,4,0,1,3,28,1,13,0,4,0,40,23,100,1100,13
SIM_COVER_USE,4,28,1,0
SIM,4,0,1,3,29,0,13,0,4,0,40,23,600,500,43
SIM_COVER_USE,4,29,1,0
SIM,4,0,1,3,30,1,13,0,4,0,40,22,600,1500,41
SIM_COVER_USE,4,30,1,0
SIM,4,0,1,3,31,0,11,3,4,1,40,22,1100,100,45
SIM_COVER_USE,4,31,1,0
SIM,4,0,1,3,32,1,11,0,4,0,40,19,500,1100,33
SIM_COVER_USE,4,32,1,0
SIM,4,0,1,3,33,0,11,0,4,0,40,19,1000,500,45
SIM_COVER_USE,4,33,1,0
SIM,4,0,1,3,34,1,11,0,4,0,40,16,400,1500,33
SIM_COVER_USE,4,34,0,0
SIM,4,0,1,3,35,0,10,3,3,1,40,16,1000,100,45
SIM_COVER_USE,4,35,0,0
SIM,4,0,1,3,36,1,13,0,4,0,40,14,200,1100,29
SIM_COVER_USE,4,36,0,0
SIM,4,0,1,3,37,0,13,0,4,0,40,14,700,500,45
SIM_COVER_USE,4,37,0,0
SIM,4,0,1,3,38,1,13,0,4,0,40,10,400,1500,29
SIM_COVER_USE,4,38,0,0
SIM,4,0,1,3,39,0,11,3,4,1,40,10,900,400,45
SIM_COVER_USE,4,39,0,0
SIM,4,0,1,3,40,1,11,0,4,0,40,7,300,1400,33
SIM_COVER_USE,4,40,0,0
SIM,4,0,1,3,41,0,11,0,4,0,40,7,800,1400,45
SIM_COVER_USE,4,41,0,0
SIM,4,0,1,3,42,1,11,0,4,0,40,3,500,2400,35
SIM_COVER_USE,4,42,0,0
SIM,4,0,1,3,43,0,9,3,3,1,40,3,1200,400,45
SIM_COVER_USE,4,43,0,0
SIM_END,4,0,1,3,43,0,0
SIM,5,0,1,4,1,0,6,0,1,0,40,40,1000,0,30
SIM_COVER_USE,5,1,1,0
SIM,5,0,1,4,2,1,9,0,2,0,40,39,200,1000,19
SIM_COVER_USE,5,2,1,0
SIM,5,0,1,4,3,0,7,3,2,1,40,39,900,200,45
SIM_COVER_USE,5,3,1,0
SIM,5,0,1,4,4,1,7,0,2,0,40,38,300,1200,19
SIM_COVER_USE,5,4,0,0
SIM,5,0,1,4,5,0,7,0,2,0,40,38,1000,300,45
SIM_COVER_USE,5,5,0,0
SIM,5,0,1,4,6,1,10,0,3,0,40,37,200,1300,34
SIM_COVER_USE,5,6,0,0
SIM,5,0,1,4,7,0,9,3,2,1,40,37,900,200,45
SIM_COVER_USE,5,7,0,0
SIM,5,0,1,4,8,1,9,0,2,0,40,37,300,1200,34
SIM_COVER_USE,5,8,0,0
SIM,5,0,1,4,9,0,9,0,2,0,40,37,1000,300,45
SIM_COVER_USE,5,9,0,0
SIM,5,0,1,4,10,1,12,0,3,0,40,35,200,1300,30
SIM_COVER_USE,5,10,0,0
SIM,5,0,1,4,11,0,10,3,3,1,40,35,800,200,45
SIM_COVER_USE,5,11,0,0
SIM,5,0,1,4,12,1,10,3,3,1,40,35,800,1100,41
SIM_COVER_USE,5,12,1,0
SIM,5,0,1,4,13,0,9,3,2,1,40,35,1500,500,45
SIM_COVER_USE,5,13,1,0
SIM,5,0,1,4,14,1,12,0,3,0,40,33,100,1500,21
SIM_COVER_USE,5,14,1,0
SIM,5,0,1,4,15,0,10,3,3,1,40,33,700,100,45
SIM_COVER_USE,5,15,1,0
SIM,5,0,1,4,16,1,10,0,3,0,40,31,400,1100,37
SIM_COVER_USE,5,16,1,0
SIM,5,0,1,4,17,0,10,0,3,0,40,31,1000,500,45
SIM_COVER_USE,5,17,1,0
SIM,5,0,1,4,18,1,13,0,4,0,40,28,200,1500,24
SIM_COVER_USE,5,18,0,0
SIM,5,0,1,4,19,0,12,3,3,1,40,28,800,100,45
SIM_COVER_USE,5,19,0,0
SIM,5,0,1,4,20,1,12,0,3,0,40,26,500,1100,35
SIM_COVER_USE,5,20,0,0
SIM,5,0,1,4,21,0,12,0,3,0,40,26,1100,500,45
SIM_COVER_USE,5,21,0,0
SIM,5,0,1,4,22,1,15,0,4,0,40,23,300,1500,31
SIM_COVER_USE,5,22,0,0
SIM,5,0,1,4,23,0,13,3,4,1,40,23,800,100,45
SIM_COVER_USE,5,23,0,0
SIM,5,0,1,4,24,1,13,0,4,0,40,23,800,1100,43
SIM_COVER_USE,5,24,0,0
SIM,5,0,1,4,25,0,13,0,4,0,40,23,1300,500,45
SIM_COVER_USE,5,25,0,0
SIM,5,0,1,4,26,1,13,0,4,0,40,22,1300,1500,43
SIM_COVER_USE,5,26,0,0
SIM,5,0,1,4,27,0,11,3,4,1,40,22,1800,100,45
SIM_COVER_USE,5,27,0,0
SIM,5,0,1,4,28,1,11,0,4,0,40,19,300,1100,21
SIM_COVER_USE,5,28,0,0
SIM,5,0,1,4,29,0,11,0,4,0,40,19,800,1100,45
SIM_COVER_USE,5,29,0,0
SIM,5,0,1,4,30,1,11,0,4,0,40,15,500,2100,35
SIM_COVER_USE,5,30,0,0
SIM,5,0,1,4,31,0,9,3,3,1,40,15,1200,400,45
SIM_COVER_USE,5,31,0,0
SIM,5,0,1,4,32,1,9,3,3,1,40,14,1200,1300,43
SIM_COVER_USE,5,32,0,0
SIM,5,0,1,4,33,0,7,3,3,1,40,14,1900,400,45
SIM_COVER_USE,5,33,0,0
SIM,5,0,1,4,34,1,10,1,4,1,40,11,200,1300,22
SIM_COVER_USE,5,34,0,0
SIM,5,0,1,4,35,0,7,4,3,2,40,11,900,200,45
SIM_COVER_USE,5,35,0,0
SIM,5,0,1,4,36,1,7,3,3,1,40,11,900,1100,43
SIM_COVER_USE,5,36,0,0
SIM,5,0,1,4,37,0,6,3,2,1,40,11,1700,500,45
SIM_COVER_USE,5,37,0,0
SIM,5,0,1,4,38,1,9,1,3,1,40,9,300,1400,26
SIM_COVER_USE,5,38,1,0
SIM,5,0,1,4,39,0,6,4,3,2,40,9,1000,300,45
SIM_COVER_USE,5,39,1,0
SIM,5,0,1,4,40,1,6,3,3,1,40,9,1000,1200,43
SIM_COVER_USE,5,40,1,0
SIM,5,0,1,4,41,0,5,3,2,1,40,9,1800,300,45
SIM_COVER_USE,5,41,1,0
SIM,5,0,1,4,42,1,5,3,2,1,40,8,1800,1200,43
SIM_COVER_USE,5,42,1,0
SIM,5,0,1,4,43,0,2,6,1,2,40,8,2700,100,45
SIM_COVER_USE,5,43,1,0
SIM,5,0,1,4,44,1,5,6,2,2,40,6,100,900,12
SIM_COVER_USE,5,44,0,0
SIM,5,0,1,4,45,0,1,6,1,2,40,6,1000,300,42
SIM_COVER_USE,5,45,0,0
SIM,5,0,1,4,46,1,1,6,1,2,40,5,400,1100,36
SIM_COVER_USE,5,46,0,0
SIM,5,0,1,4,47,0,0,9,0,3,39,5,1400,300,45
SIM_COVER_USE,5,47,0,0
SIM,5,0,1,4,48,1,3,7,1,3,39,5,300,1000,34
SIM_COVER_USE,5,48,0,0
SIM,5,0,1,4,49,0,0,7,0,3,38,5,1300,400,45
SIM_COVER_USE,5,49,0,1
SIM,5,0,1,4,50,1,0,7,0,3,38,5,400,1100,39
SIM_COVER_USE,5,50,0,1
SIM,5,0,1,4,51,0,0,10,0,4,35,5,1400,300,45
SIM_COVER_USE,5,51,0,0
SIM,5,0,1,4,52,1,3,9,1,3,35,5,300,1000,34
SIM_COVER_USE,5,52,0,0
SIM,5,0,1,4,53,0,3,9,1,3,32,5,1200,400,45
SIM_COVER_USE,5,53,0,0
SIM,5,0,1,4,54,1,17,9,1,3,32,5,600,1100,43
SIM_COVER_USE,5,54,0,0
SIM,5,0,1,4,55,0,15,12,1,4,29,5,1500,300,45
SIM_COVER_USE,5,55,0,0
SIM,5,0,1,4,56,1,4,9,2,3,29,5,100,1000,28
SIM_COVER_USE,5,56,0,0
SIM,5,0,1,4,57,0,3,9,1,3,27,5,1000,400,45
SIM_COVER_USE,5,57,0,0
SIM,5,0,1,4,58,1,3,7,1,3,27,5,400,1100,37
SIM_COVER_USE,5,58,0,0
SIM,5,0,1,4,59,0,1,10,1,4,24,5,1300,300,45
SIM_COVER_USE,5,59,0,0
SIM,5,0,1,4,60,1,1,9,1,3,24,5,1300,1000,43
SIM_COVER_USE,5,60,0,0
SIM,5,0,1,4,61,0,0,9,0,3,22,5,2300,400,45
SIM_COVER_USE,5,61,0,0
SIM,5,0,1,4,62,1,3,7,1,3,22,5,300,1100,30
SIM_COVER_USE,5,62,0,0
SIM,5,0,1,4,63,0,1,10,1,4,19,5,1200,300,45
SIM_COVER_USE,5,63,0,1
SIM,5,0,1,4,64,1,1,9,1,3,19,5,300,1000,37
SIM_COVER_USE,5,64,0,1
SIM,5,0,1,4,65,0,0,9,0,3,17,5,1300,400,45
SIM_COVER_USE,5,65,0,1
SIM,5,0,1,4,66,1,3,8,1,3,17,5,200,1100,36
SIM_COVER_USE,5,66,0,1
SIM,5,0,1,4,67,0,0,11,0,4,15,5,1200,300,45
SIM_COVER_USE,5,67,0,1
SIM,5,0,1,4,68,1,0,11,0,4,15,5,300,900,39
SIM_COVER_USE,5,68,0,1
SIM,5,0,1,4,69,0,0,11,0,4,11,5,1300,300,45
SIM_COVER_USE,5,69,0,0
SIM,5,0,1,4,70,1,3,9,1,3,11,5,500,1000,36
SIM_COVER_USE,5,70,0,0
SIM,5,0,1,4,71,0,3,12,1,4,8,5,1400,200,45
SIM_COVER_USE,5,71,0,0
SIM,5,0,1,4,72,1,3,10,1,4,8,5,500,800,37
SIM_COVER_USE,5,72,0,0
SIM,5,0,1,4,73,0,3,10,1,4,4,5,1400,500,45
SIM_COVER_USE,5,73,0,0
SIM,5,0,1,4,74,1,6,7,2,3,4,5,300,1200,32
SIM_COVER_USE,5,74,0,0
SIM_END,5,0,1,4,74,1,0
SIM,6,0,1,5,1,0,6,0,1,0,40,40,1000,0,30
SIM_COVER_USE,6,1,0,0
SIM,6,0,1,5,2,1,20,0,1,0,40,40,400,1000,28
SIM_COVER_USE,6,2,0,0
SIM,6,0,1,5,3,0,20,3,1,1,39,40,1200,200,45
SIM_COVER_USE,6,3,0,0
SIM,6,0,1,5,4,1,9,0,2,0,39,39,100,1200,26
SIM_COVER_USE,6,4,1,0
SIM,6,0,1,5,5,0,9,0,2,0,39,39,800,300,45
SIM_COVER_USE,6,5,1,0
SIM,6,0,1,5,6,1,9,0,2,0,39,38,500,1300,41
SIM_COVER_USE,6,6,1,0
SIM,6,0,1,5,7,0,7,3,2,1,39,38,1200,200,45
SIM_COVER_USE,6,7,1,0
SIM,6,0,1,5,8,1,10,0,3,0,39,36,100,1200,14
SIM_COVER_USE,6,8,0,0
SIM,6,0,1,5,9,0,10,0,3,0,39,36,700,300,44
SIM_COVER_USE,6,9,0,0
SIM,6,0,1,5,10,1,10,0,3,0,39,35,700,1300,42
SIM_COVER_USE,6,10,0,0
SIM,6,0,1,5,11,0,9,3,2,1,39,35,1400,200,45
SIM_COVER_USE,6,11,0,0
SIM,6,0,1,5,12,1,12,0,3,0,39,33,300,1200,28
SIM_COVER_USE,6,12,0,0
SIM,6,0,1,5,13,0,12,0,3,0,39,33,900,300,45
SIM_COVER_USE,6,13,0,0
SIM,6,0,1,5,14,1,12,0,3,0,39,31,300,1300,33
SIM_COVER_USE,6,14,0,0
SIM,6,0,1,5,15,0,10,3,3,1,39,31,900,200,45
SIM_COVER_USE,6,15,0,0
SIM,6,0,1,5,16,1,13,0,4,0,39,28,100,1200,20
SIM_COVER_USE,6,16,0,0
SIM,6,0,1,5,17,0,13,0,4,0,39,28,600,300,45
SIM_COVER_USE,6,17,0,0
SIM,6,0,1,5,18,1,13,0,4,0,39,25,300,1300,33
SIM_COVER_USE,6,18,0,0
SIM,6,0,1,5,19,0,12,3,3,1,39,25,900,200,45
SIM_COVER_USE,6,19,0,0
SIM,6,0,1,5,20,1,12,3,3,1,39,25,900,1100,41
SIM_COVER_USE,6,20,0,0
SIM,6,0,1,5,21,0,10,3,3,1,39,25,1500,500,45
SIM_COVER_USE,6,21,0,1
SIM,6,0,1,5,22,1,10,3,3,1,39,24,1500,1400,43
SIM_COVER_USE,6,22,0,1
SIM,6,0,1,5,23,0,6,6,2,2,39,24,2300,300,45
SIM_COVER_USE,6,23,0,1
SIM,6,0,1,5,24,1,6,6,2,2,39,23,2300,1100,43
SIM_COVER_USE,6,24,0,1
SIM,6,0,1,5,25,0,3,6,1,2,39,23,3200,500,45
SIM_COVER_USE,6,25,0,0
SIM,6,0,1,5,26,1,6,4,2,2,39,22,300,1300,18
SIM_COVER_USE,6,26,0,0
SIM,6,0,1,5,27,0,1,7,1,3,39,22,1200,200,45
SIM_COVER_USE,6,27,0,0
SIM,6,0,1,5,28,1,1,7,1,3,39,22,1200,900,41
SIM_COVER_USE,6,28,0,0
SIM,6,0,1,5,29,0,0,7,0,3,38,22,2200,300,45
SIM_COVER_USE,6,29,0,0
SIM,6,0,1,5,30,1,3,6,1,2,38,22,200,1100,22
SIM_COVER_USE,6,30,0,0
SIM,6,0,1,5,31,0,0,9,0,3,37,22,1200,300,45
SIM_COVER_USE,6,31,0,0
SIM,6,0,1,5,32,1,0,9,0,3,37,22,300,1000,39
SIM_COVER_USE,6,32,0,0
SIM,6,0,1,5,33,0,0,9,0,3,35,22,1300,400,45
SIM_COVER_USE,6,33,0,0
SIM,6,0,1,5,34,1,3,7,1,3,35,22,200,1100,36
SIM_COVER_USE,6,34,0,0
SIM,6,0,1,5,35,0,1,10,1,4,32,22,1100,300,45
SIM_COVER_USE,6,35,0,1
SIM,6,0,1,5,36,1,1,9,1,3,32,22,500,1000,39
SIM_COVER_USE,6,36,0,1
SIM,6,0,1,5,37,0,0,9,0,3,30,22,1500,400,45
SIM_COVER_USE,6,37,0,1
SIM,6,0,1,5,38,1,3,8,1,3,30,22,100,1100,34
SIM_COVER_USE,6,38,0,1
SIM,6,0,1,5,39,0,0,11,0,4,28,22,1100,300,45
SIM_COVER_USE,6,39,0,1
SIM,6,0,1,5,40,1,0,11,0,4,28,22,500,900,41
SIM_COVER_USE,6,40,0,1
SIM,6,0,1,5,41,0,0,11,0,4,24,22,1500,300,45
SIM_COVER_USE,6,41,0,0
SIM,6,0,1,5,42,1,3,11,1,4,24,22,1300,900,44
SIM_COVER_USE,6,42,0,0
SIM,6,0,1,5,43,0,3,11,1,4,20,22,2200,300,45
SIM_COVER_USE,6,43,0,0
SIM,6,0,1,5,44,1,3,9,1,3,20,22,400,1000,29
SIM_COVER_USE,6,44,0,0
SIM,6,0,1,5,45,0,3,12,1,4,17,22,1300,200,45
SIM_COVER_USE,6,45,0,0
SIM,6,0,1,5,46,1,6,9,2,3,17,22,200,900,34
SIM_COVER_USE,6,46,0,0
SIM,6,0,1,5,47,0,6,9,2,3,14,22,1000,300,45
SIM_COVER_USE,6,47,0,0
SIM,6,0,1,5,48,1,6,6,2,2,14,22,400,1100,37
SIM_COVER_USE,6,48,0,0
SIM,6,0,1,5,49,0,6,9,2,3,12,22,1200,300,45
SIM_COVER_USE,6,49,0,0
SIM,6,0,1,5,50,1,6,9,2,3,12,22,1200,1000,44
SIM_COVER_USE,6,50,1,0
SIM,6,0,1,5,51,0,6,9,2,3,9,22,2000,400,45
SIM_COVER_USE,6,51,1,0
SIM,6,0,1,5,52,1,9,4,3,2,9,22,300,1200,23
SIM_COVER_USE,6,52,0,0
SIM,6,0,1,5,53,0,7,7,3,3,7,22,1000,100,45
SIM_COVER_USE,6,53,0,0
SIM,6,0,1,5,54,1,7,3,3,1,7,22,400,1000,31
SIM_COVER_USE,6,54,0,0
SIM,6,0,1,5,55,0,6,3,2,1,7,22,1200,400,45
SIM_COVER_USE,6,55,0,0
SIM,6,0,1,5,56,1,9,0,3,0,7,21,100,1400,18
SIM_COVER_USE,6,56,0,0
SIM,6,0,1,5,57,0,7,3,3,1,7,21,800,300,45
SIM_COVER_USE,6,57,0,0
SIM,6,0,1,5,58,1,7,3,3,1,7,20,800,1200,43
SIM_COVER_USE,6,58,0,0
SIM,6,0,1,5,59,0,6,3,2,1,7,20,1600,300,45
SIM_COVER_USE,6,59,0,0
SIM,6,0,1,5,60,1,9,0,3,0,7,19,200,1300,14
SIM_COVER_USE,6,60,1,0
SIM,6,0,1,5,61,0,8,3,3,1,7,19,900,200,44
SIM_COVER_USE,6,61,1,0
SIM,6,0,1,5,62,1,8,3,3,1,7,18,900,1100,42
SIM_COVER_USE,6,62,1,0
SIM,6,0,1,5,63,0,7,3,3,1,7,18,1600,500,45
SIM_COVER_USE,6,63,1,0
SIM,6,0,1,5,64,1,10,0,4,0,7,16,200,1500,18
SIM_COVER_USE,6,64,1,0
SIM,6,0,1,5,65,0,9,3,3,1,7,16,900,100,45
SIM_COVER_USE,6,65,0,0
SIM,6,0,1,5,66,1,9,3,3,1,7,13,300,1000,35
SIM_COVER_USE,6,66,0,0
SIM,6,0,1,5,67,0,7,3,3,1,7,13,1000,400,45
SIM_COVER_USE,6,67,0,0
SIM,6,0,1,5,68,1,7,3,3,1,7,12,1000,1300,43
SIM_COVER_USE,6,68,0,0
SIM,6,0,1,5,69,0,4,6,2,2,7,12,1800,200,45
SIM_COVER_USE,6,69,0,0
SIM,6,0,1,5,70,1,7,4,3,2,7,10,100,1000,24
SIM_COVER_USE,6,70,0,0
SIM,6,0,1,5,71,0,4,4,2,2,7,10,900,400,45
SIM_COVER_USE,6,71,0,0
SIM,6,0,1,5,72,1,4,3,2,1,7,9,300,1300,37
SIM_COVER_USE,6,72,0,0
SIM,6,0,1,5,73,0,1,6,1,2,7,9,1200,200,45
SIM_COVER_USE,6,73,0,0
SIM,6,0,1,5,74,1,4,4,2,2,7,8,100,1000,30
SIM_COVER_USE,6,74,1,0
SIM,6,0,1,5,75,0,2,4,1,2,7,8,1000,400,45
SIM_COVER_USE,6,75,1,0
SIM,6,0,1,5,76,1,2,3,1,1,7,8,400,1300,39
SIM_COVER_USE,6,76,1,0
SIM,6,0,1,5,77,0,2,6,1,2,7,8,1300,200,45
SIM_COVER_USE,6,77,1,1
SIM,6,0,1,5,78,1,5,6,2,2,7,7,200,1000,28
SIM_COVER_USE,6,78,1,1
SIM,6,0,1,5,79,0,3,6,1,2,7,7,1100,400,45
SIM_COVER_USE,6,79,1,1
SIM,6,0,1,5,80,1,17,6,1,2,7,7,500,1200,43
SIM_COVER_USE,6,80,1,1
SIM_END,6,0,1,5,80,1,0
SIM,7,0,1,6,1,0,6,0,1,0,40,40,1000,0,30
SIM_COVER_USE,7,1,0,0
SIM,7,0,1,6,2,1,9,0,2,0,40,39,200,1000,1
SIM_COVER_USE,7,2,1,0
SIM,7,0,1,6,3,0,7,3,2,1,40,39,900,200,31
SIM_COVER_USE,7,3,1,0
SIM,7,0,1,6,4,1,7,3,2,1,40,39,900,1100,21
SIM_COVER_USE,7,4,0,0
SIM,7,0,1,6,5,0,6,3,1,1,40,39,1700,500,45
SIM_COVER_USE,7,5,0,0
SIM,7,0,1,6,6,1,9,0,2,0,40,38,300,1500,28
SIM_COVER_USE,7,6,0,0
SIM,7,0,1,6,7,0,7,3,2,1,40,38,1000,100,45
SIM_COVER_USE,7,7,0,0
SIM,7,0,1,6,8,1,7,0,2,0,40,37,400,1100,37
SIM_COVER_USE,7,8,0,0
SIM,7,0,1,6,9,0,7,0,2,0,40,37,1100,500,45
SIM_COVER_USE,7,9,0,0
SIM,7,0,1,6,10,1,10,0,3,0,40,36,300,1500,36
SIM_COVER_USE,7,10,0,0
SIM,7,0,1,6,11,0,9,3,2,1,40,36,1000,100,45
SIM_COVER_USE,7,11,0,0
SIM,7,0,1,6,12,1,9,0,2,0,40,36,400,1100,34
SIM_COVER_USE,7,12,0,0
SIM,7,0,1,6,13,0,9,0,2,0,40,36,1100,500,45
SIM_COVER_USE,7,13,0,0
SIM,7,0,1,6,14,1,12,0,3,0,40,34,300,1500,30
SIM_COVER_USE,7,14,0,0
SIM,7,0,1,6,15,0,10,3,3,1,40,34,900,100,45
SIM_COVER_USE,7,15,0,0
SIM,7,0,1,6,16,1,10,0,3,0,40,32,300,1100,30
SIM_COVER_USE,7,16,1,0
SIM,7,0,1,6,17,0,10,0,3,0,40,32,900,500,45
SIM_COVER_USE,7,17,1,0
SIM,7,0,1,6,18,1,13,0,4,0,40,29,100,1500,24
SIM_COVER_USE,7,18,0,0
SIM,7,0,1,6,19,0,12,3,3,1,40,29,700,100,45
SIM_COVER_USE,7,19,0,0
SIM,7,0,1,6,20,1,12,0,3,0,40,27,400,1100,35
SIM_COVER_USE,7,20,0,0
SIM,7,0,1,6,21,0,12,0,3,0,40,27,1000,500,45
SIM_COVER_USE,7,21,0,0
SIM,7,0,1,6,22,1,15,0,4,0,40,24,200,1500,31
SIM_COVER_USE,7,22,0,0
SIM,7,0,1,6,23,0,13,3,4,1,40,24,700,100,45
SIM_COVER_USE,7,23,0,0
SIM,7,0,1,6,24,1,13,0,4,0,40,21,400,1100,29
SIM_COVER_USE,7,24,0,0
SIM,7,0,1,6,25,0,13,0,4,0,40,21,900,1100,45
SIM_COVER_USE,7,25,0,0
SIM,7,0,1,6,26,1,13,0,4,0,40,17,300,2100,33
SIM_COVER_USE,7,26,0,0
SIM,7,0,1,6,27,0,11,3,4,1,40,17,800,400,45
SIM_COVER_USE,7,27,0,0
SIM,7,0,1,6,28,1,11,0,4,0,40,14,500,1400,35
SIM_COVER_USE,7,28,0,0
SIM,7,0,1,6,29,0,11,0,4,0,40,14,1000,1400,45
SIM_COVER_USE,7,29,0,0
SIM,7,0,1,6,30,1,11,0,4,0,40,10,400,2400,33
SIM_COVER_USE,7,30,0,0
SIM,7,0,1,6,31,0,9,3,3,1,40,10,1100,400,45
SIM_COVER_USE,7,31,0,0
SIM,7,0,1,6,32,1,12,3,4,1,40,6,300,1300,24
SIM_COVER_USE,7,32,0,0
SIM,7,0,1,6,33,0,10,3,4,1,40,6,900,400,45
SIM_COVER_USE,7,33,0,0
SIM,7,0,1,6,34,1,10,3,4,1,40,2,300,1300,33
SIM_COVER_USE,7,34,0,0
SIM,7,0,1,6,35,0,7,6,3,2,40,2,1000,200,45
SIM_COVER_USE,7,35,0,0
SIM_END,7,0,1,6,35,0,0
SIM,8,1,1,0,1,0,0,6,0,1,40,40,1000,0,30
SIM_COVER_USE,8,1,0,0
SIM,8,1,1,0,2,1,3,4,1,1,40,40,200,800,19
SIM_COVER_USE,8,2,0,0
SIM,8,1,1,0,3,0,0,7,0,2,39,40,1200,300,45
SIM_COVER_USE,8,3,0,0
SIM,8,1,1,0,4,1,0,7,0,2,39,40,300,1000,39
SIM_COVER_USE,8,4,0,0
SIM,8,1,1,0,5,0,0,7,0,2,38,40,1300,400,45
SIM_COVER_USE,8,5,0,0
SIM,8,1,1,0,6,1,3,5,1,2,38,40,200,1100,34
SIM_COVER_USE,8,6,0,0
SIM,8,1,1,0,7,0,0,8,0,3,37,40,1200,300,45
SIM_COVER_USE,8,7,0,0
SIM,8,1,1,0,8,1,0,8,0,3,37,40,300,900,39
SIM_COVER_USE,8,8,0,0
SIM,8,1,1,0,9,0,0,8,0,3,34,40,1300,300,45
SIM_COVER_USE,8,9,0,0
SIM,8,1,1,0,10,1,3,7,1,2,34,40,200,1000,34
SIM_COVER_USE,8,10,0,0
SIM,8,1,1,0,11,0,0,10,0,3,32,40,1200,200,45
SIM_COVER_USE,8,11,0,0
SIM,8,1,1,0,12,1,0,10,0,3,32,40,300,800,39
SIM_COVER_USE,8,12,0,0
SIM,8,1,1,0,13,0,0,10,0,3,29,40,1300,500,45
SIM_COVER_USE,8,13,0,0
SIM,8,1,1,0,14,1,3,8,1,3,29,40,200,1100,36
SIM_COVER_USE,8,14,0,0
SIM,8,1,1,0,15,0,0,8,0,3,29,40,1200,1100,45
SIM_COVER_USE,8,15,0,0
SIM,8,1,1,0,16,1,0,8,0,3,29,40,300,1700,39
SIM_COVER_USE,8,16,0,0
SIM,8,1,1,0,17,0,0,11,0,4,26,40,1300,300,45
SIM_COVER_USE,8,17,0,0
SIM,8,1,1,0,18,1,3,9,1,3,26,40,200,1000,36
SIM_COVER_USE,8,18,0,0
SIM,8,1,1,0,19,0,3,9,1,3,23,40,1100,400,45
SIM_COVER_USE,8,19,0,0
SIM,8,1,1,0,20,1,3,7,1,3,23,40,500,1100,39
SIM_COVER_USE,8,20,0,0
SIM,8,1,1,0,21,0,1,10,1,4,20,40,1400,300,45
SIM_COVER_USE,8,21,0,1
SIM,8,1,1,0,22,1,4,7,2,3,20,40,300,1000,32
SIM_COVER_USE,8,22,0,1
SIM,8,1,1,0,23,0,3,7,1,3,18,40,1200,400,45
SIM_COVER_USE,8,23,0,1
SIM,8,1,1,0,24,1,3,6,1,2,18,40,300,1200,37
SIM_COVER_USE,8,24,0,1
SIM,8,1,1,0,25,0,3,9,1,3,15,40,1200,100,45
SIM_COVER_USE,8,25,0,0
SIM,8,1,1,0,26,1,6,6,2,2,15,40,100,900,26
SIM_COVER_USE,8,26,0,0
SIM,8,1,1,0,27,0,6,6,2,2,14,40,900,900,45
SIM_COVER_USE,8,27,0,0
SIM,8,1,1,0,28,1,6,3,2,1,14,40,300,1800,33
SIM_COVER_USE,8,28,0,0
SIM,8,1,1,0,29,0,4,6,2,2,13,40,1100,100,45
SIM_COVER_USE,8,29,0,0
SIM,8,1,1,0,30,1,7,1,3,1,13,40,300,1000,32
SIM_COVER_USE,8,30,0,0
SIM,8,1,1,0,31,0,6,1,2,1,13,40,1100,400,45
SIM_COVER_USE,8,31,0,0
SIM,8,1,1,0,32,1,6,0,2,0,13,39,500,1400,23
SIM_COVER_USE,8,32,0,0
SIM,8,1,1,0,33,0,4,3,2,1,13,39,1300,300,45
SIM_COVER_USE,8,33,0,0
SIM,8,1,1,0,34,1,7,0,3,0,13,38,200,1300,20
SIM_COVER_USE,8,34,1,0
SIM,8,1,1,0,35,0,7,0,3,0,13,38,900,400,45
SIM_COVER_USE,8,35,1,0
SIM,8,1,1,0,36,1,7,0,3,0,13,35,300,1400,29
SIM_COVER_USE,8,36,0,0
SIM,8,1,1,0,37,0,6,3,2,1,13,35,1100,300,45
SIM_COVER_USE,8,37,0,0
SIM,8,1,1,0,38,1,9,1,3,1,13,33,300,1200,30
SIM_COVER_USE,8,38,0,0
SIM,8,1,1,0,39,0,9,15,3,1,13,33,1000,600,45
SIM_COVER_USE,8,39,0,0
SIM,8,1,1,0,40,1,9,14,3,0,13,31,400,1600,33
SIM_COVER_USE,8,40,0,0
SIM,8,1,1,0,41,0,7,3,3,1,13,31,1100,200,45
SIM_COVER_USE,8,41,0,0
SIM,8,1,1,0,42,1,10,1,4,1,13,28,300,1100,24
SIM_COVER_USE,8,42,1,0
SIM,8,1,1,0,43,0,9,1,3,1,13,28,1000,500,45
SIM_COVER_USE,8,43,1,0
SIM,8,1,1,0,44,1,9,0,3,0,13,26,400,1500,35
SIM_COVER_USE,8,44,1,0
SIM,8,1,1,0,45,0,9,14,3,0,13,26,1100,900,45
SIM_COVER_USE,8,45,1,0
SIM,8,1,1,0,46,1,12,12,4,0,13,24,300,1900,30
SIM_COVER_USE,8,46,0,0
SIM,8,1,1,0,47,0,10,3,4,1,13,24,900,200,45
SIM_COVER_USE,8,47,0,0
SIM,8,1,1,0,48,1,10,0,4,0,13,22,300,1200,29
SIM_COVER_USE,8,48,0,0
SIM,8,1,1,0,49,0,10,0,4,0,13,22,900,300,45
SIM_COVER_USE,8,49,0,0
SIM,8,1,1,0,50,1,10,0,4,0,13,18,300,1300,29
SIM_COVER_USE,8,50,0,0
SIM,8,1,1,0,51,0,10,3,4,1,13,18,900,1100,45
SIM_COVER_USE,8,51,0,0
SIM,8,1,1,0,52,1,10,3,4,1,13,14,300,2000,33
SIM_COVER_USE,8,52,0,0
SIM,8,1,1,0,53,0,9,3,3,1,13,14,1000,500,45
SIM_COVER_USE,8,53,0,0
SIM,8,1,1,0,54,1,12,3,4,1,13,10,200,1400,24
SIM_COVER_USE,8,54,0,0
SIM,8,1,1,0,55,0,9,6,3,2,13,10,900,300,45
SIM_COVER_USE,8,55,0,0
SIM,8,1,1,0,56,1,9,6,3,2,13,7,300,1100,35
SIM_COVER_USE,8,56,0,0
SIM,8,1,1,0,57,0,6,6,2,2,13,7,1100,500,45
SIM_COVER_USE,8,57,0,0
SIM,8,1,1,0,58,1,9,4,3,2,13,5,300,1300,30
SIM_COVER_USE,8,58,0,0
SIM,8,1,1,0,59,0,4,7,2,3,13,5,1100,200,45
SIM_COVER_USE,8,59,0,0
SIM,8,1,1,0,60,1,4,6,2,2,13,4,500,1000,35
SIM_COVER_USE,8,60,0,0
SIM,8,1,1,0,61,0,3,6,1,2,13,4,1400,1000,45
SIM_COVER_USE,8,61,0,0
SIM,8,1,1,0,62,1,6,4,2,2,13,3,300,1800,30
SIM_COVER_USE,8,62,0,0
SIM,8,1,1,0,63,0,1,7,1,3,13,3,1200,100,45
SIM_COVER_USE,8,63,0,0
SIM,8,1,1,0,64,1,1,6,1,2,13,3,300,900,35
SIM_COVER_USE,8,64,0,0
SIM,8,1,1,0,65,0,0,6,0,2,13,3,1300,900,45
SIM_COVER_USE,8,65,0,0
SIM,8,1,1,0,66,1,3,4,1,2,13,3,200,1700,32
SIM_COVER_USE,8,66,0,0
SIM,8,1,1,0,67,0,0,7,0,3,12,3,1200,300,45
SIM_COVER_USE,8,67,0,0
SIM,8,1,1,0,68,1,0,7,0,3,12,3,300,1000,39
SIM_COVER_USE,8,68,0,0
SIM,8,1,1,0,69,0,0,7,0,3,11,3,1300,1000,45
SIM_COVER_USE,8,69,0,0
SIM,8,1,1,0,70,1,3,6,1,2,11,3,200,1800,32
SIM_COVER_USE,8,70,0,0
SIM,8,1,1,0,71,0,0,9,0,3,10,3,1200,100,45
SIM_COVER_USE,8,71,0,0
SIM,8,1,1,0,72,1,0,9,0,3,10,3,300,800,39
SIM_COVER_USE,8,72,0,0
SIM,8,1,1,0,73,0,0,9,0,3,7,3,1300,500,45
SIM_COVER_USE,8,73,0,0
SIM,8,1,1,0,74,1,3,7,1,3,7,3,200,1200,36
SIM_COVER_USE,8,74,0,0
SIM,8,1,1,0,75,0,1,10,1,4,4,3,1100,100,45
SIM_COVER_USE,8,75,0,1
SIM,8,1,1,0,76,1,1,9,1,3,4,3,500,800,39
SIM_COVER_USE,8,76,0,1
SIM,8,1,1,0,77,0,0,9,0,3,2,3,1500,500,45
SIM_COVER_USE,8,77,0,1
SIM,8,1,1,0,78,1,3,8,1,3,2,3,100,1200,34
SIM_COVER_USE,8,78,0,1
SIM_END,8,1,1,0,78,1,0
SIM,9,1,1,1,1,0,0,6,0,1,40,40,1000,0,30
SIM_COVER_USE,9,1,0,0
SIM,9,1,1,1,2,1,3,4,1,1,40,40,200,800,19
SIM_COVER_USE,9,2,0,0
SIM,9,1,1,1,3,0,0,7,0,2,39,40,1200,300,45
SIM_COVER_USE,9,3,0,0
SIM,9,1,1,1,4,1,0,7,0,2,39,40,300,1000,39
SIM_COVER_USE,9,4,0,0
SIM,9,1,1,1,5,0,0,7,0,2,38,40,1300,400,45
SIM_COVER_USE,9,5,0,0
SIM,9,1,1,1,6,1,3,5,1,2,38,40,200,1100,34
SIM_COVER_USE,9,6,0,0
SIM,9,1,1,1,7,0,3,5,1,2,38,40,1100,1100,45
SIM_COVER_USE,9,7,0,0
SIM,9,1,1,1,8,1,3,4,1,1,38,40,500,1900,39
SIM_COVER_USE,9,8,0,0
SIM,9,1,1,1,9,0,0,7,0,2,37,40,1500,200,45
SIM_COVER_USE,9,9,0,0
SIM,9,1,1,1,10,1,3,5,1,2,37,40,100,900,32
SIM_COVER_USE,9,10,0,0
SIM,9,1,1,1,11,0,0,5,0,2,36,40,1100,300,45
SIM_COVER_USE,9,11,0,0
SIM,9,1,1,1,12,1,0,5,0,2,36,40,500,1000,41
SIM_COVER_USE,9,12,0,0
SIM,9,1,1,1,13,0,0,5,0,2,35,40,1500,1000,45
SIM_COVER_USE,9,13,0,0
SIM,9,1,1,1,14,1,3,3,1,1,35,40,100,1900,32
SIM_COVER_USE,9,14,0,0
SIM,9,1,1,1,15,0,1,6,1,2,34,40,1000,200,45
SIM_COVER_USE,9,15,0,0
SIM,9,1,1,1,16,1,1,4,1,2,34,40,400,1000,39
SIM_COVER_USE,9,16,0,0
SIM,9,1,1,1,17,0,0,4,0,2,34,40,1400,1000,45
SIM_COVER_USE,9,17,0,0
SIM,9,1,1,1,18,1,3,3,1,1,34,40,300,1900,34
SIM_COVER_USE,9,18,0,0
SIM,9,1,1,1,19,0,3,3,1,1,33,40,1200,1900,45
SIM_COVER_USE,9,19,0,0
SIM,9,1,1,1,20,1,3,1,1,1,33,40,300,2800,37
SIM_COVER_USE,9,20,0,0
SIM,9,1,1,1,21,0,1,4,1,2,32,40,1200,200,45
SIM_COVER_USE,9,21,0,0
SIM,9,1,1,1,22,1,4,1,2,1,32,40,100,1100,32
SIM_COVER_USE,9,22,0,0
SIM,9,1,1,1,23,0,3,1,1,1,32,40,1000,500,45
SIM_COVER_USE,9,23,0,0
SIM,9,1,1,1,24,1,3,0,1,0,32,40,400,1500,39
SIM_COVER_USE,9,24,0,0
SIM,9,1,1,1,25,0,1,3,1,1,32,40,1300,100,45
SIM_COVER_USE,9,25,0,1
SIM,9,1,1,1,26,1,4,2,2,1,32,40,200,1000,35
SIM_COVER_USE,9,26,1,1
SIM,9,1,1,1,27,0,3,2,1,1,32,40,1100,400,45
SIM_COVER_USE,9,27,1,1
SIM,9,1,1,1,28,1,3,2,1,1,32,40,500,1300,41
SIM_COVER_USE,9,28,1,1
SIM,9,1,1,1,29,0,3,16,1,1,32,40,1400,700,45
SIM_COVER_USE,9,29,1,1
SIM,9,1,1,1,30,1,6,14,2,1,32,40,300,1600,33
SIM_COVER_USE,9,30,1,1
SIM,9,1,1,1,31,0,3,5,1,2,32,40,1200,200,45
SIM_COVER_USE,9,31,1,0
SIM,9,1,1,1,32,1,3,3,1,1,32,40,300,1100,37
SIM_COVER_USE,9,32,1,0
SIM,9,1,1,1,33,0,3,3,1,1,32,40,1200,500,45
SIM_COVER_USE,9,33,1,1
SIM,9,1,1,1,34,1,6,2,2,1,32,39,100,1400,21
SIM_COVER_USE,9,34,0,1
SIM,9,1,1,1,35,0,3,5,1,2,32,39,1000,300,45
SIM_COVER_USE,9,35,0,1
SIM,9,1,1,1,36,1,3,5,1,2,32,38,400,1100,39
SIM_COVER_USE,9,36,0,1
SIM,9,1,1,1,37,0,1,5,1,2,31,38,1300,500,45
SIM_COVER_USE,9,37,0,0
SIM,9,1,1,1,38,1,4,1,2,1,31,38,200,1400,32
SIM_COVER_USE,9,38,0,0
SIM,9,1,1,1,39,0,1,4,1,2,31,38,1100,300,45
SIM_COVER_USE,9,39,0,0
SIM,9,1,1,1,40,1,1,3,1,1,31,38,500,1200,35
SIM_COVER_USE,9,40,0,0
SIM,9,1,1,1,41,0,0,3,0,1,31,38,1500,300,45
SIM_COVER_USE,9,41,0,0
SIM,9,1,1,1,42,1,3,1,1,1,31,38,100,1200,30
SIM_COVER_USE,9,42,0,0
SIM,9,1,1,1,43,0,0,4,0,2,31,38,1100,100,45
SIM_COVER_USE,9,43,0,0
SIM,9,1,1,1,44,1,0,4,0,2,31,38,500,900,41
SIM_COVER_USE,9,44,0,0
SIM,9,1,1,1,45,0,0,4,0,2,30,38,1500,300,45
SIM_COVER_USE,9,45,0,0
SIM,9,1,1,1,46,1,3,3,1,1,30,38,100,1200,32
SIM_COVER_USE,9,46,0,0
SIM,9,1,1,1,47,0,3,17,1,1,30,38,1000,600,45
SIM_COVER_USE,9,47,0,0
SIM,9,1,1,1,48,1,3,15,1,1,30,38,400,1500,38
SIM_COVER_USE,9,48,0,0
SIM,9,1,1,1,49,0,3,1,1,1,30,38,1300,1800,45
SIM_COVER_USE,9,49,0,0
SIM,9,1,1,1,50,1,6,0,2,0,30,37,200,2800,30
SIM_COVER_USE,9,50,0,0
SIM,9,1,1,1,51,0,4,3,2,1,30,37,1000,200,45
SIM_COVER_USE,9,51,0,0
SIM,9,1,1,1,52,1,4,1,2,1,30,36,400,1100,31
SIM_COVER_USE,9,52,0,0
SIM,9,1,1,1,53,0,3,1,1,1,30,36,1300,1100,45
SIM_COVER_USE,9,53,0,0
SIM,9,1,1,1,54,1,6,0,2,0,30,35,200,2100,30
SIM_COVER_USE,9,54,0,0
SIM,9,1,1,1,55,0,4,3,2,1,30,35,1000,100,45
SIM_COVER_USE,9,55,0,0
SIM,9,1,1,1,56,1,4,1,2,1,30,34,400,1000,37
SIM_COVER_USE,9,56,0,0
SIM,9,1,1,1,57,0,3,1,1,1,30,34,1300,1000,45
SIM_COVER_USE,9,57,0,0
SIM,9,1,1,1,58,1,6,0,2,0,30,33,200,2000,30
SIM_COVER_USE,9,58,0,0
SIM,9,1,1,1,59,0,4,3,2,1,30,33,1000,300,45
SIM_COVER_USE,9,59,0,0
SIM,9,1,1,1,60,1,4,1,2,1,30,32,400,1200,37
SIM_COVER_USE,9,60,0,0
SIM,9,1,1,1,61,0,3,1,1,1,30,32,1300,300,45
SIM_COVER_USE,9,61,0,0
SIM,9,1,1,1,62,1,6,0,2,0,30,31,200,1300,30
SIM_COVER_USE,9,62,0,0
SIM,9,1,1,1,63,0,4,3,2,1,30,31,1000,200,45
SIM_COVER_USE,9,63,0,0
SIM,9,1,1,1,64,1,4,1,2,1,30,30,400,1100,37
SIM_COVER_USE,9,64,0,0
SIM,9,1,1,1,65,0,3,1,1,1,30,30,1300,500,45
SIM_COVER_USE,9,65,0,0
SIM,9,1,1,1,66,1,6,0,2,0,30,29,200,1500,30
SIM_COVER_USE,9,66,0,0
SIM,9,1,1,1,67,0,4,3,2,1,30,29,1000,100,45
SIM_COVER_USE,9,67,0,0
SIM,9,1,1,1,68,1,4,1,2,1,30,28,400,1000,37
SIM_COVER_USE,9,68,0,0
SIM,9,1,1,1,69,0,3,1,1,1,30,28,1300,400,45
SIM_COVER_USE,9,69,0,0
SIM,9,1,1,1,70,1,6,0,2,0,30,27,200,1400,30
SIM_COVER_USE,9,70,0,0
SIM,9,1,1,1,71,0,4,3,2,1,30,27,1000,300,45
SIM_COVER_USE,9,71,0,0
SIM,9,1,1,1,72,1,4,1,2,1,30,26,400,1200,37
SIM_COVER_USE,9,72,0,0
SIM,9,1,1,1,73,0,3,1,1,1,30,26,1300,1200,45
SIM_COVER_USE,9,73,0,0
SIM,9,1,1,1,74,1,6,0,2,0,30,25,200,2200,30
SIM_COVER_USE,9,74,0,0
SIM,9,1,1,1,75,0,4,3,2,1,30,25,1000,200,45
SIM_COVER_USE,9,75,0,0
SIM,9,1,1,1,76,1,4,1,2,1,30,24,400,1100,37
SIM_COVER_USE,9,76,0,0
SIM,9,1,1,1,77,0,3,1,1,1,30,24,1300,500,45
SIM_COVER_USE,9,77,0,0
SIM,9,1,1,1,78,1,6,0,2,0,30,23,200,1500,30
SIM_COVER_USE,9,78,0,0
SIM,9,1,1,1,79,0,6,14,2,0,30,23,1000,900,45
SIM_COVER_USE,9,79,0,0
SIM,9,1,1,1,80,1,6,12,2,0,30,22,400,1900,36
SIM_COVER_USE,9,80,0,0
SIM_END,9,1,1,1,80,0,0
SIM,10,1,1,2,1,0,0,6,0,1,40,40,1000,0,30
SIM_COVER_USE,10,1,0,0
SIM,10,1,1,2,2,1,3,6,1,1,40,39,200,800,19
SIM_COVER_USE,10,2,0,0
SIM,10,1,1,2,3,0,0,9,0,2,39,39,1200,300,45
SIM_COVER_USE,10,3,0,0
SIM,10,1,1,2,4,1,0,9,0,2,39,39,300,1000,39
SIM_COVER_USE,10,4,0,0
SIM,10,1,1,2,5,0,0,9,0,2,38,39,1300,1000,45
SIM_COVER_USE,10,5,0,0
SIM,10,1,1,2,6,1,3,7,1,2,38,39,200,1700,34
SIM_COVER_USE,10,6,0,0
SIM,10,1,1,2,7,0,3,7,1,2,38,39,1100,1700,45
SIM_COVER_USE,10,7,0,0
SIM,10,1,1,2,8,1,3,6,1,1,38,39,500,2500,39
SIM_COVER_USE,10,8,0,0
SIM,10,1,1,2,9,0,0,9,0,2,37,39,1500,200,45
SIM_COVER_USE,10,9,0,0
SIM,10,1,1,2,10,1,3,7,1,2,37,39,100,900,32
SIM_COVER_USE,10,10,0,0
SIM,10,1,1,2,11,0,0,7,0,2,36,39,1100,300,45
SIM_COVER_USE,10,11,0,0
SIM,10,1,1,2,12,1,0,7,0,2,36,39,500,1000,41
SIM_COVER_USE,10,12,0,0
SIM,10,1,1,2,13,0,0,10,0,3,35,39,1500,200,45
SIM_COVER_USE,10,13,0,0
SIM,10,1,1,2,14,1,3,9,1,2,35,39,100,900,32
SIM_COVER_USE,10,14,0,0
SIM,10,1,1,2,15,0,0,9,0,2,35,39,1100,300,45
SIM_COVER_USE,10,15,0,0
SIM,10,1,1,2,16,1,0,9,0,2,35,39,500,1000,41
SIM_COVER_USE,10,16,0,0
SIM,10,1,1,2,17,0,0,12,0,3,33,39,1500,200,45
SIM_COVER_USE,10,17,0,0
SIM,10,1,1,2,18,1,3,10,1,3,33,39,100,800,34
SIM_COVER_USE,10,18,0,0
SIM,10,1,1,2,19,0,3,10,1,3,33,39,1000,800,45
SIM_COVER_USE,10,19,0,1
SIM,10,1,1,2,20,1,3,9,1,2,33,39,400,1500,39
SIM_COVER_USE,10,20,0,1
SIM,10,1,1,2,21,0,0,12,0,3,31,39,1400,100,45
SIM_COVER_USE,10,21,0,1
SIM,10,1,1,2,22,1,3,10,1,3,31,39,300,700,36
SIM_COVER_USE,10,22,0,1
SIM,10,1,1,2,23,0,0,10,0,3,29,39,1300,400,45
SIM_COVER_USE,10,23,0,1
SIM,10,1,1,2,24,1,0,10,0,3,29,39,400,1000,39
SIM_COVER_USE,10,24,0,1
SIM,10,1,1,2,25,0,0,13,0,4,26,39,1400,200,45
SIM_COVER_USE,10,25,0,0
SIM,10,1,1,2,26,1,3,12,1,3,26,39,300,800,36
SIM_COVER_USE,10,26,0,0
SIM,10,1,1,2,27,0,0,12,0,3,24,39,1300,500,45
SIM_COVER_USE,10,27,0,0
SIM,10,1,1,2,28,1,0,12,0,3,24,39,400,1100,39
SIM_COVER_USE,10,28,0,0
SIM,10,1,1,2,29,0,0,15,0,4,21,39,1400,300,45
SIM_COVER_USE,10,29,0,0
SIM,10,1,1,2,30,1,3,13,1,4,21,39,300,800,36
SIM_COVER_USE,10,30,0,0
SIM,10,1,1,2,31,0,0,13,0,4,18,39,1300,500,45
SIM_COVER_USE,10,31,0,0
SIM,10,1,1,2,32,1,0,13,0,4,18,39,1300,1000,45
SIM_COVER_USE,10,32,0,0
SIM,10,1,1,2,33,0,0,13,0,4,14,39,2300,400,45
SIM_COVER_USE,10,33,0,0
SIM,10,1,1,2,34,1,3,11,1,4,14,39,300,900,30
SIM_COVER_USE,10,34,0,0
SIM,10,1,1,2,35,0,0,11,0,4,11,39,1300,300,45
SIM_COVER_USE,10,35,0,0
SIM,10,1,1,2,36,1,0,11,0,4,11,39,1300,800,45
SIM_COVER_USE,10,36,0,0
SIM,10,1,1,2,37,0,0,11,0,4,7,39,2300,500,45
SIM_COVER_USE,10,37,0,0
SIM,10,1,1,2,38,1,3,9,1,3,7,39,300,1200,30
SIM_COVER_USE,10,38,0,0
SIM,10,1,1,2,39,0,3,12,1,4,3,39,1200,100,45
SIM_COVER_USE,10,39,0,0
SIM,10,1,1,2,40,1,3,10,1,4,3,39,300,700,37
SIM_COVER_USE,10,40,0,0
SIM_END,10,1,1,2,40,1,0
SIM,11,1,1,3,1,0,0,6,0,1,40,40,1000,0,30
SIM_COVER_USE,11,1,0,1
SIM,11,1,1,3,2,1,3,6,1,1,40,40,200,800,21
SIM_COVER_USE,11,2,1,1
SIM,11,1,1,3,3,0,0,9,0,2,40,40,1200,300,45
SIM_COVER_USE,11,3,0,1
SIM,11,1,1,3,4,1,0,9,0,2,40,40,300,1000,39
SIM_COVER_USE,11,4,0,1
SIM,11,1,1,3,5,0,0,9,0,2,40,40,1300,400,45
SIM_COVER_USE,11,5,0,1
SIM,11,1,1,3,6,1,3,7,1,2,40,40,200,1100,32
SIM_COVER_USE,11,6,1,1
SIM,11,1,1,3,7,0,3,21,1,2,40,40,1100,500,45
SIM_COVER_USE,11,7,1,1
SIM,11,1,1,3,8,1,3,20,1,1,40,40,500,1300,39
SIM_COVER_USE,11,8,1,1
SIM,11,1,1,3,9,0,3,6,1,1,40,40,1400,1600,45
SIM_COVER_USE,11,9,1,1
SIM,11,1,1,3,10,1,6,6,2,1,40,39,300,2400,28
SIM_COVER_USE,11,10,1,1
SIM,11,1,1,3,11,0,3,9,1,2,39,39,1200,100,45
SIM_COVER_USE,11,11,1,1
SIM,11,1,1,3,12,1,3,9,1,2,39,38,300,800,33
SIM_COVER_USE,11,12,0,1
SIM,11,1,1,3,13,0,0,9,0,2,38,38,1300,500,45
SIM_COVER_USE,11,13,0,1
SIM,11,1,1,3,14,1,3,7,1,2,38,38,200,1200,34
SIM_COVER_USE,11,14,0,1
SIM,11,1,1,3,15,0,0,10,0,3,36,38,1200,100,45
SIM_COVER_USE,11,15,0,0
SIM,11,1,1,3,16,1,0,10,0,3,36,38,300,700,39
SIM_COVER_USE,11,16,0,0
SIM,11,1,1,3,17,0,0,10,0,3,34,38,1300,400,45
SIM_COVER_USE,11,17,0,0
SIM,11,1,1,3,18,1,3,9,1,2,34,38,200,1100,34
SIM_COVER_USE,11,18,0,0
SIM,11,1,1,3,19,0,3,9,1,2,34,38,1100,1100,45
SIM_COVER_USE,11,19,0,0
SIM,11,1,1,3,20,1,3,7,1,2,34,38,500,1800,39
SIM_COVER_USE,11,20,0,0
SIM,11,1,1,3,21,0,0,7,0,2,34,38,1500,1800,45
SIM_COVER_USE,11,21,0,0
SIM,11,1,1,3,22,1,3,5,1,2,34,38,100,2500,34
SIM_COVER_USE,11,22,0,0
SIM,11,1,1,3,23,0,0,8,0,3,32,38,1100,200,45
SIM_COVER_USE,11,23,0,1
SIM,11,1,1,3,24,1,0,8,0,3,32,38,500,800,41
SIM_COVER_USE,11,24,0,1
SIM,11,1,1,3,25,0,0,8,0,3,30,38,1500,500,45
SIM_COVER_USE,11,25,0,0
SIM,11,1,1,3,26,1,3,7,1,2,30,38,100,1200,34
SIM_COVER_USE,11,26,0,0
SIM,11,1,1,3,27,0,3,7,1,2,30,38,1000,1200,45
SIM_COVER_USE,11,27,0,0
SIM,11,1,1,3,28,1,3,5,1,2,30,38,400,1900,39
SIM_COVER_USE,11,28,0,0
SIM,11,1,1,3,29,0,0,8,0,3,29,38,1400,200,45
SIM_COVER_USE,11,29,0,0
SIM,11,1,1,3,30,1,3,6,1,2,29,38,300,1000,36
SIM_COVER_USE,11,30,0,0
SIM,11,1,1,3,31,0,3,6,1,2,27,38,1200,400,45
SIM_COVER_USE,11,31,0,0
SIM,11,1,1,3,32,1,3,4,1,2,27,38,300,1200,37
SIM_COVER_USE,11,32,0,0
SIM,11,1,1,3,33,0,3,7,1,3,24,38,1200,100,45
SIM_COVER_USE,11,33,0,0
SIM,11,1,1,3,34,1,6,4,2,2,24,38,100,900,32
SIM_COVER_USE,11,34,0,0
SIM,11,1,1,3,35,0,6,4,2,2,22,38,900,300,45
SIM_COVER_USE,11,35,0,0
SIM,11,1,1,3,36,1,6,1,2,1,22,38,300,1200,35
SIM_COVER_USE,11,36,0,0
SIM,11,1,1,3,37,0,4,4,2,2,21,38,1100,100,45
SIM_COVER_USE,11,37,0,0
SIM,11,1,1,3,38,1,7,0,3,0,21,38,300,1100,28
SIM_COVER_USE,11,38,0,0
SIM,11,1,1,3,39,0,7,14,3,0,21,38,1000,500,45
SIM_COVER_USE,11,39,0,0
SIM,11,1,1,3,40,1,7,14,3,0,21,37,400,1500,27
SIM_COVER_USE,11,40,1,0
SIM,11,1,1,3,41,0,6,3,2,1,21,37,1200,100,45
SIM_COVER_USE,11,41,1,0
SIM,11,1,1,3,42,1,9,0,3,0,21,36,100,1100,28
SIM_COVER_USE,11,42,1,0
SIM,11,1,1,3,43,0,9,0,3,0,21,36,800,500,45
SIM_COVER_USE,11,43,1,0
SIM,11,1,1,3,44,1,9,0,3,0,21,33,500,1500,31
SIM_COVER_USE,11,44,0,0
SIM,11,1,1,3,45,0,7,3,3,1,21,33,1200,100,45
SIM_COVER_USE,11,45,0,0
SIM,11,1,1,3,46,1,10,1,4,1,21,30,100,1000,22
SIM_COVER_USE,11,46,1,0
SIM,11,1,1,3,47,0,9,1,3,1,21,30,800,400,45
SIM_COVER_USE,11,47,1,0
SIM,11,1,1,3,48,1,9,0,3,0,21,28,500,1400,37
SIM_COVER_USE,11,48,1,0
SIM,11,1,1,3,49,0,8,3,3,1,21,28,1200,300,45
SIM_COVER_USE,11,49,1,0
SIM,11,1,1,3,50,1,11,0,4,0,21,26,100,1300,22
SIM_COVER_USE,11,50,1,0
SIM,11,1,1,3,51,0,11,0,4,0,21,26,700,400,45
SIM_COVER_USE,11,51,1,0
SIM,11,1,1,3,52,1,11,0,4,0,21,22,400,1400,31
SIM_COVER_USE,11,52,0,0
SIM,11,1,1,3,53,0,9,3,3,1,21,22,1100,300,45
SIM_COVER_USE,11,53,0,0
SIM,11,1,1,3,54,1,12,3,4,1,21,19,300,1200,31
SIM_COVER_USE,11,54,0,0
SIM,11,1,1,3,55,0,10,3,4,1,21,19,900,300,45
SIM_COVER_USE,11,55,0,0
SIM,11,1,1,3,56,1,10,3,4,1,21,15,300,1200,27
SIM_COVER_USE,11,56,0,0
SIM,11,1,1,3,57,0,7,6,3,2,21,15,1000,100,45
SIM_COVER_USE,11,57,0,0
SIM,11,1,1,3,58,1,10,4,4,2,21,12,200,900,28
SIM_COVER_USE,11,58,0,0
SIM,11,1,1,3,59,0,7,4,3,2,21,12,900,300,45
SIM_COVER_USE,11,59,0,0
SIM,11,1,1,3,60,1,7,3,3,1,21,10,300,1200,35
SIM_COVER_USE,11,60,0,0
SIM,11,1,1,3,61,0,6,3,2,1,21,10,1100,1200,45
SIM_COVER_USE,11,61,0,0
SIM,11,1,1,3,62,1,9,3,3,1,21,8,300,2100,31
SIM_COVER_USE,11,62,0,0
SIM,11,1,1,3,63,0,9,17,3,1,21,8,1000,1500,45
SIM_COVER_USE,11,63,0,0
SIM,11,1,1,3,64,1,9,17,3,1,21,5,400,2400,32
SIM_COVER_USE,11,64,0,0
SIM,11,1,1,3,65,0,6,6,2,2,21,5,1200,100,45
SIM_COVER_USE,11,65,0,0
SIM,11,1,1,3,66,1,9,6,3,2,21,2,100,900,24
SIM_COVER_USE,11,66,0,0
SIM,11,1,1,3,67,0,6,6,2,2,21,2,900,300,45
SIM_COVER_USE,11,67,0,0
SIM_END,11,1,1,3,67,0,0
SIM,12,1,1,4,1,0,0,6,0,1,40,40,1000,0,30
SIM_COVER_USE,12,1,0,1
SIM,12,1,1,4,2,1,3,6,1,1,40,40,200,800,21
SIM_COVER_USE,12,2,1,1
SIM,12,1,1,4,3,0,0,9,0,2,40,40,1200,300,45
SIM_COVER_USE,12,3,0,1
SIM,12,1,1,4,4,1,0,9,0,2,40,40,300,1000,39
SIM_COVER_USE,12,4,0,1
SIM,12,1,1,4,5,0,0,23,0,2,40,40,1300,400,45
SIM_COVER_USE,12,5,0,1
SIM,12,1,1,4,6,1,3,21,1,2,40,40,200,1100,32
SIM_COVER_USE,12,6,0,1
SIM,12,1,1,4,7,0,0,10,0,3,39,40,1200,300,45
SIM_COVER_USE,12,7,0,0
SIM,12,1,1,4,8,1,0,10,0,3,39,40,300,900,39
SIM_COVER_USE,12,8,0,0
SIM,12,1,1,4,9,0,0,10,0,3,38,40,1300,900,45
SIM_COVER_USE,12,9,0,0
SIM,12,1,1,4,10,1,3,9,1,2,38,40,200,1600,34
SIM_COVER_USE,12,10,0,0
SIM,12,1,1,4,11,0,0,12,0,3,37,40,1200,200,45
SIM_COVER_USE,12,11,0,0
SIM,12,1,1,4,12,1,0,12,0,3,37,40,300,800,39
SIM_COVER_USE,12,12,0,0
SIM,12,1,1,4,13,0,0,12,0,3,34,40,1300,500,45
SIM_COVER_USE,12,13,0,0
SIM,12,1,1,4,14,1,3,10,1,3,34,40,200,1100,36
SIM_COVER_USE,12,14,0,0
SIM,12,1,1,4,15,0,0,13,0,4,32,40,1200,300,45
SIM_COVER_USE,12,15,0,0
SIM,12,1,1,4,16,1,0,13,0,4,32,40,300,800,39
SIM_COVER_USE,12,16,0,0
SIM,12,1,1,4,17,0,0,13,0,4,28,40,1300,500,45
SIM_COVER_USE,12,17,0,0
SIM,12,1,1,4,18,1,3,11,1,4,28,40,500,1000,38
SIM_COVER_USE,12,18,0,0
SIM,12,1,1,4,19,0,0,11,0,4,28,40,1500,1000,45
SIM_COVER_USE,12,19,0,0
SIM,12,1,1,4,20,1,0,11,0,4,28,40,1500,1500,45
SIM_COVER_USE,12,20,0,0
SIM,12,1,1,4,21,0,0,11,0,4,27,40,2500,1500,45
SIM_COVER_USE,12,21,0,0
SIM,12,1,1,4,22,1,3,9,1,3,27,40,500,2200,30
SIM_COVER_USE,12,22,0,0
SIM,12,1,1,4,23,0,3,12,1,4,23,40,1400,200,45
SIM_COVER_USE,12,23,0,0
SIM,12,1,1,4,24,1,3,10,1,4,23,40,500,800,37
SIM_COVER_USE,12,24,0,0
SIM,12,1,1,4,25,0,3,10,1,4,19,40,1400,500,45
SIM_COVER_USE,12,25,0,0
SIM,12,1,1,4,26,1,6,7,2,3,19,40,300,1200,34
SIM_COVER_USE,12,26,0,0
SIM,12,1,1,4,27,0,6,10,2,4,15,40,1100,100,45
SIM_COVER_USE,12,27,0,0
SIM,12,1,1,4,28,1,6,7,2,3,15,40,500,800,37
SIM_COVER_USE,12,28,0,0
SIM,12,1,1,4,29,0,6,7,2,3,14,40,1300,800,45
SIM_COVER_USE,12,29,0,0
SIM,12,1,1,4,30,1,9,3,3,1,14,40,200,1700,26
SIM_COVER_USE,12,30,0,0
SIM,12,1,1,4,31,0,9,6,3,2,13,40,900,300,45
SIM_COVER_USE,12,31,0,0
SIM,12,1,1,4,32,1,9,3,3,1,13,40,300,1200,32
SIM_COVER_USE,12,32,0,0
SIM,12,1,1,4,33,0,9,3,3,1,12,40,1000,300,45
SIM_COVER_USE,12,33,0,0
SIM,12,1,1,4,34,1,12,0,4,0,12,38,200,1300,10
SIM_COVER_USE,12,34,0,0
SIM,12,1,1,4,35,0,12,14,4,0,12,38,800,700,40
SIM_COVER_USE,12,35,0,0
SIM,12,1,1,4,36,1,12,14,4,0,12,35,500,1700,18
SIM_COVER_USE,12,36,0,0
SIM,12,1,1,4,37,0,10,3,4,1,12,35,1100,300,45
SIM_COVER_USE,12,37,0,0
SIM,12,1,1,4,38,1,10,1,4,1,12,32,500,1200,30
SIM_COVER_USE,12,38,1,0
SIM,12,1,1,4,39,0,9,1,3,1,12,32,1200,1200,45
SIM_COVER_USE,12,39,1,0
SIM,12,1,1,4,40,1,12,0,4,0,12,29,100,2200,22
SIM_COVER_USE,12,40,1,0
SIM,12,1,1,4,41,0,10,3,4,1,12,29,700,200,45
SIM_COVER_USE,12,41,1,0
SIM,12,1,1,4,42,1,10,1,4,1,12,26,400,1100,35
SIM_COVER_USE,12,42,1,0
SIM,12,1,1,4,43,0,9,1,3,1,12,26,1100,500,45
SIM_COVER_USE,12,43,1,0
SIM,12,1,1,4,44,1,12,0,4,0,12,23,300,1500,24
SIM_COVER_USE,12,44,1,0
SIM,12,1,1,4,45,0,12,14,4,0,12,23,900,900,45
SIM_COVER_USE,12,45,1,0
SIM,12,1,1,4,46,1,12,12,4,0,12,20,300,1900,30
SIM_COVER_USE,12,46,0,0
SIM,12,1,1,4,47,0,12,0,4,0,12,20,900,2200,45
SIM_COVER_USE,12,47,0,0
SIM,12,1,1,4,48,1,12,0,4,0,12,16,300,3200,32
SIM_COVER_USE,12,48,0,0
SIM,12,1,1,4,49,0,12,3,4,1,12,16,900,3000,45
SIM_COVER_USE,12,49,0,0
SIM,12,1,1,4,50,1,12,3,4,1,12,12,300,3900,33
SIM_COVER_USE,12,50,0,0
SIM,12,1,1,4,51,0,12,17,4,1,12,12,900,3300,45
SIM_COVER_USE,12,51,0,0
SIM,12,1,1,4,52,1,12,17,4,1,12,8,300,4200,33
SIM_COVER_USE,12,52,0,0
SIM,12,1,1,4,53,0,9,6,3,2,12,8,1000,100,45
SIM_COVER_USE,12,53,0,0
SIM,12,1,1,4,54,1,12,4,4,2,12,5,200,900,28
SIM_COVER_USE,12,54,0,0
SIM,12,1,1,4,55,0,9,4,3,2,12,5,900,300,45
SIM_COVER_USE,12,55,0,0
SIM,12,1,1,4,56,1,9,3,3,1,12,3,300,1200,35
SIM_COVER_USE,12,56,0,0
SIM,12,1,1,4,57,0,9,17,3,1,12,3,1000,600,45
SIM_COVER_USE,12,57,0,0
SIM_END,12,1,1,4,57,0,0
SIM,13,1,1,5,1,0,0,6,0,1,40,40,1000,0,30
SIM_COVER_USE,13,1,0,0
SIM,13,1,1,5,2,1,3,6,1,1,40,39,200,800,19
SIM_COVER_USE,13,2,0,0
SIM,13,1,1,5,3,0,3,6,1,1,40,39,1100,800,45
SIM_COVER_USE,13,3,0,1
SIM,13,1,1,5,4,1,3,6,1,1,40,38,500,1600,39
SIM_COVER_USE,13,4,0,1
SIM,13,1,1,5,5,0,0,9,0,2,39,38,1500,200,45
SIM_COVER_USE,13,5,0,1
SIM,13,1,1,5,6,1,3,7,1,2,39,38,100,900,32
SIM_COVER_USE,13,6,0,1
SIM,13,1,1,5,7,0,0,7,0,2,38,38,1100,300,45
SIM_COVER_USE,13,7,0,0
SIM,13,1,1,5,8,1,0,7,0,2,38,38,500,1000,41
SIM_COVER_USE,13,8,0,0
SIM,13,1,1,5,9,0,0,10,0,3,37,38,1500,200,45
SIM_COVER_USE,13,9,0,0
SIM,13,1,1,5,10,1,3,9,1,2,37,38,100,900,32
SIM_COVER_USE,13,10,0,0
SIM,13,1,1,5,11,0,0,9,0,2,37,38,1100,300,45
SIM_COVER_USE,13,11,0,0
SIM,13,1,1,5,12,1,0,9,0,2,37,38,500,1000,41
SIM_COVER_USE,13,12,0,0
SIM,13,1,1,5,13,0,0,12,0,3,35,38,1500,200,45
SIM_COVER_USE,13,13,0,0
SIM,13,1,1,5,14,1,3,10,1,3,35,38,100,800,34
SIM_COVER_USE,13,14,0,0
SIM,13,1,1,5,15,0,0,10,0,3,33,38,1100,500,45
SIM_COVER_USE,13,15,0,1
SIM,13,1,1,5,16,1,0,10,0,3,33,38,500,1100,41
SIM_COVER_USE,13,16,0,1
SIM,13,1,1,5,17,0,0,10,0,3,32,38,1500,1100,45
SIM_COVER_USE,13,17,0,1
SIM,13,1,1,5,18,1,3,9,1,2,32,38,100,1800,34
SIM_COVER_USE,13,18,0,1
SIM,13,1,1,5,19,0,0,9,0,2,32,38,1100,1800,45
SIM_COVER_USE,13,19,0,1
SIM,13,1,1,5,20,1,0,9,0,2,32,38,500,2500,41
SIM_COVER_USE,13,20,0,1
SIM,13,1,1,5,21,0,0,12,0,3,30,38,1500,200,45
SIM_COVER_USE,13,21,0,0
SIM,13,1,1,5,22,1,3,10,1,3,30,38,100,800,34
SIM_COVER_USE,13,22,0,0
SIM,13,1,1,5,23,0,0,10,0,3,28,38,1100,500,45
SIM_COVER_USE,13,23,0,0
SIM,13,1,1,5,24,1,0,10,0,3,28,38,500,1100,41
SIM_COVER_USE,13,24,0,0
SIM,13,1,1,5,25,0,0,13,0,4,25,38,1500,300,45
SIM_COVER_USE,13,25,0,0
SIM,13,1,1,5,26,1,3,11,1,4,25,38,100,800,34
SIM_COVER_USE,13,26,0,0
SIM,13,1,1,5,27,0,0,11,0,4,22,38,1100,500,45
SIM_COVER_USE,13,27,0,0
SIM,13,1,1,5,28,1,0,11,0,4,22,38,1100,1000,45
SIM_COVER_USE,13,28,0,0
SIM,13,1,1,5,29,0,0,11,0,4,18,38,2100,400,45
SIM_COVER_USE,13,29,0,0
SIM,13,1,1,5,30,1,3,9,1,3,18,38,400,1100,32
SIM_COVER_USE,13,30,0,0
SIM,13,1,1,5,31,0,3,12,1,4,14,38,1300,300,45
SIM_COVER_USE,13,31,0,0
SIM,13,1,1,5,32,1,3,10,1,4,14,38,400,900,37
SIM_COVER_USE,13,32,0,0
SIM,13,1,1,5,33,0,3,10,1,4,13,38,1300,900,45
SIM_COVER_USE,13,33,0,0
SIM,13,1,1,5,34,1,6,7,2,3,13,38,200,1600,34
SIM_COVER_USE,13,34,0,0
SIM,13,1,1,5,35,0,6,10,2,4,9,38,1000,200,45
SIM_COVER_USE,13,35,0,0
SIM,13,1,1,5,36,1,6,7,2,3,9,38,400,900,37
SIM_COVER_USE,13,36,0,0
SIM,13,1,1,5,37,0,6,7,2,3,8,38,1200,900,45
SIM_COVER_USE,13,37,0,0
SIM,13,1,1,5,38,1,9,3,3,1,8,38,100,1800,26
SIM_COVER_USE,13,38,0,0
SIM,13,1,1,5,39,0,9,6,3,2,6,38,800,100,45
SIM_COVER_USE,13,39,0,0
SIM,13,1,1,5,40,1,9,1,3,1,6,38,500,1000,33
SIM_COVER_USE,13,40,0,0
SIM,13,1,1,5,41,0,9,1,3,1,5,38,1200,1000,45
SIM_COVER_USE,13,41,0,0
SIM,13,1,1,5,42,1,12,0,4,0,5,36,100,2000,6
SIM_COVER_USE,13,42,0,0
SIM,13,1,1,5,43,0,10,3,4,1,5,36,700,300,36
SIM_COVER_USE,13,43,0,0
SIM,13,1,1,5,44,1,10,1,4,1,5,33,400,1200,11
SIM_COVER_USE,13,44,1,0
SIM,13,1,1,5,45,0,9,1,3,1,5,33,1100,300,41
SIM_COVER_USE,13,45,1,0
SIM,13,1,1,5,46,1,12,0,4,0,5,30,300,1300,20
SIM_COVER_USE,13,46,1,0
SIM,13,1,1,5,47,0,10,3,4,1,5,30,900,200,45
SIM_COVER_USE,13,47,1,0
SIM,13,1,1,5,48,1,10,1,4,1,5,27,300,1100,33
SIM_COVER_USE,13,48,1,0
SIM,13,1,1,5,49,0,9,1,3,1,5,27,1000,500,45
SIM_COVER_USE,13,49,1,0
SIM,13,1,1,5,50,1,12,0,4,0,5,24,200,1500,24
SIM_COVER_USE,13,50,1,0
SIM,13,1,1,5,51,0,10,3,4,1,5,24,800,100,45
SIM_COVER_USE,13,51,1,0
SIM,13,1,1,5,52,1,10,1,4,1,5,21,500,1000,35
SIM_COVER_USE,13,52,1,0
SIM,13,1,1,5,53,0,9,1,3,1,5,21,1200,400,45
SIM_COVER_USE,13,53,1,0
SIM,13,1,1,5,54,1,12,0,4,0,5,18,100,1400,22
SIM_COVER_USE,13,54,1,0
SIM,13,1,1,5,55,0,12,14,4,0,5,18,700,800,45
SIM_COVER_USE,13,55,1,0
SIM,13,1,1,5,56,1,12,12,4,0,5,15,400,1800,32
SIM_COVER_USE,13,56,0,0
SIM,13,1,1,5,57,0,10,3,4,1,5,15,1000,100,45
SIM_COVER_USE,13,57,0,0
SIM,13,1,1,5,58,1,10,3,4,1,5,11,400,1000,32
SIM_COVER_USE,13,58,0,0
SIM,13,1,1,5,59,0,9,3,3,1,5,11,1100,400,45
SIM_COVER_USE,13,59,0,0
SIM,13,1,1,5,60,1,12,3,4,1,5,7,300,1300,24
SIM_COVER_USE,13,60,0,0
SIM,13,1,1,5,61,0,9,6,3,2,5,7,1000,200,45
SIM_COVER_USE,13,61,0,0
SIM,13,1,1,5,62,1,9,6,3,2,5,4,400,1000,35
SIM_COVER_USE,13,62,0,0
SIM,13,1,1,5,63,0,6,6,2,2,5,4,1200,400,45
SIM_COVER_USE,13,63,0,0
SIM,13,1,1,5,64,1,9,4,3,2,5,2,100,1200,28
SIM_COVER_USE,13,64,0,0
SIM,13,1,1,5,65,0,4,7,2,3,5,2,900,100,45
SIM_COVER_USE,13,65,0,0
SIM,13,1,1,5,66,1,4,6,2,2,5,1,300,900,35
SIM_COVER_USE,13,66,0,0
SIM,13,1,1,5,67,0,1,6,1,2,5,1,1200,300,45
SIM_COVER_USE,13,67,0,0
SIM_END,13,1,1,5,67,0,0
SIM,14,1,1,6,1,0,0,6,0,1,40,40,1000,0,30
SIM_COVER_USE,14,1,0,0
SIM,14,1,1,6,2,1,3,6,1,1,40,39,200,800,19
SIM_COVER_USE,14,2,0,0
SIM,14,1,1,6,3,0,0,9,0,2,39,39,1200,300,45
SIM_COVER_USE,14,3,0,1
SIM,14,1,1,6,4,1,0,9,0,2,39,39,300,1000,39
SIM_COVER_USE,14,4,0,1
SIM,14,1,1,6,5,0,0,9,0,2,38,39,1300,400,45
SIM_COVER_USE,14,5,0,1
SIM,14,1,1,6,6,1,3,7,1,2,38,39,200,1100,34
SIM_COVER_USE,14,6,0,1
SIM,14,1,1,6,7,0,3,7,1,2,38,39,1100,1100,45
SIM_COVER_USE,14,7,0,0
SIM,14,1,1,6,8,1,3,6,1,1,38,39,500,1900,39
SIM_COVER_USE,14,8,0,0
SIM,14,1,1,6,9,0,0,9,0,2,37,39,1500,200,45
SIM_COVER_USE,14,9,0,0
SIM,14,1,1,6,10,1,3,7,1,2,37,39,100,900,32
SIM_COVER_USE,14,10,0,0
SIM,14,1,1,6,11,0,0,7,0,2,36,39,1100,300,45
SIM_COVER_USE,14,11,0,0
SIM,14,1,1,6,12,1,0,7,0,2,36,39,500,1000,41
SIM_COVER_USE,14,12,0,0
SIM,14,1,1,6,13,0,0,10,0,3,35,39,1500,200,45
SIM_COVER_USE,14,13,0,0
SIM,14,1,1,6,14,1,3,9,1,2,35,39,100,900,32
SIM_COVER_USE,14,14,0,0
SIM,14,1,1,6,15,0,0,9,0,2,35,39,1100,300,45
SIM_COVER_USE,14,15,0,0
SIM,14,1,1,6,16,1,0,9,0,2,35,39,500,1000,41
SIM_COVER_USE,14,16,0,0
SIM,14,1,1,6,17,0,0,12,0,3,33,39,1500,200,45
SIM_COVER_USE,14,17,0,0
SIM,14,1,1,6,18,1,3,10,1,3,33,39,100,800,34
SIM_COVER_USE,14,18,0,0
SIM,14,1,1,6,19,0,0,10,0,3,31,39,1100,500,45
SIM_COVER_USE,14,19,0,1
SIM,14,1,1,6,20,1,0,10,0,3,31,39,500,1100,41
SIM_COVER_USE,14,20,0,1
SIM,14,1,1,6,21,0,0,13,0,4,28,39,1500,300,45
SIM_COVER_USE,14,21,0,0
SIM,14,1,1,6,22,1,3,12,1,3,28,39,100,900,34
SIM_COVER_USE,14,22,0,0
SIM,14,1,1,6,23,0,0,12,0,3,26,39,1100,300,45
SIM_COVER_USE,14,23,0,0
SIM,14,1,1,6,24,1,0,12,0,3,26,39,500,900,41
SIM_COVER_USE,14,24,0,0
SIM,14,1,1,6,25,0,0,15,0,4,23,39,1500,100,45
SIM_COVER_USE,14,25,0,0
SIM,14,1,1,6,26,1,3,13,1,4,23,39,100,600,34
SIM_COVER_USE,14,26,0,0
SIM,14,1,1,6,27,0,0,13,0,4,20,39,1100,300,45
SIM_COVER_USE,14,27,0,0
SIM,14,1,1,6,28,1,0,13,0,4,20,39,1100,800,45
SIM_COVER_USE,14,28,0,0
SIM,14,1,1,6,29,0,0,13,0,4,16,39,2100,500,45
SIM_COVER_USE,14,29,0,0
SIM,14,1,1,6,30,1,3,11,1,4,16,39,400,1000,32
SIM_COVER_USE,14,30,0,0
SIM,14,1,1,6,31,0,0,11,0,4,13,39,1400,400,45
SIM_COVER_USE,14,31,0,0
SIM,14,1,1,6,32,1,0,11,0,4,13,39,1400,900,45
SIM_COVER_USE,14,32,0,0
SIM,14,1,1,6,33,0,0,11,0,4,9,39,2400,300,45
SIM_COVER_USE,14,33,0,0
SIM,14,1,1,6,34,1,3,9,1,3,9,39,400,1000,30
SIM_COVER_USE,14,34,0,0
SIM,14,1,1,6,35,0,3,12,1,4,5,39,1300,200,45
SIM_COVER_USE,14,35,0,0
SIM,14,1,1,6,36,1,3,10,1,4,5,39,400,800,37
SIM_COVER_USE,14,36,0,0
SIM,14,1,1,6,37,0,3,10,1,4,1,39,1300,500,45
SIM_COVER_USE,14,37,0,0
SIM,14,1,1,6,38,1,6,7,2,3,1,39,200,1200,34
SIM_COVER_USE,14,38,0,0
SIM_END,14,1,1,6,38,1,0
SIM_DONE
SIM_CONFIG,degrade_favoured_pct=25,only_handicap=1,variants=7,plain=false
SIM_TERRAIN,cover_tiles=8,of=120,plain=false,max_rounds=40
SIM,1,0,1,0,1,0,6,0,1,0,40,40,1000,0,30
SIM_COVER_USE,1,1,0,0
SIM,1,0,1,0,2,1,9,0,2,0,40,39,200,1000,19
SIM_COVER_USE,1,2,0,0
SIM,1,0,1,0,3,0,7,3,2,1,40,39,900,200,45
SIM_COVER_USE,1,3,0,0
SIM,1,0,1,0,4,1,7,0,2,0,40,38,300,1200,31
SIM_COVER_USE,1,4,0,0
SIM,1,0,1,0,5,0,7,0,2,0,40,38,1000,300,45
SIM_COVER_USE,1,5,0,0
SIM,1,0,1,0,6,1,10,0,3,0,40,37,200,1300,34
SIM_COVER_USE,1,6,0,0
SIM,1,0,1,0,7,0,9,3,2,1,40,37,900,200,45
SIM_COVER_USE,1,7,0,0
SIM,1,0,1,0,8,1,9,0,2,0,40,37,300,1200,34
SIM_COVER_USE,1,8,0,0
SIM,1,0,1,0,9,0,9,0,2,0,40,37,1000,300,45
SIM_COVER_USE,1,9,0,0
SIM,1,0,1,0,10,1,12,0,3,0,40,35,200,1300,30
SIM_COVER_USE,1,10,0,0
SIM,1,0,1,0,11,0,10,3,3,1,40,35,800,200,45
SIM_COVER_USE,1,11,0,0
SIM,1,0,1,0,12,1,10,3,3,1,40,35,800,1100,41
SIM_COVER_USE,1,12,1,0
SIM,1,0,1,0,13,0,9,3,2,1,40,35,1500,500,45
SIM_COVER_USE,1,13,1,0
SIM,1,0,1,0,14,1,12,0,3,0,40,33,100,1500,21
SIM_COVER_USE,1,14,1,0
SIM,1,0,1,0,15,0,10,3,3,1,40,33,700,100,45
SIM_COVER_USE,1,15,1,0
SIM,1,0,1,0,16,1,10,0,3,0,40,31,400,1100,37
SIM_COVER_USE,1,16,1,0
SIM,1,0,1,0,17,0,10,0,3,0,40,31,1000,500,45
SIM_COVER_USE,1,17,1,0
SIM,1,0,1,0,18,1,13,0,4,0,40,28,200,1500,24
SIM_COVER_USE,1,18,0,0
SIM,1,0,1,0,19,0,12,3,3,1,40,28,800,100,45
SIM_COVER_USE,1,19,0,0
SIM,1,0,1,0,20,1,12,0,3,0,40,26,500,1100,35
SIM_COVER_USE,1,20,0,0
SIM,1,0,1,0,21,0,12,0,3,0,40,26,1100,500,45
SIM_COVER_USE,1,21,0,0
SIM,1,0,1,0,22,1,15,0,4,0,40,23,300,1500,31
SIM_COVER_USE,1,22,0,0
SIM,1,0,1,0,23,0,13,3,4,1,40,23,800,100,45
SIM_COVER_USE,1,23,0,0
SIM,1,0,1,0,24,1,13,0,4,0,40,23,800,1100,43
SIM_COVER_USE,1,24,0,0
SIM,1,0,1,0,25,0,13,0,4,0,40,23,1300,500,45
SIM_COVER_USE,1,25,0,0
SIM,1,0,1,0,26,1,13,0,4,0,40,22,1300,1500,43
SIM_COVER_USE,1,26,0,0
SIM,1,0,1,0,27,0,11,3,4,1,40,22,1800,100,45
SIM_COVER_USE,1,27,0,0
SIM,1,0,1,0,28,1,11,0,4,0,40,19,300,1100,21
SIM_COVER_USE,1,28,0,0
SIM,1,0,1,0,29,0,11,0,4,0,40,19,800,1100,45
SIM_COVER_USE,1,29,0,0
SIM,1,0,1,0,30,1,11,0,4,0,40,18,800,2100,43
SIM_COVER_USE,1,30,0,0
SIM,1,0,1,0,31,0,9,3,3,1,40,18,1500,400,45
SIM_COVER_USE,1,31,0,0
SIM,1,0,1,0,32,1,9,3,3,1,40,17,1500,1300,43
SIM_COVER_USE,1,32,0,0
SIM,1,0,1,0,33,0,7,3,3,1,40,17,2200,400,45
SIM_COVER_USE,1,33,0,0
SIM,1,0,1,0,34,1,7,3,3,1,40,16,2200,1300,43
SIM_COVER_USE,1,34,0,0
SIM,1,0,1,0,35,0,4,6,2,2,40,16,3000,200,45
SIM_COVER_USE,1,35,0,0
SIM,1,0,1,0,36,1,4,6,2,2,40,15,3000,1000,43
SIM_COVER_USE,1,36,0,0
SIM,1,0,1,0,37,0,1,6,1,2,40,15,3900,400,45
SIM_COVER_USE,1,37,0,0
SIM,1,0,1,0,38,1,4,6,2,2,40,13,100,1200,12
SIM_COVER_USE,1,38,0,0
SIM,1,0,1,0,39,0,0,9,0,3,40,13,1100,100,42
SIM_COVER_USE,1,39,0,0
SIM,1,0,1,0,40,1,14,9,0,3,40,13,500,800,40
SIM_COVER_USE,1,40,0,0
SIM,1,0,1,0,41,0,14,9,0,3,39,13,1500,500,45
SIM_COVER_USE,1,41,0,0
SIM,1,0,1,0,42,1,0,9,0,3,39,13,1800,1200,45
SIM_COVER_USE,1,42,0,0
SIM,1,0,1,0,43,0,0,12,0,4,36,13,2800,100,45
SIM_COVER_USE,1,43,0,0
SIM,1,0,1,0,44,1,3,10,1,4,36,13,200,700,26
SIM_COVER_USE,1,44,0,0
SIM,1,0,1,0,45,0,1,10,1,4,33,13,1100,400,45
SIM_COVER_USE,1,45,0,1
SIM,1,0,1,0,46,1,1,9,1,3,33,13,500,1100,39
SIM_COVER_USE,1,46,0,1
SIM,1,0,1,0,47,0,0,12,0,4,30,13,1500,300,45
SIM_COVER_USE,1,47,0,1
SIM,1,0,1,0,48,1,3,10,1,4,30,13,100,900,34
SIM_COVER_USE,1,48,0,1
SIM,1,0,1,0,49,0,1,10,1,4,27,13,1000,300,45
SIM_COVER_USE,1,49,0,1
SIM,1,0,1,0,50,1,1,9,1,3,27,13,400,1000,39
SIM_COVER_USE,1,50,0,1
SIM,1,0,1,0,51,0,0,12,0,4,24,13,1400,200,45
SIM_COVER_USE,1,51,0,1
SIM,1,0,1,0,52,1,3,10,1,4,24,13,300,800,36
SIM_COVER_USE,1,52,0,1
SIM,1,0,1,0,53,0,1,10,1,4,21,13,1200,500,45
SIM_COVER_USE,1,53,0,1
SIM,1,0,1,0,54,1,1,9,1,3,21,13,1200,1200,43
SIM_COVER_USE,1,54,0,1
SIM,1,0,1,0,55,0,0,12,0,4,18,13,2200,100,45
SIM_COVER_USE,1,55,0,1
SIM,1,0,1,0,56,1,3,10,1,4,18,13,200,700,30
SIM_COVER_USE,1,56,0,1
SIM,1,0,1,0,57,0,1,10,1,4,15,13,1100,400,45
SIM_COVER_USE,1,57,0,1
SIM,1,0,1,0,58,1,1,9,1,3,15,13,1100,1100,43
SIM_COVER_USE,1,58,0,1
SIM,1,0,1,0,59,0,0,12,0,4,12,13,2100,300,45
SIM_COVER_USE,1,59,0,1
SIM,1,0,1,0,60,1,3,10,1,4,12,13,100,900,30
SIM_COVER_USE,1,60,0,1
SIM,1,0,1,0,61,0,1,10,1,4,9,13,1000,300,45
SIM_COVER_USE,1,61,0,1
SIM,1,0,1,0,62,1,1,9,1,3,9,13,400,1000,39
SIM_COVER_USE,1,62,0,1
SIM,1,0,1,0,63,0,0,12,0,4,6,13,1400,200,45
SIM_COVER_USE,1,63,0,1
SIM,1,0,1,0,64,1,14,12,0,4,6,13,800,800,43
SIM_COVER_USE,1,64,0,1
SIM,1,0,1,0,65,0,12,12,0,4,3,13,1800,500,45
SIM_COVER_USE,1,65,0,0
SIM,1,0,1,0,66,1,0,12,0,4,3,13,2100,1100,45
SIM_COVER_USE,1,66,0,0
SIM_END,1,0,1,0,66,1,0
SIM,2,0,1,1,1,0,6,0,1,0,40,40,1000,0,30
SIM_COVER_USE,2,1,0,0
SIM,2,0,1,1,2,1,20,0,1,0,40,40,400,1000,28
SIM_COVER_USE,2,2,0,0
SIM,2,0,1,1,3,0,18,3,1,1,40,40,1200,200,45
SIM_COVER_USE,2,3,0,0
SIM,2,0,1,1,4,1,7,0,2,0,40,39,100,1200,28
SIM_COVER_USE,2,4,0,0
SIM,2,0,1,1,5,0,7,0,2,0,40,39,800,300,45
SIM_COVER_USE,2,5,0,0
SIM,2,0,1,1,6,1,7,0,2,0,40,38,500,1300,31
SIM_COVER_USE,2,6,0,0
SIM,2,0,1,1,7,0,5,3,2,1,40,38,1200,200,45
SIM_COVER_USE,2,7,0,0
SIM,2,0,1,1,8,1,5,3,2,1,40,38,1200,1100,43
SIM_COVER_USE,2,8,0,0
SIM,2,0,1,1,9,0,4,3,1,1,40,38,2000,500,45
SIM_COVER_USE,2,9,0,0
SIM,2,0,1,1,10,1,7,0,2,0,40,37,300,1500,26
SIM_COVER_USE,2,10,0,0
SIM,2,0,1,1,11,0,5,3,2,1,40,37,1000,100,45
SIM_COVER_USE,2,11,0,0
SIM,2,0,1,1,12,1,5,0,2,0,40,36,400,1100,37
SIM_COVER_USE,2,12,0,0
SIM,2,0,1,1,13,0,5,0,2,0,40,36,1100,500,45
SIM_COVER_USE,2,13,0,0
SIM,2,0,1,1,14,1,8,0,3,0,40,35,300,1500,36
SIM_COVER_USE,2,14,0,0
SIM,2,0,1,1,15,0,7,3,2,1,40,35,1000,100,45
SIM_COVER_USE,2,15,0,0
SIM,2,0,1,1,16,1,7,0,2,0,40,35,400,1100,34
SIM_COVER_USE,2,16,0,0
SIM,2,0,1,1,17,0,7,0,2,0,40,35,1100,500,45
SIM_COVER_USE,2,17,0,0
SIM,2,0,1,1,18,1,10,0,3,0,40,33,300,1500,30
SIM_COVER_USE,2,18,0,0
SIM,2,0,1,1,19,0,8,3,3,1,40,33,900,100,45
SIM_COVER_USE,2,19,0,0
SIM,2,0,1,1,20,1,8,0,3,0,40,31,300,1100,30
SIM_COVER_USE,2,20,1,0
SIM,2,0,1,1,21,0,8,0,3,0,40,31,900,500,45
SIM_COVER_USE,2,21,1,0
SIM,2,0,1,1,22,1,11,0,4,0,40,28,100,1500,24
SIM_COVER_USE,2,22,0,0
SIM,2,0,1,1,23,0,10,3,3,1,40,28,700,100,45
SIM_COVER_USE,2,23,0,0
SIM,2,0,1,1,24,1,10,0,3,0,40,26,400,1100,35
SIM_COVER_USE,2,24,0,0
SIM,2,0,1,1,25,0,10,0,3,0,40,26,1000,500,45
SIM_COVER_USE,2,25,0,0
SIM,2,0,1,1,26,1,13,0,4,0,40,23,200,1500,31
SIM_COVER_USE,2,26,0,0
SIM,2,0,1,1,27,0,11,3,4,1,40,23,700,100,45
SIM_COVER_USE,2,27,0,0
SIM,2,0,1,1,28,1,11,0,4,0,40,20,400,1100,29
SIM_COVER_USE,2,28,0,0
SIM,2,0,1,1,29,0,11,0,4,0,40,20,900,1100,45
SIM_COVER_USE,2,29,0,0
SIM,2,0,1,1,30,1,11,0,4,0,40,16,300,2100,33
SIM_COVER_USE,2,30,0,0
SIM,2,0,1,1,31,0,9,3,3,1,40,16,1000,400,45
SIM_COVER_USE,2,31,0,0
SIM,2,0,1,1,32,1,9,3,3,1,40,15,1000,1300,43
SIM_COVER_USE,2,32,0,0
SIM,2,0,1,1,33,0,7,3,3,1,40,15,1700,400,45
SIM_COVER_USE,2,33,0,0
SIM,2,0,1,1,34,1,10,1,4,1,40,12,300,1300,24
SIM_COVER_USE,2,34,0,0
SIM,2,0,1,1,35,0,7,4,3,2,40,12,1000,200,45
SIM_COVER_USE,2,35,0,0
SIM,2,0,1,1,36,1,7,3,3,1,40,12,1000,1100,43
SIM_COVER_USE,2,36,0,0
SIM,2,0,1,1,37,0,6,3,2,1,40,12,1800,500,45
SIM_COVER_USE,2,37,0,0
SIM,2,0,1,1,38,1,9,1,3,1,40,10,100,1400,24
SIM_COVER_USE,2,38,1,0
SIM,2,0,1,1,39,0,6,4,3,2,40,10,800,300,45
SIM_COVER_USE,2,39,1,0
SIM,2,0,1,1,40,1,6,3,3,1,40,8,500,1200,37
SIM_COVER_USE,2,40,1,0
SIM,2,0,1,1,41,0,5,3,2,1,40,8,1300,300,45
SIM_COVER_USE,2,41,1,0
SIM,2,0,1,1,42,1,8,1,3,1,40,6,200,1200,24
SIM_COVER_USE,2,42,0,0
SIM,2,0,1,1,43,0,4,4,2,2,40,6,1000,100,45
SIM_COVER_USE,2,43,0,0
SIM,2,0,1,1,44,1,4,3,2,1,40,5,400,1000,37
SIM_COVER_USE,2,44,0,0
SIM,2,0,1,1,45,0,3,3,1,1,40,5,1300,400,45
SIM_COVER_USE,2,45,0,0
SIM,2,0,1,1,46,1,6,3,2,1,40,4,200,1300,31
SIM_COVER_USE,2,46,0,0
SIM,2,0,1,1,47,0,3,6,1,2,40,4,1100,200,45
SIM_COVER_USE,2,47,0,0
SIM,2,0,1,1,48,1,3,6,1,2,40,3,500,1000,38
SIM_COVER_USE,2,48,0,0
SIM,2,0,1,1,49,0,0,6,0,2,40,3,1500,400,45
SIM_COVER_USE,2,49,0,0
SIM,2,0,1,1,50,1,3,4,1,2,40,3,100,1200,30
SIM_COVER_USE,2,50,0,0
SIM,2,0,1,1,51,0,0,7,0,3,39,3,1100,100,45
SIM_COVER_USE,2,51,0,0
SIM,2,0,1,1,52,1,14,7,0,3,39,3,500,800,43
SIM_COVER_USE,2,52,0,0
SIM,2,0,1,1,53,0,14,7,0,3,38,3,1500,500,45
SIM_COVER_USE,2,53,0,0
SIM,2,0,1,1,54,1,3,6,1,2,38,3,100,1300,30
SIM_COVER_USE,2,54,0,0
SIM,2,0,1,1,55,0,0,9,0,3,37,3,1100,200,45
SIM_COVER_USE,2,55,0,1
SIM,2,0,1,1,56,1,0,9,0,3,37,3,500,900,41
SIM_COVER_USE,2,56,0,1
SIM,2,0,1,1,57,0,0,9,0,3,34,3,1500,300,45
SIM_COVER_USE,2,57,0,0
SIM,2,0,1,1,58,1,14,9,0,3,34,3,900,1000,43
SIM_COVER_USE,2,58,0,0
SIM,2,0,1,1,59,0,14,12,0,4,31,3,1900,200,45
SIM_COVER_USE,2,59,0,0
SIM,2,0,1,1,60,1,3,10,1,4,31,3,200,800,30
SIM_COVER_USE,2,60,0,0
SIM,2,0,1,1,61,0,1,10,1,4,28,3,1100,500,45
SIM_COVER_USE,2,61,0,1
SIM,2,0,1,1,62,1,1,9,1,3,28,3,500,1200,39
SIM_COVER_USE,2,62,0,1
SIM,2,0,1,1,63,0,0,12,0,4,25,3,1500,100,45
SIM_COVER_USE,2,63,0,1
SIM,2,0,1,1,64,1,3,10,1,4,25,3,100,700,34
SIM_COVER_USE,2,64,0,1
SIM,2,0,1,1,65,0,1,10,1,4,22,3,1000,400,45
SIM_COVER_USE,2,65,0,1
SIM,2,0,1,1,66,1,1,9,1,3,22,3,400,1100,39
SIM_COVER_USE,2,66,0,1
SIM,2,0,1,1,67,0,0,12,0,4,19,3,1400,300,45
SIM_COVER_USE,2,67,0,1
SIM,2,0,1,1,68,1,3,10,1,4,19,3,300,900,36
SIM_COVER_USE,2,68,0,1
SIM,2,0,1,1,69,0,1,10,1,4,16,3,1200,300,45
SIM_COVER_USE,2,69,0,1
SIM,2,0,1,1,70,1,1,9,1,3,16,3,1200,1000,43
SIM_COVER_USE,2,70,0,1
SIM,2,0,1,1,71,0,0,12,0,4,13,3,2200,200,45
SIM_COVER_USE,2,71,0,1
SIM,2,0,1,1,72,1,14,12,0,4,13,3,1600,800,43
SIM_COVER_USE,2,72,0,1
SIM,2,0,1,1,73,0,12,12,0,4,10,3,2600,500,45
SIM_COVER_USE,2,73,0,0
SIM,2,0,1,1,74,1,3,10,1,4,10,3,300,1100,26
SIM_COVER_USE,2,74,0,0
SIM,2,0,1,1,75,0,3,10,1,4,6,3,1200,500,45
SIM_COVER_USE,2,75,0,0
SIM,2,0,1,1,76,1,3,9,1,3,6,3,300,1200,37
SIM_COVER_USE,2,76,0,0
SIM,2,0,1,1,77,0,3,12,1,4,2,3,1200,100,45
SIM_COVER_USE,2,77,0,0
SIM,2,0,1,1,78,1,6,9,2,3,2,3,100,800,34
SIM_COVER_USE,2,78,0,0
SIM_END,2,0,1,1,78,1,0
SIM,3,0,1,2,1,0,6,0,1,0,40,40,1000,0,30
SIM_COVER_USE,3,1,0,0
SIM,3,0,1,2,2,1,20,0,1,0,40,40,400,1000,28
SIM_COVER_USE,3,2,0,0
SIM,3,0,1,2,3,0,20,3,1,1,39,40,1200,200,45
SIM_COVER_USE,3,3,0,0
SIM,3,0,1,2,4,1,9,0,2,0,39,39,100,1200,28
SIM_COVER_USE,3,4,0,0
SIM,3,0,1,2,5,0,9,0,2,0,39,39,800,300,45
SIM_COVER_USE,3,5,0,0
SIM,3,0,1,2,6,1,9,0,2,0,39,38,500,1300,41
SIM_COVER_USE,3,6,0,0
SIM,3,0,1,2,7,0,7,3,2,1,39,38,1200,200,45
SIM_COVER_USE,3,7,0,0
SIM,3,0,1,2,8,1,10,0,3,0,39,36,100,1200,10
SIM_COVER_USE,3,8,0,0
SIM,3,0,1,2,9,0,10,0,3,0,39,36,700,300,40
SIM_COVER_USE,3,9,0,0
SIM,3,0,1,2,10,1,10,0,3,0,39,35,700,1300,38
SIM_COVER_USE,3,10,0,0
SIM,3,0,1,2,11,0,9,3,2,1,39,35,1400,200,45
SIM_COVER_USE,3,11,0,0
SIM,3,0,1,2,12,1,9,0,2,0,39,35,1400,1200,43
SIM_COVER_USE,3,12,0,0
SIM,3,0,1,2,13,0,9,0,2,0,39,35,2100,300,45
SIM_COVER_USE,3,13,0,0
SIM,3,0,1,2,14,1,12,0,3,0,39,32,100,1300,12
SIM_COVER_USE,3,14,0,0
SIM,3,0,1,2,15,0,10,3,3,1,39,32,700,200,42
SIM_COVER_USE,3,15,0,0
SIM,3,0,1,2,16,1,10,0,3,0,39,30,400,1200,30
SIM_COVER_USE,3,16,1,0
SIM,3,0,1,2,17,0,10,0,3,0,39,30,1000,300,45
SIM_COVER_USE,3,17,1,0
SIM,3,0,1,2,18,1,13,0,4,0,39,27,200,1300,27
SIM_COVER_USE,3,18,0,0
SIM,3,0,1,2,19,0,12,3,3,1,39,27,800,200,45
SIM_COVER_USE,3,19,0,0
SIM,3,0,1,2,20,1,12,0,3,0,39,25,500,1200,32
SIM_COVER_USE,3,20,0,0
SIM,3,0,1,2,21,0,12,0,3,0,39,25,1100,300,45
SIM_COVER_USE,3,21,0,0
SIM,3,0,1,2,22,1,15,0,4,0,39,22,300,1300,31
SIM_COVER_USE,3,22,0,0
SIM,3,0,1,2,23,0,13,3,4,1,39,22,800,200,45
SIM_COVER_USE,3,23,0,0
SIM,3,0,1,2,24,1,13,0,4,0,39,19,500,1200,29
SIM_COVER_USE,3,24,0,0
SIM,3,0,1,2,25,0,13,0,4,0,39,19,1000,1200,45
SIM_COVER_USE,3,25,0,0
SIM,3,0,1,2,26,1,13,0,4,0,39,15,400,2200,33
SIM_COVER_USE,3,26,0,0
SIM,3,0,1,2,27,0,11,3,4,1,39,15,900,500,45
SIM_COVER_USE,3,27,0,0
SIM,3,0,1,2,28,1,11,0,4,0,39,12,300,1500,33
SIM_COVER_USE,3,28,0,0
SIM,3,0,1,2,29,0,11,0,4,0,39,12,800,1500,45
SIM_COVER_USE,3,29,0,0
SIM,3,0,1,2,30,1,11,0,4,0,39,8,500,2500,35
SIM_COVER_USE,3,30,0,0
SIM,3,0,1,2,31,0,9,3,3,1,39,8,1200,500,45
SIM_COVER_USE,3,31,0,0
SIM,3,0,1,2,32,1,12,3,4,1,39,4,100,1400,22
SIM_COVER_USE,3,32,0,0
SIM,3,0,1,2,33,0,10,3,4,1,39,4,700,500,45
SIM_COVER_USE,3,33,0,0
SIM_END,3,0,1,2,33,0,0
SIM,4,0,1,3,1,0,6,0,1,0,40,40,1000,0,30
SIM_COVER_USE,4,1,1,0
SIM,4,0,1,3,2,1,9,0,2,0,40,39,200,1000,19
SIM_COVER_USE,4,2,1,0
SIM,4,0,1,3,3,0,7,3,2,1,40,39,900,200,45
SIM_COVER_USE,4,3,1,0
SIM,4,0,1,3,4,1,7,3,2,1,40,39,900,1100,35
SIM_COVER_USE,4,4,0,0
SIM,4,0,1,3,5,0,6,3,1,1,40,39,1700,500,45
SIM_COVER_USE,4,5,0,0
SIM,4,0,1,3,6,1,9,0,2,0,40,38,300,1500,28
SIM_COVER_USE,4,6,0,0
SIM,4,0,1,3,7,0,7,3,2,1,40,38,1000,100,45
SIM_COVER_USE,4,7,0,0
SIM,4,0,1,3,8,1,7,0,2,0,40,37,400,1100,37
SIM_COVER_USE,4,8,0,0
SIM,4,0,1,3,9,0,7,0,2,0,40,37,1100,500,45
SIM_COVER_USE,4,9,0,0
SIM,4,0,1,3,10,1,10,0,3,0,40,36,300,1500,34
SIM_COVER_USE,4,10,0,0
SIM,4,0,1,3,11,0,9,3,2,1,40,36,1000,100,45
SIM_COVER_USE,4,11,0,0
SIM,4,0,1,3,12,1,9,0,2,0,40,36,400,1100,34
SIM_COVER_USE,4,12,0,0
SIM,4,0,1,3,13,0,9,0,2,0,40,36,1100,500,45
SIM_COVER_USE,4,13,0,0
SIM,4,0,1,3,14,1,9,0,2,0,40,35,1100,1500,43
SIM_COVER_USE,4,14,0,0
SIM,4,0,1,3,15,0,7,3,2,1,40,35,1800,100,45
SIM_COVER_USE,4,15,0,0
SIM,4,0,1,3,16,1,7,0,2,0,40,35,1800,1100,43
SIM_COVER_USE,4,16,0,0
SIM,4,0,1,3,17,0,7,0,2,0,40,35,2500,500,45
SIM_COVER_USE,4,17,0,0
SIM,4,0,1,3,18,1,10,0,3,0,40,33,200,1500,20
SIM_COVER_USE,4,18,0,0
SIM,4,0,1,3,19,0,8,3,3,1,40,33,800,100,45
SIM_COVER_USE,4,19,0,0
SIM,4,0,1,3,20,1,8,3,3,1,40,33,800,1000,41
SIM_COVER_USE,4,20,1,0
SIM,4,0,1,3,21,0,7,3,2,1,40,33,1500,400,45
SIM_COVER_USE,4,21,1,0
SIM,4,0,1,3,22,1,10,0,3,0,40,31,100,1400,21
SIM_COVER_USE,4,22,1,0
SIM,4,0,1,3,23,0,8,3,3,1,40,31,700,300,45
SIM_COVER_USE,4,23,1,0
SIM,4,0,1,3,24,1,8,0,3,0,40,31,700,1300,43
SIM_COVER_USE,4,24,1,0
SIM,4,0,1,3,25,0,8,0,3,0,40,31,1300,400,45
SIM_COVER_USE,4,25,1,0
SIM,4,0,1,3,26,1,8,0,3,0,40,30,1300,1400,43
SIM_COVER_USE,4,26,1,0
SIM,4,0,1,3,27,0,7,3,2,1,40,30,2000,300,45
SIM_COVER_USE,4,27,1,0
SIM,4,0,1,3,28,1,10,0,3,0,40,29,300,1300,27
SIM_COVER_USE,4,28,1,0
SIM,4,0,1,3,29,0,10,0,3,0,40,29,900,400,45
SIM_COVER_USE,4,29,1,0
SIM,4,0,1,3,30,1,10,0,3,0,40,28,900,1400,43
SIM_COVER_USE,4,30,1,0
SIM,4,0,1,3,31,0,9,3,3,1,40,28,1500,300,45
SIM_COVER_USE,4,31,1,0
SIM,4,0,1,3,32,1,12,0,4,0,40,25,100,1300,17
SIM_COVER_USE,4,32,1,0
SIM,4,0,1,3,33,0,12,0,4,0,40,25,600,400,45
SIM_COVER_USE,4,33,1,0
SIM,4,0,1,3,34,1,12,0,4,0,40,22,300,1400,35
SIM_COVER_USE,4,34,0,0
SIM,4,0,1,3,35,0,10,3,4,1,40,22,800,300,45
SIM_COVER_USE,4,35,0,0
SIM,4,0,1,3,36,1,10,0,4,0,40,19,500,1300,33
SIM_COVER_USE,4,36,1,0
SIM,4,0,1,3,37,0,10,0,4,0,40,19,1000,400,45
SIM_COVER_USE,4,37,1,0
SIM,4,0,1,3,38,1,10,0,4,0,40,16,400,1400,33
SIM_COVER_USE,4,38,0,0
SIM,4,0,1,3,39,0,9,3,3,1,40,16,1000,300,45
SIM_COVER_USE,4,39,0,0
SIM,4,0,1,3,40,1,12,0,4,0,40,14,200,1300,29
SIM_COVER_USE,4,40,0,0
SIM,4,0,1,3,41,0,12,0,4,0,40,14,700,400,45
SIM_COVER_USE,4,41,0,0
SIM,4,0,1,3,42,1,12,0,4,0,40,10,400,1400,29
SIM_COVER_USE,4,42,0,0
SIM,4,0,1,3,43,0,10,3,4,1,40,10,900,300,45
SIM_COVER_USE,4,43,0,0
SIM,4,0,1,3,44,1,10,0,4,0,40,7,300,1300,33
SIM_COVER_USE,4,44,0,0
SIM,4,0,1,3,45,0,10,0,4,0,40,7,800,1300,45
SIM_COVER_USE,4,45,0,0
SIM,4,0,1,3,46,1,10,0,4,0,40,6,800,2300,43
SIM_COVER_USE,4,46,0,0
SIM,4,0,1,3,47,0,9,3,3,1,40,6,1500,300,45
SIM_COVER_USE,4,47,0,0
SIM,4,0,1,3,48,1,12,3,4,1,40,2,100,1200,20
SIM_COVER_USE,4,48,0,0
SIM,4,0,1,3,49,0,10,3,4,1,40,2,700,300,45
SIM_COVER_USE,4,49,0,0
SIM_END,4,0,1,3,49,0,0
SIM,5,0,1,4,1,0,6,0,1,0,40,40,1000,0,30
SIM_COVER_USE,5,1,1,0
SIM,5,0,1,4,2,1,9,0,2,0,40,39,200,1000,19
SIM_COVER_USE,5,2,1,0
SIM,5,0,1,4,3,0,7,3,2,1,40,39,900,200,45
SIM_COVER_USE,5,3,1,0
SIM,5,0,1,4,4,1,7,0,2,0,40,38,300,1200,19
SIM_COVER_USE,5,4,0,0
SIM,5,0,1,4,5,0,7,0,2,0,40,38,1000,300,45
SIM_COVER_USE,5,5,0,0
SIM,5,0,1,4,6,1,10,0,3,0,40,37,200,1300,34
SIM_COVER_USE,5,6,0,0
SIM,5,0,1,4,7,0,9,3,2,1,40,37,900,200,45
SIM_COVER_USE,5,7,0,0
SIM,5,0,1,4,8,1,9,0,2,0,40,37,300,1200,34
SIM_COVER_USE,5,8,0,0
SIM,5,0,1,4,9,0,9,0,2,0,40,37,1000,300,45
SIM_COVER_USE,5,9,0,0
SIM,5,0,1,4,10,1,12,0,3,0,40,35,200,1300,30
SIM_COVER_USE,5,10,0,0
SIM,5,0,1,4,11,0,10,3,3,1,40,35,800,200,45
SIM_COVER_USE,5,11,0,0
SIM,5,0,1,4,12,1,10,3,3,1,40,35,800,1100,41
SIM_COVER_USE,5,12,1,0
SIM,5,0,1,4,13,0,9,3,2,1,40,35,1500,500,45
SIM_COVER_USE,5,13,1,0
SIM,5,0,1,4,14,1,12,0,3,0,40,33,100,1500,21
SIM_COVER_USE,5,14,1,0
SIM,5,0,1,4,15,0,10,3,3,1,40,33,700,100,45
SIM_COVER_USE,5,15,1,0
SIM,5,0,1,4,16,1,10,0,3,0,40,33,700,1100,43
SIM_COVER_USE,5,16,1,0
SIM,5,0,1,4,17,0,10,0,3,0,40,33,1300,500,45
SIM_COVER_USE,5,17,1,0
SIM,5,0,1,4,18,1,13,0,4,0,40,30,200,1500,22
SIM_COVER_USE,5,18,0,0
SIM,5,0,1,4,19,0,12,3,3,1,40,30,800,100,45
SIM_COVER_USE,5,19,0,0
SIM,5,0,1,4,20,1,12,3,3,1,40,30,800,1000,43
SIM_COVER_USE,5,20,0,0
SIM,5,0,1,4,21,0,10,3,3,1,40,30,1400,400,45
SIM_COVER_USE,5,21,0,0
SIM,5,0,1,4,22,1,13,0,4,0,40,28,300,1400,29
SIM_COVER_USE,5,22,0,0
SIM,5,0,1,4,23,0,11,3,4,1,40,28,800,300,45
SIM_COVER_USE,5,23,0,0
SIM,5,0,1,4,24,1,11,0,4,0,40,28,800,1300,43
SIM_COVER_USE,5,24,0,0
SIM,5,0,1,4,25,0,11,0,4,0,40,28,1300,400,45
SIM_COVER_USE,5,25,0,0
SIM,5,0,1,4,26,1,11,0,4,0,40,27,1300,1400,43
SIM_COVER_USE,5,26,0,0
SIM,5,0,1,4,27,0,9,3,3,1,40,27,2000,300,45
SIM_COVER_USE,5,27,0,0
SIM,5,0,1,4,28,1,12,1,4,1,40,24,300,1200,15
SIM_COVER_USE,5,28,1,0
SIM,5,0,1,4,29,0,10,1,4,1,40,24,900,300,45
SIM_COVER_USE,5,29,1,0
SIM,5,0,1,4,30,1,10,0,4,0,40,21,300,1300,29
SIM_COVER_USE,5,30,0,0
SIM,5,0,1,4,31,0,9,3,3,1,40,21,1000,500,45
SIM_COVER_USE,5,31,0,0
SIM,5,0,1,4,32,1,9,3,3,1,40,20,1000,1400,43
SIM_COVER_USE,5,32,0,0
SIM,5,0,1,4,33,0,7,3,3,1,40,20,1700,500,45
SIM_COVER_USE,5,33,0,0
SIM,5,0,1,4,34,1,10,1,4,1,40,17,300,1400,24
SIM_COVER_USE,5,34,0,0
SIM,5,0,1,4,35,0,7,4,3,2,40,17,1000,300,45
SIM_COVER_USE,5,35,0,0
SIM,5,0,1,4,36,1,7,3,3,1,40,17,1000,1200,43
SIM_COVER_USE,5,36,0,0
SIM,5,0,1,4,37,0,6,3,2,1,40,17,1800,300,45
SIM_COVER_USE,5,37,0,0
SIM,5,0,1,4,38,1,9,1,3,1,40,15,100,1200,24
SIM_COVER_USE,5,38,1,0
SIM,5,0,1,4,39,0,6,4,3,2,40,15,800,100,45
SIM_COVER_USE,5,39,1,0
SIM,5,0,1,4,40,1,6,3,3,1,40,15,800,1000,43
SIM_COVER_USE,5,40,1,0
SIM,5,0,1,4,41,0,5,3,2,1,40,15,1600,400,45
SIM_COVER_USE,5,41,1,0
SIM,5,0,1,4,42,1,5,3,2,1,40,14,1600,1300,43
SIM_COVER_USE,5,42,1,0
SIM,5,0,1,4,43,0,2,6,1,2,40,14,2500,200,45
SIM_COVER_USE,5,43,1,0
SIM,5,0,1,4,44,1,16,6,1,2,40,14,1900,1000,43
SIM_COVER_USE,5,44,1,0
SIM,5,0,1,4,45,0,16,6,1,2,40,14,2800,400,45
SIM_COVER_USE,5,45,1,1
SIM,5,0,1,4,46,1,5,6,2,2,40,13,200,1200,16
SIM_COVER_USE,5,46,1,1
SIM,5,0,1,4,47,0,3,9,1,3,39,13,1100,100,45
SIM_COVER_USE,5,47,1,0
SIM,5,0,1,4,48,1,17,9,1,3,39,13,500,800,43
SIM_COVER_USE,5,48,1,0
SIM,5,0,1,4,49,0,17,9,1,3,37,13,1400,500,45
SIM_COVER_USE,5,49,1,1
SIM,5,0,1,4,50,1,6,7,2,3,37,12,300,1200,28
SIM_COVER_USE,5,50,0,1
SIM,5,0,1,4,51,0,3,10,1,4,35,12,1200,100,45
SIM_COVER_USE,5,51,0,0
SIM,5,0,1,4,52,1,3,9,1,3,35,12,300,800,37
SIM_COVER_USE,5,52,0,0
SIM,5,0,1,4,53,0,3,9,1,3,34,12,1200,500,45
SIM_COVER_USE,5,53,0,0
SIM,5,0,1,4,54,1,3,9,1,3,34,12,1200,1200,44
SIM_COVER_USE,5,54,1,0
SIM,5,0,1,4,55,0,3,12,1,4,31,12,2100,100,45
SIM_COVER_USE,5,55,1,0
SIM,5,0,1,4,56,1,6,9,2,3,31,12,100,800,15
SIM_COVER_USE,5,56,0,0
SIM,5,0,1,4,57,0,6,9,2,3,28,12,900,500,45
SIM_COVER_USE,5,57,0,0
SIM,5,0,1,4,58,1,6,6,2,2,28,12,300,1300,37
SIM_COVER_USE,5,58,0,0
SIM,5,0,1,4,59,0,4,9,2,3,26,12,1100,200,45
SIM_COVER_USE,5,59,0,0
SIM,5,0,1,4,60,1,18,9,2,3,26,12,500,900,43
SIM_COVER_USE,5,60,0,0
SIM,5,0,1,4,61,0,17,9,1,3,24,12,1400,300,45
SIM_COVER_USE,5,61,0,0
SIM,5,0,1,4,62,1,6,6,2,2,24,12,300,1100,30
SIM_COVER_USE,5,62,0,0
SIM,5,0,1,4,63,0,4,9,2,3,22,12,1100,300,45
SIM_COVER_USE,5,63,0,0
SIM,5,0,1,4,64,1,4,6,2,2,22,12,500,1100,33
SIM_COVER_USE,5,64,0,0
SIM,5,0,1,4,65,0,3,6,1,2,21,12,1400,500,45
SIM_COVER_USE,5,65,0,0
SIM,5,0,1,4,66,1,17,6,1,2,21,12,800,1300,43
SIM_COVER_USE,5,66,0,0
SIM,5,0,1,4,67,0,15,9,1,3,19,12,1700,200,45
SIM_COVER_USE,5,67,0,0
SIM,5,0,1,4,68,1,4,6,2,2,19,12,300,1000,28
SIM_COVER_USE,5,68,0,0
SIM,5,0,1,4,69,0,3,6,1,2,18,12,1200,400,45
SIM_COVER_USE,5,69,0,0
SIM,5,0,1,4,70,1,3,4,1,2,18,12,300,1200,37
SIM_COVER_USE,5,70,0,0
SIM,5,0,1,4,71,0,1,7,1,3,16,12,1200,100,45
SIM_COVER_USE,5,71,0,0
SIM,5,0,1,4,72,1,4,4,2,2,16,12,100,900,32
SIM_COVER_USE,5,72,0,0
SIM,5,0,1,4,73,0,3,4,1,2,15,12,1000,300,45
SIM_COVER_USE,5,73,0,0
SIM,5,0,1,4,74,1,3,3,1,1,15,12,400,1200,39
SIM_COVER_USE,5,74,0,0
SIM,5,0,1,4,75,0,1,6,1,2,14,12,1300,100,45
SIM_COVER_USE,5,75,0,1
SIM,5,0,1,4,76,1,15,6,1,2,14,12,700,900,43
SIM_COVER_USE,5,76,0,1
SIM,5,0,1,4,77,0,14,6,0,2,13,12,1700,300,45
SIM_COVER_USE,5,77,0,1
SIM,5,0,1,4,78,1,0,6,0,2,13,12,2000,1100,45
SIM_COVER_USE,5,78,0,1
SIM,5,0,1,4,79,0,0,9,0,3,11,12,3000,300,45
SIM_COVER_USE,5,79,0,0
SIM,5,0,1,4,80,1,14,9,0,3,11,12,2400,1000,43
SIM_COVER_USE,5,80,0,0
SIM_END,5,0,1,4,80,1,0
SIM,6,0,1,5,1,0,6,0,1,0,40,40,1000,0,30
SIM_COVER_USE,6,1,0,0
SIM,6,0,1,5,2,1,20,0,1,0,40,40,400,1000,28
SIM_COVER_USE,6,2,0,0
SIM,6,0,1,5,3,0,20,3,1,1,39,40,1200,200,45
SIM_COVER_USE,6,3,0,0
SIM,6,0,1,5,4,1,9,0,2,0,39,39,100,1200,26
SIM_COVER_USE,6,4,1,0
SIM,6,0,1,5,5,0,9,0,2,0,39,39,800,300,45
SIM_COVER_USE,6,5,1,0
SIM,6,0,1,5,6,1,9,0,2,0,39,38,800,1300,43
SIM_COVER_USE,6,6,1,0
SIM,6,0,1,5,7,0,7,3,2,1,39,38,1500,200,45
SIM_COVER_USE,6,7,1,0
SIM,6,0,1,5,8,1,10,0,3,0,39,36,100,1200,12
SIM_COVER_USE,6,8,0,0
SIM,6,0,1,5,9,0,10,0,3,0,39,36,700,300,42
SIM_COVER_USE,6,9,0,0
SIM,6,0,1,5,10,1,10,0,3,0,39,35,700,1300,40
SIM_COVER_USE,6,10,0,0
SIM,6,0,1,5,11,0,9,3,2,1,39,35,1400,200,45
SIM_COVER_USE,6,11,0,0
SIM,6,0,1,5,12,1,12,0,3,0,39,33,300,1200,28
SIM_COVER_USE,6,12,0,0
SIM,6,0,1,5,13,0,12,0,3,0,39,33,900,300,45
SIM_COVER_USE,6,13,0,0
SIM,6,0,1,5,14,1,12,0,3,0,39,31,300,1300,33
SIM_COVER_USE,6,14,0,0
SIM,6,0,1,5,15,0,10,3,3,1,39,31,900,200,45
SIM_COVER_USE,6,15,0,0
SIM,6,0,1,5,16,1,13,0,4,0,39,28,100,1200,20
SIM_COVER_USE,6,16,0,0
SIM,6,0,1,5,17,0,13,0,4,0,39,28,600,300,45
SIM_COVER_USE,6,17,0,0
SIM,6,0,1,5,18,1,13,0,4,0,39,25,300,1300,33
SIM_COVER_USE,6,18,0,0
SIM,6,0,1,5,19,0,12,3,3,1,39,25,900,200,45
SIM_COVER_USE,6,19,0,0
SIM,6,0,1,5,20,1,12,3,3,1,39,25,900,1100,41
SIM_COVER_USE,6,20,0,0
SIM,6,0,1,5,21,0,10,3,3,1,39,25,1500,500,45
SIM_COVER_USE,6,21,0,1
SIM,6,0,1,5,22,1,10,3,3,1,39,24,1500,1400,43
SIM_COVER_USE,6,22,0,1
SIM,6,0,1,5,23,0,6,6,2,2,39,24,2300,300,45
SIM_COVER_USE,6,23,0,1
SIM,6,0,1,5,24,1,6,6,2,2,39,23,2300,1100,43
SIM_COVER_USE,6,24,0,1
SIM,6,0,1,5,25,0,3,6,1,2,39,23,3200,500,45
SIM_COVER_USE,6,25,0,0
SIM,6,0,1,5,26,1,6,4,2,2,39,22,300,1300,18
SIM_COVER_USE,6,26,0,0
SIM,6,0,1,5,27,0,1,7,1,3,39,22,1200,200,45
SIM_COVER_USE,6,27,0,0
SIM,6,0,1,5,28,1,1,7,1,3,39,22,1200,900,41
SIM_COVER_USE,6,28,0,0
SIM,6,0,1,5,29,0,0,7,0,3,38,22,2200,300,45
SIM_COVER_USE,6,29,0,0
SIM,6,0,1,5,30,1,3,6,1,2,38,22,200,1100,22
SIM_COVER_USE,6,30,0,0
SIM,6,0,1,5,31,0,0,9,0,3,37,22,1200,300,45
SIM_COVER_USE,6,31,0,0
SIM,6,0,1,5,32,1,0,9,0,3,37,22,300,1000,39
SIM_COVER_USE,6,32,0,0
SIM,6,0,1,5,33,0,0,9,0,3,35,22,1300,400,45
SIM_COVER_USE,6,33,0,0
SIM,6,0,1,5,34,1,3,7,1,3,35,22,200,1100,36
SIM_COVER_USE,6,34,0,0
SIM,6,0,1,5,35,0,1,10,1,4,32,22,1100,300,45
SIM_COVER_USE,6,35,0,1
SIM,6,0,1,5,36,1,1,9,1,3,32,22,500,1000,39
SIM_COVER_USE,6,36,0,1
SIM,6,0,1,5,37,0,0,9,0,3,30,22,1500,400,45
SIM_COVER_USE,6,37,0,1
SIM,6,0,1,5,38,1,3,8,1,3,30,22,100,1100,34
SIM_COVER_USE,6,38,0,1
SIM,6,0,1,5,39,0,0,11,0,4,28,22,1100,300,45
SIM_COVER_USE,6,39,0,1
SIM,6,0,1,5,40,1,0,11,0,4,28,22,500,900,41
SIM_COVER_USE,6,40,0,1
SIM,6,0,1,5,41,0,0,11,0,4,24,22,1500,300,45
SIM_COVER_USE,6,41,0,0
SIM,6,0,1,5,42,1,3,11,1,4,24,22,1300,900,44
SIM_COVER_USE,6,42,0,0
SIM,6,0,1,5,43,0,3,11,1,4,20,22,2200,300,45
SIM_COVER_USE,6,43,0,0
SIM,6,0,1,5,44,1,3,9,1,3,20,22,400,1000,29
SIM_COVER_USE,6,44,0,0
SIM,6,0,1,5,45,0,3,12,1,4,17,22,1300,200,45
SIM_COVER_USE,6,45,0,0
SIM,6,0,1,5,46,1,6,9,2,3,17,22,200,900,34
SIM_COVER_USE,6,46,0,0
SIM,6,0,1,5,47,0,6,9,2,3,14,22,1000,300,45
SIM_COVER_USE,6,47,0,0
SIM,6,0,1,5,48,1,6,6,2,2,14,22,400,1100,37
SIM_COVER_USE,6,48,0,0
SIM,6,0,1,5,49,0,6,9,2,3,12,22,1200,300,45
SIM_COVER_USE,6,49,0,0
SIM,6,0,1,5,50,1,6,9,2,3,12,22,1200,1000,44
SIM_COVER_USE,6,50,1,0
SIM,6,0,1,5,51,0,6,9,2,3,9,22,2000,400,45
SIM_COVER_USE,6,51,1,0
SIM,6,0,1,5,52,1,20,9,2,3,9,22,1400,1100,43
SIM_COVER_USE,6,52,1,0
SIM,6,0,1,5,53,0,20,12,2,4,6,22,2200,300,45
SIM_COVER_USE,6,53,1,0
SIM,6,0,1,5,54,1,9,7,3,3,6,22,200,1000,20
SIM_COVER_USE,6,54,0,0
SIM,6,0,1,5,55,0,7,7,3,3,4,22,900,400,45
SIM_COVER_USE,6,55,0,0
SIM,6,0,1,5,56,1,7,3,3,1,4,22,300,1300,31
SIM_COVER_USE,6,56,0,0
SIM,6,0,1,5,57,0,4,6,2,2,4,22,1100,200,45
SIM_COVER_USE,6,57,0,0
SIM,6,0,1,5,58,1,18,6,2,2,4,22,500,1000,43
SIM_COVER_USE,6,58,0,0
SIM,6,0,1,5,59,0,15,6,1,2,4,22,1400,400,45
SIM_COVER_USE,6,59,0,0
SIM,6,0,1,5,60,1,4,3,2,1,4,22,300,1300,30
SIM_COVER_USE,6,60,0,0
SIM,6,0,1,5,61,0,1,6,1,2,4,22,1200,200,45
SIM_COVER_USE,6,61,0,1
SIM,6,0,1,5,62,1,15,6,1,2,4,22,600,1000,43
SIM_COVER_USE,6,62,0,1
SIM,6,0,1,5,63,0,14,6,0,2,3,22,1600,400,45
SIM_COVER_USE,6,63,0,1
SIM,6,0,1,5,64,1,3,4,1,2,3,22,200,1200,30
SIM_COVER_USE,6,64,0,1
SIM,6,0,1,5,65,0,0,7,0,3,2,22,1200,100,45
SIM_COVER_USE,6,65,0,1
SIM,6,0,1,5,66,1,0,7,0,3,2,22,300,800,39
SIM_COVER_USE,6,66,0,1
SIM_END,6,0,1,5,66,1,0
SIM,7,0,1,6,1,0,6,0,1,0,40,40,1000,0,30
SIM_COVER_USE,7,1,0,0
SIM,7,0,1,6,2,1,9,0,2,0,40,39,200,1000,1
SIM_COVER_USE,7,2,1,0
SIM,7,0,1,6,3,0,7,3,2,1,40,39,900,200,31
SIM_COVER_USE,7,3,1,0
SIM,7,0,1,6,4,1,7,3,2,1,40,39,900,1100,21
SIM_COVER_USE,7,4,0,0
SIM,7,0,1,6,5,0,6,3,1,1,40,39,1700,500,45
SIM_COVER_USE,7,5,0,0
SIM,7,0,1,6,6,1,9,0,2,0,40,38,300,1500,28
SIM_COVER_USE,7,6,0,0
SIM,7,0,1,6,7,0,7,3,2,1,40,38,1000,100,45
SIM_COVER_USE,7,7,0,0
SIM,7,0,1,6,8,1,7,0,2,0,40,37,400,1100,37
SIM_COVER_USE,7,8,0,0
SIM,7,0,1,6,9,0,7,0,2,0,40,37,1100,500,45
SIM_COVER_USE,7,9,0,0
SIM,7,0,1,6,10,1,10,0,3,0,40,36,300,1500,36
SIM_COVER_USE,7,10,0,0
SIM,7,0,1,6,11,0,9,3,2,1,40,36,1000,100,45
SIM_COVER_USE,7,11,0,0
SIM,7,0,1,6,12,1,9,0,2,0,40,36,400,1100,34
SIM_COVER_USE,7,12,0,0
SIM,7,0,1,6,13,0,9,0,2,0,40,36,1100,500,45
SIM_COVER_USE,7,13,0,0
SIM,7,0,1,6,14,1,12,0,3,0,40,34,300,1500,30
SIM_COVER_USE,7,14,0,0
SIM,7,0,1,6,15,0,10,3,3,1,40,34,900,100,45
SIM_COVER_USE,7,15,0,0
SIM,7,0,1,6,16,1,10,0,3,0,40,32,300,1100,30
SIM_COVER_USE,7,16,1,0
SIM,7,0,1,6,17,0,10,0,3,0,40,32,900,500,45
SIM_COVER_USE,7,17,1,0
SIM,7,0,1,6,18,1,13,0,4,0,40,29,100,1500,24
SIM_COVER_USE,7,18,0,0
SIM,7,0,1,6,19,0,12,3,3,1,40,29,700,100,45
SIM_COVER_USE,7,19,0,0
SIM,7,0,1,6,20,1,12,0,3,0,40,27,400,1100,35
SIM_COVER_USE,7,20,0,0
SIM,7,0,1,6,21,0,12,0,3,0,40,27,1000,500,45
SIM_COVER_USE,7,21,0,0
SIM,7,0,1,6,22,1,15,0,4,0,40,24,200,1500,31
SIM_COVER_USE,7,22,0,0
SIM,7,0,1,6,23,0,13,3,4,1,40,24,700,100,45
SIM_COVER_USE,7,23,0,0
SIM,7,0,1,6,24,1,13,0,4,0,40,21,400,1100,29
SIM_COVER_USE,7,24,0,0
SIM,7,0,1,6,25,0,13,0,4,0,40,21,900,1100,45
SIM_COVER_USE,7,25,0,0
SIM,7,0,1,6,26,1,13,0,4,0,40,20,900,2100,43
SIM_COVER_USE,7,26,0,0
SIM,7,0,1,6,27,0,11,3,4,1,40,20,1400,400,45
SIM_COVER_USE,7,27,0,0
SIM,7,0,1,6,28,1,11,0,4,0,40,17,500,1400,31
SIM_COVER_USE,7,28,0,0
SIM,7,0,1,6,29,0,11,0,4,0,40,17,1000,1400,45
SIM_COVER_USE,7,29,0,0
SIM,7,0,1,6,30,1,11,0,4,0,40,13,400,2400,33
SIM_COVER_USE,7,30,0,0
SIM,7,0,1,6,31,0,9,3,3,1,40,13,1100,400,45
SIM_COVER_USE,7,31,0,0
SIM,7,0,1,6,32,1,12,3,4,1,40,9,300,1300,24
SIM_COVER_USE,7,32,0,0
SIM,7,0,1,6,33,0,10,3,4,1,40,9,900,400,45
SIM_COVER_USE,7,33,0,0
SIM,7,0,1,6,34,1,10,3,4,1,40,5,300,1300,33
SIM_COVER_USE,7,34,0,0
SIM,7,0,1,6,35,0,7,6,3,2,40,5,1000,200,45
SIM_COVER_USE,7,35,0,0
SIM,7,0,1,6,36,1,10,4,4,2,40,2,200,1000,28
SIM_COVER_USE,7,36,0,0
SIM,7,0,1,6,37,0,7,4,3,2,40,2,900,400,45
SIM_COVER_USE,7,37,0,0
SIM_END,7,0,1,6,37,0,0
SIM,8,1,1,0,1,0,0,6,0,1,40,40,1000,0,30
SIM_COVER_USE,8,1,0,0
SIM,8,1,1,0,2,1,3,4,1,1,40,40,200,800,19
SIM_COVER_USE,8,2,0,0
SIM,8,1,1,0,3,0,0,7,0,2,39,40,1200,300,45
SIM_COVER_USE,8,3,0,0
SIM,8,1,1,0,4,1,0,7,0,2,39,40,300,1000,39
SIM_COVER_USE,8,4,0,0
SIM,8,1,1,0,5,0,0,7,0,2,38,40,1300,400,45
SIM_COVER_USE,8,5,0,0
SIM,8,1,1,0,6,1,3,5,1,2,38,40,200,1100,34
SIM_COVER_USE,8,6,0,0
SIM,8,1,1,0,7,0,0,8,0,3,37,40,1200,300,45
SIM_COVER_USE,8,7,0,0
SIM,8,1,1,0,8,1,0,8,0,3,37,40,300,900,39
SIM_COVER_USE,8,8,0,0
SIM,8,1,1,0,9,0,0,8,0,3,34,40,1300,300,45
SIM_COVER_USE,8,9,0,0
SIM,8,1,1,0,10,1,3,7,1,2,34,40,200,1000,34
SIM_COVER_USE,8,10,0,0
SIM,8,1,1,0,11,0,0,10,0,3,32,40,1200,200,45
SIM_COVER_USE,8,11,0,0
SIM,8,1,1,0,12,1,0,10,0,3,32,40,300,800,39
SIM_COVER_USE,8,12,0,0
SIM,8,1,1,0,13,0,0,10,0,3,29,40,1300,500,45
SIM_COVER_USE,8,13,0,0
SIM,8,1,1,0,14,1,3,8,1,3,29,40,200,1100,36
SIM_COVER_USE,8,14,0,0
SIM,8,1,1,0,15,0,0,8,0,3,29,40,1200,1100,45
SIM_COVER_USE,8,15,0,0
SIM,8,1,1,0,16,1,0,8,0,3,29,40,300,1700,39
SIM_COVER_USE,8,16,0,0
SIM,8,1,1,0,17,0,0,11,0,4,26,40,1300,300,45
SIM_COVER_USE,8,17,0,0
SIM,8,1,1,0,18,1,3,9,1,3,26,40,200,1000,36
SIM_COVER_USE,8,18,0,0
SIM,8,1,1,0,19,0,3,9,1,3,23,40,1100,400,45
SIM_COVER_USE,8,19,0,0
SIM,8,1,1,0,20,1,3,7,1,3,23,40,500,1100,39
SIM_COVER_USE,8,20,0,0
SIM,8,1,1,0,21,0,1,10,1,4,20,40,1400,300,45
SIM_COVER_USE,8,21,0,1
SIM,8,1,1,0,22,1,4,7,2,3,20,40,300,1000,32
SIM_COVER_USE,8,22,0,1
SIM,8,1,1,0,23,0,3,7,1,3,18,40,1200,400,45
SIM_COVER_USE,8,23,0,1
SIM,8,1,1,0,24,1,3,6,1,2,18,40,300,1200,37
SIM_COVER_USE,8,24,0,1
SIM,8,1,1,0,25,0,3,9,1,3,15,40,1200,100,45
SIM_COVER_USE,8,25,0,0
SIM,8,1,1,0,26,1,6,6,2,2,15,40,100,900,26
SIM_COVER_USE,8,26,0,0
SIM,8,1,1,0,27,0,6,6,2,2,14,40,900,900,45
SIM_COVER_USE,8,27,0,0
SIM,8,1,1,0,28,1,6,3,2,1,14,40,300,1800,33
SIM_COVER_USE,8,28,0,0
SIM,8,1,1,0,29,0,4,6,2,2,13,40,1100,100,45
SIM_COVER_USE,8,29,0,0
SIM,8,1,1,0,30,1,7,1,3,1,13,40,300,1000,32
SIM_COVER_USE,8,30,0,0
SIM,8,1,1,0,31,0,6,1,2,1,13,40,1100,400,45
SIM_COVER_USE,8,31,0,0
SIM,8,1,1,0,32,1,6,0,2,0,13,39,500,1400,23
SIM_COVER_USE,8,32,0,0
SIM,8,1,1,0,33,0,4,3,2,1,13,39,1300,300,45
SIM_COVER_USE,8,33,0,0
SIM,8,1,1,0,34,1,7,0,3,0,13,38,200,1300,20
SIM_COVER_USE,8,34,1,0
SIM,8,1,1,0,35,0,7,0,3,0,13,38,900,400,45
SIM_COVER_USE,8,35,1,0
SIM,8,1,1,0,36,1,7,0,3,0,13,35,300,1400,29
SIM_COVER_USE,8,36,0,0
SIM,8,1,1,0,37,0,6,3,2,1,13,35,1100,300,45
SIM_COVER_USE,8,37,0,0
SIM,8,1,1,0,38,1,9,1,3,1,13,33,300,1200,30
SIM_COVER_USE,8,38,0,0
SIM,8,1,1,0,39,0,9,15,3,1,13,33,1000,600,45
SIM_COVER_USE,8,39,0,0
SIM,8,1,1,0,40,1,9,14,3,0,13,31,400,1600,33
SIM_COVER_USE,8,40,0,0
SIM,8,1,1,0,41,0,7,3,3,1,13,31,1100,200,45
SIM_COVER_USE,8,41,0,0
SIM,8,1,1,0,42,1,10,1,4,1,13,28,300,1100,24
SIM_COVER_USE,8,42,1,0
SIM,8,1,1,0,43,0,9,1,3,1,13,28,1000,500,45
SIM_COVER_USE,8,43,1,0
SIM,8,1,1,0,44,1,9,0,3,0,13,26,400,1500,35
SIM_COVER_USE,8,44,1,0
SIM,8,1,1,0,45,0,9,14,3,0,13,26,1100,900,45
SIM_COVER_USE,8,45,1,0
SIM,8,1,1,0,46,1,12,12,4,0,13,24,300,1900,30
SIM_COVER_USE,8,46,0,0
SIM,8,1,1,0,47,0,10,3,4,1,13,24,900,200,45
SIM_COVER_USE,8,47,0,0
SIM,8,1,1,0,48,1,10,0,4,0,13,22,300,1200,29
SIM_COVER_USE,8,48,0,0
SIM,8,1,1,0,49,0,10,14,4,0,13,22,900,600,45
SIM_COVER_USE,8,49,0,0
SIM,8,1,1,0,50,1,10,10,4,0,13,20,300,1600,33
SIM_COVER_USE,8,50,0,0
SIM,8,1,1,0,51,0,10,0,4,0,13,20,900,1900,45
SIM_COVER_USE,8,51,0,0
SIM,8,1,1,0,52,1,10,0,4,0,13,16,300,2900,29
SIM_COVER_USE,8,52,0,0
SIM,8,1,1,0,53,0,9,3,3,1,13,16,1000,300,45
SIM_COVER_USE,8,53,0,0
SIM,8,1,1,0,54,1,12,3,4,1,13,12,200,1200,24
SIM_COVER_USE,8,54,0,0
SIM,8,1,1,0,55,0,10,3,4,1,13,12,800,300,45
SIM_COVER_USE,8,55,0,0
SIM,8,1,1,0,56,1,10,3,4,1,13,8,500,1200,35
SIM_COVER_USE,8,56,0,0
SIM,8,1,1,0,57,0,7,6,3,2,13,8,1200,100,45
SIM_COVER_USE,8,57,0,0
SIM,8,1,1,0,58,1,10,4,4,2,13,5,100,900,26
SIM_COVER_USE,8,58,0,0
SIM,8,1,1,0,59,0,9,4,3,2,13,5,800,900,45
SIM_COVER_USE,8,59,0,0
SIM,8,1,1,0,60,1,9,3,3,1,13,3,500,1800,37
SIM_COVER_USE,8,60,0,0
SIM,8,1,1,0,61,0,9,3,3,1,13,3,1200,1800,45
SIM_COVER_USE,8,61,0,1
SIM_END,8,1,1,0,61,0,0
SIM,9,1,1,1,1,0,0,6,0,1,40,40,1000,0,30
SIM_COVER_USE,9,1,0,0
SIM,9,1,1,1,2,1,3,4,1,1,40,40,200,800,19
SIM_COVER_USE,9,2,0,0
SIM,9,1,1,1,3,0,0,7,0,2,39,40,1200,300,45
SIM_COVER_USE,9,3,0,0
SIM,9,1,1,1,4,1,0,7,0,2,39,40,300,1000,39
SIM_COVER_USE,9,4,0,0
SIM,9,1,1,1,5,0,0,7,0,2,38,40,1300,400,45
SIM_COVER_USE,9,5,0,0
SIM,9,1,1,1,6,1,3,5,1,2,38,40,200,1100,34
SIM_COVER_USE,9,6,0,0
SIM,9,1,1,1,7,0,3,5,1,2,38,40,1100,1100,45
SIM_COVER_USE,9,7,0,0
SIM,9,1,1,1,8,1,3,4,1,1,38,40,500,1900,39
SIM_COVER_USE,9,8,0,0
SIM,9,1,1,1,9,0,0,7,0,2,37,40,1500,200,45
SIM_COVER_USE,9,9,0,0
SIM,9,1,1,1,10,1,3,5,1,2,37,40,100,900,32
SIM_COVER_USE,9,10,0,0
SIM,9,1,1,1,11,0,0,5,0,2,36,40,1100,300,45
SIM_COVER_USE,9,11,0,0
SIM,9,1,1,1,12,1,0,5,0,2,36,40,500,1000,41
SIM_COVER_USE,9,12,0,0
SIM,9,1,1,1,13,0,0,5,0,2,35,40,1500,1000,45
SIM_COVER_USE,9,13,0,0
SIM,9,1,1,1,14,1,3,3,1,1,35,40,100,1900,32
SIM_COVER_USE,9,14,0,0
SIM,9,1,1,1,15,0,1,6,1,2,34,40,1000,200,45
SIM_COVER_USE,9,15,0,0
SIM,9,1,1,1,16,1,1,4,1,2,34,40,400,1000,39
SIM_COVER_USE,9,16,0,0
SIM,9,1,1,1,17,0,0,4,0,2,34,40,1400,1000,45
SIM_COVER_USE,9,17,0,0
SIM,9,1,1,1,18,1,3,3,1,1,34,40,300,1900,34
SIM_COVER_USE,9,18,0,0
SIM,9,1,1,1,19,0,3,3,1,1,33,40,1200,1900,45
SIM_COVER_USE,9,19,0,0
SIM,9,1,1,1,20,1,3,1,1,1,33,40,300,2800,37
SIM_COVER_USE,9,20,0,0
SIM,9,1,1,1,21,0,1,4,1,2,32,40,1200,200,45
SIM_COVER_USE,9,21,0,0
SIM,9,1,1,1,22,1,4,1,2,1,32,40,100,1100,32
SIM_COVER_USE,9,22,0,0
SIM,9,1,1,1,23,0,3,1,1,1,32,40,1000,500,45
SIM_COVER_USE,9,23,0,0
SIM,9,1,1,1,24,1,3,0,1,0,32,40,400,1500,39
SIM_COVER_USE,9,24,0,0
SIM,9,1,1,1,25,0,1,3,1,1,32,40,1300,100,45
SIM_COVER_USE,9,25,0,1
SIM,9,1,1,1,26,1,4,2,2,1,32,40,200,1000,35
SIM_COVER_USE,9,26,1,1
SIM,9,1,1,1,27,0,3,2,1,1,32,40,1100,400,45
SIM_COVER_USE,9,27,1,1
SIM,9,1,1,1,28,1,3,2,1,1,32,40,500,1300,41
SIM_COVER_USE,9,28,1,1
SIM,9,1,1,1,29,0,3,16,1,1,32,40,1400,700,45
SIM_COVER_USE,9,29,1,1
SIM,9,1,1,1,30,1,6,14,2,1,32,40,300,1600,33
SIM_COVER_USE,9,30,1,1
SIM,9,1,1,1,31,0,3,5,1,2,32,40,1200,200,45
SIM_COVER_USE,9,31,1,0
SIM,9,1,1,1,32,1,3,3,1,1,32,40,300,1100,37
SIM_COVER_USE,9,32,1,0
SIM,9,1,1,1,33,0,3,3,1,1,32,40,1200,500,45
SIM_COVER_USE,9,33,1,1
SIM,9,1,1,1,34,1,6,2,2,1,32,39,100,1400,21
SIM_COVER_USE,9,34,0,1
SIM,9,1,1,1,35,0,3,5,1,2,32,39,1000,300,45
SIM_COVER_USE,9,35,0,1
SIM,9,1,1,1,36,1,3,5,1,2,32,38,400,1100,39
SIM_COVER_USE,9,36,0,1
SIM,9,1,1,1,37,0,1,5,1,2,31,38,1300,500,45
SIM_COVER_USE,9,37,0,0
SIM,9,1,1,1,38,1,4,1,2,1,31,38,200,1400,32
SIM_COVER_USE,9,38,0,0
SIM,9,1,1,1,39,0,1,4,1,2,31,38,1100,300,45
SIM_COVER_USE,9,39,0,0
SIM,9,1,1,1,40,1,1,3,1,1,31,38,500,1200,35
SIM_COVER_USE,9,40,0,0
SIM,9,1,1,1,41,0,0,3,0,1,31,38,1500,300,45
SIM_COVER_USE,9,41,0,0
SIM,9,1,1,1,42,1,3,1,1,1,31,38,100,1200,30
SIM_COVER_USE,9,42,0,0
SIM,9,1,1,1,43,0,0,4,0,2,31,38,1100,100,45
SIM_COVER_USE,9,43,0,0
SIM,9,1,1,1,44,1,0,4,0,2,31,38,500,900,41
SIM_COVER_USE,9,44,0,0
SIM,9,1,1,1,45,0,0,4,0,2,30,38,1500,300,45
SIM_COVER_USE,9,45,0,0
SIM,9,1,1,1,46,1,3,3,1,1,30,38,100,1200,32
SIM_COVER_USE,9,46,0,0
SIM,9,1,1,1,47,0,3,17,1,1,30,38,1000,600,45
SIM_COVER_USE,9,47,0,0
SIM,9,1,1,1,48,1,3,15,1,1,30,38,400,1500,38
SIM_COVER_USE,9,48,0,0
SIM,9,1,1,1,49,0,3,1,1,1,30,38,1300,1800,45
SIM_COVER_USE,9,49,0,0
SIM,9,1,1,1,50,1,6,0,2,0,30,37,200,2800,30
SIM_COVER_USE,9,50,0,0
SIM,9,1,1,1,51,0,4,3,2,1,30,37,1000,200,45
SIM_COVER_USE,9,51,0,0
SIM,9,1,1,1,52,1,4,1,2,1,30,36,400,1100,31
SIM_COVER_USE,9,52,0,0
SIM,9,1,1,1,53,0,3,1,1,1,30,36,1300,1100,45
SIM_COVER_USE,9,53,0,0
SIM,9,1,1,1,54,1,6,0,2,0,30,35,200,2100,30
SIM_COVER_USE,9,54,0,0
SIM,9,1,1,1,55,0,4,3,2,1,30,35,1000,100,45
SIM_COVER_USE,9,55,0,0
SIM,9,1,1,1,56,1,4,1,2,1,30,34,400,1000,37
SIM_COVER_USE,9,56,0,0
SIM,9,1,1,1,57,0,3,1,1,1,30,34,1300,1000,45
SIM_COVER_USE,9,57,0,0
SIM,9,1,1,1,58,1,6,0,2,0,30,33,200,2000,30
SIM_COVER_USE,9,58,0,0
SIM,9,1,1,1,59,0,4,3,2,1,30,33,1000,300,45
SIM_COVER_USE,9,59,0,0
SIM,9,1,1,1,60,1,4,1,2,1,30,32,400,1200,37
SIM_COVER_USE,9,60,0,0
SIM,9,1,1,1,61,0,3,1,1,1,30,32,1300,300,45
SIM_COVER_USE,9,61,0,0
SIM,9,1,1,1,62,1,6,0,2,0,30,31,200,1300,30
SIM_COVER_USE,9,62,0,0
SIM,9,1,1,1,63,0,4,3,2,1,30,31,1000,200,45
SIM_COVER_USE,9,63,0,0
SIM,9,1,1,1,64,1,4,1,2,1,30,30,400,1100,37
SIM_COVER_USE,9,64,0,0
SIM,9,1,1,1,65,0,3,1,1,1,30,30,1300,500,45
SIM_COVER_USE,9,65,0,0
SIM,9,1,1,1,66,1,6,0,2,0,30,29,200,1500,30
SIM_COVER_USE,9,66,0,0
SIM,9,1,1,1,67,0,4,3,2,1,30,29,1000,100,45
SIM_COVER_USE,9,67,0,0
SIM,9,1,1,1,68,1,4,1,2,1,30,28,400,1000,37
SIM_COVER_USE,9,68,0,0
SIM,9,1,1,1,69,0,3,1,1,1,30,28,1300,400,45
SIM_COVER_USE,9,69,0,0
SIM,9,1,1,1,70,1,6,0,2,0,30,27,200,1400,30
SIM_COVER_USE,9,70,0,0
SIM,9,1,1,1,71,0,4,3,2,1,30,27,1000,300,45
SIM_COVER_USE,9,71,0,0
SIM,9,1,1,1,72,1,4,1,2,1,30,26,400,1200,37
SIM_COVER_USE,9,72,0,0
SIM,9,1,1,1,73,0,3,1,1,1,30,26,1300,1200,45
SIM_COVER_USE,9,73,0,0
SIM,9,1,1,1,74,1,6,0,2,0,30,25,200,2200,30
SIM_COVER_USE,9,74,0,0
SIM,9,1,1,1,75,0,4,3,2,1,30,25,1000,200,45
SIM_COVER_USE,9,75,0,0
SIM,9,1,1,1,76,1,4,1,2,1,30,24,400,1100,37
SIM_COVER_USE,9,76,0,0
SIM,9,1,1,1,77,0,3,1,1,1,30,24,1300,500,45
SIM_COVER_USE,9,77,0,0
SIM,9,1,1,1,78,1,6,0,2,0,30,23,200,1500,30
SIM_COVER_USE,9,78,0,0
SIM,9,1,1,1,79,0,6,14,2,0,30,23,1000,900,45
SIM_COVER_USE,9,79,0,0
SIM,9,1,1,1,80,1,6,12,2,0,30,22,400,1900,36
SIM_COVER_USE,9,80,0,0
SIM_END,9,1,1,1,80,0,0
SIM,10,1,1,2,1,0,0,6,0,1,40,40,1000,0,30
SIM_COVER_USE,10,1,0,0
SIM,10,1,1,2,2,1,3,6,1,1,40,39,200,800,19
SIM_COVER_USE,10,2,0,0
SIM,10,1,1,2,3,0,0,9,0,2,39,39,1200,300,45
SIM_COVER_USE,10,3,0,0
SIM,10,1,1,2,4,1,0,9,0,2,39,39,300,1000,39
SIM_COVER_USE,10,4,0,0
SIM,10,1,1,2,5,0,0,9,0,2,38,39,1300,1000,45
SIM_COVER_USE,10,5,0,0
SIM,10,1,1,2,6,1,3,7,1,2,38,39,200,1700,34
SIM_COVER_USE,10,6,0,0
SIM,10,1,1,2,7,0,3,7,1,2,38,39,1100,1700,45
SIM_COVER_USE,10,7,0,0
SIM,10,1,1,2,8,1,3,6,1,1,38,39,500,2500,39
SIM_COVER_USE,10,8,0,0
SIM,10,1,1,2,9,0,0,9,0,2,37,39,1500,200,45
SIM_COVER_USE,10,9,0,0
SIM,10,1,1,2,10,1,3,7,1,2,37,39,100,900,32
SIM_COVER_USE,10,10,0,0
SIM,10,1,1,2,11,0,0,7,0,2,36,39,1100,300,45
SIM_COVER_USE,10,11,0,0
SIM,10,1,1,2,12,1,0,7,0,2,36,39,500,1000,41
SIM_COVER_USE,10,12,0,0
SIM,10,1,1,2,13,0,0,10,0,3,35,39,1500,200,45
SIM_COVER_USE,10,13,0,0
SIM,10,1,1,2,14,1,3,9,1,2,35,39,100,900,32
SIM_COVER_USE,10,14,0,0
SIM,10,1,1,2,15,0,0,9,0,2,35,39,1100,300,45
SIM_COVER_USE,10,15,0,0
SIM,10,1,1,2,16,1,0,9,0,2,35,39,500,1000,41
SIM_COVER_USE,10,16,0,0
SIM,10,1,1,2,17,0,0,9,0,2,34,39,1500,1000,45
SIM_COVER_USE,10,17,0,0
SIM,10,1,1,2,18,1,3,7,1,2,34,39,100,1700,32
SIM_COVER_USE,10,18,0,0
SIM,10,1,1,2,19,0,0,7,0,2,34,39,1100,1700,45
SIM_COVER_USE,10,19,0,0
SIM,10,1,1,2,20,1,0,7,0,2,34,39,500,2400,41
SIM_COVER_USE,10,20,0,0
SIM,10,1,1,2,21,0,0,10,0,3,31,39,1500,100,45
SIM_COVER_USE,10,21,0,0
SIM,10,1,1,2,22,1,3,8,1,3,31,39,100,700,34
SIM_COVER_USE,10,22,0,0
SIM,10,1,1,2,23,0,0,8,0,3,29,39,1100,400,45
SIM_COVER_USE,10,23,0,1
SIM,10,1,1,2,24,1,0,8,0,3,29,39,500,1000,41
SIM_COVER_USE,10,24,0,1
SIM,10,1,1,2,25,0,0,11,0,4,26,39,1500,200,45
SIM_COVER_USE,10,25,0,0
SIM,10,1,1,2,26,1,3,10,1,3,26,39,100,800,34
SIM_COVER_USE,10,26,0,0
SIM,10,1,1,2,27,0,0,10,0,3,24,39,1100,500,45
SIM_COVER_USE,10,27,0,0
SIM,10,1,1,2,28,1,0,10,0,3,24,39,500,1100,41
SIM_COVER_USE,10,28,0,0
SIM,10,1,1,2,29,0,0,10,0,3,23,39,1500,1100,45
SIM_COVER_USE,10,29,0,0
SIM,10,1,1,2,30,1,3,8,1,3,23,39,100,1700,34
SIM_COVER_USE,10,30,0,0
SIM,10,1,1,2,31,0,0,11,0,4,21,39,1100,300,45
SIM_COVER_USE,10,31,0,0
SIM,10,1,1,2,32,1,0,11,0,4,21,39,500,800,41
SIM_COVER_USE,10,32,0,0
SIM,10,1,1,2,33,0,0,11,0,4,17,39,1500,500,45
SIM_COVER_USE,10,33,0,0
SIM,10,1,1,2,34,1,3,9,1,3,17,39,400,1200,36
SIM_COVER_USE,10,34,0,0
SIM,10,1,1,2,35,0,3,12,1,4,13,39,1300,100,45
SIM_COVER_USE,10,35,0,0
SIM,10,1,1,2,36,1,3,10,1,4,13,39,400,700,37
SIM_COVER_USE,10,36,0,0
SIM,10,1,1,2,37,0,3,10,1,4,9,39,1300,400,45
SIM_COVER_USE,10,37,0,0
SIM,10,1,1,2,38,1,6,7,2,3,9,39,200,1100,34
SIM_COVER_USE,10,38,0,0
SIM,10,1,1,2,39,0,6,10,2,4,5,39,1000,300,45
SIM_COVER_USE,10,39,0,0
SIM,10,1,1,2,40,1,6,7,2,3,5,39,400,1000,37
SIM_COVER_USE,10,40,0,0
SIM,10,1,1,2,41,0,6,7,2,3,2,39,1200,400,45
SIM_COVER_USE,10,41,0,0
SIM,10,1,1,2,42,1,9,3,3,1,2,39,100,1300,26
SIM_COVER_USE,10,42,0,0
SIM_END,10,1,1,2,42,1,0
SIM,11,1,1,3,1,0,0,6,0,1,40,40,1000,0,30
SIM_COVER_USE,11,1,0,1
SIM,11,1,1,3,2,1,3,6,1,1,40,40,200,800,21
SIM_COVER_USE,11,2,1,1
SIM,11,1,1,3,3,0,0,9,0,2,40,40,1200,300,45
SIM_COVER_USE,11,3,0,1
SIM,11,1,1,3,4,1,0,9,0,2,40,40,300,1000,39
SIM_COVER_USE,11,4,0,1
SIM,11,1,1,3,5,0,0,9,0,2,40,40,1300,400,45
SIM_COVER_USE,11,5,0,1
SIM,11,1,1,3,6,1,3,7,1,2,40,40,200,1100,32
SIM_COVER_USE,11,6,1,1
SIM,11,1,1,3,7,0,3,21,1,2,40,40,1100,500,45
SIM_COVER_USE,11,7,1,1
SIM,11,1,1,3,8,1,3,20,1,1,40,40,500,1300,39
SIM_COVER_USE,11,8,1,1
SIM,11,1,1,3,9,0,3,6,1,1,40,40,1400,1600,45
SIM_COVER_USE,11,9,1,1
SIM,11,1,1,3,10,1,6,6,2,1,40,39,300,2400,28
SIM_COVER_USE,11,10,1,1
SIM,11,1,1,3,11,0,3,9,1,2,39,39,1200,100,45
SIM_COVER_USE,11,11,1,1
SIM,11,1,1,3,12,1,3,9,1,2,39,38,300,800,33
SIM_COVER_USE,11,12,0,1
SIM,11,1,1,3,13,0,0,9,0,2,38,38,1300,500,45
SIM_COVER_USE,11,13,0,1
SIM,11,1,1,3,14,1,3,7,1,2,38,38,200,1200,34
SIM_COVER_USE,11,14,0,1
SIM,11,1,1,3,15,0,0,10,0,3,36,38,1200,100,45
SIM_COVER_USE,11,15,0,0
SIM,11,1,1,3,16,1,0,10,0,3,36,38,300,700,39
SIM_COVER_USE,11,16,0,0
SIM,11,1,1,3,17,0,0,10,0,3,34,38,1300,400,45
SIM_COVER_USE,11,17,0,0
SIM,11,1,1,3,18,1,3,9,1,2,34,38,200,1100,34
SIM_COVER_USE,11,18,0,0
SIM,11,1,1,3,19,0,3,9,1,2,34,38,1100,1100,45
SIM_COVER_USE,11,19,0,0
SIM,11,1,1,3,20,1,3,7,1,2,34,38,500,1800,39
SIM_COVER_USE,11,20,0,0
SIM,11,1,1,3,21,0,0,7,0,2,34,38,1500,1800,45
SIM_COVER_USE,11,21,0,0
SIM,11,1,1,3,22,1,3,5,1,2,34,38,100,2500,34
SIM_COVER_USE,11,22,0,0
SIM,11,1,1,3,23,0,0,8,0,3,32,38,1100,200,45
SIM_COVER_USE,11,23,0,1
SIM,11,1,1,3,24,1,0,8,0,3,32,38,500,800,41
SIM_COVER_USE,11,24,0,1
SIM,11,1,1,3,25,0,0,8,0,3,31,38,1500,800,45
SIM_COVER_USE,11,25,0,1
SIM,11,1,1,3,26,1,3,7,1,2,31,38,100,1500,34
SIM_COVER_USE,11,26,0,1
SIM,11,1,1,3,27,0,0,7,0,2,31,38,1100,1500,45
SIM_COVER_USE,11,27,0,1
SIM,11,1,1,3,28,1,0,7,0,2,31,38,500,2200,41
SIM_COVER_USE,11,28,0,1
SIM,11,1,1,3,29,0,0,10,0,3,29,38,1500,200,45
SIM_COVER_USE,11,29,0,0
SIM,11,1,1,3,30,1,3,8,1,3,29,38,100,800,34
SIM_COVER_USE,11,30,0,0
SIM,11,1,1,3,31,0,0,8,0,3,27,38,1100,500,45
SIM_COVER_USE,11,31,0,0
SIM,11,1,1,3,32,1,0,8,0,3,27,38,500,1100,41
SIM_COVER_USE,11,32,0,0
SIM,11,1,1,3,33,0,0,11,0,4,24,38,1500,300,45
SIM_COVER_USE,11,33,0,0
SIM,11,1,1,3,34,1,3,9,1,3,24,38,100,1000,34
SIM_COVER_USE,11,34,0,0
SIM,11,1,1,3,35,0,3,9,1,3,21,38,1000,400,45
SIM_COVER_USE,11,35,0,0
SIM,11,1,1,3,36,1,3,7,1,3,21,38,400,1100,39
SIM_COVER_USE,11,36,0,0
SIM,11,1,1,3,37,0,1,10,1,4,18,38,1300,300,45
SIM_COVER_USE,11,37,0,1
SIM,11,1,1,3,38,1,4,7,2,3,18,38,200,1000,32
SIM_COVER_USE,11,38,0,1
SIM,11,1,1,3,39,0,3,7,1,3,18,38,1100,1000,45
SIM_COVER_USE,11,39,0,1
SIM,11,1,1,3,40,1,3,6,1,2,18,38,500,1800,39
SIM_COVER_USE,11,40,0,1
SIM,11,1,1,3,41,0,3,9,1,3,15,38,1400,100,45
SIM_COVER_USE,11,41,0,0
SIM,11,1,1,3,42,1,6,6,2,2,15,38,300,900,26
SIM_COVER_USE,11,42,0,0
SIM,11,1,1,3,43,0,6,6,2,2,13,38,1100,300,45
SIM_COVER_USE,11,43,0,0
SIM,11,1,1,3,44,1,6,3,2,1,13,38,500,1200,33
SIM_COVER_USE,11,44,0,0
SIM,11,1,1,3,45,0,4,6,2,2,12,38,1300,100,45
SIM_COVER_USE,11,45,0,0
SIM,11,1,1,3,46,1,7,1,3,1,12,38,200,1000,30
SIM_COVER_USE,11,46,0,0
SIM,11,1,1,3,47,0,6,1,2,1,12,38,1000,400,45
SIM_COVER_USE,11,47,0,0
SIM,11,1,1,3,48,1,6,0,2,0,12,37,400,1400,23
SIM_COVER_USE,11,48,0,0
SIM,11,1,1,3,49,0,4,3,2,1,12,37,1200,300,45
SIM_COVER_USE,11,49,0,0
SIM,11,1,1,3,50,1,7,0,3,0,12,36,100,1300,20
SIM_COVER_USE,11,50,1,0
SIM,11,1,1,3,51,0,7,0,3,0,12,36,800,400,45
SIM_COVER_USE,11,51,1,0
SIM,11,1,1,3,52,1,7,0,3,0,12,33,500,1400,31
SIM_COVER_USE,11,52,0,0
SIM,11,1,1,3,53,0,6,3,2,1,12,33,1300,300,45
SIM_COVER_USE,11,53,0,0
SIM,11,1,1,3,54,1,9,1,3,1,12,31,200,1200,28
SIM_COVER_USE,11,54,0,0
SIM,11,1,1,3,55,0,9,15,3,1,12,31,900,600,45
SIM_COVER_USE,11,55,0,0
SIM,11,1,1,3,56,1,9,14,3,0,12,29,300,1600,33
SIM_COVER_USE,11,56,0,0
SIM,11,1,1,3,57,0,7,3,3,1,12,29,1000,200,45
SIM_COVER_USE,11,57,0,0
SIM,11,1,1,3,58,1,10,1,4,1,12,26,200,1100,24
SIM_COVER_USE,11,58,1,0
SIM,11,1,1,3,59,0,9,1,3,1,12,26,900,500,45
SIM_COVER_USE,11,59,1,0
SIM,11,1,1,3,60,1,9,0,3,0,12,24,300,1500,35
SIM_COVER_USE,11,60,1,0
SIM,11,1,1,3,61,0,9,14,3,0,12,24,1000,900,45
SIM_COVER_USE,11,61,1,0
SIM,11,1,1,3,62,1,12,12,4,0,12,22,200,1900,30
SIM_COVER_USE,11,62,0,0
SIM,11,1,1,3,63,0,12,0,4,0,12,22,800,2200,45
SIM_COVER_USE,11,63,0,0
SIM,11,1,1,3,64,1,12,0,4,0,12,18,500,3200,28
SIM_COVER_USE,11,64,0,0
SIM,11,1,1,3,65,0,10,3,4,1,12,18,1100,300,45
SIM_COVER_USE,11,65,0,0
SIM,11,1,1,3,66,1,10,3,4,1,12,14,500,1200,33
SIM_COVER_USE,11,66,0,0
SIM,11,1,1,3,67,0,9,3,3,1,12,14,1200,300,45
SIM_COVER_USE,11,67,0,0
SIM,11,1,1,3,68,1,12,3,4,1,12,10,100,1200,22
SIM_COVER_USE,11,68,0,0
SIM,11,1,1,3,69,0,12,17,4,1,12,10,700,600,45
SIM_COVER_USE,11,69,0,0
SIM,11,1,1,3,70,1,12,17,4,1,12,6,400,1500,35
SIM_COVER_USE,11,70,0,0
SIM,11,1,1,3,71,0,9,6,3,2,12,6,1100,100,45
SIM_COVER_USE,11,71,0,0
SIM,11,1,1,3,72,1,12,4,4,2,12,3,300,900,28
SIM_COVER_USE,11,72,0,0
SIM,11,1,1,3,73,0,9,4,3,2,12,3,1000,300,45
SIM_COVER_USE,11,73,0,0
SIM,11,1,1,3,74,1,9,3,3,1,12,1,400,1200,35
SIM_COVER_USE,11,74,0,0
SIM,11,1,1,3,75,0,6,6,2,2,12,1,1200,100,45
SIM_COVER_USE,11,75,0,0
SIM_END,11,1,1,3,75,0,0
SIM,12,1,1,4,1,0,0,6,0,1,40,40,1000,0,30
SIM_COVER_USE,12,1,0,1
SIM,12,1,1,4,2,1,3,6,1,1,40,40,200,800,21
SIM_COVER_USE,12,2,1,1
SIM,12,1,1,4,3,0,0,9,0,2,40,40,1200,300,45
SIM_COVER_USE,12,3,0,1
SIM,12,1,1,4,4,1,0,9,0,2,40,40,300,1000,39
SIM_COVER_USE,12,4,0,1
SIM,12,1,1,4,5,0,0,23,0,2,40,40,1300,400,45
SIM_COVER_USE,12,5,0,1
SIM,12,1,1,4,6,1,3,21,1,2,40,40,200,1100,32
SIM_COVER_USE,12,6,0,1
SIM,12,1,1,4,7,0,0,10,0,3,39,40,1200,300,45
SIM_COVER_USE,12,7,0,0
SIM,12,1,1,4,8,1,0,10,0,3,39,40,300,900,39
SIM_COVER_USE,12,8,0,0
SIM,12,1,1,4,9,0,0,10,0,3,38,40,1300,900,45
SIM_COVER_USE,12,9,0,0
SIM,12,1,1,4,10,1,3,9,1,2,38,40,200,1600,34
SIM_COVER_USE,12,10,0,0
SIM,12,1,1,4,11,0,0,12,0,3,37,40,1200,200,45
SIM_COVER_USE,12,11,0,0
SIM,12,1,1,4,12,1,0,12,0,3,37,40,300,800,39
SIM_COVER_USE,12,12,0,0
SIM,12,1,1,4,13,0,0,12,0,3,34,40,1300,500,45
SIM_COVER_USE,12,13,0,0
SIM,12,1,1,4,14,1,3,10,1,3,34,40,200,1100,36
SIM_COVER_USE,12,14,0,0
SIM,12,1,1,4,15,0,0,13,0,4,32,40,1200,300,45
SIM_COVER_USE,12,15,0,0
SIM,12,1,1,4,16,1,0,13,0,4,32,40,300,800,39
SIM_COVER_USE,12,16,0,0
SIM,12,1,1,4,17,0,0,13,0,4,28,40,1300,500,45
SIM_COVER_USE,12,17,0,0
SIM,12,1,1,4,18,1,3,11,1,4,28,40,500,1000,38
SIM_COVER_USE,12,18,0,0
SIM,12,1,1,4,19,0,0,11,0,4,28,40,1500,1000,45
SIM_COVER_USE,12,19,0,0
SIM,12,1,1,4,20,1,0,11,0,4,28,40,1500,1500,45
SIM_COVER_USE,12,20,0,0
SIM,12,1,1,4,21,0,0,11,0,4,27,40,2500,1500,45
SIM_COVER_USE,12,21,0,0
SIM,12,1,1,4,22,1,3,9,1,3,27,40,500,2200,30
SIM_COVER_USE,12,22,0,0
SIM,12,1,1,4,23,0,3,12,1,4,23,40,1400,200,45
SIM_COVER_USE,12,23,0,0
SIM,12,1,1,4,24,1,3,10,1,4,23,40,500,800,37
SIM_COVER_USE,12,24,0,0
SIM,12,1,1,4,25,0,3,10,1,4,19,40,1400,500,45
SIM_COVER_USE,12,25,0,0
SIM,12,1,1,4,26,1,6,7,2,3,19,40,300,1200,34
SIM_COVER_USE,12,26,0,0
SIM,12,1,1,4,27,0,6,10,2,4,15,40,1100,100,45
SIM_COVER_USE,12,27,0,0
SIM,12,1,1,4,28,1,6,7,2,3,15,40,500,800,37
SIM_COVER_USE,12,28,0,0
SIM,12,1,1,4,29,0,6,7,2,3,14,40,1300,800,45
SIM_COVER_USE,12,29,0,0
SIM,12,1,1,4,30,1,9,3,3,1,14,40,200,1700,26
SIM_COVER_USE,12,30,0,0
SIM,12,1,1,4,31,0,9,6,3,2,13,40,900,300,45
SIM_COVER_USE,12,31,0,0
SIM,12,1,1,4,32,1,9,3,3,1,13,40,300,1200,32
SIM_COVER_USE,12,32,0,0
SIM,12,1,1,4,33,0,9,3,3,1,12,40,1000,300,45
SIM_COVER_USE,12,33,0,0
SIM,12,1,1,4,34,1,12,0,4,0,12,38,200,1300,10
SIM_COVER_USE,12,34,0,0
SIM,12,1,1,4,35,0,12,14,4,0,12,38,800,700,40
SIM_COVER_USE,12,35,0,0
SIM,12,1,1,4,36,1,12,14,4,0,12,35,500,1700,18
SIM_COVER_USE,12,36,0,0
SIM,12,1,1,4,37,0,10,3,4,1,12,35,1100,300,45
SIM_COVER_USE,12,37,0,0
SIM,12,1,1,4,38,1,10,1,4,1,12,32,500,1200,30
SIM_COVER_USE,12,38,1,0
SIM,12,1,1,4,39,0,9,1,3,1,12,32,1200,1200,45
SIM_COVER_USE,12,39,1,0
SIM,12,1,1,4,40,1,12,0,4,0,12,29,100,2200,22
SIM_COVER_USE,12,40,1,0
SIM,12,1,1,4,41,0,10,3,4,1,12,29,700,200,45
SIM_COVER_USE,12,41,1,0
SIM,12,1,1,4,42,1,10,1,4,1,12,26,400,1100,35
SIM_COVER_USE,12,42,1,0
SIM,12,1,1,4,43,0,9,1,3,1,12,26,1100,500,45
SIM_COVER_USE,12,43,1,0
SIM,12,1,1,4,44,1,12,0,4,0,12,23,300,1500,24
SIM_COVER_USE,12,44,1,0
SIM,12,1,1,4,45,0,12,14,4,0,12,23,900,900,45
SIM_COVER_USE,12,45,1,0
SIM,12,1,1,4,46,1,12,12,4,0,12,20,300,1900,30
SIM_COVER_USE,12,46,0,0
SIM,12,1,1,4,47,0,12,0,4,0,12,20,900,2200,45
SIM_COVER_USE,12,47,0,0
SIM,12,1,1,4,48,1,12,0,4,0,12,16,300,3200,32
SIM_COVER_USE,12,48,0,0
SIM,12,1,1,4,49,0,12,3,4,1,12,16,900,3000,45
SIM_COVER_USE,12,49,0,0
SIM,12,1,1,4,50,1,12,3,4,1,12,12,300,3900,33
SIM_COVER_USE,12,50,0,0
SIM,12,1,1,4,51,0,12,17,4,1,12,12,900,3300,45
SIM_COVER_USE,12,51,0,0
SIM,12,1,1,4,52,1,12,17,4,1,12,8,300,4200,33
SIM_COVER_USE,12,52,0,0
SIM,12,1,1,4,53,0,9,6,3,2,12,8,1000,100,45
SIM_COVER_USE,12,53,0,0
SIM,12,1,1,4,54,1,12,4,4,2,12,5,200,900,28
SIM_COVER_USE,12,54,0,0
SIM,12,1,1,4,55,0,9,4,3,2,12,5,900,300,45
SIM_COVER_USE,12,55,0,0
SIM,12,1,1,4,56,1,9,3,3,1,12,3,300,1200,35
SIM_COVER_USE,12,56,0,0
SIM,12,1,1,4,57,0,9,17,3,1,12,3,1000,600,45
SIM_COVER_USE,12,57,0,0
SIM_END,12,1,1,4,57,0,0
SIM,13,1,1,5,1,0,0,6,0,1,40,40,1000,0,30
SIM_COVER_USE,13,1,0,0
SIM,13,1,1,5,2,1,3,6,1,1,40,39,200,800,19
SIM_COVER_USE,13,2,0,0
SIM,13,1,1,5,3,0,3,6,1,1,40,39,1100,800,45
SIM_COVER_USE,13,3,0,1
SIM,13,1,1,5,4,1,3,6,1,1,40,38,500,1600,39
SIM_COVER_USE,13,4,0,1
SIM,13,1,1,5,5,0,0,6,0,1,40,38,1500,1600,45
SIM_COVER_USE,13,5,0,1
SIM,13,1,1,5,6,1,3,6,1,1,40,37,100,2400,22
SIM_COVER_USE,13,6,0,1
SIM,13,1,1,5,7,0,0,9,0,2,39,37,1100,100,45
SIM_COVER_USE,13,7,0,1
SIM,13,1,1,5,8,1,0,9,0,2,39,37,500,800,41
SIM_COVER_USE,13,8,0,1
SIM,13,1,1,5,9,0,0,9,0,2,38,37,1500,500,45
SIM_COVER_USE,13,9,0,1
SIM,13,1,1,5,10,1,3,7,1,2,38,37,100,1200,32
SIM_COVER_USE,13,10,0,1
SIM,13,1,1,5,11,0,0,10,0,3,36,37,1100,100,45
SIM_COVER_USE,13,11,0,0
SIM,13,1,1,5,12,1,0,10,0,3,36,37,500,700,41
SIM_COVER_USE,13,12,0,0
SIM,13,1,1,5,13,0,0,10,0,3,34,37,1500,400,45
SIM_COVER_USE,13,13,0,0
SIM,13,1,1,5,14,1,3,9,1,2,34,37,100,1100,32
SIM_COVER_USE,13,14,0,0
SIM,13,1,1,5,15,0,0,12,0,3,33,37,1100,300,45
SIM_COVER_USE,13,15,0,0
SIM,13,1,1,5,16,1,0,12,0,3,33,37,500,900,41
SIM_COVER_USE,13,16,0,0
SIM,13,1,1,5,17,0,0,12,0,3,32,37,1500,900,45
SIM_COVER_USE,13,17,0,0
SIM,13,1,1,5,18,1,3,10,1,3,32,37,100,1500,34
SIM_COVER_USE,13,18,0,0
SIM,13,1,1,5,19,0,3,10,1,3,32,37,1000,1500,45
SIM_COVER_USE,13,19,0,1
SIM,13,1,1,5,20,1,3,9,1,2,32,37,400,2200,39
SIM_COVER_USE,13,20,0,1
SIM,13,1,1,5,21,0,0,12,0,3,31,37,1400,200,45
SIM_COVER_USE,13,21,0,1
SIM,13,1,1,5,22,1,3,11,1,3,31,37,300,800,36
SIM_COVER_USE,13,22,0,1
SIM,13,1,1,5,23,0,0,11,0,3,29,37,1300,500,45
SIM_COVER_USE,13,23,0,1
SIM,13,1,1,5,24,1,0,11,0,3,29,37,400,1100,39
SIM_COVER_USE,13,24,0,1
SIM,13,1,1,5,25,0,0,14,0,4,26,37,1400,300,45
SIM_COVER_USE,13,25,0,0
SIM,13,1,1,5,26,1,3,12,1,4,26,37,300,800,36
SIM_COVER_USE,13,26,0,0
SIM,13,1,1,5,27,0,0,12,0,4,23,37,1300,500,45
SIM_COVER_USE,13,27,0,1
SIM,13,1,1,5,28,1,0,12,0,4,23,37,400,1000,39
SIM_COVER_USE,13,28,0,1
SIM,13,1,1,5,29,0,0,12,0,4,20,37,1400,400,45
SIM_COVER_USE,13,29,0,0
SIM,13,1,1,5,30,1,3,11,1,3,20,37,300,1000,36
SIM_COVER_USE,13,30,0,0
SIM,13,1,1,5,31,0,0,14,0,4,18,37,1300,200,45
SIM_COVER_USE,13,31,0,0
SIM,13,1,1,5,32,1,0,14,0,4,18,37,400,700,39
SIM_COVER_USE,13,32,0,0
SIM,13,1,1,5,33,0,0,14,0,4,17,37,1400,700,45
SIM_COVER_USE,13,33,0,0
SIM,13,1,1,5,34,1,3,12,1,4,17,37,300,1200,36
SIM_COVER_USE,13,34,0,0
SIM,13,1,1,5,35,0,0,12,0,4,14,37,1300,300,45
SIM_COVER_USE,13,35,0,0
SIM,13,1,1,5,36,1,0,12,0,4,14,37,1300,800,45
SIM_COVER_USE,13,36,0,0
SIM,13,1,1,5,37,0,0,12,0,4,13,37,2300,800,45
SIM_COVER_USE,13,37,0,0
SIM,13,1,1,5,38,1,3,10,1,4,13,37,300,1300,30
SIM_COVER_USE,13,38,0,0
SIM,13,1,1,5,39,0,0,10,0,4,10,37,1300,400,45
SIM_COVER_USE,13,39,0,0
SIM,13,1,1,5,40,1,0,10,0,4,10,37,1300,900,45
SIM_COVER_USE,13,40,0,0
SIM,13,1,1,5,41,0,0,10,0,4,9,37,2300,900,45
SIM_COVER_USE,13,41,0,0
SIM,13,1,1,5,42,1,3,9,1,3,9,37,300,1600,30
SIM_COVER_USE,13,42,0,0
SIM,13,1,1,5,43,0,3,12,1,4,5,37,1200,200,45
SIM_COVER_USE,13,43,0,0
SIM,13,1,1,5,44,1,3,10,1,4,5,37,300,800,37
SIM_COVER_USE,13,44,0,0
SIM,13,1,1,5,45,0,3,10,1,4,1,37,1200,500,45
SIM_COVER_USE,13,45,0,0
SIM,13,1,1,5,46,1,6,7,2,3,1,37,100,1200,34
SIM_COVER_USE,13,46,0,0
SIM_END,13,1,1,5,46,1,0
SIM,14,1,1,6,1,0,0,6,0,1,40,40,1000,0,30
SIM_COVER_USE,14,1,0,0
SIM,14,1,1,6,2,1,3,6,1,1,40,39,200,800,19
SIM_COVER_USE,14,2,0,0
SIM,14,1,1,6,3,0,0,9,0,2,39,39,1200,300,45
SIM_COVER_USE,14,3,0,1
SIM,14,1,1,6,4,1,0,9,0,2,39,39,300,1000,39
SIM_COVER_USE,14,4,0,1
SIM,14,1,1,6,5,0,0,9,0,2,38,39,1300,400,45
SIM_COVER_USE,14,5,0,1
SIM,14,1,1,6,6,1,3,7,1,2,38,39,200,1100,34
SIM_COVER_USE,14,6,0,1
SIM,14,1,1,6,7,0,3,7,1,2,38,39,1100,1100,45
SIM_COVER_USE,14,7,0,0
SIM,14,1,1,6,8,1,3,6,1,1,38,39,500,1900,39
SIM_COVER_USE,14,8,0,0
SIM,14,1,1,6,9,0,0,9,0,2,37,39,1500,200,45
SIM_COVER_USE,14,9,0,0
SIM,14,1,1,6,10,1,3,7,1,2,37,39,100,900,32
SIM_COVER_USE,14,10,0,0
SIM,14,1,1,6,11,0,0,7,0,2,36,39,1100,300,45
SIM_COVER_USE,14,11,0,0
SIM,14,1,1,6,12,1,0,7,0,2,36,39,500,1000,41
SIM_COVER_USE,14,12,0,0
SIM,14,1,1,6,13,0,0,10,0,3,35,39,1500,200,45
SIM_COVER_USE,14,13,0,0
SIM,14,1,1,6,14,1,3,9,1,2,35,39,100,900,32
SIM_COVER_USE,14,14,0,0
SIM,14,1,1,6,15,0,0,9,0,2,35,39,1100,300,45
SIM_COVER_USE,14,15,0,0
SIM,14,1,1,6,16,1,0,9,0,2,35,39,500,1000,41
SIM_COVER_USE,14,16,0,0
SIM,14,1,1,6,17,0,0,12,0,3,33,39,1500,200,45
SIM_COVER_USE,14,17,0,0
SIM,14,1,1,6,18,1,3,10,1,3,33,39,100,800,34
SIM_COVER_USE,14,18,0,0
SIM,14,1,1,6,19,0,0,10,0,3,31,39,1100,500,45
SIM_COVER_USE,14,19,0,1
SIM,14,1,1,6,20,1,0,10,0,3,31,39,500,1100,41
SIM_COVER_USE,14,20,0,1
SIM,14,1,1,6,21,0,0,13,0,4,28,39,1500,300,45
SIM_COVER_USE,14,21,0,0
SIM,14,1,1,6,22,1,3,12,1,3,28,39,100,900,34
SIM_COVER_USE,14,22,0,0
SIM,14,1,1,6,23,0,0,12,0,3,26,39,1100,300,45
SIM_COVER_USE,14,23,0,0
SIM,14,1,1,6,24,1,0,12,0,3,26,39,500,900,41
SIM_COVER_USE,14,24,0,0
SIM,14,1,1,6,25,0,0,15,0,4,23,39,1500,100,45
SIM_COVER_USE,14,25,0,0
SIM,14,1,1,6,26,1,3,13,1,4,23,39,100,600,34
SIM_COVER_USE,14,26,0,0
SIM,14,1,1,6,27,0,0,13,0,4,20,39,1100,300,45
SIM_COVER_USE,14,27,0,0
SIM,14,1,1,6,28,1,0,13,0,4,20,39,1100,800,45
SIM_COVER_USE,14,28,0,0
SIM,14,1,1,6,29,0,0,13,0,4,16,39,2100,500,45
SIM_COVER_USE,14,29,0,0
SIM,14,1,1,6,30,1,3,11,1,4,16,39,400,1000,32
SIM_COVER_USE,14,30,0,0
SIM,14,1,1,6,31,0,0,11,0,4,13,39,1400,400,45
SIM_COVER_USE,14,31,0,0
SIM,14,1,1,6,32,1,0,11,0,4,13,39,1400,900,45
SIM_COVER_USE,14,32,0,0
SIM,14,1,1,6,33,0,0,11,0,4,9,39,2400,300,45
SIM_COVER_USE,14,33,0,0
SIM,14,1,1,6,34,1,3,9,1,3,9,39,400,1000,30
SIM_COVER_USE,14,34,0,0
SIM,14,1,1,6,35,0,3,12,1,4,5,39,1300,200,45
SIM_COVER_USE,14,35,0,0
SIM,14,1,1,6,36,1,3,10,1,4,5,39,400,800,37
SIM_COVER_USE,14,36,0,0
SIM,14,1,1,6,37,0,3,10,1,4,1,39,1300,500,45
SIM_COVER_USE,14,37,0,0
SIM,14,1,1,6,38,1,6,7,2,3,1,39,200,1200,34
SIM_COVER_USE,14,38,0,0
SIM_END,14,1,1,6,38,1,0
SIM_DONE
SIM_CONFIG,degrade_favoured_pct=30,only_handicap=1,variants=7,plain=false
SIM_TERRAIN,cover_tiles=8,of=120,plain=false,max_rounds=40
SIM,1,0,1,0,1,0,6,0,1,0,40,40,1000,0,30
SIM_COVER_USE,1,1,0,0
SIM,1,0,1,0,2,1,9,0,2,0,40,39,200,1000,19
SIM_COVER_USE,1,2,0,0
SIM,1,0,1,0,3,0,7,3,2,1,40,39,900,200,45
SIM_COVER_USE,1,3,0,0
SIM,1,0,1,0,4,1,7,0,2,0,40,38,300,1200,31
SIM_COVER_USE,1,4,0,0
SIM,1,0,1,0,5,0,7,0,2,0,40,38,1000,300,45
SIM_COVER_USE,1,5,0,0
SIM,1,0,1,0,6,1,10,0,3,0,40,37,200,1300,34
SIM_COVER_USE,1,6,0,0
SIM,1,0,1,0,7,0,9,3,2,1,40,37,900,200,45
SIM_COVER_USE,1,7,0,0
SIM,1,0,1,0,8,1,9,0,2,0,40,37,300,1200,34
SIM_COVER_USE,1,8,0,0
SIM,1,0,1,0,9,0,9,0,2,0,40,37,1000,300,45
SIM_COVER_USE,1,9,0,0
SIM,1,0,1,0,10,1,12,0,3,0,40,35,200,1300,30
SIM_COVER_USE,1,10,0,0
SIM,1,0,1,0,11,0,10,3,3,1,40,35,800,200,45
SIM_COVER_USE,1,11,0,0
SIM,1,0,1,0,12,1,10,3,3,1,40,35,800,1100,41
SIM_COVER_USE,1,12,1,0
SIM,1,0,1,0,13,0,9,3,2,1,40,35,1500,500,45
SIM_COVER_USE,1,13,1,0
SIM,1,0,1,0,14,1,12,0,3,0,40,33,100,1500,21
SIM_COVER_USE,1,14,1,0
SIM,1,0,1,0,15,0,10,3,3,1,40,33,700,100,45
SIM_COVER_USE,1,15,1,0
SIM,1,0,1,0,16,1,10,0,3,0,40,31,400,1100,37
SIM_COVER_USE,1,16,1,0
SIM,1,0,1,0,17,0,10,0,3,0,40,31,1000,500,45
SIM_COVER_USE,1,17,1,0
SIM,1,0,1,0,18,1,10,0,3,0,40,30,1000,1500,43
SIM_COVER_USE,1,18,1,0
SIM,1,0,1,0,19,0,9,3,2,1,40,30,1700,100,45
SIM_COVER_USE,1,19,1,0
SIM,1,0,1,0,20,1,12,0,3,0,40,29,300,1100,29
SIM_COVER_USE,1,20,1,0
SIM,1,0,1,0,21,0,12,0,3,0,40,29,900,500,45
SIM_COVER_USE,1,21,1,0
SIM,1,0,1,0,22,1,12,0,3,0,40,26,300,1500,28
SIM_COVER_USE,1,22,0,0
SIM,1,0,1,0,23,0,10,3,3,1,40,26,900,100,45
SIM_COVER_USE,1,23,0,0
SIM,1,0,1,0,24,1,10,0,3,0,40,26,900,1100,43
SIM_COVER_USE,1,24,0,0
SIM,1,0,1,0,25,0,10,0,3,0,40,26,1500,500,45
SIM_COVER_USE,1,25,0,0
SIM,1,0,1,0,26,1,10,0,3,0,40,25,1500,1500,43
SIM_COVER_USE,1,26,0,0
SIM,1,0,1,0,27,0,8,3,3,1,40,25,2100,100,45
SIM_COVER_USE,1,27,0,0
SIM,1,0,1,0,28,1,11,0,4,0,40,23,100,1100,23
SIM_COVER_USE,1,28,0,0
SIM,1,0,1,0,29,0,11,0,4,0,40,23,600,500,45
SIM_COVER_USE,1,29,0,0
SIM,1,0,1,0,30,1,11,0,4,0,40,22,600,1500,43
SIM_COVER_USE,1,30,0,0
SIM,1,0,1,0,31,0,9,3,3,1,40,22,1300,100,45
SIM_COVER_USE,1,31,0,0
SIM,1,0,1,0,32,1,9,3,3,1,40,21,1300,1000,43
SIM_COVER_USE,1,32,0,0
SIM,1,0,1,0,33,0,7,3,3,1,40,21,2000,400,45
SIM_COVER_USE,1,33,0,0
SIM,1,0,1,0,34,1,7,3,3,1,40,20,2000,1300,43
SIM_COVER_USE,1,34,0,0
SIM,1,0,1,0,35,0,4,6,2,2,40,20,2800,200,45
SIM_COVER_USE,1,35,0,0
SIM,1,0,1,0,36,1,4,6,2,2,40,19,2800,1000,43
SIM_COVER_USE,1,36,0,0
SIM,1,0,1,0,37,0,1,6,1,2,40,19,3700,400,45
SIM_COVER_USE,1,37,0,0
SIM,1,0,1,0,38,1,4,4,2,2,40,18,200,1200,14
SIM_COVER_USE,1,38,0,0
SIM,1,0,1,0,39,0,0,7,0,3,40,18,1200,100,44
SIM_COVER_USE,1,39,0,0
SIM,1,0,1,0,40,1,14,7,0,3,40,18,600,800,42
SIM_COVER_USE,1,40,0,0
SIM,1,0,1,0,41,0,14,7,0,3,39,18,1600,500,45
SIM_COVER_USE,1,41,0,0
SIM,1,0,1,0,42,1,0,7,0,3,39,18,1900,1200,45
SIM_COVER_USE,1,42,0,0
SIM,1,0,1,0,43,0,0,10,0,4,36,18,2900,100,45
SIM_COVER_USE,1,43,0,0
SIM,1,0,1,0,44,1,3,9,1,3,36,18,300,800,26
SIM_COVER_USE,1,44,0,0
SIM,1,0,1,0,45,0,3,9,1,3,33,18,1200,500,45
SIM_COVER_USE,1,45,0,0
SIM,1,0,1,0,46,1,3,7,1,3,33,18,300,1200,37
SIM_COVER_USE,1,46,0,0
SIM,1,0,1,0,47,0,1,10,1,4,30,18,1200,100,45
SIM_COVER_USE,1,47,0,1
SIM,1,0,1,0,48,1,4,7,2,3,30,18,100,800,32
SIM_COVER_USE,1,48,0,1
SIM,1,0,1,0,49,0,3,7,1,3,28,18,1000,500,45
SIM_COVER_USE,1,49,0,1
SIM,1,0,1,0,50,1,3,6,1,2,28,18,400,1300,39
SIM_COVER_USE,1,50,0,1
SIM,1,0,1,0,51,0,3,9,1,3,26,18,1300,200,45
SIM_COVER_USE,1,51,0,0
SIM,1,0,1,0,52,1,17,9,1,3,26,18,700,900,43
SIM_COVER_USE,1,52,0,0
SIM,1,0,1,0,53,0,17,9,1,3,23,18,1600,300,45
SIM_COVER_USE,1,53,0,0
SIM,1,0,1,0,54,1,3,9,1,3,23,18,1900,1000,45
SIM_COVER_USE,1,54,0,0
SIM,1,0,1,0,55,0,3,12,1,4,20,18,2800,200,45
SIM_COVER_USE,1,55,0,0
SIM,1,0,1,0,56,1,6,9,2,3,20,18,200,900,16
SIM_COVER_USE,1,56,0,0
SIM,1,0,1,0,57,0,6,9,2,3,17,18,1000,300,45
SIM_COVER_USE,1,57,0,0
SIM,1,0,1,0,58,1,20,9,2,3,17,18,400,1000,43
SIM_COVER_USE,1,58,0,0
SIM,1,0,1,0,59,0,18,12,2,4,14,18,1200,200,45
SIM_COVER_USE,1,59,0,1
SIM,1,0,1,0,60,1,7,7,3,3,14,18,100,900,30
SIM_COVER_USE,1,60,0,1
SIM,1,0,1,0,61,0,6,7,2,3,12,18,900,300,45
SIM_COVER_USE,1,61,0,1
SIM,1,0,1,0,62,1,6,6,2,2,12,18,900,1100,43
SIM_COVER_USE,1,62,0,1
SIM,1,0,1,0,63,0,6,9,2,3,10,18,1700,300,45
SIM_COVER_USE,1,63,0,0
SIM,1,0,1,0,64,1,6,9,2,3,10,18,1700,1000,44
SIM_COVER_USE,1,64,1,0
SIM,1,0,1,0,65,0,6,9,2,3,7,18,2500,400,45
SIM_COVER_USE,1,65,1,0
SIM,1,0,1,0,66,1,20,9,2,3,7,18,1900,1100,43
SIM_COVER_USE,1,66,1,0
SIM,1,0,1,0,67,0,20,12,2,4,4,18,2700,300,45
SIM_COVER_USE,1,67,1,0
SIM,1,0,1,0,68,1,9,7,3,3,4,18,100,1000,10
SIM_COVER_USE,1,68,0,0
SIM,1,0,1,0,69,0,7,7,3,3,2,18,800,400,40
SIM_COVER_USE,1,69,0,0
SIM,1,0,1,0,70,1,7,3,3,1,2,18,500,1300,28
SIM_COVER_USE,1,70,0,0
SIM,1,0,1,0,71,0,4,6,2,2,2,18,1300,200,45
SIM_COVER_USE,1,71,0,0
SIM,1,0,1,0,72,1,4,6,2,2,2,18,1300,1000,44
SIM_COVER_USE,1,72,1,0
SIM,1,0,1,0,73,0,3,6,1,2,1,18,2200,400,45
SIM_COVER_USE,1,73,1,0
SIM,1,0,1,0,74,1,6,3,2,1,1,18,200,1300,25
SIM_COVER_USE,1,74,0,0
SIM_END,1,0,1,0,74,1,0
SIM,2,0,1,1,1,0,6,0,1,0,40,40,1000,0,30
SIM_COVER_USE,2,1,0,0
SIM,2,0,1,1,2,1,20,0,1,0,40,40,400,1000,28
SIM_COVER_USE,2,2,0,0
SIM,2,0,1,1,3,0,18,3,1,1,40,40,1200,200,45
SIM_COVER_USE,2,3,0,0
SIM,2,0,1,1,4,1,7,0,2,0,40,39,100,1200,28
SIM_COVER_USE,2,4,0,0
SIM,2,0,1,1,5,0,7,0,2,0,40,39,800,300,45
SIM_COVER_USE,2,5,0,0
SIM,2,0,1,1,6,1,7,0,2,0,40,38,500,1300,31
SIM_COVER_USE,2,6,0,0
SIM,2,0,1,1,7,0,5,3,2,1,40,38,1200,200,45
SIM_COVER_USE,2,7,0,0
SIM,2,0,1,1,8,1,5,3,2,1,40,38,1200,1100,43
SIM_COVER_USE,2,8,0,0
SIM,2,0,1,1,9,0,4,3,1,1,40,38,2000,500,45
SIM_COVER_USE,2,9,0,0
SIM,2,0,1,1,10,1,7,0,2,0,40,37,300,1500,26
SIM_COVER_USE,2,10,0,0
SIM,2,0,1,1,11,0,5,3,2,1,40,37,1000,100,45
SIM_COVER_USE,2,11,0,0
SIM,2,0,1,1,12,1,5,0,2,0,40,36,400,1100,37
SIM_COVER_USE,2,12,0,0
SIM,2,0,1,1,13,0,5,0,2,0,40,36,1100,500,45
SIM_COVER_USE,2,13,0,0
SIM,2,0,1,1,14,1,8,0,3,0,40,35,300,1500,36
SIM_COVER_USE,2,14,0,0
SIM,2,0,1,1,15,0,7,3,2,1,40,35,1000,100,45
SIM_COVER_USE,2,15,0,0
SIM,2,0,1,1,16,1,7,3,2,1,40,35,1000,1000,43
SIM_COVER_USE,2,16,0,0
SIM,2,0,1,1,17,0,5,3,2,1,40,35,1700,400,45
SIM_COVER_USE,2,17,0,0
SIM,2,0,1,1,18,1,8,0,3,0,40,34,300,1400,21
SIM_COVER_USE,2,18,0,0
SIM,2,0,1,1,19,0,6,3,2,1,40,34,1100,300,45
SIM_COVER_USE,2,19,0,0
SIM,2,0,1,1,20,1,6,3,2,1,40,32,500,1200,36
SIM_COVER_USE,2,20,0,0
SIM,2,0,1,1,21,0,4,3,2,1,40,32,1300,300,45
SIM_COVER_USE,2,21,0,0
SIM,2,0,1,1,22,1,7,1,3,1,40,30,200,1200,28
SIM_COVER_USE,2,22,0,0
SIM,2,0,1,1,23,0,4,4,2,2,40,30,1000,100,45
SIM_COVER_USE,2,23,0,0
SIM,2,0,1,1,24,1,4,1,2,1,40,30,400,1000,37
SIM_COVER_USE,2,24,0,0
SIM,2,0,1,1,25,0,3,1,1,1,40,30,1300,400,45
SIM_COVER_USE,2,25,0,0
SIM,2,0,1,1,26,1,6,0,2,0,40,29,200,1400,28
SIM_COVER_USE,2,26,0,0
SIM,2,0,1,1,27,0,4,3,2,1,40,29,1000,300,45
SIM_COVER_USE,2,27,0,0
SIM,2,0,1,1,28,1,4,1,2,1,40,28,400,1200,37
SIM_COVER_USE,2,28,0,0
SIM,2,0,1,1,29,0,3,1,1,1,40,28,1300,300,45
SIM_COVER_USE,2,29,0,0
SIM,2,0,1,1,30,1,6,0,2,0,40,27,200,1300,30
SIM_COVER_USE,2,30,0,0
SIM,2,0,1,1,31,0,4,3,2,1,40,27,1000,200,45
SIM_COVER_USE,2,31,0,0
SIM,2,0,1,1,32,1,4,3,2,1,40,26,1000,1100,43
SIM_COVER_USE,2,32,0,0
SIM,2,0,1,1,33,0,3,3,1,1,40,26,1900,500,45
SIM_COVER_USE,2,33,0,0
SIM,2,0,1,1,34,1,6,0,2,0,40,26,200,1500,22
SIM_COVER_USE,2,34,0,0
SIM,2,0,1,1,35,0,4,3,2,1,40,26,1000,100,45
SIM_COVER_USE,2,35,0,0
SIM,2,0,1,1,36,1,4,3,2,1,40,25,1000,1000,43
SIM_COVER_USE,2,36,0,0
SIM,2,0,1,1,37,0,3,3,1,1,40,25,1900,400,45
SIM_COVER_USE,2,37,0,0
SIM,2,0,1,1,38,1,6,0,2,0,40,25,200,1400,22
SIM_COVER_USE,2,38,0,0
SIM,2,0,1,1,39,0,4,3,2,1,40,25,1000,300,45
SIM_COVER_USE,2,39,0,0
SIM,2,0,1,1,40,1,4,1,2,1,40,24,400,1200,37
SIM_COVER_USE,2,40,0,0
SIM,2,0,1,1,41,0,3,1,1,1,40,24,1300,300,45
SIM_COVER_USE,2,41,0,0
SIM,2,0,1,1,42,1,6,0,2,0,40,23,200,1300,30
SIM_COVER_USE,2,42,0,0
SIM,2,0,1,1,43,0,4,3,2,1,40,23,1000,200,45
SIM_COVER_USE,2,43,0,0
SIM,2,0,1,1,44,1,4,1,2,1,40,22,400,1100,37
SIM_COVER_USE,2,44,0,0
SIM,2,0,1,1,45,0,3,1,1,1,40,22,1300,500,45
SIM_COVER_USE,2,45,0,0
SIM,2,0,1,1,46,1,6,0,2,0,40,21,200,1500,30
SIM_COVER_USE,2,46,0,0
SIM,2,0,1,1,47,0,4,3,2,1,40,21,1000,100,45
SIM_COVER_USE,2,47,0,0
SIM,2,0,1,1,48,1,4,1,2,1,40,20,400,1000,37
SIM_COVER_USE,2,48,0,0
SIM,2,0,1,1,49,0,3,1,1,1,40,20,1300,400,45
SIM_COVER_USE,2,49,0,0
SIM,2,0,1,1,50,1,6,0,2,0,40,19,200,1400,30
SIM_COVER_USE,2,50,0,0
SIM,2,0,1,1,51,0,4,3,2,1,40,19,1000,300,45
SIM_COVER_USE,2,51,0,0
SIM,2,0,1,1,52,1,4,3,2,1,40,18,1000,1200,43
SIM_COVER_USE,2,52,0,0
SIM,2,0,1,1,53,0,3,3,1,1,40,18,1900,300,45
SIM_COVER_USE,2,53,0,0
SIM,2,0,1,1,54,1,6,0,2,0,40,18,200,1300,22
SIM_COVER_USE,2,54,0,0
SIM,2,0,1,1,55,0,4,3,2,1,40,18,1000,200,45
SIM_COVER_USE,2,55,0,0
SIM,2,0,1,1,56,1,4,1,2,1,40,17,400,1100,37
SIM_COVER_USE,2,56,0,0
SIM,2,0,1,1,57,0,3,1,1,1,40,17,1300,500,45
SIM_COVER_USE,2,57,0,0
SIM,2,0,1,1,58,1,3,0,1,0,40,17,1300,1500,43
SIM_COVER_USE,2,58,0,0
SIM,2,0,1,1,59,0,1,3,1,1,40,17,2200,100,45
SIM_COVER_USE,2,59,0,0
SIM,2,0,1,1,60,1,4,0,2,0,40,17,200,1100,20
SIM_COVER_USE,2,60,0,0
SIM,2,0,1,1,61,0,4,0,2,0,40,17,1000,500,45
SIM_COVER_USE,2,61,0,0
SIM,2,0,1,1,62,1,4,0,2,0,40,15,400,1500,33
SIM_COVER_USE,2,62,0,0
SIM,2,0,1,1,63,0,3,3,1,1,40,15,1300,100,45
SIM_COVER_USE,2,63,0,0
SIM,2,0,1,1,64,1,6,3,2,1,40,14,200,1000,33
SIM_COVER_USE,2,64,0,0
SIM,2,0,1,1,65,0,4,3,2,1,40,14,1000,400,45
SIM_COVER_USE,2,65,0,0
SIM,2,0,1,1,66,1,4,1,2,1,40,13,400,1300,36
SIM_COVER_USE,2,66,0,0
SIM,2,0,1,1,67,0,1,4,1,2,40,13,1300,200,45
SIM_COVER_USE,2,67,0,0
SIM,2,0,1,1,68,1,4,1,2,1,40,13,200,1100,30
SIM_COVER_USE,2,68,1,0
SIM,2,0,1,1,69,0,3,1,1,1,40,13,1100,500,45
SIM_COVER_USE,2,69,1,0
SIM,2,0,1,1,70,1,3,0,1,0,40,13,1100,1500,43
SIM_COVER_USE,2,70,1,0
SIM,2,0,1,1,71,0,2,3,1,1,40,13,2000,100,45
SIM_COVER_USE,2,71,1,0
SIM,2,0,1,1,72,1,16,3,1,1,40,13,1400,1000,43
SIM_COVER_USE,2,72,1,0
SIM,2,0,1,1,73,0,15,3,1,1,40,13,2300,400,45
SIM_COVER_USE,2,73,1,0
SIM,2,0,1,1,74,1,1,3,1,1,40,13,2600,1300,45
SIM_COVER_USE,2,74,1,0
SIM,2,0,1,1,75,0,0,6,0,2,39,13,3600,200,45
SIM_COVER_USE,2,75,0,0
SIM,2,0,1,1,76,1,3,4,1,2,39,13,100,1000,18
SIM_COVER_USE,2,76,0,0
SIM,2,0,1,1,77,0,1,4,1,2,38,13,1000,400,45
SIM_COVER_USE,2,77,0,0
SIM,2,0,1,1,78,1,1,3,1,1,38,13,400,1300,39
SIM_COVER_USE,2,78,0,0
SIM,2,0,1,1,79,0,0,6,0,2,37,13,1400,200,45
SIM_COVER_USE,2,79,0,0
SIM,2,0,1,1,80,1,14,6,0,2,37,13,800,1000,43
SIM_COVER_USE,2,80,0,0
SIM_END,2,0,1,1,80,0,0
SIM,3,0,1,2,1,0,6,0,1,0,40,40,1000,0,30
SIM_COVER_USE,3,1,0,0
SIM,3,0,1,2,2,1,20,0,1,0,40,40,400,1000,28
SIM_COVER_USE,3,2,0,0
SIM,3,0,1,2,3,0,20,3,1,1,39,40,1200,200,45
SIM_COVER_USE,3,3,0,0
SIM,3,0,1,2,4,1,9,0,2,0,39,39,100,1200,28
SIM_COVER_USE,3,4,0,0
SIM,3,0,1,2,5,0,9,0,2,0,39,39,800,300,45
SIM_COVER_USE,3,5,0,0
SIM,3,0,1,2,6,1,9,0,2,0,39,38,800,1300,43
SIM_COVER_USE,3,6,0,0
SIM,3,0,1,2,7,0,7,3,2,1,39,38,1500,200,45
SIM_COVER_USE,3,7,0,0
SIM,3,0,1,2,8,1,7,3,2,1,39,38,1500,1100,31
SIM_COVER_USE,3,8,0,0
SIM,3,0,1,2,9,0,6,3,1,1,39,38,2300,500,45
SIM_COVER_USE,3,9,0,0
SIM,3,0,1,2,10,1,6,0,1,0,39,38,2300,1500,43
SIM_COVER_USE,3,10,0,0
SIM,3,0,1,2,11,0,4,3,1,1,39,38,3100,100,45
SIM_COVER_USE,3,11,0,0
SIM,3,0,1,2,12,1,4,0,1,0,39,38,3100,1100,43
SIM_COVER_USE,3,12,0,0
SIM,3,0,1,2,13,0,4,0,1,0,39,38,3900,500,45
SIM_COVER_USE,3,13,0,0
SIM,3,0,1,2,14,1,7,0,2,0,39,36,100,1500,2
SIM_COVER_USE,3,14,0,0
SIM,3,0,1,2,15,0,5,3,2,1,39,36,800,100,32
SIM_COVER_USE,3,15,0,0
SIM,3,0,1,2,16,1,5,0,2,0,39,35,500,1100,22
SIM_COVER_USE,3,16,1,0
SIM,3,0,1,2,17,0,5,0,2,0,39,35,1200,500,45
SIM_COVER_USE,3,17,1,0
SIM,3,0,1,2,18,1,8,0,3,0,39,32,100,1500,20
SIM_COVER_USE,3,18,0,0
SIM,3,0,1,2,19,0,7,3,2,1,39,32,800,100,45
SIM_COVER_USE,3,19,0,0
SIM,3,0,1,2,20,1,7,0,2,0,39,31,500,1100,35
SIM_COVER_USE,3,20,0,0
SIM,3,0,1,2,21,0,7,0,2,0,39,31,1200,500,45
SIM_COVER_USE,3,21,0,0
SIM,3,0,1,2,22,1,10,0,3,0,39,28,100,1500,28
SIM_COVER_USE,3,22,0,0
SIM,3,0,1,2,23,0,8,3,3,1,39,28,700,100,45
SIM_COVER_USE,3,23,0,0
SIM,3,0,1,2,24,1,8,0,3,0,39,26,400,1100,37
SIM_COVER_USE,3,24,0,0
SIM,3,0,1,2,25,0,8,0,3,0,39,26,1000,500,45
SIM_COVER_USE,3,25,0,0
SIM,3,0,1,2,26,1,11,0,4,0,39,23,200,1500,31
SIM_COVER_USE,3,26,0,0
SIM,3,0,1,2,27,0,9,3,3,1,39,23,900,100,45
SIM_COVER_USE,3,27,0,0
SIM,3,0,1,2,28,1,9,3,3,1,39,20,300,1000,32
SIM_COVER_USE,3,28,0,0
SIM,3,0,1,2,29,0,7,3,3,1,39,20,1000,400,45
SIM_COVER_USE,3,29,0,0
SIM,3,0,1,2,30,1,10,1,4,1,39,17,200,1300,24
SIM_COVER_USE,3,30,1,0
SIM,3,0,1,2,31,0,7,4,3,2,39,17,900,200,45
SIM_COVER_USE,3,31,1,0
SIM,3,0,1,2,32,1,7,3,3,1,39,15,300,1100,35
SIM_COVER_USE,3,32,1,0
SIM,3,0,1,2,33,0,6,3,2,1,39,15,1100,500,45
SIM_COVER_USE,3,33,1,0
SIM,3,0,1,2,34,1,9,0,3,0,39,14,300,1500,30
SIM_COVER_USE,3,34,1,0
SIM,3,0,1,2,35,0,8,3,3,1,39,14,1000,100,45
SIM_COVER_USE,3,35,1,0
SIM,3,0,1,2,36,1,8,0,3,0,39,13,400,1100,33
SIM_COVER_USE,3,36,1,0
SIM,3,0,1,2,37,0,8,0,3,0,39,13,1100,500,45
SIM_COVER_USE,3,37,1,0
SIM,3,0,1,2,38,1,8,0,3,0,39,12,1100,1500,43
SIM_COVER_USE,3,38,1,0
SIM,3,0,1,2,39,0,6,3,3,1,39,12,1800,100,45
SIM_COVER_USE,3,39,1,0
SIM,3,0,1,2,40,1,9,0,4,0,39,10,100,1100,14
SIM_COVER_USE,3,40,1,0
SIM,3,0,1,2,41,0,9,0,4,0,39,10,700,500,44
SIM_COVER_USE,3,41,1,0
SIM,3,0,1,2,42,1,9,0,4,0,39,6,400,1500,30
SIM_COVER_USE,3,42,0,0
SIM,3,0,1,2,43,0,8,3,3,1,39,6,1100,400,45
SIM_COVER_USE,3,43,0,0
SIM,3,0,1,2,44,1,11,3,4,1,39,2,300,1300,24
SIM_COVER_USE,3,44,0,0
SIM,3,0,1,2,45,0,9,3,3,1,39,2,1000,400,45
SIM_COVER_USE,3,45,0,0
SIM_END,3,0,1,2,45,0,0
SIM,4,0,1,3,1,0,6,0,1,0,40,40,1000,0,30
SIM_COVER_USE,4,1,1,0
SIM,4,0,1,3,2,1,9,0,2,0,40,39,200,1000,19
SIM_COVER_USE,4,2,1,0
SIM,4,0,1,3,3,0,7,3,2,1,40,39,900,200,45
SIM_COVER_USE,4,3,1,0
SIM,4,0,1,3,4,1,7,3,2,1,40,39,900,1100,35
SIM_COVER_USE,4,4,0,0
SIM,4,0,1,3,5,0,6,3,1,1,40,39,1700,500,45
SIM_COVER_USE,4,5,0,0
SIM,4,0,1,3,6,1,6,0,1,0,40,39,1700,1500,43
SIM_COVER_USE,4,6,0,0
SIM,4,0,1,3,7,0,4,3,1,1,40,39,2500,100,45
SIM_COVER_USE,4,7,0,0
SIM,4,0,1,3,8,1,7,0,2,0,40,38,200,1100,22
SIM_COVER_USE,4,8,0,0
SIM,4,0,1,3,9,0,7,0,2,0,40,38,900,500,45
SIM_COVER_USE,4,9,0,0
SIM,4,0,1,3,10,1,7,0,2,0,40,37,300,1500,35
SIM_COVER_USE,4,10,0,0
SIM,4,0,1,3,11,0,5,3,2,1,40,37,1000,100,45
SIM_COVER_USE,4,11,0,0
SIM,4,0,1,3,12,1,8,0,3,0,40,36,200,1100,31
SIM_COVER_USE,4,12,0,0
SIM,4,0,1,3,13,0,8,0,3,0,40,36,800,500,45
SIM_COVER_USE,4,13,0,0
SIM,4,0,1,3,14,1,8,0,3,0,40,35,800,1500,43
SIM_COVER_USE,4,14,0,0
SIM,4,0,1,3,15,0,7,3,2,1,40,35,1500,100,45
SIM_COVER_USE,4,15,0,0
SIM,4,0,1,3,16,1,7,0,2,0,40,35,1500,1100,43
SIM_COVER_USE,4,16,0,0
SIM,4,0,1,3,17,0,7,0,2,0,40,35,2200,500,45
SIM_COVER_USE,4,17,0,0
SIM,4,0,1,3,18,1,10,0,3,0,40,33,200,1500,20
SIM_COVER_USE,4,18,0,0
SIM,4,0,1,3,19,0,8,3,3,1,40,33,800,100,45
SIM_COVER_USE,4,19,0,0
SIM,4,0,1,3,20,1,8,0,3,0,40,33,800,1100,43
SIM_COVER_USE,4,20,0,0
SIM,4,0,1,3,21,0,8,0,3,0,40,33,1400,500,45
SIM_COVER_USE,4,21,0,0
SIM,4,0,1,3,22,1,11,0,4,0,40,30,300,1500,26
SIM_COVER_USE,4,22,0,0
SIM,4,0,1,3,23,0,9,3,3,1,40,30,1000,100,45
SIM_COVER_USE,4,23,0,0
SIM,4,0,1,3,24,1,9,3,3,1,40,29,1000,1000,43
SIM_COVER_USE,4,24,0,0
SIM,4,0,1,3,25,0,7,3,3,1,40,29,1700,400,45
SIM_COVER_USE,4,25,0,0
SIM,4,0,1,3,26,1,7,3,3,1,40,28,1700,1300,43
SIM_COVER_USE,4,26,0,0
SIM,4,0,1,3,27,0,4,6,2,2,40,28,2500,200,45
SIM_COVER_USE,4,27,0,0
SIM,4,0,1,3,28,1,7,3,3,1,40,27,200,1100,14
SIM_COVER_USE,4,28,0,0
SIM,4,0,1,3,29,0,6,3,2,1,40,27,1000,500,44
SIM_COVER_USE,4,29,0,0
SIM,4,0,1,3,30,1,6,3,2,1,40,26,1000,1400,42
SIM_COVER_USE,4,30,0,0
SIM,4,0,1,3,31,0,3,6,1,2,40,26,1900,300,45
SIM_COVER_USE,4,31,0,0
SIM,4,0,1,3,32,1,6,4,2,2,40,25,200,1100,26
SIM_COVER_USE,4,32,0,0
SIM,4,0,1,3,33,0,3,4,1,2,40,25,1100,500,45
SIM_COVER_USE,4,33,0,0
SIM,4,0,1,3,34,1,3,3,1,1,40,25,500,1400,38
SIM_COVER_USE,4,34,0,0
SIM,4,0,1,3,35,0,0,6,0,2,40,25,1500,300,45
SIM_COVER_USE,4,35,0,0
SIM,4,0,1,3,36,1,3,4,1,2,40,25,100,1100,30
SIM_COVER_USE,4,36,0,0
SIM,4,0,1,3,37,0,0,4,0,2,40,25,1100,500,45
SIM_COVER_USE,4,37,0,0
SIM,4,0,1,3,38,1,14,4,0,2,40,25,500,1300,43
SIM_COVER_USE,4,38,0,0
SIM,4,0,1,3,39,0,14,7,0,3,39,25,1500,200,45
SIM_COVER_USE,4,39,0,0
SIM,4,0,1,3,40,1,3,6,1,2,39,25,100,1000,26
SIM_COVER_USE,4,40,0,0
SIM,4,0,1,3,41,0,1,6,1,2,38,25,1000,400,45
SIM_COVER_USE,4,41,0,0
SIM,4,0,1,3,42,1,1,4,1,2,38,25,400,1200,39
SIM_COVER_USE,4,42,0,0
SIM,4,0,1,3,43,0,0,7,0,3,36,25,1400,100,45
SIM_COVER_USE,4,43,0,0
SIM,4,0,1,3,44,1,3,6,1,2,36,25,300,900,33
SIM_COVER_USE,4,44,0,0
SIM,4,0,1,3,45,0,3,6,1,2,34,25,1200,300,45
SIM_COVER_USE,4,45,0,0
SIM,4,0,1,3,46,1,17,6,1,2,34,25,600,1100,43
SIM_COVER_USE,4,46,0,0
SIM,4,0,1,3,47,0,15,9,1,3,32,25,1500,300,45
SIM_COVER_USE,4,47,0,1
SIM,4,0,1,3,48,1,6,6,2,2,32,25,100,1100,27
SIM_COVER_USE,4,48,0,1
SIM,4,0,1,3,49,0,4,6,2,2,31,25,900,500,45
SIM_COVER_USE,4,49,0,0
SIM,4,0,1,3,50,1,4,3,2,1,31,25,300,1400,35
SIM_COVER_USE,4,50,0,0
SIM,4,0,1,3,51,0,1,6,1,2,31,25,1200,300,45
SIM_COVER_USE,4,51,0,0
SIM,4,0,1,3,52,1,4,3,2,1,31,25,100,1200,30
SIM_COVER_USE,4,52,1,0
SIM,4,0,1,3,53,0,3,3,1,1,31,25,1000,300,45
SIM_COVER_USE,4,53,1,0
SIM,4,0,1,3,54,1,3,3,1,1,31,25,1000,1200,44
SIM_COVER_USE,4,54,1,0
SIM,4,0,1,3,55,0,2,6,1,2,30,25,1900,100,45
SIM_COVER_USE,4,55,1,1
SIM,4,0,1,3,56,1,16,6,1,2,30,25,1300,900,43
SIM_COVER_USE,4,56,1,1
SIM,4,0,1,3,57,0,15,6,1,2,29,25,2200,300,45
SIM_COVER_USE,4,57,1,1
SIM,4,0,1,3,58,1,4,3,2,2,29,25,200,1100,24
SIM_COVER_USE,4,58,1,1
SIM,4,0,1,3,59,0,1,6,1,3,28,25,1100,300,45
SIM_COVER_USE,4,59,0,1
SIM,4,0,1,3,60,1,1,5,1,2,28,25,1100,1100,43
SIM_COVER_USE,4,60,0,1
SIM,4,0,1,3,61,0,0,5,0,2,27,25,2100,500,45
SIM_COVER_USE,4,61,0,0
SIM,4,0,1,3,62,1,3,3,1,1,27,25,100,1400,28
SIM_COVER_USE,4,62,0,0
SIM,4,0,1,3,63,0,0,6,0,2,27,25,1100,300,45
SIM_COVER_USE,4,63,0,0
SIM,4,0,1,3,64,1,0,6,0,2,27,25,500,1100,41
SIM_COVER_USE,4,64,0,0
SIM,4,0,1,3,65,0,0,6,0,2,25,25,1500,500,45
SIM_COVER_USE,4,65,0,0
SIM,4,0,1,3,66,1,3,4,1,2,25,25,100,1300,34
SIM_COVER_USE,4,66,0,0
SIM,4,0,1,3,67,0,3,7,1,3,23,25,1000,200,45
SIM_COVER_USE,4,67,0,0
SIM,4,0,1,3,68,1,3,6,1,2,23,25,400,1000,39
SIM_COVER_USE,4,68,0,0
SIM,4,0,1,3,69,0,3,6,1,2,21,25,1300,400,45
SIM_COVER_USE,4,69,0,0
SIM,4,0,1,3,70,1,6,3,2,1,21,25,200,1300,34
SIM_COVER_USE,4,70,0,0
SIM,4,0,1,3,71,0,6,6,2,2,20,25,1000,200,45
SIM_COVER_USE,4,71,0,0
SIM,4,0,1,3,72,1,6,6,2,2,20,25,1000,1000,44
SIM_COVER_USE,4,72,1,0
SIM,4,0,1,3,73,0,6,6,2,2,18,25,1800,400,45
SIM_COVER_USE,4,73,1,0
SIM,4,0,1,3,74,1,9,1,3,1,18,25,100,1300,23
SIM_COVER_USE,4,74,0,0
SIM,4,0,1,3,75,0,7,4,3,2,17,25,800,200,45
SIM_COVER_USE,4,75,0,0
SIM,4,0,1,3,76,1,7,0,3,0,17,25,500,1200,33
SIM_COVER_USE,4,76,0,0
SIM,4,0,1,3,77,0,7,0,3,0,17,25,1200,300,45
SIM_COVER_USE,4,77,0,0
SIM,4,0,1,3,78,1,10,0,4,0,17,22,100,1300,9
SIM_COVER_USE,4,78,0,0
SIM,4,0,1,3,79,0,9,3,3,1,17,22,800,200,39
SIM_COVER_USE,4,79,0,0
SIM,4,0,1,3,80,1,9,3,3,1,17,19,500,1100,28
SIM_COVER_USE,4,80,0,0
SIM_END,4,0,1,3,80,1,0
SIM,5,0,1,4,1,0,6,0,1,0,40,40,1000,0,30
SIM_COVER_USE,5,1,1,0
SIM,5,0,1,4,2,1,20,0,1,0,40,40,400,1000,28
SIM_COVER_USE,5,2,1,0
SIM,5,0,1,4,3,0,20,3,1,1,40,40,1200,200,45
SIM_COVER_USE,5,3,1,1
SIM,5,0,1,4,4,1,9,0,2,0,40,40,100,1200,28
SIM_COVER_USE,5,4,1,0
SIM,5,0,1,4,5,0,9,0,2,0,40,40,800,300,45
SIM_COVER_USE,5,5,1,0
SIM,5,0,1,4,6,1,9,0,2,0,40,39,500,1300,37
SIM_COVER_USE,5,6,1,0
SIM,5,0,1,4,7,0,7,3,2,1,40,39,1200,200,45
SIM_COVER_USE,5,7,1,0
SIM,5,0,1,4,8,1,10,0,3,0,40,37,100,1200,6
SIM_COVER_USE,5,8,0,0
SIM,5,0,1,4,9,0,10,0,3,0,40,37,700,300,36
SIM_COVER_USE,5,9,0,0
SIM,5,0,1,4,10,1,10,0,3,0,40,35,400,1300,26
SIM_COVER_USE,5,10,0,0
SIM,5,0,1,4,11,0,9,3,2,1,40,35,1100,200,45
SIM_COVER_USE,5,11,0,0
SIM,5,0,1,4,12,1,9,3,2,1,40,35,1100,1100,43
SIM_COVER_USE,5,12,0,0
SIM,5,0,1,4,13,0,7,3,2,1,40,35,1800,500,45
SIM_COVER_USE,5,13,0,0
SIM,5,0,1,4,14,1,10,0,3,0,40,33,100,1500,20
SIM_COVER_USE,5,14,0,0
SIM,5,0,1,4,15,0,9,3,2,1,40,33,800,100,45
SIM_COVER_USE,5,15,0,0
SIM,5,0,1,4,16,1,9,3,2,1,40,33,800,1000,41
SIM_COVER_USE,5,16,0,0
SIM,5,0,1,4,17,0,7,3,2,1,40,33,1500,400,45
SIM_COVER_USE,5,17,0,0
SIM,5,0,1,4,18,1,10,0,3,0,40,31,100,1400,26
SIM_COVER_USE,5,18,0,0
SIM,5,0,1,4,19,0,8,3,3,1,40,31,700,300,45
SIM_COVER_USE,5,19,0,0
SIM,5,0,1,4,20,1,8,0,3,0,40,31,700,1300,43
SIM_COVER_USE,5,20,0,0
SIM,5,0,1,4,21,0,8,0,3,0,40,31,1300,400,45
SIM_COVER_USE,5,21,0,0
SIM,5,0,1,4,22,1,11,0,4,0,40,28,200,1400,29
SIM_COVER_USE,5,22,0,0
SIM,5,0,1,4,23,0,9,3,3,1,40,28,900,300,45
SIM_COVER_USE,5,23,0,0
SIM,5,0,1,4,24,1,9,3,3,1,40,27,900,1200,43
SIM_COVER_USE,5,24,0,0
SIM,5,0,1,4,25,0,7,3,3,1,40,27,1600,300,45
SIM_COVER_USE,5,25,0,0
SIM,5,0,1,4,26,1,7,3,3,1,40,26,1600,1200,43
SIM_COVER_USE,5,26,0,0
SIM,5,0,1,4,27,0,4,6,2,2,40,26,2400,100,45
SIM_COVER_USE,5,27,0,0
SIM,5,0,1,4,28,1,4,6,2,2,40,25,2400,900,43
SIM_COVER_USE,5,28,0,0
SIM,5,0,1,4,29,0,1,6,1,2,40,25,3300,300,45
SIM_COVER_USE,5,29,0,0
SIM,5,0,1,4,30,1,4,4,2,2,40,24,100,1100,16
SIM_COVER_USE,5,30,0,0
SIM,5,0,1,4,31,0,0,7,0,3,40,24,1100,300,45
SIM_COVER_USE,5,31,0,0
SIM,5,0,1,4,32,1,14,7,0,3,40,24,500,1000,43
SIM_COVER_USE,5,32,0,0
SIM,5,0,1,4,33,0,14,7,0,3,39,24,1500,400,45
SIM_COVER_USE,5,33,0,0
SIM,5,0,1,4,34,1,3,6,1,2,39,24,100,1200,29
SIM_COVER_USE,5,34,0,0
SIM,5,0,1,4,35,0,0,9,0,3,38,24,1100,100,45
SIM_COVER_USE,5,35,0,0
SIM,5,0,1,4,36,1,14,9,0,3,38,24,500,800,43
SIM_COVER_USE,5,36,0,0
SIM,5,0,1,4,37,0,12,9,0,3,36,24,1500,500,45
SIM_COVER_USE,5,37,0,0
SIM,5,0,1,4,38,1,3,7,1,3,36,24,100,1200,31
SIM_COVER_USE,5,38,0,0
SIM,5,0,1,4,39,0,0,10,0,4,34,24,1100,100,45
SIM_COVER_USE,5,39,0,0
SIM,5,0,1,4,40,1,14,10,0,4,34,24,500,700,43
SIM_COVER_USE,5,40,0,0
SIM,5,0,1,4,41,0,10,10,0,4,32,24,1500,400,45
SIM_COVER_USE,5,41,0,0
SIM,5,0,1,4,42,1,0,10,0,4,32,24,1800,1000,45
SIM_COVER_USE,5,42,0,0
SIM,5,0,1,4,43,0,0,10,0,4,28,24,2800,400,45
SIM_COVER_USE,5,43,0,0
SIM,5,0,1,4,44,1,3,10,1,4,28,24,2600,1000,44
SIM_COVER_USE,5,44,0,0
SIM,5,0,1,4,45,0,3,10,1,4,24,24,3500,400,45
SIM_COVER_USE,5,45,0,0
SIM,5,0,1,4,46,1,3,9,1,3,24,24,500,1100,23
SIM_COVER_USE,5,46,0,0
SIM,5,0,1,4,47,0,3,12,1,4,20,24,1400,300,45
SIM_COVER_USE,5,47,0,0
SIM,5,0,1,4,48,1,17,12,1,4,20,24,800,900,43
SIM_COVER_USE,5,48,0,0
SIM,5,0,1,4,49,0,17,12,1,4,16,24,1700,300,45
SIM_COVER_USE,5,49,0,0
SIM,5,0,1,4,50,1,6,9,2,3,16,24,300,1000,30
SIM_COVER_USE,5,50,0,0
SIM,5,0,1,4,51,0,6,12,2,4,12,24,1100,200,45
SIM_COVER_USE,5,51,0,0
SIM,5,0,1,4,52,1,6,9,2,3,12,24,500,900,37
SIM_COVER_USE,5,52,0,0
SIM,5,0,1,4,53,0,6,9,2,3,9,24,1300,300,45
SIM_COVER_USE,5,53,0,0
SIM,5,0,1,4,54,1,6,9,2,3,9,24,1300,1000,44
SIM_COVER_USE,5,54,1,0
SIM,5,0,1,4,55,0,6,12,2,4,5,24,2100,200,45
SIM_COVER_USE,5,55,1,0
SIM,5,0,1,4,56,1,9,7,3,3,5,24,100,900,21
SIM_COVER_USE,5,56,0,0
SIM,5,0,1,4,57,0,9,7,3,3,2,24,800,300,45
SIM_COVER_USE,5,57,0,0
SIM,5,0,1,4,58,1,9,3,3,1,2,24,500,1200,29
SIM_COVER_USE,5,58,0,0
SIM_END,5,0,1,4,58,1,0
SIM,6,0,1,5,1,0,6,0,1,0,40,40,1000,0,30
SIM_COVER_USE,6,1,0,0
SIM,6,0,1,5,2,1,20,0,1,0,40,40,400,1000,28
SIM_COVER_USE,6,2,0,0
SIM,6,0,1,5,3,0,20,3,1,1,39,40,1200,200,45
SIM_COVER_USE,6,3,0,0
SIM,6,0,1,5,4,1,9,0,2,0,39,39,100,1200,26
SIM_COVER_USE,6,4,1,0
SIM,6,0,1,5,5,0,9,0,2,0,39,39,800,300,45
SIM_COVER_USE,6,5,1,0
SIM,6,0,1,5,6,1,9,0,2,0,39,38,800,1300,43
SIM_COVER_USE,6,6,1,0
SIM,6,0,1,5,7,0,7,3,2,1,39,38,1500,200,45
SIM_COVER_USE,6,7,1,0
SIM,6,0,1,5,8,1,10,0,3,0,39,36,100,1200,12
SIM_COVER_USE,6,8,0,0
SIM,6,0,1,5,9,0,10,0,3,0,39,36,700,300,42
SIM_COVER_USE,6,9,0,0
SIM,6,0,1,5,10,1,10,0,3,0,39,35,700,1300,40
SIM_COVER_USE,6,10,0,0
SIM,6,0,1,5,11,0,9,3,2,1,39,35,1400,200,45
SIM_COVER_USE,6,11,0,0
SIM,6,0,1,5,12,1,12,0,3,0,39,33,300,1200,28
SIM_COVER_USE,6,12,0,0
SIM,6,0,1,5,13,0,12,0,3,0,39,33,900,300,45
SIM_COVER_USE,6,13,0,0
SIM,6,0,1,5,14,1,12,0,3,0,39,31,300,1300,33
SIM_COVER_USE,6,14,0,0
SIM,6,0,1,5,15,0,10,3,3,1,39,31,900,200,45
SIM_COVER_USE,6,15,0,0
SIM,6,0,1,5,16,1,13,0,4,0,39,28,100,1200,20
SIM_COVER_USE,6,16,0,0
SIM,6,0,1,5,17,0,13,0,4,0,39,28,600,300,45
SIM_COVER_USE,6,17,0,0
SIM,6,0,1,5,18,1,13,0,4,0,39,25,300,1300,33
SIM_COVER_USE,6,18,0,0
SIM,6,0,1,5,19,0,12,3,3,1,39,25,900,200,45
SIM_COVER_USE,6,19,0,0
SIM,6,0,1,5,20,1,12,3,3,1,39,25,900,1100,41
SIM_COVER_USE,6,20,0,0
SIM,6,0,1,5,21,0,10,3,3,1,39,25,1500,500,45
SIM_COVER_USE,6,21,0,1
SIM,6,0,1,5,22,1,10,3,3,1,39,24,1500,1400,43
SIM_COVER_USE,6,22,0,1
SIM,6,0,1,5,23,0,6,6,2,2,39,24,2300,300,45
SIM_COVER_USE,6,23,0,1
SIM,6,0,1,5,24,1,6,6,2,2,39,23,2300,1100,43
SIM_COVER_USE,6,24,0,1
SIM,6,0,1,5,25,0,3,6,1,2,39,23,3200,500,45
SIM_COVER_USE,6,25,0,0
SIM,6,0,1,5,26,1,6,4,2,2,39,22,300,1300,18
SIM_COVER_USE,6,26,0,0
SIM,6,0,1,5,27,0,1,7,1,3,39,22,1200,200,45
SIM_COVER_USE,6,27,0,0
SIM,6,0,1,5,28,1,1,7,1,3,39,22,1200,900,41
SIM_COVER_USE,6,28,0,0
SIM,6,0,1,5,29,0,0,7,0,3,38,22,2200,300,45
SIM_COVER_USE,6,29,0,0
SIM,6,0,1,5,30,1,3,6,1,2,38,22,200,1100,22
SIM_COVER_USE,6,30,0,0
SIM,6,0,1,5,31,0,0,9,0,3,37,22,1200,300,45
SIM_COVER_USE,6,31,0,0
SIM,6,0,1,5,32,1,0,9,0,3,37,22,300,1000,39
SIM_COVER_USE,6,32,0,0
SIM,6,0,1,5,33,0,0,9,0,3,35,22,1300,400,45
SIM_COVER_USE,6,33,0,0
SIM,6,0,1,5,34,1,3,7,1,3,35,22,200,1100,36
SIM_COVER_USE,6,34,0,0
SIM,6,0,1,5,35,0,1,10,1,4,32,22,1100,300,45
SIM_COVER_USE,6,35,0,1
SIM,6,0,1,5,36,1,1,9,1,3,32,22,500,1000,39
SIM_COVER_USE,6,36,0,1
SIM,6,0,1,5,37,0,0,9,0,3,30,22,1500,400,45
SIM_COVER_USE,6,37,0,1
SIM,6,0,1,5,38,1,3,8,1,3,30,22,100,1100,34
SIM_COVER_USE,6,38,0,1
SIM,6,0,1,5,39,0,0,11,0,4,28,22,1100,300,45
SIM_COVER_USE,6,39,0,1
SIM,6,0,1,5,40,1,0,11,0,4,28,22,500,900,41
SIM_COVER_USE,6,40,0,1
SIM,6,0,1,5,41,0,0,11,0,4,24,22,1500,300,45
SIM_COVER_USE,6,41,0,0
SIM,6,0,1,5,42,1,3,11,1,4,24,22,1300,900,44
SIM_COVER_USE,6,42,0,0
SIM,6,0,1,5,43,0,3,11,1,4,20,22,2200,300,45
SIM_COVER_USE,6,43,0,0
SIM,6,0,1,5,44,1,3,9,1,3,20,22,400,1000,29
SIM_COVER_USE,6,44,0,0
SIM,6,0,1,5,45,0,3,12,1,4,17,22,1300,200,45
SIM_COVER_USE,6,45,0,0
SIM,6,0,1,5,46,1,17,12,1,4,17,22,700,800,43
SIM_COVER_USE,6,46,0,0
SIM,6,0,1,5,47,0,17,12,1,4,13,22,1600,500,45
SIM_COVER_USE,6,47,0,0
SIM,6,0,1,5,48,1,6,9,2,3,13,22,200,1200,30
SIM_COVER_USE,6,48,0,0
SIM,6,0,1,5,49,0,6,12,2,4,9,22,1000,100,45
SIM_COVER_USE,6,49,0,0
SIM,6,0,1,5,50,1,20,12,2,4,9,22,400,700,43
SIM_COVER_USE,6,50,0,0
SIM,6,0,1,5,51,0,20,12,2,4,5,22,1200,400,45
SIM_COVER_USE,6,51,0,0
SIM,6,0,1,5,52,1,6,12,2,4,5,22,1500,1000,45
SIM_COVER_USE,6,52,0,0
SIM,6,0,1,5,53,0,6,12,2,4,1,22,2300,400,45
SIM_COVER_USE,6,53,0,0
SIM,6,0,1,5,54,1,9,7,3,3,1,22,300,1100,25
SIM_COVER_USE,6,54,0,0
SIM_END,6,0,1,5,54,1,0
SIM,7,0,1,6,1,0,6,0,1,0,40,40,1000,0,30
SIM_COVER_USE,7,1,0,0
SIM,7,0,1,6,2,1,9,0,2,0,40,39,200,1000,1
SIM_COVER_USE,7,2,1,0
SIM,7,0,1,6,3,0,7,3,2,1,40,39,900,200,31
SIM_COVER_USE,7,3,1,0
SIM,7,0,1,6,4,1,7,3,2,1,40,39,900,1100,21
SIM_COVER_USE,7,4,0,0
SIM,7,0,1,6,5,0,6,3,1,1,40,39,1700,500,45
SIM_COVER_USE,7,5,0,0
SIM,7,0,1,6,6,1,9,0,2,0,40,38,300,1500,28
SIM_COVER_USE,7,6,0,0
SIM,7,0,1,6,7,0,7,3,2,1,40,38,1000,100,45
SIM_COVER_USE,7,7,0,0
SIM,7,0,1,6,8,1,7,0,2,0,40,37,400,1100,37
SIM_COVER_USE,7,8,0,0
SIM,7,0,1,6,9,0,7,0,2,0,40,37,1100,500,45
SIM_COVER_USE,7,9,0,0
SIM,7,0,1,6,10,1,10,0,3,0,40,36,300,1500,36
SIM_COVER_USE,7,10,0,0
SIM,7,0,1,6,11,0,9,3,2,1,40,36,1000,100,45
SIM_COVER_USE,7,11,0,0
SIM,7,0,1,6,12,1,9,0,2,0,40,36,400,1100,34
SIM_COVER_USE,7,12,0,0
SIM,7,0,1,6,13,0,9,0,2,0,40,36,1100,500,45
SIM_COVER_USE,7,13,0,0
SIM,7,0,1,6,14,1,12,0,3,0,40,34,300,1500,30
SIM_COVER_USE,7,14,0,0
SIM,7,0,1,6,15,0,10,3,3,1,40,34,900,100,45
SIM_COVER_USE,7,15,0,0
SIM,7,0,1,6,16,1,10,0,3,0,40,32,300,1100,30
SIM_COVER_USE,7,16,1,0
SIM,7,0,1,6,17,0,10,0,3,0,40,32,900,500,45
SIM_COVER_USE,7,17,1,0
SIM,7,0,1,6,18,1,13,0,4,0,40,29,100,1500,24
SIM_COVER_USE,7,18,0,0
SIM,7,0,1,6,19,0,12,3,3,1,40,29,700,100,45
SIM_COVER_USE,7,19,0,0
SIM,7,0,1,6,20,1,12,0,3,0,40,27,400,1100,35
SIM_COVER_USE,7,20,0,0
SIM,7,0,1,6,21,0,12,0,3,0,40,27,1000,500,45
SIM_COVER_USE,7,21,0,0
SIM,7,0,1,6,22,1,15,0,4,0,40,24,200,1500,31
SIM_COVER_USE,7,22,0,0
SIM,7,0,1,6,23,0,13,3,4,1,40,24,700,100,45
SIM_COVER_USE,7,23,0,0
SIM,7,0,1,6,24,1,13,0,4,0,40,21,400,1100,29
SIM_COVER_USE,7,24,0,0
SIM,7,0,1,6,25,0,13,0,4,0,40,21,900,1100,45
SIM_COVER_USE,7,25,0,0
SIM,7,0,1,6,26,1,13,0,4,0,40,20,900,2100,43
SIM_COVER_USE,7,26,0,0
SIM,7,0,1,6,27,0,11,3,4,1,40,20,1400,400,45
SIM_COVER_USE,7,27,0,0
SIM,7,0,1,6,28,1,11,0,4,0,40,17,500,1400,31
SIM_COVER_USE,7,28,0,0
SIM,7,0,1,6,29,0,11,0,4,0,40,17,1000,1400,45
SIM_COVER_USE,7,29,0,0
SIM,7,0,1,6,30,1,11,0,4,0,40,13,400,2400,33
SIM_COVER_USE,7,30,0,0
SIM,7,0,1,6,31,0,9,3,3,1,40,13,1100,400,45
SIM_COVER_USE,7,31,0,0
SIM,7,0,1,6,32,1,12,3,4,1,40,9,300,1300,24
SIM_COVER_USE,7,32,0,0
SIM,7,0,1,6,33,0,10,3,4,1,40,9,900,400,45
SIM_COVER_USE,7,33,0,0
SIM,7,0,1,6,34,1,10,3,4,1,40,5,300,1300,33
SIM_COVER_USE,7,34,0,0
SIM,7,0,1,6,35,0,7,6,3,2,40,5,1000,200,45
SIM_COVER_USE,7,35,0,0
SIM,7,0,1,6,36,1,10,4,4,2,40,2,200,1000,28
SIM_COVER_USE,7,36,0,0
SIM,7,0,1,6,37,0,7,4,3,2,40,2,900,400,45
SIM_COVER_USE,7,37,0,0
SIM_END,7,0,1,6,37,0,0
SIM,8,1,1,0,1,0,0,6,0,1,40,40,1000,0,30
SIM_COVER_USE,8,1,0,0
SIM,8,1,1,0,2,1,3,4,1,1,40,40,200,800,19
SIM_COVER_USE,8,2,0,0
SIM,8,1,1,0,3,0,0,7,0,2,39,40,1200,300,45
SIM_COVER_USE,8,3,0,0
SIM,8,1,1,0,4,1,0,7,0,2,39,40,300,1000,39
SIM_COVER_USE,8,4,0,0
SIM,8,1,1,0,5,0,0,7,0,2,38,40,1300,400,45
SIM_COVER_USE,8,5,0,0
SIM,8,1,1,0,6,1,3,5,1,2,38,40,200,1100,34
SIM_COVER_USE,8,6,0,0
SIM,8,1,1,0,7,0,0,8,0,3,37,40,1200,300,45
SIM_COVER_USE,8,7,0,0
SIM,8,1,1,0,8,1,0,8,0,3,37,40,300,900,39
SIM_COVER_USE,8,8,0,0
SIM,8,1,1,0,9,0,0,8,0,3,34,40,1300,300,45
SIM_COVER_USE,8,9,0,0
SIM,8,1,1,0,10,1,3,7,1,2,34,40,200,1000,34
SIM_COVER_USE,8,10,0,0
SIM,8,1,1,0,11,0,0,10,0,3,32,40,1200,200,45
SIM_COVER_USE,8,11,0,0
SIM,8,1,1,0,12,1,0,10,0,3,32,40,300,800,39
SIM_COVER_USE,8,12,0,0
SIM,8,1,1,0,13,0,0,10,0,3,29,40,1300,500,45
SIM_COVER_USE,8,13,0,0
SIM,8,1,1,0,14,1,3,8,1,3,29,40,200,1100,36
SIM_COVER_USE,8,14,0,0
SIM,8,1,1,0,15,0,0,8,0,3,29,40,1200,1100,45
SIM_COVER_USE,8,15,0,0
SIM,8,1,1,0,16,1,0,8,0,3,29,40,300,1700,39
SIM_COVER_USE,8,16,0,0
SIM,8,1,1,0,17,0,0,11,0,4,26,40,1300,300,45
SIM_COVER_USE,8,17,0,0
SIM,8,1,1,0,18,1,3,9,1,3,26,40,200,1000,36
SIM_COVER_USE,8,18,0,0
SIM,8,1,1,0,19,0,3,9,1,3,23,40,1100,400,45
SIM_COVER_USE,8,19,0,0
SIM,8,1,1,0,20,1,3,7,1,3,23,40,500,1100,39
SIM_COVER_USE,8,20,0,0
SIM,8,1,1,0,21,0,1,10,1,4,20,40,1400,300,45
SIM_COVER_USE,8,21,0,1
SIM,8,1,1,0,22,1,4,7,2,3,20,40,300,1000,32
SIM_COVER_USE,8,22,0,1
SIM,8,1,1,0,23,0,3,7,1,3,18,40,1200,400,45
SIM_COVER_USE,8,23,0,1
SIM,8,1,1,0,24,1,3,6,1,2,18,40,300,1200,37
SIM_COVER_USE,8,24,0,1
SIM,8,1,1,0,25,0,3,9,1,3,15,40,1200,100,45
SIM_COVER_USE,8,25,0,0
SIM,8,1,1,0,26,1,6,6,2,2,15,40,100,900,26
SIM_COVER_USE,8,26,0,0
SIM,8,1,1,0,27,0,6,6,2,2,14,40,900,900,45
SIM_COVER_USE,8,27,0,0
SIM,8,1,1,0,28,1,6,3,2,1,14,40,300,1800,33
SIM_COVER_USE,8,28,0,0
SIM,8,1,1,0,29,0,4,6,2,2,13,40,1100,100,45
SIM_COVER_USE,8,29,0,0
SIM,8,1,1,0,30,1,7,1,3,1,13,40,300,1000,32
SIM_COVER_USE,8,30,0,0
SIM,8,1,1,0,31,0,6,1,2,1,13,40,1100,400,45
SIM_COVER_USE,8,31,0,0
SIM,8,1,1,0,32,1,6,0,2,0,13,39,500,1400,23
SIM_COVER_USE,8,32,0,0
SIM,8,1,1,0,33,0,4,3,2,1,13,39,1300,300,45
SIM_COVER_USE,8,33,0,0
SIM,8,1,1,0,34,1,7,0,3,0,13,38,200,1300,20
SIM_COVER_USE,8,34,1,0
SIM,8,1,1,0,35,0,7,14,3,0,13,38,900,700,45
SIM_COVER_USE,8,35,1,0
SIM,8,1,1,0,36,1,7,10,3,0,13,37,300,1700,33
SIM_COVER_USE,8,36,0,0
SIM,8,1,1,0,37,0,7,0,3,0,13,37,1000,2000,45
SIM_COVER_USE,8,37,0,0
SIM,8,1,1,0,38,1,10,0,4,0,13,33,200,3000,20
SIM_COVER_USE,8,38,0,0
SIM,8,1,1,0,39,0,10,3,4,1,13,33,800,2800,45
SIM_COVER_USE,8,39,0,0
SIM,8,1,1,0,40,1,10,3,4,1,13,29,500,3700,35
SIM_COVER_USE,8,40,0,0
SIM,8,1,1,0,41,0,10,3,4,1,13,29,1100,3700,45
SIM_COVER_USE,8,41,0,0
SIM,8,1,1,0,42,1,10,3,4,1,13,25,500,4600,33
SIM_COVER_USE,8,42,0,0
SIM,8,1,1,0,43,0,7,6,3,2,13,25,1200,200,45
SIM_COVER_USE,8,43,0,0
SIM,8,1,1,0,44,1,10,4,4,2,13,22,100,1000,26
SIM_COVER_USE,8,44,0,0
SIM,8,1,1,0,45,0,9,4,3,2,13,22,800,1000,45
SIM_COVER_USE,8,45,0,0
SIM,8,1,1,0,46,1,9,3,3,1,13,20,500,1900,37
SIM_COVER_USE,8,46,0,0
SIM,8,1,1,0,47,0,6,6,2,2,13,20,1300,200,45
SIM_COVER_USE,8,47,0,0
SIM,8,1,1,0,48,1,9,4,3,2,13,18,200,1000,28
SIM_COVER_USE,8,48,1,0
SIM,8,1,1,0,49,0,9,4,3,2,13,18,900,1000,45
SIM_COVER_USE,8,49,1,1
SIM,8,1,1,0,50,1,9,3,3,1,13,16,300,1900,35
SIM_COVER_USE,8,50,1,1
SIM,8,1,1,0,51,0,9,17,3,1,13,16,1000,1300,45
SIM_COVER_USE,8,51,1,1
SIM,8,1,1,0,52,1,12,17,4,1,13,12,200,2200,12
SIM_COVER_USE,8,52,0,1
SIM,8,1,1,0,53,0,9,6,3,2,13,12,900,200,42
SIM_COVER_USE,8,53,0,0
SIM,8,1,1,0,54,1,9,6,3,2,13,9,300,1000,32
SIM_COVER_USE,8,54,0,0
SIM,8,1,1,0,55,0,6,6,2,2,13,9,1100,400,45
SIM_COVER_USE,8,55,0,0
SIM,8,1,1,0,56,1,9,4,3,2,13,7,300,1200,30
SIM_COVER_USE,8,56,0,0
SIM,8,1,1,0,57,0,4,7,2,3,13,7,1100,100,45
SIM_COVER_USE,8,57,0,0
SIM,8,1,1,0,58,1,4,6,2,2,13,6,500,900,35
SIM_COVER_USE,8,58,0,0
SIM,8,1,1,0,59,0,3,6,1,2,13,6,1400,900,45
SIM_COVER_USE,8,59,0,0
SIM,8,1,1,0,60,1,6,4,2,2,13,5,300,1700,30
SIM_COVER_USE,8,60,0,0
SIM,8,1,1,0,61,0,6,18,2,2,13,5,1100,1100,45
SIM_COVER_USE,8,61,0,0
SIM,8,1,1,0,62,1,6,17,2,1,13,4,500,2000,37
SIM_COVER_USE,8,62,0,0
SIM,8,1,1,0,63,0,3,6,1,2,13,4,1400,300,45
SIM_COVER_USE,8,63,0,0
SIM,8,1,1,0,64,1,6,3,2,1,13,4,300,1200,28
SIM_COVER_USE,8,64,0,0
SIM,8,1,1,0,65,0,6,17,2,1,13,4,1100,600,45
SIM_COVER_USE,8,65,0,0
SIM,8,1,1,0,66,1,6,14,2,0,13,4,500,1600,35
SIM_COVER_USE,8,66,0,0
SIM,8,1,1,0,67,0,4,3,2,1,13,4,1300,200,45
SIM_COVER_USE,8,67,0,0
SIM,8,1,1,0,68,1,7,0,3,0,13,3,200,1200,24
SIM_COVER_USE,8,68,1,0
SIM,8,1,1,0,69,0,7,14,3,0,13,3,900,600,45
SIM_COVER_USE,8,69,1,0
SIM,8,1,1,0,70,1,7,10,3,0,13,2,300,1600,33
SIM_COVER_USE,8,70,0,0
SIM,8,1,1,0,71,0,6,3,2,1,13,2,1100,200,45
SIM_COVER_USE,8,71,0,0
SIM_END,8,1,1,0,71,0,0
SIM,9,1,1,1,1,0,0,6,0,1,40,40,1000,0,30
SIM_COVER_USE,9,1,0,0
SIM,9,1,1,1,2,1,3,4,1,1,40,40,200,800,19
SIM_COVER_USE,9,2,0,0
SIM,9,1,1,1,3,0,0,7,0,2,39,40,1200,300,45
SIM_COVER_USE,9,3,0,0
SIM,9,1,1,1,4,1,0,7,0,2,39,40,300,1000,39
SIM_COVER_USE,9,4,0,0
SIM,9,1,1,1,5,0,0,7,0,2,38,40,1300,400,45
SIM_COVER_USE,9,5,0,0
SIM,9,1,1,1,6,1,3,5,1,2,38,40,200,1100,34
SIM_COVER_USE,9,6,0,0
SIM,9,1,1,1,7,0,3,5,1,2,38,40,1100,1100,45
SIM_COVER_USE,9,7,0,0
SIM,9,1,1,1,8,1,3,4,1,1,38,40,500,1900,39
SIM_COVER_USE,9,8,0,0
SIM,9,1,1,1,9,0,0,7,0,2,37,40,1500,200,45
SIM_COVER_USE,9,9,0,0
SIM,9,1,1,1,10,1,3,5,1,2,37,40,100,900,32
SIM_COVER_USE,9,10,0,0
SIM,9,1,1,1,11,0,0,5,0,2,36,40,1100,300,45
SIM_COVER_USE,9,11,0,0
SIM,9,1,1,1,12,1,0,5,0,2,36,40,500,1000,41
SIM_COVER_USE,9,12,0,0
SIM,9,1,1,1,13,0,0,5,0,2,35,40,1500,1000,45
SIM_COVER_USE,9,13,0,0
SIM,9,1,1,1,14,1,3,3,1,1,35,40,100,1900,32
SIM_COVER_USE,9,14,0,0
SIM,9,1,1,1,15,0,1,6,1,2,34,40,1000,200,45
SIM_COVER_USE,9,15,0,0
SIM,9,1,1,1,16,1,1,4,1,2,34,40,400,1000,39
SIM_COVER_USE,9,16,0,0
SIM,9,1,1,1,17,0,0,4,0,2,34,40,1400,1000,45
SIM_COVER_USE,9,17,0,0
SIM,9,1,1,1,18,1,3,3,1,1,34,40,300,1900,34
SIM_COVER_USE,9,18,0,0
SIM,9,1,1,1,19,0,3,3,1,1,33,40,1200,1900,45
SIM_COVER_USE,9,19,0,0
SIM,9,1,1,1,20,1,3,1,1,1,33,40,300,2800,37
SIM_COVER_USE,9,20,0,0
SIM,9,1,1,1,21,0,1,4,1,2,32,40,1200,200,45
SIM_COVER_USE,9,21,0,0
SIM,9,1,1,1,22,1,4,1,2,1,32,40,100,1100,32
SIM_COVER_USE,9,22,0,0
SIM,9,1,1,1,23,0,3,1,1,1,32,40,1000,500,45
SIM_COVER_USE,9,23,0,0
SIM,9,1,1,1,24,1,3,0,1,0,32,40,400,1500,39
SIM_COVER_USE,9,24,0,0
SIM,9,1,1,1,25,0,3,14,1,0,32,40,1300,900,45
SIM_COVER_USE,9,25,0,0
SIM,9,1,1,1,26,1,6,14,2,0,32,39,200,1900,25
SIM_COVER_USE,9,26,0,0
SIM,9,1,1,1,27,0,4,3,2,1,32,39,1000,200,45
SIM_COVER_USE,9,27,0,0
SIM,9,1,1,1,28,1,4,1,2,1,32,38,400,1100,36
SIM_COVER_USE,9,28,0,0
SIM,9,1,1,1,29,0,3,1,1,1,32,38,1300,1100,45
SIM_COVER_USE,9,29,0,0
SIM,9,1,1,1,30,1,6,0,2,0,32,37,200,2100,30
SIM_COVER_USE,9,30,0,0
SIM,9,1,1,1,31,0,4,3,2,1,32,37,1000,100,45
SIM_COVER_USE,9,31,0,0
SIM,9,1,1,1,32,1,4,1,2,1,32,36,400,1000,37
SIM_COVER_USE,9,32,0,0
SIM,9,1,1,1,33,0,3,1,1,1,32,36,1300,400,45
SIM_COVER_USE,9,33,0,0
SIM,9,1,1,1,34,1,6,0,2,0,32,35,200,1400,30
SIM_COVER_USE,9,34,0,0
SIM,9,1,1,1,35,0,4,3,2,1,32,35,1000,300,45
SIM_COVER_USE,9,35,0,0
SIM,9,1,1,1,36,1,4,1,2,1,32,34,400,1200,37
SIM_COVER_USE,9,36,0,0
SIM,9,1,1,1,37,0,3,1,1,1,32,34,1300,300,45
SIM_COVER_USE,9,37,0,0
SIM,9,1,1,1,38,1,6,0,2,0,32,33,200,1300,30
SIM_COVER_USE,9,38,0,0
SIM,9,1,1,1,39,0,4,3,2,1,32,33,1000,200,45
SIM_COVER_USE,9,39,0,0
SIM,9,1,1,1,40,1,4,1,2,1,32,32,400,1100,37
SIM_COVER_USE,9,40,0,0
SIM,9,1,1,1,41,0,3,1,1,1,32,32,1300,500,45
SIM_COVER_USE,9,41,0,0
SIM,9,1,1,1,42,1,6,0,2,0,32,31,200,1500,30
SIM_COVER_USE,9,42,0,0
SIM,9,1,1,1,43,0,4,3,2,1,32,31,1000,100,45
SIM_COVER_USE,9,43,0,0
SIM,9,1,1,1,44,1,4,1,2,1,32,30,400,1000,37
SIM_COVER_USE,9,44,0,0
SIM,9,1,1,1,45,0,3,1,1,1,32,30,1300,400,45
SIM_COVER_USE,9,45,0,0
SIM,9,1,1,1,46,1,6,0,2,0,32,29,200,1400,30
SIM_COVER_USE,9,46,0,0
SIM,9,1,1,1,47,0,6,14,2,0,32,29,1000,800,45
SIM_COVER_USE,9,47,0,0
SIM,9,1,1,1,48,1,6,12,2,0,32,28,400,1800,36
SIM_COVER_USE,9,48,0,0
SIM,9,1,1,1,49,0,6,0,2,0,32,28,1200,2100,45
SIM_COVER_USE,9,49,0,0
SIM,9,1,1,1,50,1,9,0,3,0,32,25,100,3100,23
SIM_COVER_USE,9,50,0,0
SIM,9,1,1,1,51,0,7,3,3,1,32,25,800,200,45
SIM_COVER_USE,9,51,0,0
SIM,9,1,1,1,52,1,7,3,3,1,32,22,500,1100,37
SIM_COVER_USE,9,52,0,0
SIM,9,1,1,1,53,0,6,3,2,1,32,22,1300,1100,45
SIM_COVER_USE,9,53,0,0
SIM,9,1,1,1,54,1,9,3,3,1,32,20,200,2000,31
SIM_COVER_USE,9,54,0,0
SIM,9,1,1,1,55,0,6,6,2,2,32,20,1000,300,45
SIM_COVER_USE,9,55,0,0
SIM,9,1,1,1,56,1,6,6,2,2,32,18,400,1100,36
SIM_COVER_USE,9,56,0,0
SIM,9,1,1,1,57,0,6,20,2,2,32,18,1200,500,45
SIM_COVER_USE,9,57,0,0
SIM,9,1,1,1,58,1,9,18,3,2,32,16,100,1300,24
SIM_COVER_USE,9,58,0,0
SIM,9,1,1,1,59,0,4,7,2,3,32,16,900,200,45
SIM_COVER_USE,9,59,0,0
SIM,9,1,1,1,60,1,4,6,2,2,32,15,300,1000,37
SIM_COVER_USE,9,60,0,0
SIM,9,1,1,1,61,0,1,6,1,2,32,15,1200,400,45
SIM_COVER_USE,9,61,0,0
SIM,9,1,1,1,62,1,4,4,2,2,32,14,100,1200,30
SIM_COVER_USE,9,62,1,0
SIM,9,1,1,1,63,0,2,7,1,3,31,14,1000,100,45
SIM_COVER_USE,9,63,1,0
SIM,9,1,1,1,64,1,2,6,1,2,31,14,400,900,39
SIM_COVER_USE,9,64,1,0
SIM,9,1,1,1,65,0,2,6,1,2,30,14,1300,300,45
SIM_COVER_USE,9,65,1,1
SIM,9,1,1,1,66,1,5,4,2,2,30,13,200,1100,28
SIM_COVER_USE,9,66,0,1
SIM,9,1,1,1,67,0,1,7,1,3,29,13,1100,300,45
SIM_COVER_USE,9,67,0,0
SIM,9,1,1,1,68,1,1,6,1,2,29,13,500,1100,39
SIM_COVER_USE,9,68,0,0
SIM,9,1,1,1,69,0,0,6,0,2,29,13,1500,500,45
SIM_COVER_USE,9,69,0,0
SIM,9,1,1,1,70,1,3,4,1,2,29,13,100,1300,32
SIM_COVER_USE,9,70,0,0
SIM,9,1,1,1,71,0,0,7,0,3,29,13,1100,200,45
SIM_COVER_USE,9,71,0,0
SIM,9,1,1,1,72,1,0,7,0,3,29,13,500,900,41
SIM_COVER_USE,9,72,0,0
SIM,9,1,1,1,73,0,0,7,0,3,28,13,1500,900,45
SIM_COVER_USE,9,73,0,0
SIM,9,1,1,1,74,1,3,6,1,2,28,13,100,1700,32
SIM_COVER_USE,9,74,0,0
SIM,9,1,1,1,75,0,0,9,0,3,27,13,1100,300,45
SIM_COVER_USE,9,75,0,1
SIM,9,1,1,1,76,1,0,9,0,3,27,13,500,1000,41
SIM_COVER_USE,9,76,0,1
SIM,9,1,1,1,77,0,0,9,0,3,24,13,1500,400,45
SIM_COVER_USE,9,77,0,0
SIM,9,1,1,1,78,1,3,7,1,3,24,13,100,1100,34
SIM_COVER_USE,9,78,0,0
SIM,9,1,1,1,79,0,3,7,1,3,23,13,1000,1100,45
SIM_COVER_USE,9,79,0,0
SIM,9,1,1,1,80,1,3,6,1,2,23,13,400,1900,39
SIM_COVER_USE,9,80,0,0
SIM_END,9,1,1,1,80,0,0
SIM,10,1,1,2,1,0,0,6,0,1,40,40,1000,0,30
SIM_COVER_USE,10,1,0,0
SIM,10,1,1,2,2,1,3,6,1,1,40,39,200,800,19
SIM_COVER_USE,10,2,0,0
SIM,10,1,1,2,3,0,0,9,0,2,39,39,1200,300,45
SIM_COVER_USE,10,3,0,0
SIM,10,1,1,2,4,1,0,9,0,2,39,39,300,1000,39
SIM_COVER_USE,10,4,0,0
SIM,10,1,1,2,5,0,0,9,0,2,38,39,1300,1000,45
SIM_COVER_USE,10,5,0,0
SIM,10,1,1,2,6,1,3,7,1,2,38,39,200,1700,34
SIM_COVER_USE,10,6,0,0
SIM,10,1,1,2,7,0,3,7,1,2,38,39,1100,1700,45
SIM_COVER_USE,10,7,0,0
SIM,10,1,1,2,8,1,3,6,1,1,38,39,500,2500,39
SIM_COVER_USE,10,8,0,0
SIM,10,1,1,2,9,0,0,9,0,2,37,39,1500,200,45
SIM_COVER_USE,10,9,0,0
SIM,10,1,1,2,10,1,3,7,1,2,37,39,100,900,32
SIM_COVER_USE,10,10,0,0
SIM,10,1,1,2,11,0,0,7,0,2,36,39,1100,300,45
SIM_COVER_USE,10,11,0,0
SIM,10,1,1,2,12,1,0,7,0,2,36,39,500,1000,41
SIM_COVER_USE,10,12,0,0
SIM,10,1,1,2,13,0,0,10,0,3,35,39,1500,200,45
SIM_COVER_USE,10,13,0,0
SIM,10,1,1,2,14,1,3,9,1,2,35,39,100,900,32
SIM_COVER_USE,10,14,0,0
SIM,10,1,1,2,15,0,0,9,0,2,35,39,1100,300,45
SIM_COVER_USE,10,15,0,0
SIM,10,1,1,2,16,1,0,9,0,2,35,39,500,1000,41
SIM_COVER_USE,10,16,0,0
SIM,10,1,1,2,17,0,0,9,0,2,34,39,1500,1000,45
SIM_COVER_USE,10,17,0,0
SIM,10,1,1,2,18,1,3,7,1,2,34,39,100,1700,32
SIM_COVER_USE,10,18,0,0
SIM,10,1,1,2,19,0,0,7,0,2,34,39,1100,1700,45
SIM_COVER_USE,10,19,0,0
SIM,10,1,1,2,20,1,0,7,0,2,34,39,500,2400,41
SIM_COVER_USE,10,20,0,0
SIM,10,1,1,2,21,0,0,10,0,3,31,39,1500,100,45
SIM_COVER_USE,10,21,0,0
SIM,10,1,1,2,22,1,3,8,1,3,31,39,100,700,34
SIM_COVER_USE,10,22,0,0
SIM,10,1,1,2,23,0,0,8,0,3,29,39,1100,400,45
SIM_COVER_USE,10,23,0,1
SIM,10,1,1,2,24,1,0,8,0,3,29,39,500,1000,41
SIM_COVER_USE,10,24,0,1
SIM,10,1,1,2,25,0,0,11,0,4,26,39,1500,200,45
SIM_COVER_USE,10,25,0,0
SIM,10,1,1,2,26,1,3,10,1,3,26,39,100,800,34
SIM_COVER_USE,10,26,0,0
SIM,10,1,1,2,27,0,0,10,0,3,24,39,1100,500,45
SIM_COVER_USE,10,27,0,0
SIM,10,1,1,2,28,1,0,10,0,3,24,39,500,1100,41
SIM_COVER_USE,10,28,0,0
SIM,10,1,1,2,29,0,0,10,0,3,23,39,1500,1100,45
SIM_COVER_USE,10,29,0,0
SIM,10,1,1,2,30,1,3,8,1,3,23,39,100,1700,34
SIM_COVER_USE,10,30,0,0
SIM,10,1,1,2,31,0,0,11,0,4,21,39,1100,300,45
SIM_COVER_USE,10,31,0,0
SIM,10,1,1,2,32,1,0,11,0,4,21,39,500,800,41
SIM_COVER_USE,10,32,0,0
SIM,10,1,1,2,33,0,0,11,0,4,17,39,1500,500,45
SIM_COVER_USE,10,33,0,0
SIM,10,1,1,2,34,1,3,9,1,3,17,39,400,1200,36
SIM_COVER_USE,10,34,0,0
SIM,10,1,1,2,35,0,3,12,1,4,13,39,1300,100,45
SIM_COVER_USE,10,35,0,0
SIM,10,1,1,2,36,1,3,10,1,4,13,39,400,700,37
SIM_COVER_USE,10,36,0,0
SIM,10,1,1,2,37,0,3,10,1,4,9,39,1300,400,45
SIM_COVER_USE,10,37,0,0
SIM,10,1,1,2,38,1,6,7,2,3,9,39,200,1100,34
SIM_COVER_USE,10,38,0,0
SIM,10,1,1,2,39,0,6,10,2,4,5,39,1000,300,45
SIM_COVER_USE,10,39,0,0
SIM,10,1,1,2,40,1,6,7,2,3,5,39,400,1000,37
SIM_COVER_USE,10,40,0,0
SIM,10,1,1,2,41,0,6,7,2,3,2,39,1200,400,45
SIM_COVER_USE,10,41,0,0
SIM,10,1,1,2,42,1,9,3,3,1,2,39,100,1300,26
SIM_COVER_USE,10,42,0,0
SIM_END,10,1,1,2,42,1,0
SIM,11,1,1,3,1,0,0,6,0,1,40,40,1000,0,30
SIM_COVER_USE,11,1,0,1
SIM,11,1,1,3,2,1,3,6,1,1,40,40,200,800,21
SIM_COVER_USE,11,2,1,1
SIM,11,1,1,3,3,0,0,9,0,2,40,40,1200,300,45
SIM_COVER_USE,11,3,0,1
SIM,11,1,1,3,4,1,0,9,0,2,40,40,300,1000,39
SIM_COVER_USE,11,4,0,1
SIM,11,1,1,3,5,0,0,9,0,2,40,40,1300,400,45
SIM_COVER_USE,11,5,0,1
SIM,11,1,1,3,6,1,3,7,1,2,40,40,200,1100,32
SIM_COVER_USE,11,6,1,1
SIM,11,1,1,3,7,0,3,21,1,2,40,40,1100,500,45
SIM_COVER_USE,11,7,1,1
SIM,11,1,1,3,8,1,3,20,1,1,40,40,500,1300,39
SIM_COVER_USE,11,8,1,1
SIM,11,1,1,3,9,0,3,6,1,1,40,40,1400,1600,45
SIM_COVER_USE,11,9,1,1
SIM,11,1,1,3,10,1,6,6,2,1,40,39,300,2400,28
SIM_COVER_USE,11,10,1,1
SIM,11,1,1,3,11,0,3,9,1,2,39,39,1200,100,45
SIM_COVER_USE,11,11,1,1
SIM,11,1,1,3,12,1,3,9,1,2,39,38,300,800,33
SIM_COVER_USE,11,12,0,1
SIM,11,1,1,3,13,0,0,9,0,2,38,38,1300,500,45
SIM_COVER_USE,11,13,0,1
SIM,11,1,1,3,14,1,3,7,1,2,38,38,200,1200,34
SIM_COVER_USE,11,14,0,1
SIM,11,1,1,3,15,0,0,10,0,3,36,38,1200,100,45
SIM_COVER_USE,11,15,0,0
SIM,11,1,1,3,16,1,0,10,0,3,36,38,300,700,39
SIM_COVER_USE,11,16,0,0
SIM,11,1,1,3,17,0,0,10,0,3,34,38,1300,400,45
SIM_COVER_USE,11,17,0,0
SIM,11,1,1,3,18,1,3,9,1,2,34,38,200,1100,34
SIM_COVER_USE,11,18,0,0
SIM,11,1,1,3,19,0,3,9,1,2,34,38,1100,1100,45
SIM_COVER_USE,11,19,0,0
SIM,11,1,1,3,20,1,3,7,1,2,34,38,500,1800,39
SIM_COVER_USE,11,20,0,0
SIM,11,1,1,3,21,0,0,7,0,2,34,38,1500,1800,45
SIM_COVER_USE,11,21,0,0
SIM,11,1,1,3,22,1,3,5,1,2,34,38,100,2500,34
SIM_COVER_USE,11,22,0,0
SIM,11,1,1,3,23,0,3,5,1,2,34,38,1000,2500,45
SIM_COVER_USE,11,23,0,1
SIM,11,1,1,3,24,1,3,4,1,1,34,38,400,3300,39
SIM_COVER_USE,11,24,0,1
SIM,11,1,1,3,25,0,0,4,0,1,34,38,1400,3300,45
SIM_COVER_USE,11,25,0,1
SIM,11,1,1,3,26,1,3,3,1,1,34,38,300,4100,36
SIM_COVER_USE,11,26,0,1
SIM,11,1,1,3,27,0,0,3,0,1,34,38,1300,4100,45
SIM_COVER_USE,11,27,0,1
SIM,11,1,1,3,28,1,0,3,0,1,34,38,400,4900,39
SIM_COVER_USE,11,28,0,1
SIM,11,1,1,3,29,0,0,6,0,2,33,38,1400,200,45
SIM_COVER_USE,11,29,0,0
SIM,11,1,1,3,30,1,3,4,1,2,33,38,300,900,34
SIM_COVER_USE,11,30,0,0
SIM,11,1,1,3,31,0,0,4,0,2,32,38,1300,300,45
SIM_COVER_USE,11,31,0,0
SIM,11,1,1,3,32,1,0,4,0,2,32,38,400,1000,39
SIM_COVER_USE,11,32,0,0
SIM,11,1,1,3,33,0,0,7,0,3,30,38,1400,200,45
SIM_COVER_USE,11,33,0,0
SIM,11,1,1,3,34,1,3,6,1,2,30,38,300,1000,34
SIM_COVER_USE,11,34,0,0
SIM,11,1,1,3,35,0,3,6,1,2,28,38,1200,400,45
SIM_COVER_USE,11,35,0,0
SIM,11,1,1,3,36,1,3,4,1,2,28,38,300,1200,37
SIM_COVER_USE,11,36,0,0
SIM,11,1,1,3,37,0,1,7,1,3,26,38,1200,100,45
SIM_COVER_USE,11,37,0,0
SIM,11,1,1,3,38,1,4,4,2,2,26,38,100,900,34
SIM_COVER_USE,11,38,0,0
SIM,11,1,1,3,39,0,3,4,1,2,26,38,1000,900,45
SIM_COVER_USE,11,39,0,0
SIM,11,1,1,3,40,1,3,3,1,1,26,38,400,1800,39
SIM_COVER_USE,11,40,0,0
SIM,11,1,1,3,41,0,3,6,1,2,24,38,1300,100,45
SIM_COVER_USE,11,41,0,0
SIM,11,1,1,3,42,1,6,3,2,1,24,38,200,1000,34
SIM_COVER_USE,11,42,0,0
SIM,11,1,1,3,43,0,6,3,2,1,23,38,1000,400,45
SIM_COVER_USE,11,43,0,0
SIM,11,1,1,3,44,1,6,0,2,0,23,38,400,1400,31
SIM_COVER_USE,11,44,0,0
SIM,11,1,1,3,45,0,4,3,2,1,23,38,1200,300,45
SIM_COVER_USE,11,45,0,0
SIM,11,1,1,3,46,1,7,0,3,0,23,37,100,1300,18
SIM_COVER_USE,11,46,0,0
SIM,11,1,1,3,47,0,7,0,3,0,23,37,800,400,45
SIM_COVER_USE,11,47,0,0
SIM,11,1,1,3,48,1,7,0,3,0,23,36,500,1400,38
SIM_COVER_USE,11,48,0,0
SIM,11,1,1,3,49,0,6,3,2,1,23,36,1300,300,45
SIM_COVER_USE,11,49,0,0
SIM,11,1,1,3,50,1,9,1,3,1,23,34,200,1200,27
SIM_COVER_USE,11,50,0,0
SIM,11,1,1,3,51,0,7,1,3,1,23,34,900,300,45
SIM_COVER_USE,11,51,0,0
SIM,11,1,1,3,52,1,7,0,3,0,23,32,300,1300,35
SIM_COVER_USE,11,52,0,0
SIM,11,1,1,3,53,0,6,3,2,1,23,32,1100,200,45
SIM_COVER_USE,11,53,0,0
SIM,11,1,1,3,54,1,9,1,3,1,23,30,300,1100,32
SIM_COVER_USE,11,54,0,0
SIM,11,1,1,3,55,0,9,15,3,1,23,30,1000,500,45
SIM_COVER_USE,11,55,0,0
SIM,11,1,1,3,56,1,9,14,3,0,23,28,400,1500,35
SIM_COVER_USE,11,56,0,0
SIM,11,1,1,3,57,0,7,3,3,1,23,28,1100,100,45
SIM_COVER_USE,11,57,0,0
SIM,11,1,1,3,58,1,10,0,4,0,23,26,300,1100,12
SIM_COVER_USE,11,58,1,0
SIM,11,1,1,3,59,0,10,0,4,0,23,26,900,500,42
SIM_COVER_USE,11,59,1,0
SIM,11,1,1,3,60,1,10,0,4,0,23,22,300,1500,24
SIM_COVER_USE,11,60,0,0
SIM,11,1,1,3,61,0,10,3,4,1,23,22,900,1300,45
SIM_COVER_USE,11,61,0,0
SIM,11,1,1,3,62,1,10,3,4,1,23,18,300,2200,33
SIM_COVER_USE,11,62,0,0
SIM,11,1,1,3,63,0,9,3,3,1,23,18,1000,2200,45
SIM_COVER_USE,11,63,0,0
SIM,11,1,1,3,64,1,12,3,4,1,23,14,200,3100,24
SIM_COVER_USE,11,64,0,0
SIM,11,1,1,3,65,0,9,6,3,2,23,14,900,200,45
SIM_COVER_USE,11,65,0,0
SIM,11,1,1,3,66,1,9,6,3,2,23,11,300,1000,35
SIM_COVER_USE,11,66,0,0
SIM,11,1,1,3,67,0,9,6,3,2,23,11,1000,1000,45
SIM_COVER_USE,11,67,0,1
SIM,11,1,1,3,68,1,12,4,4,2,23,8,200,1800,24
SIM_COVER_USE,11,68,0,1
SIM,11,1,1,3,69,0,12,18,4,2,23,8,800,1200,45
SIM_COVER_USE,11,69,0,1
SIM,11,1,1,3,70,1,12,17,4,1,23,5,500,2100,33
SIM_COVER_USE,11,70,0,1
SIM,11,1,1,3,71,0,9,6,3,2,23,5,1200,100,45
SIM_COVER_USE,11,71,0,0
SIM,11,1,1,3,72,1,12,4,4,2,23,2,100,900,26
SIM_COVER_USE,11,72,0,0
SIM,11,1,1,3,73,0,9,4,3,2,23,2,800,300,45
SIM_COVER_USE,11,73,0,0
SIM_END,11,1,1,3,73,0,0
SIM,12,1,1,4,1,0,0,6,0,1,40,40,1000,0,30
SIM_COVER_USE,12,1,0,1
SIM,12,1,1,4,2,1,3,6,1,1,40,40,200,800,21
SIM_COVER_USE,12,2,1,1
SIM,12,1,1,4,3,0,0,9,0,2,40,40,1200,300,45
SIM_COVER_USE,12,3,0,1
SIM,12,1,1,4,4,1,0,9,0,2,40,40,300,1000,39
SIM_COVER_USE,12,4,0,1
SIM,12,1,1,4,5,0,0,23,0,2,40,40,1300,400,45
SIM_COVER_USE,12,5,0,1
SIM,12,1,1,4,6,1,3,21,1,2,40,40,200,1100,32
SIM_COVER_USE,12,6,0,1
SIM,12,1,1,4,7,0,0,10,0,3,39,40,1200,300,45
SIM_COVER_USE,12,7,0,0
SIM,12,1,1,4,8,1,0,10,0,3,39,40,300,900,39
SIM_COVER_USE,12,8,0,0
SIM,12,1,1,4,9,0,0,10,0,3,38,40,1300,900,45
SIM_COVER_USE,12,9,0,0
SIM,12,1,1,4,10,1,3,9,1,2,38,40,200,1600,34
SIM_COVER_USE,12,10,0,0
SIM,12,1,1,4,11,0,0,12,0,3,37,40,1200,200,45
SIM_COVER_USE,12,11,0,0
SIM,12,1,1,4,12,1,0,12,0,3,37,40,300,800,39
SIM_COVER_USE,12,12,0,0
SIM,12,1,1,4,13,0,0,12,0,3,34,40,1300,500,45
SIM_COVER_USE,12,13,0,0
SIM,12,1,1,4,14,1,3,10,1,3,34,40,200,1100,36
SIM_COVER_USE,12,14,0,0
SIM,12,1,1,4,15,0,0,13,0,4,32,40,1200,300,45
SIM_COVER_USE,12,15,0,0
SIM,12,1,1,4,16,1,0,13,0,4,32,40,300,800,39
SIM_COVER_USE,12,16,0,0
SIM,12,1,1,4,17,0,0,13,0,4,28,40,1300,500,45
SIM_COVER_USE,12,17,0,0
SIM,12,1,1,4,18,1,3,11,1,4,28,40,500,1000,38
SIM_COVER_USE,12,18,0,0
SIM,12,1,1,4,19,0,0,11,0,4,28,40,1500,1000,45
SIM_COVER_USE,12,19,0,0
SIM,12,1,1,4,20,1,0,11,0,4,28,40,1500,1500,45
SIM_COVER_USE,12,20,0,0
SIM,12,1,1,4,21,0,0,11,0,4,27,40,2500,1500,45
SIM_COVER_USE,12,21,0,0
SIM,12,1,1,4,22,1,3,9,1,3,27,40,500,2200,30
SIM_COVER_USE,12,22,0,0
SIM,12,1,1,4,23,0,3,12,1,4,23,40,1400,200,45
SIM_COVER_USE,12,23,0,0
SIM,12,1,1,4,24,1,3,10,1,4,23,40,500,800,37
SIM_COVER_USE,12,24,0,0
SIM,12,1,1,4,25,0,3,10,1,4,19,40,1400,500,45
SIM_COVER_USE,12,25,0,0
SIM,12,1,1,4,26,1,6,7,2,3,19,40,300,1200,34
SIM_COVER_USE,12,26,0,0
SIM,12,1,1,4,27,0,6,10,2,4,15,40,1100,100,45
SIM_COVER_USE,12,27,0,0
SIM,12,1,1,4,28,1,6,7,2,3,15,40,500,800,37
SIM_COVER_USE,12,28,0,0
SIM,12,1,1,4,29,0,6,7,2,3,14,40,1300,800,45
SIM_COVER_USE,12,29,0,0
SIM,12,1,1,4,30,1,9,3,3,1,14,40,200,1700,26
SIM_COVER_USE,12,30,0,0
SIM,12,1,1,4,31,0,9,6,3,2,13,40,900,300,45
SIM_COVER_USE,12,31,0,0
SIM,12,1,1,4,32,1,9,3,3,1,13,40,300,1200,32
SIM_COVER_USE,12,32,0,0
SIM,12,1,1,4,33,0,9,3,3,1,12,40,1000,300,45
SIM_COVER_USE,12,33,0,0
SIM,12,1,1,4,34,1,12,0,4,0,12,38,200,1300,10
SIM_COVER_USE,12,34,0,0
SIM,12,1,1,4,35,0,12,14,4,0,12,38,800,700,40
SIM_COVER_USE,12,35,0,0
SIM,12,1,1,4,36,1,12,14,4,0,12,35,500,1700,18
SIM_COVER_USE,12,36,0,0
SIM,12,1,1,4,37,0,10,3,4,1,12,35,1100,300,45
SIM_COVER_USE,12,37,0,0
SIM,12,1,1,4,38,1,10,1,4,1,12,32,500,1200,30
SIM_COVER_USE,12,38,1,0
SIM,12,1,1,4,39,0,9,1,3,1,12,32,1200,1200,45
SIM_COVER_USE,12,39,1,0
SIM,12,1,1,4,40,1,12,0,4,0,12,29,100,2200,22
SIM_COVER_USE,12,40,1,0
SIM,12,1,1,4,41,0,10,3,4,1,12,29,700,200,45
SIM_COVER_USE,12,41,1,0
SIM,12,1,1,4,42,1,10,1,4,1,12,26,400,1100,35
SIM_COVER_USE,12,42,1,0
SIM,12,1,1,4,43,0,9,1,3,1,12,26,1100,500,45
SIM_COVER_USE,12,43,1,0
SIM,12,1,1,4,44,1,12,0,4,0,12,23,300,1500,24
SIM_COVER_USE,12,44,1,0
SIM,12,1,1,4,45,0,12,14,4,0,12,23,900,900,45
SIM_COVER_USE,12,45,1,0
SIM,12,1,1,4,46,1,12,12,4,0,12,20,300,1900,30
SIM_COVER_USE,12,46,0,0
SIM,12,1,1,4,47,0,12,0,4,0,12,20,900,2200,45
SIM_COVER_USE,12,47,0,0
SIM,12,1,1,4,48,1,12,0,4,0,12,16,300,3200,32
SIM_COVER_USE,12,48,0,0
SIM,12,1,1,4,49,0,12,3,4,1,12,16,900,3000,45
SIM_COVER_USE,12,49,0,0
SIM,12,1,1,4,50,1,12,3,4,1,12,12,300,3900,33
SIM_COVER_USE,12,50,0,0
SIM,12,1,1,4,51,0,12,17,4,1,12,12,900,3300,45
SIM_COVER_USE,12,51,0,0
SIM,12,1,1,4,52,1,12,17,4,1,12,8,300,4200,33
SIM_COVER_USE,12,52,0,0
SIM,12,1,1,4,53,0,9,6,3,2,12,8,1000,100,45
SIM_COVER_USE,12,53,0,0
SIM,12,1,1,4,54,1,12,4,4,2,12,5,200,900,28
SIM_COVER_USE,12,54,0,0
SIM,12,1,1,4,55,0,9,4,3,2,12,5,900,300,45
SIM_COVER_USE,12,55,0,0
SIM,12,1,1,4,56,1,9,3,3,1,12,3,300,1200,35
SIM_COVER_USE,12,56,0,0
SIM,12,1,1,4,57,0,9,17,3,1,12,3,1000,600,45
SIM_COVER_USE,12,57,0,0
SIM_END,12,1,1,4,57,0,0
SIM,13,1,1,5,1,0,0,6,0,1,40,40,1000,0,30
SIM_COVER_USE,13,1,0,0
SIM,13,1,1,5,2,1,3,6,1,1,40,39,200,800,19
SIM_COVER_USE,13,2,0,0
SIM,13,1,1,5,3,0,3,6,1,1,40,39,1100,800,45
SIM_COVER_USE,13,3,0,1
SIM,13,1,1,5,4,1,3,6,1,1,40,38,500,1600,39
SIM_COVER_USE,13,4,0,1
SIM,13,1,1,5,5,0,0,6,0,1,40,38,1500,1600,45
SIM_COVER_USE,13,5,0,1
SIM,13,1,1,5,6,1,3,6,1,1,40,37,100,2400,22
SIM_COVER_USE,13,6,0,1
SIM,13,1,1,5,7,0,0,9,0,2,39,37,1100,100,45
SIM_COVER_USE,13,7,0,1
SIM,13,1,1,5,8,1,0,9,0,2,39,37,500,800,41
SIM_COVER_USE,13,8,0,1
SIM,13,1,1,5,9,0,0,9,0,2,38,37,1500,500,45
SIM_COVER_USE,13,9,0,1
SIM,13,1,1,5,10,1,3,7,1,2,38,37,100,1200,32
SIM_COVER_USE,13,10,0,1
SIM,13,1,1,5,11,0,0,10,0,3,36,37,1100,100,45
SIM_COVER_USE,13,11,0,0
SIM,13,1,1,5,12,1,0,10,0,3,36,37,500,700,41
SIM_COVER_USE,13,12,0,0
SIM,13,1,1,5,13,0,0,10,0,3,34,37,1500,400,45
SIM_COVER_USE,13,13,0,0
SIM,13,1,1,5,14,1,3,9,1,2,34,37,100,1100,32
SIM_COVER_USE,13,14,0,0
SIM,13,1,1,5,15,0,3,9,1,2,34,37,1000,1100,45
SIM_COVER_USE,13,15,0,0
SIM,13,1,1,5,16,1,3,7,1,2,34,37,400,1800,39
SIM_COVER_USE,13,16,0,0
SIM,13,1,1,5,17,0,0,7,0,2,34,37,1400,1800,45
SIM_COVER_USE,13,17,0,0
SIM,13,1,1,5,18,1,3,5,1,2,34,37,300,2500,36
SIM_COVER_USE,13,18,0,0
SIM,13,1,1,5,19,0,3,5,1,2,34,37,1200,2500,45
SIM_COVER_USE,13,19,0,1
SIM,13,1,1,5,20,1,3,4,1,1,34,37,300,3300,37
SIM_COVER_USE,13,20,0,1
SIM,13,1,1,5,21,0,0,7,0,2,33,37,1300,100,45
SIM_COVER_USE,13,21,0,1
SIM,13,1,1,5,22,1,3,6,1,2,33,37,200,800,36
SIM_COVER_USE,13,22,0,1
SIM,13,1,1,5,23,0,0,6,0,2,32,37,1200,500,45
SIM_COVER_USE,13,23,0,1
SIM,13,1,1,5,24,1,0,6,0,2,32,37,300,1200,39
SIM_COVER_USE,13,24,0,1
SIM,13,1,1,5,25,0,0,9,0,3,29,37,1300,100,45
SIM_COVER_USE,13,25,0,0
SIM,13,1,1,5,26,1,3,7,1,3,29,37,200,700,36
SIM_COVER_USE,13,26,0,0
SIM,13,1,1,5,27,0,0,7,0,3,27,37,1200,400,45
SIM_COVER_USE,13,27,0,0
SIM,13,1,1,5,28,1,0,7,0,3,27,37,300,1000,39
SIM_COVER_USE,13,28,0,0
SIM,13,1,1,5,29,0,0,10,0,4,24,37,1300,200,45
SIM_COVER_USE,13,29,0,0
SIM,13,1,1,5,30,1,3,9,1,3,24,37,200,900,36
SIM_COVER_USE,13,30,0,0
SIM,13,1,1,5,31,0,3,9,1,3,23,37,1100,900,45
SIM_COVER_USE,13,31,0,0
SIM,13,1,1,5,32,1,3,7,1,3,23,37,500,1600,37
SIM_COVER_USE,13,32,0,0
SIM,13,1,1,5,33,0,3,7,1,3,22,37,1400,1600,45
SIM_COVER_USE,13,33,0,0
SIM,13,1,1,5,34,1,6,4,2,2,22,37,300,2400,31
SIM_COVER_USE,13,34,0,0
SIM,13,1,1,5,35,0,3,7,1,3,21,37,1200,100,45
SIM_COVER_USE,13,35,0,0
SIM,13,1,1,5,36,1,3,6,1,2,21,37,300,900,36
SIM_COVER_USE,13,36,0,0
SIM,13,1,1,5,37,0,3,6,1,2,20,37,1200,900,45
SIM_COVER_USE,13,37,0,0
SIM,13,1,1,5,38,1,6,3,2,1,20,37,100,1800,28
SIM_COVER_USE,13,38,0,0
SIM,13,1,1,5,39,0,4,6,2,2,19,37,900,100,45
SIM_COVER_USE,13,39,0,0
SIM,13,1,1,5,40,1,4,3,2,1,19,37,300,1000,37
SIM_COVER_USE,13,40,0,0
SIM,13,1,1,5,41,0,4,3,2,1,19,37,1100,1000,45
SIM_COVER_USE,13,41,0,0
SIM,13,1,1,5,42,1,7,0,3,0,19,36,300,2000,30
SIM_COVER_USE,13,42,0,0
SIM,13,1,1,5,43,0,6,3,2,1,19,36,1100,300,45
SIM_COVER_USE,13,43,0,0
SIM,13,1,1,5,44,1,6,1,2,1,19,35,500,1200,37
SIM_COVER_USE,13,44,0,0
SIM,13,1,1,5,45,0,4,1,2,1,19,35,1300,300,45
SIM_COVER_USE,13,45,0,0
SIM,13,1,1,5,46,1,7,0,3,0,19,34,200,1300,31
SIM_COVER_USE,13,46,0,0
SIM,13,1,1,5,47,0,6,3,2,1,19,34,1000,200,45
SIM_COVER_USE,13,47,0,0
SIM,13,1,1,5,48,1,6,1,2,1,19,33,400,1100,35
SIM_COVER_USE,13,48,0,0
SIM,13,1,1,5,49,0,4,1,2,1,19,33,1200,500,45
SIM_COVER_USE,13,49,0,0
SIM,13,1,1,5,50,1,7,0,3,0,19,31,100,1500,24
SIM_COVER_USE,13,50,0,0
SIM,13,1,1,5,51,0,6,3,2,1,19,31,900,100,45
SIM_COVER_USE,13,51,0,0
SIM,13,1,1,5,52,1,6,3,2,1,19,29,300,1000,37
SIM_COVER_USE,13,52,0,0
SIM,13,1,1,5,53,0,6,17,2,1,19,29,1100,400,45
SIM_COVER_USE,13,53,0,0
SIM,13,1,1,5,54,1,9,15,3,1,19,27,300,1300,30
SIM_COVER_USE,13,54,0,0
SIM,13,1,1,5,55,0,9,3,3,1,19,27,1000,1600,45
SIM_COVER_USE,13,55,0,0
SIM,13,1,1,5,56,1,9,1,3,1,19,25,400,2500,34
SIM_COVER_USE,13,56,0,0
SIM,13,1,1,5,57,0,6,4,2,2,19,25,1200,200,45
SIM_COVER_USE,13,57,0,0
SIM,13,1,1,5,58,1,9,1,3,1,19,24,100,1100,28
SIM_COVER_USE,13,58,0,0
SIM,13,1,1,5,59,0,7,1,3,1,19,24,800,500,45
SIM_COVER_USE,13,59,0,0
SIM,13,1,1,5,60,1,7,0,3,0,19,22,500,1500,36
SIM_COVER_USE,13,60,0,0
SIM,13,1,1,5,61,0,6,3,2,1,19,22,1300,100,45
SIM_COVER_USE,13,61,0,0
SIM,13,1,1,5,62,1,9,1,3,1,19,20,200,1000,29
SIM_COVER_USE,13,62,0,0
SIM,13,1,1,5,63,0,7,1,3,1,19,20,900,400,45
SIM_COVER_USE,13,63,0,0
SIM,13,1,1,5,64,1,7,0,3,0,19,18,300,1400,35
SIM_COVER_USE,13,64,0,0
SIM,13,1,1,5,65,0,6,3,2,1,19,18,1100,300,45
SIM_COVER_USE,13,65,0,0
SIM,13,1,1,5,66,1,9,1,3,1,19,16,300,1200,31
SIM_COVER_USE,13,66,0,0
SIM,13,1,1,5,67,0,7,1,3,1,19,16,1000,300,45
SIM_COVER_USE,13,67,0,0
SIM,13,1,1,5,68,1,7,0,3,0,19,14,400,1300,35
SIM_COVER_USE,13,68,0,0
SIM,13,1,1,5,69,0,6,3,2,1,19,14,1200,200,45
SIM_COVER_USE,13,69,0,0
SIM,13,1,1,5,70,1,9,1,3,1,19,12,100,1100,29
SIM_COVER_USE,13,70,0,0
SIM,13,1,1,5,71,0,7,1,3,1,19,12,800,500,45
SIM_COVER_USE,13,71,0,0
SIM,13,1,1,5,72,1,7,0,3,0,19,10,500,1500,37
SIM_COVER_USE,13,72,0,0
SIM,13,1,1,5,73,0,6,3,2,1,19,10,1300,100,45
SIM_COVER_USE,13,73,0,0
SIM,13,1,1,5,74,1,9,1,3,1,19,8,200,1000,29
SIM_COVER_USE,13,74,0,0
SIM,13,1,1,5,75,0,7,1,3,1,19,8,900,400,45
SIM_COVER_USE,13,75,0,0
SIM,13,1,1,5,76,1,7,0,3,0,19,6,300,1400,35
SIM_COVER_USE,13,76,0,0
SIM,13,1,1,5,77,0,7,14,3,0,19,6,1000,800,45
SIM_COVER_USE,13,77,0,0
SIM,13,1,1,5,78,1,10,14,4,0,19,3,200,1800,21
SIM_COVER_USE,13,78,0,0
SIM,13,1,1,5,79,0,9,3,3,1,19,3,900,100,45
SIM_COVER_USE,13,79,0,0
SIM_END,13,1,1,5,79,0,0
SIM,14,1,1,6,1,0,0,6,0,1,40,40,1000,0,30
SIM_COVER_USE,14,1,0,0
SIM,14,1,1,6,2,1,3,6,1,1,40,39,200,800,19
SIM_COVER_USE,14,2,0,0
SIM,14,1,1,6,3,0,0,9,0,2,39,39,1200,300,45
SIM_COVER_USE,14,3,0,1
SIM,14,1,1,6,4,1,0,9,0,2,39,39,300,1000,39
SIM_COVER_USE,14,4,0,1
SIM,14,1,1,6,5,0,0,9,0,2,38,39,1300,400,45
SIM_COVER_USE,14,5,0,1
SIM,14,1,1,6,6,1,3,7,1,2,38,39,200,1100,34
SIM_COVER_USE,14,6,0,1
SIM,14,1,1,6,7,0,3,7,1,2,38,39,1100,1100,45
SIM_COVER_USE,14,7,0,0
SIM,14,1,1,6,8,1,3,6,1,1,38,39,500,1900,39
SIM_COVER_USE,14,8,0,0
SIM,14,1,1,6,9,0,0,9,0,2,37,39,1500,200,45
SIM_COVER_USE,14,9,0,0
SIM,14,1,1,6,10,1,3,7,1,2,37,39,100,900,32
SIM_COVER_USE,14,10,0,0
SIM,14,1,1,6,11,0,0,7,0,2,36,39,1100,300,45
SIM_COVER_USE,14,11,0,0
SIM,14,1,1,6,12,1,0,7,0,2,36,39,500,1000,41
SIM_COVER_USE,14,12,0,0
SIM,14,1,1,6,13,0,0,10,0,3,35,39,1500,200,45
SIM_COVER_USE,14,13,0,0
SIM,14,1,1,6,14,1,3,9,1,2,35,39,100,900,32
SIM_COVER_USE,14,14,0,0
SIM,14,1,1,6,15,0,0,9,0,2,35,39,1100,300,45
SIM_COVER_USE,14,15,0,0
SIM,14,1,1,6,16,1,0,9,0,2,35,39,500,1000,41
SIM_COVER_USE,14,16,0,0
SIM,14,1,1,6,17,0,0,12,0,3,33,39,1500,200,45
SIM_COVER_USE,14,17,0,0
SIM,14,1,1,6,18,1,3,10,1,3,33,39,100,800,34
SIM_COVER_USE,14,18,0,0
SIM,14,1,1,6,19,0,0,10,0,3,31,39,1100,500,45
SIM_COVER_USE,14,19,0,1
SIM,14,1,1,6,20,1,0,10,0,3,31,39,500,1100,41
SIM_COVER_USE,14,20,0,1
SIM,14,1,1,6,21,0,0,13,0,4,28,39,1500,300,45
SIM_COVER_USE,14,21,0,0
SIM,14,1,1,6,22,1,3,12,1,3,28,39,100,900,34
SIM_COVER_USE,14,22,0,0
SIM,14,1,1,6,23,0,0,12,0,3,26,39,1100,300,45
SIM_COVER_USE,14,23,0,0
SIM,14,1,1,6,24,1,0,12,0,3,26,39,500,900,41
SIM_COVER_USE,14,24,0,0
SIM,14,1,1,6,25,0,0,15,0,4,23,39,1500,100,45
SIM_COVER_USE,14,25,0,0
SIM,14,1,1,6,26,1,3,13,1,4,23,39,100,600,34
SIM_COVER_USE,14,26,0,0
SIM,14,1,1,6,27,0,0,13,0,4,20,39,1100,300,45
SIM_COVER_USE,14,27,0,0
SIM,14,1,1,6,28,1,0,13,0,4,20,39,1100,800,45
SIM_COVER_USE,14,28,0,0
SIM,14,1,1,6,29,0,0,13,0,4,16,39,2100,500,45
SIM_COVER_USE,14,29,0,0
SIM,14,1,1,6,30,1,3,11,1,4,16,39,400,1000,32
SIM_COVER_USE,14,30,0,0
SIM,14,1,1,6,31,0,0,11,0,4,13,39,1400,400,45
SIM_COVER_USE,14,31,0,0
SIM,14,1,1,6,32,1,0,11,0,4,13,39,1400,900,45
SIM_COVER_USE,14,32,0,0
SIM,14,1,1,6,33,0,0,11,0,4,9,39,2400,300,45
SIM_COVER_USE,14,33,0,0
SIM,14,1,1,6,34,1,3,9,1,3,9,39,400,1000,30
SIM_COVER_USE,14,34,0,0
SIM,14,1,1,6,35,0,3,12,1,4,5,39,1300,200,45
SIM_COVER_USE,14,35,0,0
SIM,14,1,1,6,36,1,3,10,1,4,5,39,400,800,37
SIM_COVER_USE,14,36,0,0
SIM,14,1,1,6,37,0,3,10,1,4,1,39,1300,500,45
SIM_COVER_USE,14,37,0,0
SIM,14,1,1,6,38,1,6,7,2,3,1,39,200,1200,34
SIM_COVER_USE,14,38,0,0
SIM_END,14,1,1,6,38,1,0
SIM_DONE
SIM_CONFIG,degrade_favoured_pct=35,only_handicap=1,variants=7,plain=false
SIM_TERRAIN,cover_tiles=8,of=120,plain=false,max_rounds=40
SIM,1,0,1,0,1,0,6,0,1,0,40,40,1000,0,30
SIM_COVER_USE,1,1,0,0
SIM,1,0,1,0,2,1,9,0,2,0,40,39,200,1000,19
SIM_COVER_USE,1,2,0,0
SIM,1,0,1,0,3,0,7,3,2,1,40,39,900,200,45
SIM_COVER_USE,1,3,0,0
SIM,1,0,1,0,4,1,7,0,2,0,40,38,300,1200,31
SIM_COVER_USE,1,4,0,0
SIM,1,0,1,0,5,0,7,0,2,0,40,38,1000,300,45
SIM_COVER_USE,1,5,0,0
SIM,1,0,1,0,6,1,10,0,3,0,40,37,200,1300,34
SIM_COVER_USE,1,6,0,0
SIM,1,0,1,0,7,0,9,3,2,1,40,37,900,200,45
SIM_COVER_USE,1,7,0,0
SIM,1,0,1,0,8,1,9,0,2,0,40,37,300,1200,34
SIM_COVER_USE,1,8,0,0
SIM,1,0,1,0,9,0,9,0,2,0,40,37,1000,300,45
SIM_COVER_USE,1,9,0,0
SIM,1,0,1,0,10,1,12,0,3,0,40,35,200,1300,30
SIM_COVER_USE,1,10,0,0
SIM,1,0,1,0,11,0,10,3,3,1,40,35,800,200,45
SIM_COVER_USE,1,11,0,0
SIM,1,0,1,0,12,1,10,3,3,1,40,35,800,1100,41
SIM_COVER_USE,1,12,1,0
SIM,1,0,1,0,13,0,9,3,2,1,40,35,1500,500,45
SIM_COVER_USE,1,13,1,0
SIM,1,0,1,0,14,1,12,0,3,0,40,33,100,1500,21
SIM_COVER_USE,1,14,1,0
SIM,1,0,1,0,15,0,10,3,3,1,40,33,700,100,45
SIM_COVER_USE,1,15,1,0
SIM,1,0,1,0,16,1,10,0,3,0,40,31,400,1100,37
SIM_COVER_USE,1,16,1,0
SIM,1,0,1,0,17,0,10,0,3,0,40,31,1000,500,45
SIM_COVER_USE,1,17,1,0
SIM,1,0,1,0,18,1,10,0,3,0,40,30,1000,1500,43
SIM_COVER_USE,1,18,1,0
SIM,1,0,1,0,19,0,9,3,2,1,40,30,1700,100,45
SIM_COVER_USE,1,19,1,0
SIM,1,0,1,0,20,1,12,0,3,0,40,29,300,1100,29
SIM_COVER_USE,1,20,1,0
SIM,1,0,1,0,21,0,12,0,3,0,40,29,900,500,45
SIM_COVER_USE,1,21,1,0
SIM,1,0,1,0,22,1,12,0,3,0,40,26,300,1500,28
SIM_COVER_USE,1,22,0,0
SIM,1,0,1,0,23,0,10,3,3,1,40,26,900,100,45
SIM_COVER_USE,1,23,0,0
SIM,1,0,1,0,24,1,10,0,3,0,40,26,900,1100,43
SIM_COVER_USE,1,24,0,0
SIM,1,0,1,0,25,0,10,0,3,0,40,26,1500,500,45
SIM_COVER_USE,1,25,0,0
SIM,1,0,1,0,26,1,10,0,3,0,40,25,1500,1500,43
SIM_COVER_USE,1,26,0,0
SIM,1,0,1,0,27,0,8,3,3,1,40,25,2100,100,45
SIM_COVER_USE,1,27,0,0
SIM,1,0,1,0,28,1,11,0,4,0,40,23,100,1100,23
SIM_COVER_USE,1,28,0,0
SIM,1,0,1,0,29,0,11,0,4,0,40,23,600,500,45
SIM_COVER_USE,1,29,0,0
SIM,1,0,1,0,30,1,11,0,4,0,40,22,600,1500,43
SIM_COVER_USE,1,30,0,0
SIM,1,0,1,0,31,0,9,3,3,1,40,22,1300,100,45
SIM_COVER_USE,1,31,0,0
SIM,1,0,1,0,32,1,9,3,3,1,40,21,1300,1000,43
SIM_COVER_USE,1,32,0,0
SIM,1,0,1,0,33,0,7,3,3,1,40,21,2000,400,45
SIM_COVER_USE,1,33,0,0
SIM,1,0,1,0,34,1,7,3,3,1,40,20,2000,1300,43
SIM_COVER_USE,1,34,0,0
SIM,1,0,1,0,35,0,4,6,2,2,40,20,2800,200,45
SIM_COVER_USE,1,35,0,0
SIM,1,0,1,0,36,1,4,6,2,2,40,19,2800,1000,43
SIM_COVER_USE,1,36,0,0
SIM,1,0,1,0,37,0,1,6,1,2,40,19,3700,400,45
SIM_COVER_USE,1,37,0,0
SIM,1,0,1,0,38,1,4,4,2,2,40,18,200,1200,14
SIM_COVER_USE,1,38,0,0
SIM,1,0,1,0,39,0,0,7,0,3,40,18,1200,100,44
SIM_COVER_USE,1,39,0,0
SIM,1,0,1,0,40,1,14,7,0,3,40,18,600,800,42
SIM_COVER_USE,1,40,0,0
SIM,1,0,1,0,41,0,14,7,0,3,39,18,1600,500,45
SIM_COVER_USE,1,41,0,0
SIM,1,0,1,0,42,1,0,7,0,3,39,18,1900,1200,45
SIM_COVER_USE,1,42,0,0
SIM,1,0,1,0,43,0,0,10,0,4,36,18,2900,100,45
SIM_COVER_USE,1,43,0,0
SIM,1,0,1,0,44,1,14,10,0,4,36,18,2300,700,43
SIM_COVER_USE,1,44,0,0
SIM,1,0,1,0,45,0,14,10,0,4,33,18,3300,400,45
SIM_COVER_USE,1,45,0,0
SIM,1,0,1,0,46,1,3,9,1,3,33,18,100,1100,20
SIM_COVER_USE,1,46,0,0
SIM,1,0,1,0,47,0,1,12,1,4,30,18,1000,300,45
SIM_COVER_USE,1,47,0,1
SIM,1,0,1,0,48,1,1,10,1,4,30,18,400,900,39
SIM_COVER_USE,1,48,0,1
SIM,1,0,1,0,49,0,0,10,0,4,27,18,1400,300,45
SIM_COVER_USE,1,49,0,0
SIM,1,0,1,0,50,1,3,9,1,3,27,18,300,1000,36
SIM_COVER_USE,1,50,0,0
SIM,1,0,1,0,51,0,3,12,1,4,23,18,1200,200,45
SIM_COVER_USE,1,51,0,0
SIM,1,0,1,0,52,1,17,12,1,4,23,18,600,800,43
SIM_COVER_USE,1,52,0,0
SIM,1,0,1,0,53,0,17,12,1,4,19,18,1500,500,45
SIM_COVER_USE,1,53,0,0
SIM,1,0,1,0,54,1,3,12,1,4,19,18,1800,1100,45
SIM_COVER_USE,1,54,0,0
SIM,1,0,1,0,55,0,3,12,1,4,15,18,2700,500,45
SIM_COVER_USE,1,55,0,0
SIM,1,0,1,0,56,1,6,9,2,3,15,18,100,1200,24
SIM_COVER_USE,1,56,0,0
SIM,1,0,1,0,57,0,6,12,2,4,11,18,900,100,45
SIM_COVER_USE,1,57,0,0
SIM,1,0,1,0,58,1,20,12,2,4,11,18,300,700,43
SIM_COVER_USE,1,58,0,0
SIM,1,0,1,0,59,0,20,12,2,4,7,18,1100,400,45
SIM_COVER_USE,1,59,0,0
SIM,1,0,1,0,60,1,9,7,3,3,7,18,300,1100,31
SIM_COVER_USE,1,60,0,0
SIM,1,0,1,0,61,0,7,10,3,4,4,18,1000,300,45
SIM_COVER_USE,1,61,0,0
SIM,1,0,1,0,62,1,7,9,3,3,4,18,1000,1000,43
SIM_COVER_USE,1,62,0,0
SIM,1,0,1,0,63,0,6,9,2,3,2,18,1800,400,45
SIM_COVER_USE,1,63,0,0
SIM,1,0,1,0,64,1,6,9,2,3,2,18,1800,1100,44
SIM_COVER_USE,1,64,1,0
SIM_END,1,0,1,0,64,1,0
SIM,2,0,1,1,1,0,6,0,1,0,40,40,1000,0,30
SIM_COVER_USE,2,1,0,0
SIM,2,0,1,1,2,1,20,0,1,0,40,40,400,1000,28
SIM_COVER_USE,2,2,0,0
SIM,2,0,1,1,3,0,18,3,1,1,40,40,1200,200,45
SIM_COVER_USE,2,3,0,0
SIM,2,0,1,1,4,1,7,0,2,0,40,39,100,1200,28
SIM_COVER_USE,2,4,0,0
SIM,2,0,1,1,5,0,7,0,2,0,40,39,800,300,45
SIM_COVER_USE,2,5,0,0
SIM,2,0,1,1,6,1,7,0,2,0,40,38,500,1300,31
SIM_COVER_USE,2,6,0,0
SIM,2,0,1,1,7,0,5,3,2,1,40,38,1200,200,45
SIM_COVER_USE,2,7,0,0
SIM,2,0,1,1,8,1,5,3,2,1,40,38,1200,1100,43
SIM_COVER_USE,2,8,0,0
SIM,2,0,1,1,9,0,4,3,1,1,40,38,2000,500,45
SIM_COVER_USE,2,9,0,0
SIM,2,0,1,1,10,1,7,0,2,0,40,37,300,1500,26
SIM_COVER_USE,2,10,0,0
SIM,2,0,1,1,11,0,5,3,2,1,40,37,1000,100,45
SIM_COVER_USE,2,11,0,0
SIM,2,0,1,1,12,1,5,0,2,0,40,36,400,1100,37
SIM_COVER_USE,2,12,0,0
SIM,2,0,1,1,13,0,5,0,2,0,40,36,1100,500,45
SIM_COVER_USE,2,13,0,0
SIM,2,0,1,1,14,1,8,0,3,0,40,35,300,1500,36
SIM_COVER_USE,2,14,0,0
SIM,2,0,1,1,15,0,7,3,2,1,40,35,1000,100,45
SIM_COVER_USE,2,15,0,0
SIM,2,0,1,1,16,1,7,3,2,1,40,35,1000,1000,43
SIM_COVER_USE,2,16,0,0
SIM,2,0,1,1,17,0,5,3,2,1,40,35,1700,400,45
SIM_COVER_USE,2,17,0,0
SIM,2,0,1,1,18,1,8,0,3,0,40,34,300,1400,21
SIM_COVER_USE,2,18,0,0
SIM,2,0,1,1,19,0,6,3,2,1,40,34,1100,300,45
SIM_COVER_USE,2,19,0,0
SIM,2,0,1,1,20,1,6,3,2,1,40,32,500,1200,36
SIM_COVER_USE,2,20,0,0
SIM,2,0,1,1,21,0,4,3,2,1,40,32,1300,300,45
SIM_COVER_USE,2,21,0,0
SIM,2,0,1,1,22,1,7,1,3,1,40,30,200,1200,28
SIM_COVER_USE,2,22,0,0
SIM,2,0,1,1,23,0,4,4,2,2,40,30,1000,100,45
SIM_COVER_USE,2,23,0,0
SIM,2,0,1,1,24,1,4,1,2,1,40,30,400,1000,37
SIM_COVER_USE,2,24,0,0
SIM,2,0,1,1,25,0,3,1,1,1,40,30,1300,400,45
SIM_COVER_USE,2,25,0,0
SIM,2,0,1,1,26,1,6,0,2,0,40,29,200,1400,28
SIM_COVER_USE,2,26,0,0
SIM,2,0,1,1,27,0,4,3,2,1,40,29,1000,300,45
SIM_COVER_USE,2,27,0,0
SIM,2,0,1,1,28,1,4,1,2,1,40,28,400,1200,37
SIM_COVER_USE,2,28,0,0
SIM,2,0,1,1,29,0,3,1,1,1,40,28,1300,300,45
SIM_COVER_USE,2,29,0,0
SIM,2,0,1,1,30,1,3,0,1,0,40,28,1300,1300,43
SIM_COVER_USE,2,30,0,0
SIM,2,0,1,1,31,0,1,3,1,1,40,28,2200,200,45
SIM_COVER_USE,2,31,0,0
SIM,2,0,1,1,32,1,15,3,1,1,40,28,1600,1100,43
SIM_COVER_USE,2,32,0,0
SIM,2,0,1,1,33,0,14,3,0,1,40,28,2600,500,45
SIM_COVER_USE,2,33,0,0
SIM,2,0,1,1,34,1,3,1,1,1,40,28,300,1400,22
SIM_COVER_USE,2,34,0,0
SIM,2,0,1,1,35,0,0,4,0,2,40,28,1300,300,45
SIM_COVER_USE,2,35,0,0
SIM,2,0,1,1,36,1,14,4,0,2,40,28,700,1100,43
SIM_COVER_USE,2,36,0,0
SIM,2,0,1,1,37,0,14,4,0,2,39,28,1700,500,45
SIM_COVER_USE,2,37,0,1
SIM,2,0,1,1,38,1,3,3,1,1,39,28,300,1400,30
SIM_COVER_USE,2,38,0,1
SIM,2,0,1,1,39,0,0,6,0,2,39,28,1300,300,45
SIM_COVER_USE,2,39,0,1
SIM,2,0,1,1,40,1,0,6,0,2,39,28,400,1100,39
SIM_COVER_USE,2,40,0,1
SIM,2,0,1,1,41,0,0,6,0,2,37,28,1400,500,45
SIM_COVER_USE,2,41,0,0
SIM,2,0,1,1,42,1,3,4,1,2,37,28,300,1300,36
SIM_COVER_USE,2,42,0,0
SIM,2,0,1,1,43,0,3,7,1,3,35,28,1200,200,45
SIM_COVER_USE,2,43,0,0
SIM,2,0,1,1,44,1,3,6,1,2,35,28,300,1000,37
SIM_COVER_USE,2,44,0,0
SIM,2,0,1,1,45,0,3,6,1,2,33,28,1200,400,45
SIM_COVER_USE,2,45,0,0
SIM,2,0,1,1,46,1,6,3,2,1,33,28,100,1300,34
SIM_COVER_USE,2,46,0,0
SIM,2,0,1,1,47,0,6,6,2,2,32,28,900,200,45
SIM_COVER_USE,2,47,0,0
SIM,2,0,1,1,48,1,6,3,2,1,32,28,300,1100,31
SIM_COVER_USE,2,48,0,0
SIM,2,0,1,1,49,0,6,3,2,1,31,28,1100,500,45
SIM_COVER_USE,2,49,0,0
SIM,2,0,1,1,50,1,9,0,3,0,31,27,300,1500,30
SIM_COVER_USE,2,50,0,0
SIM,2,0,1,1,51,0,7,3,3,1,31,27,1000,100,45
SIM_COVER_USE,2,51,0,0
SIM,2,0,1,1,52,1,7,3,3,1,31,26,1000,1000,43
SIM_COVER_USE,2,52,0,0
SIM,2,0,1,1,53,0,6,3,2,1,31,26,1800,400,45
SIM_COVER_USE,2,53,0,0
SIM,2,0,1,1,54,1,9,0,3,0,31,25,100,1400,8
SIM_COVER_USE,2,54,0,0
SIM,2,0,1,1,55,0,7,3,3,1,31,25,800,300,38
SIM_COVER_USE,2,55,0,0
SIM,2,0,1,1,56,1,7,3,3,1,31,22,500,1200,26
SIM_COVER_USE,2,56,0,0
SIM,2,0,1,1,57,0,6,3,2,1,31,22,1300,300,45
SIM_COVER_USE,2,57,0,0
SIM,2,0,1,1,58,1,6,3,2,1,31,21,1300,1200,43
SIM_COVER_USE,2,58,0,0
SIM,2,0,1,1,59,0,3,6,1,2,31,21,2200,100,45
SIM_COVER_USE,2,59,0,0
SIM,2,0,1,1,60,1,6,4,2,2,31,20,200,900,24
SIM_COVER_USE,2,60,0,0
SIM,2,0,1,1,61,0,3,4,1,2,31,20,1100,300,45
SIM_COVER_USE,2,61,0,0
SIM,2,0,1,1,62,1,3,3,1,1,31,20,500,1200,37
SIM_COVER_USE,2,62,0,0
SIM,2,0,1,1,63,0,0,6,0,2,31,20,1500,100,45
SIM_COVER_USE,2,63,0,0
SIM,2,0,1,1,64,1,3,4,1,2,31,20,100,900,30
SIM_COVER_USE,2,64,0,0
SIM,2,0,1,1,65,0,0,4,0,2,31,20,1100,300,45
SIM_COVER_USE,2,65,0,0
SIM,2,0,1,1,66,1,0,4,0,2,31,20,500,1100,41
SIM_COVER_USE,2,66,0,0
SIM,2,0,1,1,67,0,0,7,0,3,29,20,1500,300,45
SIM_COVER_USE,2,67,0,0
SIM,2,0,1,1,68,1,3,6,1,2,29,20,100,1100,32
SIM_COVER_USE,2,68,0,0
SIM,2,0,1,1,69,0,3,6,1,2,27,20,1000,500,45
SIM_COVER_USE,2,69,0,0
SIM,2,0,1,1,70,1,17,6,1,2,27,20,400,1300,43
SIM_COVER_USE,2,70,0,0
SIM,2,0,1,1,71,0,17,9,1,3,25,20,1300,200,45
SIM_COVER_USE,2,71,0,1
SIM,2,0,1,1,72,1,3,9,1,3,25,20,1600,900,45
SIM_COVER_USE,2,72,0,1
SIM,2,0,1,1,73,0,1,9,1,3,23,20,2500,300,45
SIM_COVER_USE,2,73,0,0
SIM,2,0,1,1,74,1,15,9,1,3,23,20,1900,1000,43
SIM_COVER_USE,2,74,0,0
SIM,2,0,1,1,75,0,10,12,0,4,22,20,2900,200,45
SIM_COVER_USE,2,75,0,0
SIM,2,0,1,1,76,1,3,10,1,4,22,20,300,800,24
SIM_COVER_USE,2,76,0,0
SIM,2,0,1,1,77,0,0,10,0,4,20,20,1300,500,45
SIM_COVER_USE,2,77,0,1
SIM,2,0,1,1,78,1,0,10,0,4,20,20,400,1100,39
SIM_COVER_USE,2,78,0,1
SIM,2,0,1,1,79,0,0,10,0,4,16,20,1400,500,45
SIM_COVER_USE,2,79,0,0
SIM,2,0,1,1,80,1,3,10,1,4,16,20,1200,1100,44
SIM_COVER_USE,2,80,0,0
SIM_END,2,0,1,1,80,1,0
SIM,3,0,1,2,1,0,6,0,1,0,40,40,1000,0,30
SIM_COVER_USE,3,1,0,0
SIM,3,0,1,2,2,1,20,0,1,0,40,40,400,1000,28
SIM_COVER_USE,3,2,0,0
SIM,3,0,1,2,3,0,20,3,1,1,39,40,1200,200,45
SIM_COVER_USE,3,3,0,0
SIM,3,0,1,2,4,1,6,3,1,1,39,40,1500,1100,45
SIM_COVER_USE,3,4,0,0
SIM,3,0,1,2,5,0,6,3,1,1,38,40,2300,500,45
SIM_COVER_USE,3,5,0,0
SIM,3,0,1,2,6,1,6,0,1,0,38,40,2300,1500,43
SIM_COVER_USE,3,6,0,0
SIM,3,0,1,2,7,0,6,3,1,1,37,40,3100,100,45
SIM_COVER_USE,3,7,0,0
SIM,3,0,1,2,8,1,6,0,1,0,37,40,3100,1100,43
SIM_COVER_USE,3,8,0,0
SIM,3,0,1,2,9,0,6,0,1,0,37,40,3900,500,45
SIM_COVER_USE,3,9,0,0
SIM,3,0,1,2,10,1,20,0,1,0,37,40,3300,1500,43
SIM_COVER_USE,3,10,0,0
SIM,3,0,1,2,11,0,20,3,1,1,36,40,4100,100,45
SIM_COVER_USE,3,11,0,0
SIM,3,0,1,2,12,1,6,3,1,1,36,40,4400,1000,45
SIM_COVER_USE,3,12,0,0
SIM,3,0,1,2,13,0,6,3,1,1,35,40,5200,400,45
SIM_COVER_USE,3,13,0,0
SIM,3,0,1,2,14,1,9,0,2,0,35,39,200,1400,4
SIM_COVER_USE,3,14,0,0
SIM,3,0,1,2,15,0,7,3,2,1,35,39,900,300,34
SIM_COVER_USE,3,15,0,0
SIM,3,0,1,2,16,1,7,0,2,0,35,38,300,1300,12
SIM_COVER_USE,3,16,0,0
SIM,3,0,1,2,17,0,7,0,2,0,35,38,1000,400,42
SIM_COVER_USE,3,17,0,0
SIM,3,0,1,2,18,1,10,0,3,0,35,37,200,1400,31
SIM_COVER_USE,3,18,0,0
SIM,3,0,1,2,19,0,9,3,2,1,35,37,900,300,45
SIM_COVER_USE,3,19,0,0
SIM,3,0,1,2,20,1,9,0,2,0,35,37,300,1300,34
SIM_COVER_USE,3,20,0,0
SIM,3,0,1,2,21,0,9,0,2,0,35,37,1000,400,45
SIM_COVER_USE,3,21,0,0
SIM,3,0,1,2,22,1,12,0,3,0,35,35,200,1400,30
SIM_COVER_USE,3,22,0,0
SIM,3,0,1,2,23,0,10,3,3,1,35,35,800,300,45
SIM_COVER_USE,3,23,0,0
SIM,3,0,1,2,24,1,10,3,3,1,35,35,800,1200,41
SIM_COVER_USE,3,24,1,0
SIM,3,0,1,2,25,0,9,3,2,1,35,35,1500,300,45
SIM_COVER_USE,3,25,1,0
SIM,3,0,1,2,26,1,12,0,3,0,35,33,100,1300,21
SIM_COVER_USE,3,26,1,0
SIM,3,0,1,2,27,0,10,3,3,1,35,33,700,200,45
SIM_COVER_USE,3,27,1,0
SIM,3,0,1,2,28,1,10,0,3,0,35,31,400,1200,37
SIM_COVER_USE,3,28,1,0
SIM,3,0,1,2,29,0,10,0,3,0,35,31,1000,300,45
SIM_COVER_USE,3,29,1,0
SIM,3,0,1,2,30,1,13,0,4,0,35,28,200,1300,24
SIM_COVER_USE,3,30,0,0
SIM,3,0,1,2,31,0,12,3,3,1,35,28,800,200,45
SIM_COVER_USE,3,31,0,0
SIM,3,0,1,2,32,1,12,0,3,0,35,26,500,1200,35
SIM_COVER_USE,3,32,0,0
SIM,3,0,1,2,33,0,12,0,3,0,35,26,1100,300,45
SIM_COVER_USE,3,33,0,0
SIM,3,0,1,2,34,1,15,0,4,0,35,23,300,1300,31
SIM_COVER_USE,3,34,0,0
SIM,3,0,1,2,35,0,13,3,4,1,35,23,800,200,45
SIM_COVER_USE,3,35,0,0
SIM,3,0,1,2,36,1,13,0,4,0,35,20,500,1200,29
SIM_COVER_USE,3,36,0,0
SIM,3,0,1,2,37,0,13,0,4,0,35,20,1000,1200,45
SIM_COVER_USE,3,37,0,0
SIM,3,0,1,2,38,1,13,0,4,0,35,19,1000,2200,43
SIM_COVER_USE,3,38,0,0
SIM,3,0,1,2,39,0,11,3,4,1,35,19,1500,500,45
SIM_COVER_USE,3,39,0,0
SIM,3,0,1,2,40,1,11,0,4,0,35,16,300,1500,29
SIM_COVER_USE,3,40,0,0
SIM,3,0,1,2,41,0,11,0,4,0,35,16,800,1500,45
SIM_COVER_USE,3,41,0,0
SIM,3,0,1,2,42,1,11,0,4,0,35,15,800,2500,43
SIM_COVER_USE,3,42,0,0
SIM,3,0,1,2,43,0,9,3,3,1,35,15,1500,500,45
SIM_COVER_USE,3,43,0,0
SIM,3,0,1,2,44,1,12,3,4,1,35,11,100,1400,20
SIM_COVER_USE,3,44,0,0
SIM,3,0,1,2,45,0,10,3,4,1,35,11,700,500,45
SIM_COVER_USE,3,45,0,0
SIM,3,0,1,2,46,1,10,3,4,1,35,7,400,1400,35
SIM_COVER_USE,3,46,0,0
SIM,3,0,1,2,47,0,7,6,3,2,35,7,1100,300,45
SIM_COVER_USE,3,47,0,0
SIM,3,0,1,2,48,1,10,4,4,2,35,4,300,1100,28
SIM_COVER_USE,3,48,0,0
SIM,3,0,1,2,49,0,7,4,3,2,35,4,1000,500,45
SIM_COVER_USE,3,49,0,0
SIM,3,0,1,2,50,1,7,3,3,1,35,2,400,1400,35
SIM_COVER_USE,3,50,0,0
SIM,3,0,1,2,51,0,4,6,2,2,35,2,1200,300,45
SIM_COVER_USE,3,51,0,0
SIM,3,0,1,2,52,1,4,6,2,2,35,1,1200,1100,43
SIM_COVER_USE,3,52,0,0
SIM,3,0,1,2,53,0,1,6,1,2,35,1,2100,500,45
SIM_COVER_USE,3,53,0,0
SIM_END,3,0,1,2,53,0,0
SIM,4,0,1,3,1,0,6,0,1,0,40,40,1000,0,30
SIM_COVER_USE,4,1,1,0
SIM,4,0,1,3,2,1,9,0,2,0,40,39,200,1000,19
SIM_COVER_USE,4,2,1,0
SIM,4,0,1,3,3,0,7,3,2,1,40,39,900,200,45
SIM_COVER_USE,4,3,1,0
SIM,4,0,1,3,4,1,7,3,2,1,40,39,900,1100,35
SIM_COVER_USE,4,4,0,0
SIM,4,0,1,3,5,0,6,3,1,1,40,39,1700,500,45
SIM_COVER_USE,4,5,0,0
SIM,4,0,1,3,6,1,6,0,1,0,40,39,1700,1500,43
SIM_COVER_USE,4,6,0,0
SIM,4,0,1,3,7,0,4,3,1,1,40,39,2500,100,45
SIM_COVER_USE,4,7,0,0
SIM,4,0,1,3,8,1,7,0,2,0,40,38,200,1100,22
SIM_COVER_USE,4,8,0,0
SIM,4,0,1,3,9,0,7,0,2,0,40,38,900,500,45
SIM_COVER_USE,4,9,0,0
SIM,4,0,1,3,10,1,7,0,2,0,40,37,300,1500,35
SIM_COVER_USE,4,10,0,0
SIM,4,0,1,3,11,0,5,3,2,1,40,37,1000,100,45
SIM_COVER_USE,4,11,0,0
SIM,4,0,1,3,12,1,8,0,3,0,40,36,200,1100,31
SIM_COVER_USE,4,12,0,0
SIM,4,0,1,3,13,0,8,0,3,0,40,36,800,500,45
SIM_COVER_USE,4,13,0,0
SIM,4,0,1,3,14,1,8,0,3,0,40,35,800,1500,43
SIM_COVER_USE,4,14,0,0
SIM,4,0,1,3,15,0,7,3,2,1,40,35,1500,100,45
SIM_COVER_USE,4,15,0,0
SIM,4,0,1,3,16,1,7,0,2,0,40,35,1500,1100,43
SIM_COVER_USE,4,16,0,0
SIM,4,0,1,3,17,0,7,0,2,0,40,35,2200,500,45
SIM_COVER_USE,4,17,0,0
SIM,4,0,1,3,18,1,10,0,3,0,40,33,200,1500,20
SIM_COVER_USE,4,18,0,0
SIM,4,0,1,3,19,0,8,3,3,1,40,33,800,100,45
SIM_COVER_USE,4,19,0,0
SIM,4,0,1,3,20,1,8,0,3,0,40,33,800,1100,43
SIM_COVER_USE,4,20,0,0
SIM,4,0,1,3,21,0,8,0,3,0,40,33,1400,500,45
SIM_COVER_USE,4,21,0,0
SIM,4,0,1,3,22,1,11,0,4,0,40,30,300,1500,26
SIM_COVER_USE,4,22,0,0
SIM,4,0,1,3,23,0,9,3,3,1,40,30,1000,100,45
SIM_COVER_USE,4,23,0,0
SIM,4,0,1,3,24,1,9,3,3,1,40,29,1000,1000,43
SIM_COVER_USE,4,24,0,0
SIM,4,0,1,3,25,0,7,3,3,1,40,29,1700,400,45
SIM_COVER_USE,4,25,0,0
SIM,4,0,1,3,26,1,7,3,3,1,40,28,1700,1300,43
SIM_COVER_USE,4,26,0,0
SIM,4,0,1,3,27,0,4,6,2,2,40,28,2500,200,45
SIM_COVER_USE,4,27,0,0
SIM,4,0,1,3,28,1,7,3,3,1,40,27,200,1100,14
SIM_COVER_USE,4,28,0,0
SIM,4,0,1,3,29,0,6,3,2,1,40,27,1000,500,44
SIM_COVER_USE,4,29,0,0
SIM,4,0,1,3,30,1,6,3,2,1,40,26,1000,1400,42
SIM_COVER_USE,4,30,0,0
SIM,4,0,1,3,31,0,3,6,1,2,40,26,1900,300,45
SIM_COVER_USE,4,31,0,0
SIM,4,0,1,3,32,1,6,4,2,2,40,25,200,1100,26
SIM_COVER_USE,4,32,0,0
SIM,4,0,1,3,33,0,3,4,1,2,40,25,1100,500,45
SIM_COVER_USE,4,33,0,0
SIM,4,0,1,3,34,1,3,3,1,1,40,25,500,1400,38
SIM_COVER_USE,4,34,0,0
SIM,4,0,1,3,35,0,0,6,0,2,40,25,1500,300,45
SIM_COVER_USE,4,35,0,0
SIM,4,0,1,3,36,1,3,4,1,2,40,25,100,1100,30
SIM_COVER_USE,4,36,0,0
SIM,4,0,1,3,37,0,0,4,0,2,40,25,1100,500,45
SIM_COVER_USE,4,37,0,0
SIM,4,0,1,3,38,1,14,4,0,2,40,25,500,1300,43
SIM_COVER_USE,4,38,0,0
SIM,4,0,1,3,39,0,14,7,0,3,39,25,1500,200,45
SIM_COVER_USE,4,39,0,0
SIM,4,0,1,3,40,1,3,6,1,2,39,25,100,1000,26
SIM_COVER_USE,4,40,0,0
SIM,4,0,1,3,41,0,1,6,1,2,38,25,1000,400,45
SIM_COVER_USE,4,41,0,0
SIM,4,0,1,3,42,1,1,4,1,2,38,25,400,1200,39
SIM_COVER_USE,4,42,0,0
SIM,4,0,1,3,43,0,0,7,0,3,36,25,1400,100,45
SIM_COVER_USE,4,43,0,0
SIM,4,0,1,3,44,1,3,6,1,2,36,25,300,900,33
SIM_COVER_USE,4,44,0,0
SIM,4,0,1,3,45,0,3,6,1,2,34,25,1200,300,45
SIM_COVER_USE,4,45,0,0
SIM,4,0,1,3,46,1,17,6,1,2,34,25,600,1100,43
SIM_COVER_USE,4,46,0,0
SIM,4,0,1,3,47,0,15,9,1,3,32,25,1500,300,45
SIM_COVER_USE,4,47,0,1
SIM,4,0,1,3,48,1,6,6,2,2,32,25,100,1100,27
SIM_COVER_USE,4,48,0,1
SIM,4,0,1,3,49,0,4,6,2,2,31,25,900,500,45
SIM_COVER_USE,4,49,0,0
SIM,4,0,1,3,50,1,4,3,2,1,31,25,300,1400,35
SIM_COVER_USE,4,50,0,0
SIM,4,0,1,3,51,0,1,6,1,2,31,25,1200,300,45
SIM_COVER_USE,4,51,0,0
SIM,4,0,1,3,52,1,4,3,2,1,31,25,100,1200,30
SIM_COVER_USE,4,52,1,0
SIM,4,0,1,3,53,0,3,3,1,1,31,25,1000,300,45
SIM_COVER_USE,4,53,1,0
SIM,4,0,1,3,54,1,3,3,1,1,31,25,1000,1200,44
SIM_COVER_USE,4,54,1,0
SIM,4,0,1,3,55,0,2,6,1,2,30,25,1900,100,45
SIM_COVER_USE,4,55,1,1
SIM,4,0,1,3,56,1,16,6,1,2,30,25,1300,900,43
SIM_COVER_USE,4,56,1,1
SIM,4,0,1,3,57,0,15,6,1,2,29,25,2200,300,45
SIM_COVER_USE,4,57,1,1
SIM,4,0,1,3,58,1,4,3,2,2,29,25,200,1100,24
SIM_COVER_USE,4,58,1,1
SIM,4,0,1,3,59,0,1,6,1,3,28,25,1100,300,45
SIM_COVER_USE,4,59,0,1
SIM,4,0,1,3,60,1,1,5,1,2,28,25,1100,1100,43
SIM_COVER_USE,4,60,0,1
SIM,4,0,1,3,61,0,0,5,0,2,27,25,2100,500,45
SIM_COVER_USE,4,61,0,0
SIM,4,0,1,3,62,1,3,3,1,1,27,25,100,1400,28
SIM_COVER_USE,4,62,0,0
SIM,4,0,1,3,63,0,0,6,0,2,27,25,1100,300,45
SIM_COVER_USE,4,63,0,0
SIM,4,0,1,3,64,1,0,6,0,2,27,25,500,1100,41
SIM_COVER_USE,4,64,0,0
SIM,4,0,1,3,65,0,0,6,0,2,25,25,1500,500,45
SIM_COVER_USE,4,65,0,0
SIM,4,0,1,3,66,1,3,4,1,2,25,25,100,1300,34
SIM_COVER_USE,4,66,0,0
SIM,4,0,1,3,67,0,3,7,1,3,23,25,1000,200,45
SIM_COVER_USE,4,67,0,0
SIM,4,0,1,3,68,1,3,6,1,2,23,25,1000,1000,43
SIM_COVER_USE,4,68,0,0
SIM,4,0,1,3,69,0,3,6,1,2,21,25,1900,400,45
SIM_COVER_USE,4,69,0,0
SIM,4,0,1,3,70,1,6,3,2,1,21,25,200,1300,30
SIM_COVER_USE,4,70,0,0
SIM,4,0,1,3,71,0,6,6,2,2,20,25,1000,200,45
SIM_COVER_USE,4,71,0,0
SIM,4,0,1,3,72,1,6,6,2,2,20,25,1000,1000,44
SIM_COVER_USE,4,72,1,0
SIM,4,0,1,3,73,0,6,6,2,2,18,25,1800,400,45
SIM_COVER_USE,4,73,1,0
SIM,4,0,1,3,74,1,9,1,3,1,18,25,100,1300,23
SIM_COVER_USE,4,74,0,0
SIM,4,0,1,3,75,0,7,4,3,2,17,25,800,200,45
SIM_COVER_USE,4,75,0,0
SIM,4,0,1,3,76,1,7,0,3,0,17,25,500,1200,33
SIM_COVER_USE,4,76,0,0
SIM,4,0,1,3,77,0,7,0,3,0,17,25,1200,300,45
SIM_COVER_USE,4,77,0,0
SIM,4,0,1,3,78,1,10,0,4,0,17,22,100,1300,9
SIM_COVER_USE,4,78,0,0
SIM,4,0,1,3,79,0,9,3,3,1,17,22,800,200,39
SIM_COVER_USE,4,79,0,0
SIM,4,0,1,3,80,1,9,3,3,1,17,19,500,1100,28
SIM_COVER_USE,4,80,0,0
SIM_END,4,0,1,3,80,1,0
SIM,5,0,1,4,1,0,6,0,1,0,40,40,1000,0,30
SIM_COVER_USE,5,1,1,0
SIM,5,0,1,4,2,1,20,0,1,0,40,40,400,1000,28
SIM_COVER_USE,5,2,1,0
SIM,5,0,1,4,3,0,20,3,1,1,40,40,1200,200,45
SIM_COVER_USE,5,3,1,1
SIM,5,0,1,4,4,1,9,0,2,0,40,40,100,1200,28
SIM_COVER_USE,5,4,1,0
SIM,5,0,1,4,5,0,9,0,2,0,40,40,800,300,45
SIM_COVER_USE,5,5,1,0
SIM,5,0,1,4,6,1,9,0,2,0,40,39,500,1300,37
SIM_COVER_USE,5,6,1,0
SIM,5,0,1,4,7,0,7,3,2,1,40,39,1200,200,45
SIM_COVER_USE,5,7,1,0
SIM,5,0,1,4,8,1,10,0,3,0,40,37,100,1200,6
SIM_COVER_USE,5,8,0,0
SIM,5,0,1,4,9,0,10,0,3,0,40,37,700,300,36
SIM_COVER_USE,5,9,0,0
SIM,5,0,1,4,10,1,10,0,3,0,40,35,400,1300,26
SIM_COVER_USE,5,10,0,0
SIM,5,0,1,4,11,0,9,3,2,1,40,35,1100,200,45
SIM_COVER_USE,5,11,0,0
SIM,5,0,1,4,12,1,9,3,2,1,40,35,1100,1100,43
SIM_COVER_USE,5,12,0,0
SIM,5,0,1,4,13,0,7,3,2,1,40,35,1800,500,45
SIM_COVER_USE,5,13,0,0
SIM,5,0,1,4,14,1,10,0,3,0,40,33,100,1500,20
SIM_COVER_USE,5,14,0,0
SIM,5,0,1,4,15,0,9,3,2,1,40,33,800,100,45
SIM_COVER_USE,5,15,0,0
SIM,5,0,1,4,16,1,9,3,2,1,40,33,800,1000,41
SIM_COVER_USE,5,16,0,0
SIM,5,0,1,4,17,0,7,3,2,1,40,33,1500,400,45
SIM_COVER_USE,5,17,0,0
SIM,5,0,1,4,18,1,10,0,3,0,40,31,100,1400,26
SIM_COVER_USE,5,18,0,0
SIM,5,0,1,4,19,0,8,3,3,1,40,31,700,300,45
SIM_COVER_USE,5,19,0,0
SIM,5,0,1,4,20,1,8,0,3,0,40,31,700,1300,43
SIM_COVER_USE,5,20,0,0
SIM,5,0,1,4,21,0,8,0,3,0,40,31,1300,400,45
SIM_COVER_USE,5,21,0,0
SIM,5,0,1,4,22,1,11,0,4,0,40,28,200,1400,29
SIM_COVER_USE,5,22,0,0
SIM,5,0,1,4,23,0,9,3,3,1,40,28,900,300,45
SIM_COVER_USE,5,23,0,0
SIM,5,0,1,4,24,1,9,3,3,1,40,27,900,1200,43
SIM_COVER_USE,5,24,0,0
SIM,5,0,1,4,25,0,7,3,3,1,40,27,1600,300,45
SIM_COVER_USE,5,25,0,0
SIM,5,0,1,4,26,1,7,3,3,1,40,26,1600,1200,43
SIM_COVER_USE,5,26,0,0
SIM,5,0,1,4,27,0,4,6,2,2,40,26,2400,100,45
SIM_COVER_USE,5,27,0,0
SIM,5,0,1,4,28,1,4,6,2,2,40,25,2400,900,43
SIM_COVER_USE,5,28,0,0
SIM,5,0,1,4,29,0,1,6,1,2,40,25,3300,300,45
SIM_COVER_USE,5,29,0,0
SIM,5,0,1,4,30,1,4,4,2,2,40,24,100,1100,16
SIM_COVER_USE,5,30,0,0
SIM,5,0,1,4,31,0,0,7,0,3,40,24,1100,300,45
SIM_COVER_USE,5,31,0,0
SIM,5,0,1,4,32,1,14,7,0,3,40,24,500,1000,43
SIM_COVER_USE,5,32,0,0
SIM,5,0,1,4,33,0,14,7,0,3,39,24,1500,400,45
SIM_COVER_USE,5,33,0,0
SIM,5,0,1,4,34,1,0,7,0,3,39,24,1800,1100,45
SIM_COVER_USE,5,34,0,0
SIM,5,0,1,4,35,0,0,10,0,4,36,24,2800,300,45
SIM_COVER_USE,5,35,0,0
SIM,5,0,1,4,36,1,14,10,0,4,36,24,2200,900,43
SIM_COVER_USE,5,36,0,0
SIM,5,0,1,4,37,0,14,10,0,4,33,24,3200,300,45
SIM_COVER_USE,5,37,0,0
SIM,5,0,1,4,38,1,3,9,1,3,33,24,300,1000,22
SIM_COVER_USE,5,38,0,0
SIM,5,0,1,4,39,0,1,12,1,4,30,24,1200,200,45
SIM_COVER_USE,5,39,0,1
SIM,5,0,1,4,40,1,15,12,1,4,30,24,600,800,43
SIM_COVER_USE,5,40,0,1
SIM,5,0,1,4,41,0,12,12,0,4,28,24,1600,500,45
SIM_COVER_USE,5,41,0,0
SIM,5,0,1,4,42,1,0,12,0,4,28,24,1900,1100,45
SIM_COVER_USE,5,42,0,0
SIM,5,0,1,4,43,0,0,12,0,4,24,24,2900,500,45
SIM_COVER_USE,5,43,0,0
SIM,5,0,1,4,44,1,3,12,1,4,24,24,2700,1100,44
SIM_COVER_USE,5,44,0,0
SIM,5,0,1,4,45,0,3,12,1,4,20,24,3600,500,45
SIM_COVER_USE,5,45,0,0
SIM,5,0,1,4,46,1,3,10,1,4,20,24,300,1100,21
SIM_COVER_USE,5,46,0,0
SIM,5,0,1,4,47,0,3,10,1,4,16,24,1200,500,45
SIM_COVER_USE,5,47,0,0
SIM,5,0,1,4,48,1,3,9,1,3,16,24,1200,1200,43
SIM_COVER_USE,5,48,0,0
SIM,5,0,1,4,49,0,3,12,1,4,12,24,2100,100,45
SIM_COVER_USE,5,49,0,0
SIM,5,0,1,4,50,1,6,9,2,3,12,24,100,800,28
SIM_COVER_USE,5,50,0,0
SIM,5,0,1,4,51,0,6,9,2,3,9,24,900,500,45
SIM_COVER_USE,5,51,0,0
SIM,5,0,1,4,52,1,6,6,2,2,9,24,300,1300,29
SIM_COVER_USE,5,52,0,0
SIM,5,0,1,4,53,0,6,9,2,3,7,24,1100,200,45
SIM_COVER_USE,5,53,0,0
SIM,5,0,1,4,54,1,20,9,2,3,7,24,500,900,43
SIM_COVER_USE,5,54,0,0
SIM,5,0,1,4,55,0,20,9,2,3,4,24,1300,300,45
SIM_COVER_USE,5,55,0,0
SIM,5,0,1,4,56,1,9,4,3,2,4,24,200,1100,25
SIM_COVER_USE,5,56,0,0
SIM,5,0,1,4,57,0,7,7,3,3,2,24,900,300,45
SIM_COVER_USE,5,57,0,0
SIM,5,0,1,4,58,1,7,3,3,1,2,24,300,1200,25
SIM_COVER_USE,5,58,0,0
SIM,5,0,1,4,59,0,6,3,2,1,2,24,1100,300,45
SIM_COVER_USE,5,59,0,0
SIM,5,0,1,4,60,1,6,3,2,1,2,24,1100,1200,44
SIM_COVER_USE,5,60,1,0
SIM_END,5,0,1,4,60,1,0
SIM,6,0,1,5,1,0,6,0,1,0,40,40,1000,0,30
SIM_COVER_USE,6,1,0,0
SIM,6,0,1,5,2,1,20,0,1,0,40,40,400,1000,28
SIM_COVER_USE,6,2,0,0
SIM,6,0,1,5,3,0,20,3,1,1,39,40,1200,200,45
SIM_COVER_USE,6,3,0,0
SIM,6,0,1,5,4,1,9,0,2,0,39,39,100,1200,26
SIM_COVER_USE,6,4,1,0
SIM,6,0,1,5,5,0,9,0,2,0,39,39,800,300,45
SIM_COVER_USE,6,5,1,0
SIM,6,0,1,5,6,1,9,0,2,0,39,38,800,1300,43
SIM_COVER_USE,6,6,1,0
SIM,6,0,1,5,7,0,7,3,2,1,39,38,1500,200,45
SIM_COVER_USE,6,7,1,0
SIM,6,0,1,5,8,1,10,0,3,0,39,36,100,1200,12
SIM_COVER_USE,6,8,0,0
SIM,6,0,1,5,9,0,10,0,3,0,39,36,700,300,42
SIM_COVER_USE,6,9,0,0
SIM,6,0,1,5,10,1,10,0,3,0,39,35,700,1300,40
SIM_COVER_USE,6,10,0,0
SIM,6,0,1,5,11,0,9,3,2,1,39,35,1400,200,45
SIM_COVER_USE,6,11,0,0
SIM,6,0,1,5,12,1,12,0,3,0,39,33,300,1200,28
SIM_COVER_USE,6,12,0,0
SIM,6,0,1,5,13,0,12,0,3,0,39,33,900,300,45
SIM_COVER_USE,6,13,0,0
SIM,6,0,1,5,14,1,12,0,3,0,39,31,300,1300,33
SIM_COVER_USE,6,14,0,0
SIM,6,0,1,5,15,0,10,3,3,1,39,31,900,200,45
SIM_COVER_USE,6,15,0,0
SIM,6,0,1,5,16,1,13,0,4,0,39,28,100,1200,20
SIM_COVER_USE,6,16,0,0
SIM,6,0,1,5,17,0,13,0,4,0,39,28,600,300,45
SIM_COVER_USE,6,17,0,0
SIM,6,0,1,5,18,1,13,0,4,0,39,25,300,1300,33
SIM_COVER_USE,6,18,0,0
SIM,6,0,1,5,19,0,12,3,3,1,39,25,900,200,45
SIM_COVER_USE,6,19,0,0
SIM,6,0,1,5,20,1,12,3,3,1,39,25,900,1100,41
SIM_COVER_USE,6,20,0,0
SIM,6,0,1,5,21,0,10,3,3,1,39,25,1500,500,45
SIM_COVER_USE,6,21,0,1
SIM,6,0,1,5,22,1,10,3,3,1,39,24,1500,1400,43
SIM_COVER_USE,6,22,0,1
SIM,6,0,1,5,23,0,6,6,2,2,39,24,2300,300,45
SIM_COVER_USE,6,23,0,1
SIM,6,0,1,5,24,1,6,6,2,2,39,23,2300,1100,43
SIM_COVER_USE,6,24,0,1
SIM,6,0,1,5,25,0,3,6,1,2,39,23,3200,500,45
SIM_COVER_USE,6,25,0,0
SIM,6,0,1,5,26,1,6,4,2,2,39,22,300,1300,18
SIM_COVER_USE,6,26,0,0
SIM,6,0,1,5,27,0,1,7,1,3,39,22,1200,200,45
SIM_COVER_USE,6,27,0,0
SIM,6,0,1,5,28,1,1,7,1,3,39,22,1200,900,41
SIM_COVER_USE,6,28,0,0
SIM,6,0,1,5,29,0,0,7,0,3,38,22,2200,300,45
SIM_COVER_USE,6,29,0,0
SIM,6,0,1,5,30,1,3,6,1,2,38,22,200,1100,22
SIM_COVER_USE,6,30,0,0
SIM,6,0,1,5,31,0,0,9,0,3,37,22,1200,300,45
SIM_COVER_USE,6,31,0,0
SIM,6,0,1,5,32,1,0,9,0,3,37,22,300,1000,39
SIM_COVER_USE,6,32,0,0
SIM,6,0,1,5,33,0,0,9,0,3,35,22,1300,400,45
SIM_COVER_USE,6,33,0,0
SIM,6,0,1,5,34,1,3,7,1,3,35,22,200,1100,36
SIM_COVER_USE,6,34,0,0
SIM,6,0,1,5,35,0,1,10,1,4,32,22,1100,300,45
SIM_COVER_USE,6,35,0,1
SIM,6,0,1,5,36,1,1,9,1,3,32,22,500,1000,39
SIM_COVER_USE,6,36,0,1
SIM,6,0,1,5,37,0,0,9,0,3,30,22,1500,400,45
SIM_COVER_USE,6,37,0,1
SIM,6,0,1,5,38,1,3,8,1,3,30,22,100,1100,34
SIM_COVER_USE,6,38,0,1
SIM,6,0,1,5,39,0,0,11,0,4,28,22,1100,300,45
SIM_COVER_USE,6,39,0,1
SIM,6,0,1,5,40,1,0,11,0,4,28,22,500,900,41
SIM_COVER_USE,6,40,0,1
SIM,6,0,1,5,41,0,0,11,0,4,24,22,1500,300,45
SIM_COVER_USE,6,41,0,0
SIM,6,0,1,5,42,1,3,11,1,4,24,22,1300,900,44
SIM_COVER_USE,6,42,0,0
SIM,6,0,1,5,43,0,3,11,1,4,20,22,2200,300,45
SIM_COVER_USE,6,43,0,0
SIM,6,0,1,5,44,1,3,9,1,3,20,22,400,1000,29
SIM_COVER_USE,6,44,0,0
SIM,6,0,1,5,45,0,3,12,1,4,17,22,1300,200,45
SIM_COVER_USE,6,45,0,0
SIM,6,0,1,5,46,1,17,12,1,4,17,22,700,800,43
SIM_COVER_USE,6,46,0,0
SIM,6,0,1,5,47,0,17,12,1,4,13,22,1600,500,45
SIM_COVER_USE,6,47,0,0
SIM,6,0,1,5,48,1,6,9,2,3,13,22,200,1200,30
SIM_COVER_USE,6,48,0,0
SIM,6,0,1,5,49,0,6,12,2,4,9,22,1000,100,45
SIM_COVER_USE,6,49,0,0
SIM,6,0,1,5,50,1,20,12,2,4,9,22,400,700,43
SIM_COVER_USE,6,50,0,0
SIM,6,0,1,5,51,0,20,12,2,4,5,22,1200,400,45
SIM_COVER_USE,6,51,0,0
SIM,6,0,1,5,52,1,6,12,2,4,5,22,1500,1000,45
SIM_COVER_USE,6,52,0,0
SIM,6,0,1,5,53,0,6,12,2,4,1,22,2300,400,45
SIM_COVER_USE,6,53,0,0
SIM,6,0,1,5,54,1,9,7,3,3,1,22,300,1100,25
SIM_COVER_USE,6,54,0,0
SIM_END,6,0,1,5,54,1,0
SIM,7,0,1,6,1,0,6,0,1,0,40,40,1000,0,30
SIM_COVER_USE,7,1,0,0
SIM,7,0,1,6,2,1,9,0,2,0,40,39,200,1000,1
SIM_COVER_USE,7,2,1,0
SIM,7,0,1,6,3,0,7,3,2,1,40,39,900,200,31
SIM_COVER_USE,7,3,1,0
SIM,7,0,1,6,4,1,7,3,2,1,40,39,900,1100,21
SIM_COVER_USE,7,4,0,0
SIM,7,0,1,6,5,0,6,3,1,1,40,39,1700,500,45
SIM_COVER_USE,7,5,0,0
SIM,7,0,1,6,6,1,9,0,2,0,40,38,300,1500,28
SIM_COVER_USE,7,6,0,0
SIM,7,0,1,6,7,0,7,3,2,1,40,38,1000,100,45
SIM_COVER_USE,7,7,0,0
SIM,7,0,1,6,8,1,7,0,2,0,40,37,400,1100,37
SIM_COVER_USE,7,8,0,0
SIM,7,0,1,6,9,0,7,0,2,0,40,37,1100,500,45
SIM_COVER_USE,7,9,0,0
SIM,7,0,1,6,10,1,10,0,3,0,40,36,300,1500,36
SIM_COVER_USE,7,10,0,0
SIM,7,0,1,6,11,0,9,3,2,1,40,36,1000,100,45
SIM_COVER_USE,7,11,0,0
SIM,7,0,1,6,12,1,9,0,2,0,40,36,400,1100,34
SIM_COVER_USE,7,12,0,0
SIM,7,0,1,6,13,0,9,0,2,0,40,36,1100,500,45
SIM_COVER_USE,7,13,0,0
SIM,7,0,1,6,14,1,12,0,3,0,40,34,300,1500,30
SIM_COVER_USE,7,14,0,0
SIM,7,0,1,6,15,0,10,3,3,1,40,34,900,100,45
SIM_COVER_USE,7,15,0,0
SIM,7,0,1,6,16,1,10,0,3,0,40,32,300,1100,30
SIM_COVER_USE,7,16,1,0
SIM,7,0,1,6,17,0,10,0,3,0,40,32,900,500,45
SIM_COVER_USE,7,17,1,0
SIM,7,0,1,6,18,1,13,0,4,0,40,29,100,1500,24
SIM_COVER_USE,7,18,0,0
SIM,7,0,1,6,19,0,12,3,3,1,40,29,700,100,45
SIM_COVER_USE,7,19,0,0
SIM,7,0,1,6,20,1,12,0,3,0,40,27,400,1100,35
SIM_COVER_USE,7,20,0,0
SIM,7,0,1,6,21,0,12,0,3,0,40,27,1000,500,45
SIM_COVER_USE,7,21,0,0
SIM,7,0,1,6,22,1,15,0,4,0,40,24,200,1500,31
SIM_COVER_USE,7,22,0,0
SIM,7,0,1,6,23,0,13,3,4,1,40,24,700,100,45
SIM_COVER_USE,7,23,0,0
SIM,7,0,1,6,24,1,13,0,4,0,40,24,700,1100,43
SIM_COVER_USE,7,24,0,0
SIM,7,0,1,6,25,0,13,0,4,0,40,24,1200,500,45
SIM_COVER_USE,7,25,0,0
SIM,7,0,1,6,26,1,13,0,4,0,40,23,1200,1500,43
SIM_COVER_USE,7,26,0,0
SIM,7,0,1,6,27,0,11,3,4,1,40,23,1700,100,45
SIM_COVER_USE,7,27,0,0
SIM,7,0,1,6,28,1,11,0,4,0,40,20,500,1100,23
SIM_COVER_USE,7,28,0,0
SIM,7,0,1,6,29,0,11,0,4,0,40,20,1000,1100,45
SIM_COVER_USE,7,29,0,0
SIM,7,0,1,6,30,1,11,0,4,0,40,16,400,2100,33
SIM_COVER_USE,7,30,0,0
SIM,7,0,1,6,31,0,9,3,3,1,40,16,1100,400,45
SIM_COVER_USE,7,31,0,0
SIM,7,0,1,6,32,1,12,3,4,1,40,12,300,1300,24
SIM_COVER_USE,7,32,0,0
SIM,7,0,1,6,33,0,10,3,4,1,40,12,900,400,45
SIM_COVER_USE,7,33,0,0
SIM,7,0,1,6,34,1,10,3,4,1,40,8,300,1300,33
SIM_COVER_USE,7,34,0,0
SIM,7,0,1,6,35,0,7,6,3,2,40,8,1000,200,45
SIM_COVER_USE,7,35,0,0
SIM,7,0,1,6,36,1,10,4,4,2,40,5,200,1000,28
SIM_COVER_USE,7,36,0,0
SIM,7,0,1,6,37,0,7,4,3,2,40,5,900,400,45
SIM_COVER_USE,7,37,0,0
SIM,7,0,1,6,38,1,7,3,3,1,40,3,300,1300,35
SIM_COVER_USE,7,38,0,0
SIM,7,0,1,6,39,0,4,6,2,2,40,3,1100,200,45
SIM_COVER_USE,7,39,0,0
SIM_END,7,0,1,6,39,0,0
SIM,8,1,1,0,1,0,0,6,0,1,40,40,1000,0,30
SIM_COVER_USE,8,1,0,0
SIM,8,1,1,0,2,1,3,4,1,1,40,40,200,800,19
SIM_COVER_USE,8,2,0,0
SIM,8,1,1,0,3,0,0,7,0,2,39,40,1200,300,45
SIM_COVER_USE,8,3,0,0
SIM,8,1,1,0,4,1,0,7,0,2,39,40,300,1000,39
SIM_COVER_USE,8,4,0,0
SIM,8,1,1,0,5,0,0,7,0,2,38,40,1300,400,45
SIM_COVER_USE,8,5,0,0
SIM,8,1,1,0,6,1,3,5,1,2,38,40,200,1100,34
SIM_COVER_USE,8,6,0,0
SIM,8,1,1,0,7,0,0,8,0,3,37,40,1200,300,45
SIM_COVER_USE,8,7,0,0
SIM,8,1,1,0,8,1,0,8,0,3,37,40,300,900,39
SIM_COVER_USE,8,8,0,0
SIM,8,1,1,0,9,0,0,8,0,3,34,40,1300,300,45
SIM_COVER_USE,8,9,0,0
SIM,8,1,1,0,10,1,3,7,1,2,34,40,200,1000,34
SIM_COVER_USE,8,10,0,0
SIM,8,1,1,0,11,0,0,10,0,3,32,40,1200,200,45
SIM_COVER_USE,8,11,0,0
SIM,8,1,1,0,12,1,0,10,0,3,32,40,300,800,39
SIM_COVER_USE,8,12,0,0
SIM,8,1,1,0,13,0,0,10,0,3,29,40,1300,500,45
SIM_COVER_USE,8,13,0,0
SIM,8,1,1,0,14,1,3,8,1,3,29,40,200,1100,36
SIM_COVER_USE,8,14,0,0
SIM,8,1,1,0,15,0,0,8,0,3,29,40,1200,1100,45
SIM_COVER_USE,8,15,0,0
SIM,8,1,1,0,16,1,0,8,0,3,29,40,300,1700,39
SIM_COVER_USE,8,16,0,0
SIM,8,1,1,0,17,0,0,11,0,4,26,40,1300,300,45
SIM_COVER_USE,8,17,0,0
SIM,8,1,1,0,18,1,3,9,1,3,26,40,200,1000,36
SIM_COVER_USE,8,18,0,0
SIM,8,1,1,0,19,0,3,9,1,3,23,40,1100,400,45
SIM_COVER_USE,8,19,0,0
SIM,8,1,1,0,20,1,3,7,1,3,23,40,500,1100,39
SIM_COVER_USE,8,20,0,0
SIM,8,1,1,0,21,0,1,10,1,4,20,40,1400,300,45
SIM_COVER_USE,8,21,0,1
SIM,8,1,1,0,22,1,4,7,2,3,20,40,300,1000,32
SIM_COVER_USE,8,22,0,1
SIM,8,1,1,0,23,0,3,7,1,3,18,40,1200,400,45
SIM_COVER_USE,8,23,0,1
SIM,8,1,1,0,24,1,3,6,1,2,18,40,300,1200,37
SIM_COVER_USE,8,24,0,1
SIM,8,1,1,0,25,0,3,9,1,3,15,40,1200,100,45
SIM_COVER_USE,8,25,0,0
SIM,8,1,1,0,26,1,6,6,2,2,15,40,100,900,26
SIM_COVER_USE,8,26,0,0
SIM,8,1,1,0,27,0,6,6,2,2,14,40,900,900,45
SIM_COVER_USE,8,27,0,0
SIM,8,1,1,0,28,1,6,3,2,1,14,40,300,1800,33
SIM_COVER_USE,8,28,0,0
SIM,8,1,1,0,29,0,4,6,2,2,13,40,1100,100,45
SIM_COVER_USE,8,29,0,0
SIM,8,1,1,0,30,1,7,1,3,1,13,40,300,1000,32
SIM_COVER_USE,8,30,0,0
SIM,8,1,1,0,31,0,6,1,2,1,13,40,1100,400,45
SIM_COVER_USE,8,31,0,0
SIM,8,1,1,0,32,1,6,0,2,0,13,39,500,1400,23
SIM_COVER_USE,8,32,0,0
SIM,8,1,1,0,33,0,4,3,2,1,13,39,1300,300,45
SIM_COVER_USE,8,33,0,0
SIM,8,1,1,0,34,1,7,0,3,0,13,38,200,1300,20
SIM_COVER_USE,8,34,1,0
SIM,8,1,1,0,35,0,7,14,3,0,13,38,900,700,45
SIM_COVER_USE,8,35,1,0
SIM,8,1,1,0,36,1,7,10,3,0,13,37,300,1700,33
SIM_COVER_USE,8,36,0,0
SIM,8,1,1,0,37,0,7,0,3,0,13,37,1000,2000,45
SIM_COVER_USE,8,37,0,0
SIM,8,1,1,0,38,1,10,0,4,0,13,33,200,3000,20
SIM_COVER_USE,8,38,0,0
SIM,8,1,1,0,39,0,10,3,4,1,13,33,800,2800,45
SIM_COVER_USE,8,39,0,0
SIM,8,1,1,0,40,1,10,3,4,1,13,29,500,3700,35
SIM_COVER_USE,8,40,0,0
SIM,8,1,1,0,41,0,10,3,4,1,13,29,1100,3700,45
SIM_COVER_USE,8,41,0,0
SIM,8,1,1,0,42,1,10,3,4,1,13,25,500,4600,33
SIM_COVER_USE,8,42,0,0
SIM,8,1,1,0,43,0,7,6,3,2,13,25,1200,200,45
SIM_COVER_USE,8,43,0,0
SIM,8,1,1,0,44,1,10,4,4,2,13,22,100,1000,26
SIM_COVER_USE,8,44,0,0
SIM,8,1,1,0,45,0,9,4,3,2,13,22,800,1000,45
SIM_COVER_USE,8,45,0,0
SIM,8,1,1,0,46,1,9,3,3,1,13,20,500,1900,37
SIM_COVER_USE,8,46,0,0
SIM,8,1,1,0,47,0,9,3,3,1,13,20,1200,1900,45
SIM_COVER_USE,8,47,0,1
SIM,8,1,1,0,48,1,12,3,4,1,13,16,100,2800,12
SIM_COVER_USE,8,48,0,1
SIM,8,1,1,0,49,0,12,17,4,1,13,16,700,2200,42
SIM_COVER_USE,8,49,0,1
SIM,8,1,1,0,50,1,12,17,4,1,13,12,400,3100,32
SIM_COVER_USE,8,50,0,1
SIM,8,1,1,0,51,0,12,3,4,1,13,12,1000,3400,45
SIM_COVER_USE,8,51,0,1
SIM,8,1,1,0,52,1,12,3,4,1,13,8,400,4300,33
SIM_COVER_USE,8,52,0,1
SIM,8,1,1,0,53,0,9,6,3,2,13,8,1100,200,45
SIM_COVER_USE,8,53,0,0
SIM,8,1,1,0,54,1,12,4,4,2,13,5,300,1000,28
SIM_COVER_USE,8,54,0,0
SIM,8,1,1,0,55,0,9,4,3,2,13,5,1000,400,45
SIM_COVER_USE,8,55,0,0
SIM,8,1,1,0,56,1,9,3,3,1,13,3,400,1300,35
SIM_COVER_USE,8,56,0,0
SIM,8,1,1,0,57,0,6,6,2,2,13,3,1200,200,45
SIM_COVER_USE,8,57,0,0
SIM_END,8,1,1,0,57,0,0
SIM,9,1,1,1,1,0,0,6,0,1,40,40,1000,0,30
SIM_COVER_USE,9,1,0,0
SIM,9,1,1,1,2,1,3,4,1,1,40,40,200,800,19
SIM_COVER_USE,9,2,0,0
SIM,9,1,1,1,3,0,0,7,0,2,39,40,1200,300,45
SIM_COVER_USE,9,3,0,0
SIM,9,1,1,1,4,1,0,7,0,2,39,40,300,1000,39
SIM_COVER_USE,9,4,0,0
SIM,9,1,1,1,5,0,0,7,0,2,38,40,1300,400,45
SIM_COVER_USE,9,5,0,0
SIM,9,1,1,1,6,1,3,5,1,2,38,40,200,1100,34
SIM_COVER_USE,9,6,0,0
SIM,9,1,1,1,7,0,3,5,1,2,38,40,1100,1100,45
SIM_COVER_USE,9,7,0,0
SIM,9,1,1,1,8,1,3,4,1,1,38,40,500,1900,39
SIM_COVER_USE,9,8,0,0
SIM,9,1,1,1,9,0,0,7,0,2,37,40,1500,200,45
SIM_COVER_USE,9,9,0,0
SIM,9,1,1,1,10,1,3,5,1,2,37,40,100,900,32
SIM_COVER_USE,9,10,0,0
SIM,9,1,1,1,11,0,0,5,0,2,36,40,1100,300,45
SIM_COVER_USE,9,11,0,0
SIM,9,1,1,1,12,1,0,5,0,2,36,40,500,1000,41
SIM_COVER_USE,9,12,0,0
SIM,9,1,1,1,13,0,0,5,0,2,35,40,1500,1000,45
SIM_COVER_USE,9,13,0,0
SIM,9,1,1,1,14,1,3,3,1,1,35,40,100,1900,32
SIM_COVER_USE,9,14,0,0
SIM,9,1,1,1,15,0,1,6,1,2,34,40,1000,200,45
SIM_COVER_USE,9,15,0,0
SIM,9,1,1,1,16,1,1,4,1,2,34,40,400,1000,39
SIM_COVER_USE,9,16,0,0
SIM,9,1,1,1,17,0,0,4,0,2,34,40,1400,1000,45
SIM_COVER_USE,9,17,0,0
SIM,9,1,1,1,18,1,3,3,1,1,34,40,300,1900,34
SIM_COVER_USE,9,18,0,0
SIM,9,1,1,1,19,0,3,3,1,1,33,40,1200,1900,45
SIM_COVER_USE,9,19,0,0
SIM,9,1,1,1,20,1,3,1,1,1,33,40,300,2800,37
SIM_COVER_USE,9,20,0,0
SIM,9,1,1,1,21,0,1,4,1,2,32,40,1200,200,45
SIM_COVER_USE,9,21,0,0
SIM,9,1,1,1,22,1,4,1,2,1,32,40,100,1100,32
SIM_COVER_USE,9,22,0,0
SIM,9,1,1,1,23,0,3,1,1,1,32,40,1000,500,45
SIM_COVER_USE,9,23,0,0
SIM,9,1,1,1,24,1,3,0,1,0,32,40,400,1500,39
SIM_COVER_USE,9,24,0,0
SIM,9,1,1,1,25,0,3,14,1,0,32,40,1300,900,45
SIM_COVER_USE,9,25,0,0
SIM,9,1,1,1,26,1,6,14,2,0,32,39,200,1900,25
SIM_COVER_USE,9,26,0,0
SIM,9,1,1,1,27,0,4,3,2,1,32,39,1000,200,45
SIM_COVER_USE,9,27,0,0
SIM,9,1,1,1,28,1,4,1,2,1,32,38,400,1100,36
SIM_COVER_USE,9,28,0,0
SIM,9,1,1,1,29,0,3,1,1,1,32,38,1300,1100,45
SIM_COVER_USE,9,29,0,0
SIM,9,1,1,1,30,1,6,0,2,0,32,37,200,2100,30
SIM_COVER_USE,9,30,0,0
SIM,9,1,1,1,31,0,4,3,2,1,32,37,1000,100,45
SIM_COVER_USE,9,31,0,0
SIM,9,1,1,1,32,1,4,1,2,1,32,36,400,1000,37
SIM_COVER_USE,9,32,0,0
SIM,9,1,1,1,33,0,3,1,1,1,32,36,1300,400,45
SIM_COVER_USE,9,33,0,0
SIM,9,1,1,1,34,1,6,0,2,0,32,35,200,1400,30
SIM_COVER_USE,9,34,0,0
SIM,9,1,1,1,35,0,4,3,2,1,32,35,1000,300,45
SIM_COVER_USE,9,35,0,0
SIM,9,1,1,1,36,1,4,1,2,1,32,34,400,1200,37
SIM_COVER_USE,9,36,0,0
SIM,9,1,1,1,37,0,3,1,1,1,32,34,1300,300,45
SIM_COVER_USE,9,37,0,0
SIM,9,1,1,1,38,1,6,0,2,0,32,33,200,1300,30
SIM_COVER_USE,9,38,0,0
SIM,9,1,1,1,39,0,4,3,2,1,32,33,1000,200,45
SIM_COVER_USE,9,39,0,0
SIM,9,1,1,1,40,1,4,1,2,1,32,32,400,1100,37
SIM_COVER_USE,9,40,0,0
SIM,9,1,1,1,41,0,3,1,1,1,32,32,1300,500,45
SIM_COVER_USE,9,41,0,0
SIM,9,1,1,1,42,1,6,0,2,0,32,31,200,1500,30
SIM_COVER_USE,9,42,0,0
SIM,9,1,1,1,43,0,4,3,2,1,32,31,1000,100,45
SIM_COVER_USE,9,43,0,0
SIM,9,1,1,1,44,1,4,1,2,1,32,30,400,1000,37
SIM_COVER_USE,9,44,0,0
SIM,9,1,1,1,45,0,3,1,1,1,32,30,1300,400,45
SIM_COVER_USE,9,45,0,0
SIM,9,1,1,1,46,1,6,0,2,0,32,29,200,1400,30
SIM_COVER_USE,9,46,0,0
SIM,9,1,1,1,47,0,6,14,2,0,32,29,1000,800,45
SIM_COVER_USE,9,47,0,0
SIM,9,1,1,1,48,1,6,12,2,0,32,28,400,1800,36
SIM_COVER_USE,9,48,0,0
SIM,9,1,1,1,49,0,6,0,2,0,32,28,1200,2100,45
SIM_COVER_USE,9,49,0,0
SIM,9,1,1,1,50,1,9,0,3,0,32,25,100,3100,23
SIM_COVER_USE,9,50,0,0
SIM,9,1,1,1,51,0,7,3,3,1,32,25,800,200,45
SIM_COVER_USE,9,51,0,0
SIM,9,1,1,1,52,1,7,3,3,1,32,22,500,1100,37
SIM_COVER_USE,9,52,0,0
SIM,9,1,1,1,53,0,6,3,2,1,32,22,1300,1100,45
SIM_COVER_USE,9,53,0,0
SIM,9,1,1,1,54,1,9,3,3,1,32,20,200,2000,31
SIM_COVER_USE,9,54,0,0
SIM,9,1,1,1,55,0,6,6,2,2,32,20,1000,300,45
SIM_COVER_USE,9,55,0,0
SIM,9,1,1,1,56,1,6,6,2,2,32,18,400,1100,36
SIM_COVER_USE,9,56,0,0
SIM,9,1,1,1,57,0,6,20,2,2,32,18,1200,500,45
SIM_COVER_USE,9,57,0,0
SIM,9,1,1,1,58,1,9,18,3,2,32,16,100,1300,24
SIM_COVER_USE,9,58,0,0
SIM,9,1,1,1,59,0,9,4,3,2,32,16,800,1600,45
SIM_COVER_USE,9,59,0,0
SIM,9,1,1,1,60,1,9,1,3,1,32,15,500,2500,35
SIM_COVER_USE,9,60,0,0
SIM,9,1,1,1,61,0,6,4,2,2,32,15,1300,200,45
SIM_COVER_USE,9,61,0,0
SIM,9,1,1,1,62,1,9,1,3,1,32,14,200,1100,26
SIM_COVER_USE,9,62,0,0
SIM,9,1,1,1,63,0,7,1,3,1,32,14,900,500,45
SIM_COVER_USE,9,63,0,0
SIM,9,1,1,1,64,1,7,0,3,0,32,12,300,1500,31
SIM_COVER_USE,9,64,0,0
SIM,9,1,1,1,65,0,6,3,2,1,32,12,1100,100,45
SIM_COVER_USE,9,65,0,0
SIM,9,1,1,1,66,1,9,1,3,1,32,10,300,1000,30
SIM_COVER_USE,9,66,0,0
SIM,9,1,1,1,67,0,7,1,3,1,32,10,1000,400,45
SIM_COVER_USE,9,67,0,0
SIM,9,1,1,1,68,1,7,0,3,0,32,8,400,1400,33
SIM_COVER_USE,9,68,0,0
SIM,9,1,1,1,69,0,7,14,3,0,32,8,1100,800,45
SIM_COVER_USE,9,69,0,0
SIM,9,1,1,1,70,1,10,14,4,0,32,5,300,1800,31
SIM_COVER_USE,9,70,0,0
SIM,9,1,1,1,71,0,9,3,3,1,32,5,1000,100,45
SIM_COVER_USE,9,71,0,0
SIM,9,1,1,1,72,1,9,3,3,1,32,2,400,1000,32
SIM_COVER_USE,9,72,0,0
SIM,9,1,1,1,73,0,9,17,3,1,32,2,1100,400,45
SIM_COVER_USE,9,73,0,0
SIM_END,9,1,1,1,73,0,0
SIM,10,1,1,2,1,0,0,6,0,1,40,40,1000,0,30
SIM_COVER_USE,10,1,0,0
SIM,10,1,1,2,2,1,3,6,1,1,40,39,200,800,19
SIM_COVER_USE,10,2,0,0
SIM,10,1,1,2,3,0,0,9,0,2,39,39,1200,300,45
SIM_COVER_USE,10,3,0,0
SIM,10,1,1,2,4,1,0,9,0,2,39,39,300,1000,39
SIM_COVER_USE,10,4,0,0
SIM,10,1,1,2,5,0,0,9,0,2,38,39,1300,1000,45
SIM_COVER_USE,10,5,0,0
SIM,10,1,1,2,6,1,3,7,1,2,38,39,200,1700,34
SIM_COVER_USE,10,6,0,0
SIM,10,1,1,2,7,0,3,7,1,2,38,39,1100,1700,45
SIM_COVER_USE,10,7,0,0
SIM,10,1,1,2,8,1,3,6,1,1,38,39,500,2500,39
SIM_COVER_USE,10,8,0,0
SIM,10,1,1,2,9,0,0,9,0,2,37,39,1500,200,45
SIM_COVER_USE,10,9,0,0
SIM,10,1,1,2,10,1,3,7,1,2,37,39,100,900,32
SIM_COVER_USE,10,10,0,0
SIM,10,1,1,2,11,0,0,7,0,2,36,39,1100,300,45
SIM_COVER_USE,10,11,0,0
SIM,10,1,1,2,12,1,0,7,0,2,36,39,500,1000,41
SIM_COVER_USE,10,12,0,0
SIM,10,1,1,2,13,0,0,10,0,3,35,39,1500,200,45
SIM_COVER_USE,10,13,0,0
SIM,10,1,1,2,14,1,3,9,1,2,35,39,100,900,32
SIM_COVER_USE,10,14,0,0
SIM,10,1,1,2,15,0,0,9,0,2,35,39,1100,300,45
SIM_COVER_USE,10,15,0,0
SIM,10,1,1,2,16,1,0,9,0,2,35,39,500,1000,41
SIM_COVER_USE,10,16,0,0
SIM,10,1,1,2,17,0,0,9,0,2,34,39,1500,1000,45
SIM_COVER_USE,10,17,0,0
SIM,10,1,1,2,18,1,3,7,1,2,34,39,100,1700,32
SIM_COVER_USE,10,18,0,0
SIM,10,1,1,2,19,0,0,7,0,2,34,39,1100,1700,45
SIM_COVER_USE,10,19,0,0
SIM,10,1,1,2,20,1,0,7,0,2,34,39,500,2400,41
SIM_COVER_USE,10,20,0,0
SIM,10,1,1,2,21,0,0,7,0,2,33,39,1500,2400,45
SIM_COVER_USE,10,21,0,0
SIM,10,1,1,2,22,1,3,5,1,2,33,39,100,3100,32
SIM_COVER_USE,10,22,0,0
SIM,10,1,1,2,23,0,0,5,0,2,33,39,1100,3100,45
SIM_COVER_USE,10,23,0,0
SIM,10,1,1,2,24,1,0,5,0,2,33,39,500,3800,41
SIM_COVER_USE,10,24,0,0
SIM,10,1,1,2,25,0,0,8,0,3,31,39,1500,300,45
SIM_COVER_USE,10,25,0,0
SIM,10,1,1,2,26,1,3,6,1,2,31,39,100,1100,32
SIM_COVER_USE,10,26,0,0
SIM,10,1,1,2,27,0,3,6,1,2,29,39,1000,500,45
SIM_COVER_USE,10,27,0,0
SIM,10,1,1,2,28,1,3,4,1,2,29,39,400,1300,39
SIM_COVER_USE,10,28,0,0
SIM,10,1,1,2,29,0,3,4,1,2,28,39,1300,1300,45
SIM_COVER_USE,10,29,0,0
SIM,10,1,1,2,30,1,6,1,2,1,28,39,200,2200,34
SIM_COVER_USE,10,30,0,0
SIM,10,1,1,2,31,0,4,4,2,2,27,39,1000,200,45
SIM_COVER_USE,10,31,0,0
SIM,10,1,1,2,32,1,4,1,2,1,27,39,400,1100,35
SIM_COVER_USE,10,32,0,0
SIM,10,1,1,2,33,0,3,1,1,1,27,39,1300,500,45
SIM_COVER_USE,10,33,0,0
SIM,10,1,1,2,34,1,6,0,2,0,27,38,200,1500,30
SIM_COVER_USE,10,34,0,0
SIM,10,1,1,2,35,0,4,3,2,1,27,38,1000,100,45
SIM_COVER_USE,10,35,0,0
SIM,10,1,1,2,36,1,4,1,2,1,27,37,400,1000,33
SIM_COVER_USE,10,36,0,0
SIM,10,1,1,2,37,0,3,1,1,1,27,37,1300,1000,45
SIM_COVER_USE,10,37,0,0
SIM,10,1,1,2,38,1,6,0,2,0,27,36,200,2000,30
SIM_COVER_USE,10,38,0,0
SIM,10,1,1,2,39,0,4,3,2,1,27,36,1000,300,45
SIM_COVER_USE,10,39,0,0
SIM,10,1,1,2,40,1,4,1,2,1,27,35,400,1200,37
SIM_COVER_USE,10,40,0,0
SIM,10,1,1,2,41,0,3,1,1,1,27,35,1300,300,45
SIM_COVER_USE,10,41,0,0
SIM,10,1,1,2,42,1,6,0,2,0,27,34,200,1300,30
SIM_COVER_USE,10,42,0,0
SIM,10,1,1,2,43,0,4,3,2,1,27,34,1000,200,45
SIM_COVER_USE,10,43,0,0
SIM,10,1,1,2,44,1,4,1,2,1,27,33,400,1100,37
SIM_COVER_USE,10,44,0,0
SIM,10,1,1,2,45,0,3,1,1,1,27,33,1300,500,45
SIM_COVER_USE,10,45,0,0
SIM,10,1,1,2,46,1,6,0,2,0,27,32,200,1500,30
SIM_COVER_USE,10,46,0,0
SIM,10,1,1,2,47,0,6,14,2,0,27,32,1000,900,45
SIM_COVER_USE,10,47,0,0
SIM,10,1,1,2,48,1,6,12,2,0,27,31,400,1900,36
SIM_COVER_USE,10,48,0,0
SIM,10,1,1,2,49,0,4,3,2,1,27,31,1200,200,45
SIM_COVER_USE,10,49,0,0
SIM,10,1,1,2,50,1,7,0,3,0,27,30,100,1200,22
SIM_COVER_USE,10,50,0,0
SIM,10,1,1,2,51,0,7,14,3,0,27,30,800,600,45
SIM_COVER_USE,10,51,0,0
SIM,10,1,1,2,52,1,7,10,3,0,27,29,500,1600,37
SIM_COVER_USE,10,52,0,0
SIM,10,1,1,2,53,0,6,3,2,1,27,29,1300,200,45
SIM_COVER_USE,10,53,0,0
SIM,10,1,1,2,54,1,9,0,3,0,27,28,200,1200,26
SIM_COVER_USE,10,54,0,0
SIM,10,1,1,2,55,0,9,0,3,0,27,28,900,300,45
SIM_COVER_USE,10,55,0,0
SIM,10,1,1,2,56,1,9,0,3,0,27,25,300,1300,31
SIM_COVER_USE,10,56,0,0
SIM,10,1,1,2,57,0,7,3,3,1,27,25,1000,200,45
SIM_COVER_USE,10,57,0,0
SIM,10,1,1,2,58,1,10,3,4,1,27,21,200,1100,24
SIM_COVER_USE,10,58,0,0
SIM,10,1,1,2,59,0,9,3,3,1,27,21,900,500,45
SIM_COVER_USE,10,59,0,0
SIM,10,1,1,2,60,1,9,3,3,1,27,18,300,1400,35
SIM_COVER_USE,10,60,0,0
SIM,10,1,1,2,61,0,6,6,2,2,27,18,1100,300,45
SIM_COVER_USE,10,61,0,0
SIM,10,1,1,2,62,1,9,4,3,2,27,16,300,1100,30
SIM_COVER_USE,10,62,0,0
SIM,10,1,1,2,63,0,9,18,3,2,27,16,1000,500,45
SIM_COVER_USE,10,63,0,0
SIM,10,1,1,2,64,1,9,17,3,1,27,14,400,1400,35
SIM_COVER_USE,10,64,0,0
SIM,10,1,1,2,65,0,9,3,3,1,27,14,1100,1700,45
SIM_COVER_USE,10,65,0,0
SIM,10,1,1,2,66,1,12,1,4,1,27,11,300,2600,26
SIM_COVER_USE,10,66,0,0
SIM,10,1,1,2,67,0,9,4,3,2,27,11,1000,300,45
SIM_COVER_USE,10,67,0,0
SIM,10,1,1,2,68,1,9,3,3,1,27,9,400,1200,35
SIM_COVER_USE,10,68,0,0
SIM,10,1,1,2,69,0,7,3,3,1,27,9,1100,300,45
SIM_COVER_USE,10,69,0,0
SIM,10,1,1,2,70,1,10,0,4,0,27,7,300,1300,28
SIM_COVER_USE,10,70,0,0
SIM,10,1,1,2,71,0,10,14,4,0,27,7,900,700,45
SIM_COVER_USE,10,71,0,0
SIM,10,1,1,2,72,1,10,12,4,0,27,4,300,1700,30
SIM_COVER_USE,10,72,0,0
SIM,10,1,1,2,73,0,9,3,3,1,27,4,1000,300,45
SIM_COVER_USE,10,73,0,0
SIM,10,1,1,2,74,1,12,1,4,1,27,1,200,1200,26
SIM_COVER_USE,10,74,0,0
SIM,10,1,1,2,75,0,10,1,4,1,27,1,800,300,45
SIM_COVER_USE,10,75,0,0
SIM_END,10,1,1,2,75,0,0
SIM,11,1,1,3,1,0,0,6,0,1,40,40,1000,0,30
SIM_COVER_USE,11,1,0,1
SIM,11,1,1,3,2,1,3,6,1,1,40,40,200,800,21
SIM_COVER_USE,11,2,1,1
SIM,11,1,1,3,3,0,0,9,0,2,40,40,1200,300,45
SIM_COVER_USE,11,3,0,1
SIM,11,1,1,3,4,1,0,9,0,2,40,40,300,1000,39
SIM_COVER_USE,11,4,0,1
SIM,11,1,1,3,5,0,0,9,0,2,40,40,1300,400,45
SIM_COVER_USE,11,5,0,1
SIM,11,1,1,3,6,1,3,7,1,2,40,40,200,1100,32
SIM_COVER_USE,11,6,1,1
SIM,11,1,1,3,7,0,3,21,1,2,40,40,1100,500,45
SIM_COVER_USE,11,7,1,1
SIM,11,1,1,3,8,1,3,20,1,1,40,40,500,1300,39
SIM_COVER_USE,11,8,1,1
SIM,11,1,1,3,9,0,3,6,1,1,40,40,1400,1600,45
SIM_COVER_USE,11,9,1,1
SIM,11,1,1,3,10,1,6,6,2,1,40,39,300,2400,28
SIM_COVER_USE,11,10,1,1
SIM,11,1,1,3,11,0,3,9,1,2,39,39,1200,100,45
SIM_COVER_USE,11,11,1,1
SIM,11,1,1,3,12,1,3,9,1,2,39,38,300,800,33
SIM_COVER_USE,11,12,0,1
SIM,11,1,1,3,13,0,0,9,0,2,38,38,1300,500,45
SIM_COVER_USE,11,13,0,1
SIM,11,1,1,3,14,1,3,7,1,2,38,38,200,1200,34
SIM_COVER_USE,11,14,0,1
SIM,11,1,1,3,15,0,0,10,0,3,36,38,1200,100,45
SIM_COVER_USE,11,15,0,0
SIM,11,1,1,3,16,1,0,10,0,3,36,38,300,700,39
SIM_COVER_USE,11,16,0,0
SIM,11,1,1,3,17,0,0,10,0,3,35,38,1300,700,45
SIM_COVER_USE,11,17,0,0
SIM,11,1,1,3,18,1,3,9,1,2,35,38,200,1400,34
SIM_COVER_USE,11,18,0,0
SIM,11,1,1,3,19,0,0,9,0,2,35,38,1200,1400,45
SIM_COVER_USE,11,19,0,0
SIM,11,1,1,3,20,1,0,9,0,2,35,38,300,2100,39
SIM_COVER_USE,11,20,0,0
SIM,11,1,1,3,21,0,0,9,0,2,34,38,1300,2100,45
SIM_COVER_USE,11,21,0,0
SIM,11,1,1,3,22,1,3,7,1,2,34,38,200,2800,36
SIM_COVER_USE,11,22,0,0
SIM,11,1,1,3,23,0,3,7,1,2,34,38,1100,2800,45
SIM_COVER_USE,11,23,0,0
SIM,11,1,1,3,24,1,3,6,1,1,34,38,500,3600,39
SIM_COVER_USE,11,24,0,0
SIM,11,1,1,3,25,0,0,6,0,1,34,38,1500,3600,45
SIM_COVER_USE,11,25,0,0
SIM,11,1,1,3,26,1,3,4,1,1,34,38,100,4400,33
SIM_COVER_USE,11,26,1,0
SIM,11,1,1,3,27,0,3,18,1,1,34,38,1000,3800,45
SIM_COVER_USE,11,27,1,0
SIM,11,1,1,3,28,1,3,16,1,1,34,38,400,4600,39
SIM_COVER_USE,11,28,1,0
SIM,11,1,1,3,29,0,0,5,0,2,34,38,1400,200,45
SIM_COVER_USE,11,29,0,0
SIM,11,1,1,3,30,1,3,3,1,1,34,38,300,1100,35
SIM_COVER_USE,11,30,1,0
SIM,11,1,1,3,31,0,3,3,1,1,33,38,1200,500,45
SIM_COVER_USE,11,31,1,0
SIM,11,1,1,3,32,1,3,1,1,1,33,38,300,1400,36
SIM_COVER_USE,11,32,0,0
SIM,11,1,1,3,33,0,1,4,1,2,32,38,1200,300,45
SIM_COVER_USE,11,33,0,0
SIM,11,1,1,3,34,1,4,1,2,1,32,38,100,1200,32
SIM_COVER_USE,11,34,0,0
SIM,11,1,1,3,35,0,3,1,1,1,32,38,1000,300,45
SIM_COVER_USE,11,35,0,0
SIM,11,1,1,3,36,1,3,0,1,0,32,38,400,1300,39
SIM_COVER_USE,11,36,0,0
SIM,11,1,1,3,37,0,3,14,1,0,32,38,1300,700,45
SIM_COVER_USE,11,37,0,0
SIM,11,1,1,3,38,1,6,14,2,0,32,37,200,1700,25
SIM_COVER_USE,11,38,0,0
SIM,11,1,1,3,39,0,6,0,2,0,32,37,1000,2000,45
SIM_COVER_USE,11,39,0,0
SIM,11,1,1,3,40,1,6,0,2,0,32,35,400,3000,34
SIM_COVER_USE,11,40,0,0
SIM,11,1,1,3,41,0,4,3,2,1,32,35,1200,100,45
SIM_COVER_USE,11,41,0,0
SIM,11,1,1,3,42,1,7,3,3,1,32,32,100,1000,24
SIM_COVER_USE,11,42,0,0
SIM,11,1,1,3,43,0,6,3,2,1,32,32,900,400,45
SIM_COVER_USE,11,43,0,0
SIM,11,1,1,3,44,1,6,3,2,1,32,30,300,1300,37
SIM_COVER_USE,11,44,0,0
SIM,11,1,1,3,45,0,3,6,1,2,32,30,1200,200,45
SIM_COVER_USE,11,45,0,0
SIM,11,1,1,3,46,1,6,4,2,2,32,29,100,1000,30
SIM_COVER_USE,11,46,0,0
SIM,11,1,1,3,47,0,3,4,1,2,32,29,1000,400,45
SIM_COVER_USE,11,47,0,0
SIM,11,1,1,3,48,1,3,3,1,1,32,29,400,1300,37
SIM_COVER_USE,11,48,0,0
SIM,11,1,1,3,49,0,0,6,0,2,32,29,1400,200,45
SIM_COVER_USE,11,49,0,0
SIM,11,1,1,3,50,1,3,4,1,2,32,29,300,1000,32
SIM_COVER_USE,11,50,0,0
SIM,11,1,1,3,51,0,0,4,0,2,32,29,1300,400,45
SIM_COVER_USE,11,51,0,0
SIM,11,1,1,3,52,1,0,4,0,2,32,29,400,1200,39
SIM_COVER_USE,11,52,0,0
SIM,11,1,1,3,53,0,0,7,0,3,29,29,1400,100,45
SIM_COVER_USE,11,53,0,0
SIM,11,1,1,3,54,1,3,6,1,2,29,29,300,900,34
SIM_COVER_USE,11,54,0,0
SIM,11,1,1,3,55,0,3,6,1,2,28,29,1200,900,45
SIM_COVER_USE,11,55,0,0
SIM,11,1,1,3,56,1,3,4,1,2,28,29,300,1700,37
SIM_COVER_USE,11,56,0,0
SIM,11,1,1,3,57,0,1,7,1,3,26,29,1200,300,45
SIM_COVER_USE,11,57,0,0
SIM,11,1,1,3,58,1,4,4,2,2,26,29,100,1100,32
SIM_COVER_USE,11,58,0,0
SIM,11,1,1,3,59,0,3,4,1,2,26,29,1000,1100,45
SIM_COVER_USE,11,59,0,0
SIM,11,1,1,3,60,1,3,3,1,1,26,29,400,2000,39
SIM_COVER_USE,11,60,0,0
SIM,11,1,1,3,61,0,3,3,1,1,25,29,1300,2000,45
SIM_COVER_USE,11,61,0,0
SIM,11,1,1,3,62,1,6,0,2,0,25,29,200,3000,26
SIM_COVER_USE,11,62,0,0
SIM,11,1,1,3,63,0,6,14,2,0,25,29,1000,2400,45
SIM_COVER_USE,11,63,0,0
SIM,11,1,1,3,64,1,6,14,2,0,25,29,400,3400,41
SIM_COVER_USE,11,64,0,0
SIM,11,1,1,3,65,0,6,3,2,1,24,29,1200,200,45
SIM_COVER_USE,11,65,0,0
SIM,11,1,1,3,66,1,9,0,3,0,24,28,100,1200,16
SIM_COVER_USE,11,66,0,0
SIM,11,1,1,3,67,0,9,14,3,0,24,28,800,600,45
SIM_COVER_USE,11,67,0,0
SIM,11,1,1,3,68,1,9,14,3,0,24,27,500,1600,38
SIM_COVER_USE,11,68,0,0
SIM,11,1,1,3,69,0,9,0,3,0,24,27,1200,1900,45
SIM_COVER_USE,11,69,0,0
SIM,11,1,1,3,70,1,12,0,4,0,24,24,100,2900,18
SIM_COVER_USE,11,70,0,0
SIM,11,1,1,3,71,0,10,3,4,1,24,24,700,300,45
SIM_COVER_USE,11,71,0,0
SIM,11,1,1,3,72,1,10,1,4,1,24,21,400,1200,32
SIM_COVER_USE,11,72,1,0
SIM,11,1,1,3,73,0,9,1,3,1,24,21,1100,300,45
SIM_COVER_USE,11,73,1,0
SIM,11,1,1,3,74,1,12,0,4,0,24,18,300,1300,24
SIM_COVER_USE,11,74,1,0
SIM,11,1,1,3,75,0,10,3,4,1,24,18,900,200,45
SIM_COVER_USE,11,75,1,0
SIM,11,1,1,3,76,1,10,1,4,1,24,15,300,1100,33
SIM_COVER_USE,11,76,1,0
SIM,11,1,1,3,77,0,9,1,3,1,24,15,1000,500,45
SIM_COVER_USE,11,77,1,0
SIM,11,1,1,3,78,1,12,0,4,0,24,12,200,1500,24
SIM_COVER_USE,11,78,1,0
SIM,11,1,1,3,79,0,12,14,4,0,24,12,800,900,45
SIM_COVER_USE,11,79,1,0
SIM,11,1,1,3,80,1,12,12,4,0,24,9,500,1900,32
SIM_COVER_USE,11,80,0,0
SIM_END,11,1,1,3,80,0,0
SIM,12,1,1,4,1,0,0,6,0,1,40,40,1000,0,30
SIM_COVER_USE,12,1,0,1
SIM,12,1,1,4,2,1,3,6,1,1,40,40,200,800,21
SIM_COVER_USE,12,2,1,1
SIM,12,1,1,4,3,0,3,20,1,1,40,40,1100,200,45
SIM_COVER_USE,12,3,1,1
SIM,12,1,1,4,4,1,3,20,1,1,40,39,500,1000,35
SIM_COVER_USE,12,4,0,1
SIM,12,1,1,4,5,0,3,6,1,1,40,39,1400,1300,45
SIM_COVER_USE,12,5,0,1
SIM,12,1,1,4,6,1,6,6,2,1,40,38,300,2100,32
SIM_COVER_USE,12,6,1,1
SIM,12,1,1,4,7,0,2,9,1,2,40,38,1200,100,45
SIM_COVER_USE,12,7,1,1
SIM,12,1,1,4,8,1,2,7,1,2,40,38,300,800,37
SIM_COVER_USE,12,8,1,1
SIM,12,1,1,4,9,0,0,7,0,2,40,38,1300,800,45
SIM_COVER_USE,12,9,0,1
SIM,12,1,1,4,10,1,3,6,1,1,40,38,200,1600,32
SIM_COVER_USE,12,10,0,1
SIM,12,1,1,4,11,0,0,9,0,2,39,38,1200,200,45
SIM_COVER_USE,12,11,0,0
SIM,12,1,1,4,12,1,0,9,0,2,39,38,300,900,39
SIM_COVER_USE,12,12,0,0
SIM,12,1,1,4,13,0,0,9,0,2,38,38,1300,300,45
SIM_COVER_USE,12,13,0,0
SIM,12,1,1,4,14,1,3,7,1,2,38,38,200,1000,34
SIM_COVER_USE,12,14,0,0
SIM,12,1,1,4,15,0,0,10,0,3,37,38,1200,200,45
SIM_COVER_USE,12,15,0,0
SIM,12,1,1,4,16,1,0,10,0,3,37,38,300,800,39
SIM_COVER_USE,12,16,0,0
SIM,12,1,1,4,17,0,0,10,0,3,34,38,1300,500,45
SIM_COVER_USE,12,17,0,0
SIM,12,1,1,4,18,1,3,9,1,2,34,38,200,1200,34
SIM_COVER_USE,12,18,0,0
SIM,12,1,1,4,19,0,0,9,0,2,34,38,1200,1200,45
SIM_COVER_USE,12,19,0,0
SIM,12,1,1,4,20,1,0,9,0,2,34,38,300,1900,39
SIM_COVER_USE,12,20,0,0
SIM,12,1,1,4,21,0,0,9,0,2,33,38,1300,1900,45
SIM_COVER_USE,12,21,0,0
SIM,12,1,1,4,22,1,3,7,1,2,33,38,200,2600,36
SIM_COVER_USE,12,22,0,0
SIM,12,1,1,4,23,0,0,10,0,3,31,38,1200,300,45
SIM_COVER_USE,12,23,0,0
SIM,12,1,1,4,24,1,0,10,0,3,31,38,300,900,39
SIM_COVER_USE,12,24,0,0
SIM,12,1,1,4,25,0,0,10,0,3,28,38,1300,300,45
SIM_COVER_USE,12,25,0,0
SIM,12,1,1,4,26,1,3,8,1,3,28,38,200,900,36
SIM_COVER_USE,12,26,0,0
SIM,12,1,1,4,27,0,0,11,0,4,26,38,1200,100,45
SIM_COVER_USE,12,27,0,0
SIM,12,1,1,4,28,1,0,11,0,4,26,38,300,600,39
SIM_COVER_USE,12,28,0,0
SIM,12,1,1,4,29,0,0,11,0,4,25,38,1300,600,45
SIM_COVER_USE,12,29,0,0
SIM,12,1,1,4,30,1,3,9,1,3,25,38,200,1300,36
SIM_COVER_USE,12,30,0,0
SIM,12,1,1,4,31,0,1,12,1,4,22,38,1100,200,45
SIM_COVER_USE,12,31,0,1
SIM,12,1,1,4,32,1,1,10,1,4,22,38,500,800,39
SIM_COVER_USE,12,32,0,1
SIM,12,1,1,4,33,0,0,10,0,4,19,38,1500,500,45
SIM_COVER_USE,12,33,0,0
SIM,12,1,1,4,34,1,3,9,1,3,19,38,400,1200,36
SIM_COVER_USE,12,34,0,0
SIM,12,1,1,4,35,0,3,9,1,3,18,38,1300,1200,45
SIM_COVER_USE,12,35,0,0
SIM,12,1,1,4,36,1,3,7,1,3,18,38,400,1900,35
SIM_COVER_USE,12,36,0,0
SIM,12,1,1,4,37,0,1,10,1,4,15,38,1300,200,45
SIM_COVER_USE,12,37,0,0
SIM,12,1,1,4,38,1,4,7,2,3,15,38,200,900,32
SIM_COVER_USE,12,38,0,0
SIM,12,1,1,4,39,0,3,7,1,3,15,38,1100,900,45
SIM_COVER_USE,12,39,0,0
SIM,12,1,1,4,40,1,3,6,1,2,15,38,500,1700,39
SIM_COVER_USE,12,40,0,0
SIM,12,1,1,4,41,0,1,9,1,3,13,38,1400,300,45
SIM_COVER_USE,12,41,0,1
SIM,12,1,1,4,42,1,4,6,2,3,13,38,300,1000,30
SIM_COVER_USE,12,42,0,1
SIM,12,1,1,4,43,0,3,6,1,3,13,38,1200,1000,45
SIM_COVER_USE,12,43,0,1
SIM,12,1,1,4,44,1,3,5,1,2,13,38,300,1800,37
SIM_COVER_USE,12,44,0,1
SIM,12,1,1,4,45,0,3,5,1,2,12,38,1200,1800,45
SIM_COVER_USE,12,45,0,1
SIM,12,1,1,4,46,1,6,2,2,1,12,38,100,2700,26
SIM_COVER_USE,12,46,0,1
SIM,12,1,1,4,47,0,6,16,2,1,12,38,900,2100,45
SIM_COVER_USE,12,47,0,1
SIM,12,1,1,4,48,1,6,16,2,1,12,38,300,3000,38
SIM_COVER_USE,12,48,1,1
SIM,12,1,1,4,49,0,6,2,2,1,12,38,1100,3300,45
SIM_COVER_USE,12,49,1,1
SIM,12,1,1,4,50,1,9,2,3,1,12,38,300,4200,40
SIM_COVER_USE,12,50,1,1
SIM,12,1,1,4,51,0,9,16,3,1,12,38,1000,3600,45
SIM_COVER_USE,12,51,1,1
SIM,12,1,1,4,52,1,9,14,3,1,12,38,400,4500,36
SIM_COVER_USE,12,52,1,1
SIM,12,1,1,4,53,0,6,5,2,2,12,38,1200,100,45
SIM_COVER_USE,12,53,1,0
SIM,12,1,1,4,54,1,9,0,3,0,12,38,100,1100,19
SIM_COVER_USE,12,54,2,0
SIM,12,1,1,4,55,0,9,14,3,0,12,38,800,500,45
SIM_COVER_USE,12,55,2,0
SIM,12,1,1,4,56,1,9,14,3,0,12,37,500,1500,29
SIM_COVER_USE,12,56,1,0
SIM,12,1,1,4,57,0,9,0,3,0,12,37,1200,1800,45
SIM_COVER_USE,12,57,1,0
SIM,12,1,1,4,58,1,12,0,4,0,12,33,100,2800,6
SIM_COVER_USE,12,58,0,0
SIM,12,1,1,4,59,0,12,3,4,1,12,33,700,2600,36
SIM_COVER_USE,12,59,0,0
SIM,12,1,1,4,60,1,12,3,4,1,12,29,400,3500,26
SIM_COVER_USE,12,60,0,0
SIM,12,1,1,4,61,0,12,17,4,1,12,29,1000,2900,45
SIM_COVER_USE,12,61,0,0
SIM,12,1,1,4,62,1,12,17,4,1,12,25,400,3800,33
SIM_COVER_USE,12,62,0,0
SIM,12,1,1,4,63,0,9,6,3,2,12,25,1100,300,45
SIM_COVER_USE,12,63,0,0
SIM,12,1,1,4,64,1,12,4,4,2,12,22,300,1100,28
SIM_COVER_USE,12,64,0,0
SIM,12,1,1,4,65,0,12,4,4,2,12,22,900,1100,45
SIM_COVER_USE,12,65,0,1
SIM,12,1,1,4,66,1,12,3,4,1,12,19,300,2000,31
SIM_COVER_USE,12,66,0,1
SIM,12,1,1,4,67,0,9,6,3,2,12,19,1000,300,45
SIM_COVER_USE,12,67,0,0
SIM,12,1,1,4,68,1,12,4,4,2,12,16,200,1100,28
SIM_COVER_USE,12,68,0,0
SIM,12,1,1,4,69,0,9,4,3,2,12,16,900,500,45
SIM_COVER_USE,12,69,0,0
SIM,12,1,1,4,70,1,9,3,3,1,12,14,300,1400,35
SIM_COVER_USE,12,70,0,0
SIM,12,1,1,4,71,0,6,6,2,2,12,14,1100,300,45
SIM_COVER_USE,12,71,0,0
SIM,12,1,1,4,72,1,9,4,3,2,12,12,300,1100,30
SIM_COVER_USE,12,72,0,0
SIM,12,1,1,4,73,0,9,18,3,2,12,12,1000,500,45
SIM_COVER_USE,12,73,0,0
SIM,12,1,1,4,74,1,9,17,3,1,12,10,400,1400,35
SIM_COVER_USE,12,74,0,0
SIM,12,1,1,4,75,0,6,6,2,2,12,10,1200,300,45
SIM_COVER_USE,12,75,0,0
SIM,12,1,1,4,76,1,9,4,3,2,12,8,100,1100,28
SIM_COVER_USE,12,76,0,0
SIM,12,1,1,4,77,0,6,4,2,2,12,8,900,500,45
SIM_COVER_USE,12,77,0,0
SIM,12,1,1,4,78,1,6,3,2,1,12,7,300,1400,33
SIM_COVER_USE,12,78,0,0
SIM,12,1,1,4,79,0,6,17,2,1,12,7,1100,800,45
SIM_COVER_USE,12,79,0,0
SIM,12,1,1,4,80,1,9,15,3,1,12,5,300,1700,28
SIM_COVER_USE,12,80,0,0
SIM_END,12,1,1,4,80,0,0
SIM,13,1,1,5,1,0,0,6,0,1,40,40,1000,0,30
SIM_COVER_USE,13,1,0,0
SIM,13,1,1,5,2,1,3,6,1,1,40,39,200,800,19
SIM_COVER_USE,13,2,0,0
SIM,13,1,1,5,3,0,3,6,1,1,40,39,1100,800,45
SIM_COVER_USE,13,3,0,1
SIM,13,1,1,5,4,1,3,6,1,1,40,38,500,1600,39
SIM_COVER_USE,13,4,0,1
SIM,13,1,1,5,5,0,0,6,0,1,40,38,1500,1600,45
SIM_COVER_USE,13,5,0,1
SIM,13,1,1,5,6,1,3,6,1,1,40,37,100,2400,22
SIM_COVER_USE,13,6,0,1
SIM,13,1,1,5,7,0,0,9,0,2,39,37,1100,100,45
SIM_COVER_USE,13,7,0,1
SIM,13,1,1,5,8,1,0,9,0,2,39,37,500,800,41
SIM_COVER_USE,13,8,0,1
SIM,13,1,1,5,9,0,0,9,0,2,38,37,1500,500,45
SIM_COVER_USE,13,9,0,1
SIM,13,1,1,5,10,1,3,7,1,2,38,37,100,1200,32
SIM_COVER_USE,13,10,0,1
SIM,13,1,1,5,11,0,0,10,0,3,36,37,1100,100,45
SIM_COVER_USE,13,11,0,0
SIM,13,1,1,5,12,1,0,10,0,3,36,37,500,700,41
SIM_COVER_USE,13,12,0,0
SIM,13,1,1,5,13,0,0,10,0,3,34,37,1500,400,45
SIM_COVER_USE,13,13,0,0
SIM,13,1,1,5,14,1,3,9,1,2,34,37,100,1100,32
SIM_COVER_USE,13,14,0,0
SIM,13,1,1,5,15,0,3,9,1,2,34,37,1000,1100,45
SIM_COVER_USE,13,15,0,0
SIM,13,1,1,5,16,1,3,7,1,2,34,37,400,1800,39
SIM_COVER_USE,13,16,0,0
SIM,13,1,1,5,17,0,0,7,0,2,34,37,1400,1800,45
SIM_COVER_USE,13,17,0,0
SIM,13,1,1,5,18,1,3,5,1,2,34,37,300,2500,36
SIM_COVER_USE,13,18,0,0
SIM,13,1,1,5,19,0,3,5,1,2,34,37,1200,2500,45
SIM_COVER_USE,13,19,0,1
SIM,13,1,1,5,20,1,3,4,1,1,34,37,300,3300,37
SIM_COVER_USE,13,20,0,1
SIM,13,1,1,5,21,0,0,7,0,2,33,37,1300,100,45
SIM_COVER_USE,13,21,0,1
SIM,13,1,1,5,22,1,3,6,1,2,33,37,200,800,36
SIM_COVER_USE,13,22,0,1
SIM,13,1,1,5,23,0,0,6,0,2,32,37,1200,500,45
SIM_COVER_USE,13,23,0,1
SIM,13,1,1,5,24,1,0,6,0,2,32,37,300,1200,39
SIM_COVER_USE,13,24,0,1
SIM,13,1,1,5,25,0,0,9,0,3,29,37,1300,100,45
SIM_COVER_USE,13,25,0,0
SIM,13,1,1,5,26,1,3,7,1,3,29,37,200,700,36
SIM_COVER_USE,13,26,0,0
SIM,13,1,1,5,27,0,0,7,0,3,27,37,1200,400,45
SIM_COVER_USE,13,27,0,0
SIM,13,1,1,5,28,1,0,7,0,3,27,37,300,1000,39
SIM_COVER_USE,13,28,0,0
SIM,13,1,1,5,29,0,0,10,0,4,24,37,1300,200,45
SIM_COVER_USE,13,29,0,0
SIM,13,1,1,5,30,1,3,9,1,3,24,37,200,900,36
SIM_COVER_USE,13,30,0,0
SIM,13,1,1,5,31,0,3,9,1,3,23,37,1100,900,45
SIM_COVER_USE,13,31,0,0
SIM,13,1,1,5,32,1,3,7,1,3,23,37,500,1600,37
SIM_COVER_USE,13,32,0,0
SIM,13,1,1,5,33,0,3,7,1,3,22,37,1400,1600,45
SIM_COVER_USE,13,33,0,0
SIM,13,1,1,5,34,1,6,4,2,2,22,37,300,2400,31
SIM_COVER_USE,13,34,0,0
SIM,13,1,1,5,35,0,3,7,1,3,21,37,1200,100,45
SIM_COVER_USE,13,35,0,0
SIM,13,1,1,5,36,1,3,6,1,2,21,37,300,900,36
SIM_COVER_USE,13,36,0,0
SIM,13,1,1,5,37,0,3,6,1,2,20,37,1200,900,45
SIM_COVER_USE,13,37,0,0
SIM,13,1,1,5,38,1,6,3,2,1,20,37,100,1800,28
SIM_COVER_USE,13,38,0,0
SIM,13,1,1,5,39,0,4,6,2,2,19,37,900,100,45
SIM_COVER_USE,13,39,0,0
SIM,13,1,1,5,40,1,4,3,2,1,19,37,300,1000,37
SIM_COVER_USE,13,40,0,0
SIM,13,1,1,5,41,0,4,3,2,1,19,37,1100,1000,45
SIM_COVER_USE,13,41,0,0
SIM,13,1,1,5,42,1,7,0,3,0,19,36,300,2000,30
SIM_COVER_USE,13,42,0,0
SIM,13,1,1,5,43,0,6,3,2,1,19,36,1100,300,45
SIM_COVER_USE,13,43,0,0
SIM,13,1,1,5,44,1,6,1,2,1,19,35,500,1200,37
SIM_COVER_USE,13,44,0,0
SIM,13,1,1,5,45,0,4,1,2,1,19,35,1300,300,45
SIM_COVER_USE,13,45,0,0
SIM,13,1,1,5,46,1,7,0,3,0,19,34,200,1300,31
SIM_COVER_USE,13,46,0,0
SIM,13,1,1,5,47,0,6,3,2,1,19,34,1000,200,45
SIM_COVER_USE,13,47,0,0
SIM,13,1,1,5,48,1,6,1,2,1,19,33,400,1100,35
SIM_COVER_USE,13,48,0,0
SIM,13,1,1,5,49,0,4,1,2,1,19,33,1200,500,45
SIM_COVER_USE,13,49,0,0
SIM,13,1,1,5,50,1,7,0,3,0,19,31,100,1500,24
SIM_COVER_USE,13,50,0,0
SIM,13,1,1,5,51,0,6,3,2,1,19,31,900,100,45
SIM_COVER_USE,13,51,0,0
SIM,13,1,1,5,52,1,6,3,2,1,19,29,300,1000,37
SIM_COVER_USE,13,52,0,0
SIM,13,1,1,5,53,0,6,17,2,1,19,29,1100,400,45
SIM_COVER_USE,13,53,0,0
SIM,13,1,1,5,54,1,9,15,3,1,19,27,300,1300,30
SIM_COVER_USE,13,54,0,0
SIM,13,1,1,5,55,0,9,3,3,1,19,27,1000,1600,45
SIM_COVER_USE,13,55,0,0
SIM,13,1,1,5,56,1,9,1,3,1,19,25,400,2500,34
SIM_COVER_USE,13,56,0,0
SIM,13,1,1,5,57,0,6,4,2,2,19,25,1200,200,45
SIM_COVER_USE,13,57,0,0
SIM,13,1,1,5,58,1,9,1,3,1,19,24,100,1100,28
SIM_COVER_USE,13,58,0,0
SIM,13,1,1,5,59,0,7,1,3,1,19,24,800,500,45
SIM_COVER_USE,13,59,0,0
SIM,13,1,1,5,60,1,7,0,3,0,19,22,500,1500,36
SIM_COVER_USE,13,60,0,0
SIM,13,1,1,5,61,0,6,3,2,1,19,22,1300,100,45
SIM_COVER_USE,13,61,0,0
SIM,13,1,1,5,62,1,9,1,3,1,19,20,200,1000,29
SIM_COVER_USE,13,62,0,0
SIM,13,1,1,5,63,0,7,1,3,1,19,20,900,400,45
SIM_COVER_USE,13,63,0,0
SIM,13,1,1,5,64,1,7,0,3,0,19,18,300,1400,35
SIM_COVER_USE,13,64,0,0
SIM,13,1,1,5,65,0,6,3,2,1,19,18,1100,300,45
SIM_COVER_USE,13,65,0,0
SIM,13,1,1,5,66,1,9,1,3,1,19,16,300,1200,31
SIM_COVER_USE,13,66,0,0
SIM,13,1,1,5,67,0,7,1,3,1,19,16,1000,300,45
SIM_COVER_USE,13,67,0,0
SIM,13,1,1,5,68,1,7,0,3,0,19,14,400,1300,35
SIM_COVER_USE,13,68,0,0
SIM,13,1,1,5,69,0,6,3,2,1,19,14,1200,200,45
SIM_COVER_USE,13,69,0,0
SIM,13,1,1,5,70,1,9,1,3,1,19,12,100,1100,29
SIM_COVER_USE,13,70,0,0
SIM,13,1,1,5,71,0,7,1,3,1,19,12,800,500,45
SIM_COVER_USE,13,71,0,0
SIM,13,1,1,5,72,1,7,0,3,0,19,10,500,1500,37
SIM_COVER_USE,13,72,0,0
SIM,13,1,1,5,73,0,7,14,3,0,19,10,1200,900,45
SIM_COVER_USE,13,73,0,0
SIM,13,1,1,5,74,1,10,14,4,0,19,7,100,1900,19
SIM_COVER_USE,13,74,0,0
SIM,13,1,1,5,75,0,9,3,3,1,19,7,800,200,45
SIM_COVER_USE,13,75,0,0
SIM,13,1,1,5,76,1,9,3,3,1,19,4,500,1100,34
SIM_COVER_USE,13,76,0,0
SIM,13,1,1,5,77,0,9,17,3,1,19,4,1200,500,45
SIM_COVER_USE,13,77,0,0
SIM,13,1,1,5,78,1,12,17,4,1,19,1,100,1400,29
SIM_COVER_USE,13,78,0,0
SIM,13,1,1,5,79,0,9,6,3,2,19,1,800,300,45
SIM_COVER_USE,13,79,0,0
SIM_END,13,1,1,5,79,0,0
SIM,14,1,1,6,1,0,0,6,0,1,40,40,1000,0,30
SIM_COVER_USE,14,1,0,0
SIM,14,1,1,6,2,1,3,6,1,1,40,39,200,800,19
SIM_COVER_USE,14,2,0,0
SIM,14,1,1,6,3,0,0,9,0,2,39,39,1200,300,45
SIM_COVER_USE,14,3,0,1
SIM,14,1,1,6,4,1,0,9,0,2,39,39,300,1000,39
SIM_COVER_USE,14,4,0,1
SIM,14,1,1,6,5,0,0,9,0,2,38,39,1300,400,45
SIM_COVER_USE,14,5,0,1
SIM,14,1,1,6,6,1,3,7,1,2,38,39,200,1100,34
SIM_COVER_USE,14,6,0,1
SIM,14,1,1,6,7,0,3,7,1,2,38,39,1100,1100,45
SIM_COVER_USE,14,7,0,0
SIM,14,1,1,6,8,1,3,6,1,1,38,39,500,1900,39
SIM_COVER_USE,14,8,0,0
SIM,14,1,1,6,9,0,0,6,0,1,38,39,1500,1900,45
SIM_COVER_USE,14,9,0,0
SIM,14,1,1,6,10,1,3,4,1,1,38,39,100,2700,31
SIM_COVER_USE,14,10,0,0
SIM,14,1,1,6,11,0,0,7,0,2,37,39,1100,100,45
SIM_COVER_USE,14,11,0,0
SIM,14,1,1,6,12,1,0,7,0,2,37,39,500,800,41
SIM_COVER_USE,14,12,0,0
SIM,14,1,1,6,13,0,0,7,0,2,36,39,1500,500,45
SIM_COVER_USE,14,13,0,0
SIM,14,1,1,6,14,1,3,5,1,2,36,39,100,1200,32
SIM_COVER_USE,14,14,0,0
SIM,14,1,1,6,15,0,0,8,0,3,34,39,1100,100,45
SIM_COVER_USE,14,15,0,0
SIM,14,1,1,6,16,1,0,8,0,3,34,39,500,700,41
SIM_COVER_USE,14,16,0,0
SIM,14,1,1,6,17,0,0,8,0,3,32,39,1500,400,45
SIM_COVER_USE,14,17,0,0
SIM,14,1,1,6,18,1,3,7,1,2,32,39,100,1100,32
SIM_COVER_USE,14,18,0,0
SIM,14,1,1,6,19,0,0,10,0,3,31,39,1100,300,45
SIM_COVER_USE,14,19,0,0
SIM,14,1,1,6,20,1,0,10,0,3,31,39,500,900,41
SIM_COVER_USE,14,20,0,0
SIM,14,1,1,6,21,0,0,10,0,3,28,39,1500,300,45
SIM_COVER_USE,14,21,0,0
SIM,14,1,1,6,22,1,3,8,1,3,28,39,100,900,34
SIM_COVER_USE,14,22,0,0
SIM,14,1,1,6,23,0,0,11,0,4,25,39,1100,100,45
SIM_COVER_USE,14,23,0,1
SIM,14,1,1,6,24,1,0,11,0,4,25,39,500,600,41
SIM_COVER_USE,14,24,0,1
SIM,14,1,1,6,25,0,0,11,0,4,22,39,1500,300,45
SIM_COVER_USE,14,25,0,0
SIM,14,1,1,6,26,1,3,10,1,3,22,39,100,900,34
SIM_COVER_USE,14,26,0,0
SIM,14,1,1,6,27,0,0,13,0,4,20,39,1100,100,45
SIM_COVER_USE,14,27,0,0
SIM,14,1,1,6,28,1,0,13,0,4,20,39,500,600,41
SIM_COVER_USE,14,28,0,0
SIM,14,1,1,6,29,0,0,13,0,4,16,39,1500,300,45
SIM_COVER_USE,14,29,0,0
SIM,14,1,1,6,30,1,3,11,1,4,16,39,400,800,36
SIM_COVER_USE,14,30,0,0
SIM,14,1,1,6,31,0,0,11,0,4,13,39,1400,500,45
SIM_COVER_USE,14,31,0,0
SIM,14,1,1,6,32,1,0,11,0,4,13,39,1400,1000,45
SIM_COVER_USE,14,32,0,0
SIM,14,1,1,6,33,0,0,11,0,4,9,39,2400,400,45
SIM_COVER_USE,14,33,0,0
SIM,14,1,1,6,34,1,3,9,1,3,9,39,400,1100,30
SIM_COVER_USE,14,34,0,0
SIM,14,1,1,6,35,0,3,12,1,4,5,39,1300,300,45
SIM_COVER_USE,14,35,0,0
SIM,14,1,1,6,36,1,3,10,1,4,5,39,400,900,37
SIM_COVER_USE,14,36,0,0
SIM,14,1,1,6,37,0,3,10,1,4,1,39,1300,300,45
SIM_COVER_USE,14,37,0,0
SIM,14,1,1,6,38,1,6,7,2,3,1,39,200,1000,34
SIM_COVER_USE,14,38,0,0
SIM_END,14,1,1,6,38,1,0
SIM_DONE
SIM_CONFIG,degrade_favoured_pct=40,only_handicap=1,variants=7,plain=false
SIM_TERRAIN,cover_tiles=8,of=120,plain=false,max_rounds=40
SIM,1,0,1,0,1,0,6,0,1,0,40,40,1000,0,30
SIM_COVER_USE,1,1,0,0
SIM,1,0,1,0,2,1,9,0,2,0,40,39,200,1000,19
SIM_COVER_USE,1,2,0,0
SIM,1,0,1,0,3,0,7,3,2,1,40,39,900,200,45
SIM_COVER_USE,1,3,0,0
SIM,1,0,1,0,4,1,7,0,2,0,40,38,300,1200,31
SIM_COVER_USE,1,4,0,0
SIM,1,0,1,0,5,0,7,0,2,0,40,38,1000,300,45
SIM_COVER_USE,1,5,0,0
SIM,1,0,1,0,6,1,10,0,3,0,40,37,200,1300,34
SIM_COVER_USE,1,6,0,0
SIM,1,0,1,0,7,0,9,3,2,1,40,37,900,200,45
SIM_COVER_USE,1,7,0,0
SIM,1,0,1,0,8,1,9,0,2,0,40,37,300,1200,34
SIM_COVER_USE,1,8,0,0
SIM,1,0,1,0,9,0,9,0,2,0,40,37,1000,300,45
SIM_COVER_USE,1,9,0,0
SIM,1,0,1,0,10,1,12,0,3,0,40,35,200,1300,30
SIM_COVER_USE,1,10,0,0
SIM,1,0,1,0,11,0,10,3,3,1,40,35,800,200,45
SIM_COVER_USE,1,11,0,0
SIM,1,0,1,0,12,1,10,3,3,1,40,35,800,1100,41
SIM_COVER_USE,1,12,1,0
SIM,1,0,1,0,13,0,9,3,2,1,40,35,1500,500,45
SIM_COVER_USE,1,13,1,0
SIM,1,0,1,0,14,1,9,0,2,0,40,35,1500,1500,43
SIM_COVER_USE,1,14,1,0
SIM,1,0,1,0,15,0,8,3,2,1,40,35,2200,100,45
SIM_COVER_USE,1,15,1,0
SIM,1,0,1,0,16,1,11,0,3,0,40,34,200,1100,24
SIM_COVER_USE,1,16,1,0
SIM,1,0,1,0,17,0,11,0,3,0,40,34,800,500,45
SIM_COVER_USE,1,17,1,0
SIM,1,0,1,0,18,1,11,0,3,0,40,33,800,1500,43
SIM_COVER_USE,1,18,1,0
SIM,1,0,1,0,19,0,10,3,3,1,40,33,1400,100,45
SIM_COVER_USE,1,19,1,0
SIM,1,0,1,0,20,1,13,0,4,0,40,30,300,1100,19
SIM_COVER_USE,1,20,1,0
SIM,1,0,1,0,21,0,13,0,4,0,40,30,800,500,45
SIM_COVER_USE,1,21,1,0
SIM,1,0,1,0,22,1,13,0,4,0,40,27,500,1500,35
SIM_COVER_USE,1,22,0,0
SIM,1,0,1,0,23,0,11,3,4,1,40,27,1000,100,45
SIM_COVER_USE,1,23,0,0
SIM,1,0,1,0,24,1,11,3,4,1,40,27,1000,1000,43
SIM_COVER_USE,1,24,1,0
SIM,1,0,1,0,25,0,10,3,3,1,40,27,1600,400,45
SIM_COVER_USE,1,25,1,0
SIM,1,0,1,0,26,1,10,0,3,0,40,27,1600,1400,43
SIM_COVER_USE,1,26,1,0
SIM,1,0,1,0,27,0,9,3,3,1,40,27,2200,300,45
SIM_COVER_USE,1,27,1,0
SIM,1,0,1,0,28,1,12,0,4,0,40,24,200,1300,16
SIM_COVER_USE,1,28,1,0
SIM,1,0,1,0,29,0,12,0,4,0,40,24,700,400,45
SIM_COVER_USE,1,29,1,0
SIM,1,0,1,0,30,1,12,0,4,0,40,23,700,1400,43
SIM_COVER_USE,1,30,1,0
SIM,1,0,1,0,31,0,10,3,4,1,40,23,1200,300,45
SIM_COVER_USE,1,31,1,0
SIM,1,0,1,0,32,1,10,0,4,0,40,23,1200,1300,43
SIM_COVER_USE,1,32,1,0
SIM,1,0,1,0,33,0,10,0,4,0,40,23,1700,400,45
SIM_COVER_USE,1,33,1,0
SIM,1,0,1,0,34,1,10,0,4,0,40,22,1700,1400,43
SIM_COVER_USE,1,34,1,0
SIM,1,0,1,0,35,0,9,3,3,1,40,22,2300,300,45
SIM_COVER_USE,1,35,1,0
SIM,1,0,1,0,36,1,9,0,3,0,40,22,2300,1300,43
SIM_COVER_USE,1,36,1,0
SIM,1,0,1,0,37,0,9,0,3,0,40,22,2900,400,45
SIM_COVER_USE,1,37,1,0
SIM,1,0,1,0,38,1,12,0,4,0,40,19,300,1400,15
SIM_COVER_USE,1,38,0,0
SIM,1,0,1,0,39,0,10,3,4,1,40,19,800,300,45
SIM_COVER_USE,1,39,0,0
SIM,1,0,1,0,40,1,10,0,4,0,40,19,800,1300,43
SIM_COVER_USE,1,40,0,0
SIM,1,0,1,0,41,0,10,0,4,0,40,19,1300,400,45
SIM_COVER_USE,1,41,0,0
SIM,1,0,1,0,42,1,10,0,4,0,40,18,1300,1400,43
SIM_COVER_USE,1,42,0,0
SIM,1,0,1,0,43,0,9,3,3,1,40,18,2000,300,45
SIM_COVER_USE,1,43,0,0
SIM,1,0,1,0,44,1,9,3,3,1,40,17,2000,1200,43
SIM_COVER_USE,1,44,0,0
SIM,1,0,1,0,45,0,7,3,3,1,40,17,2700,300,45
SIM_COVER_USE,1,45,0,0
SIM,1,0,1,0,46,1,10,0,4,0,40,15,100,1300,11
SIM_COVER_USE,1,46,1,0
SIM,1,0,1,0,47,0,9,3,3,1,40,15,800,200,41
SIM_COVER_USE,1,47,1,0
SIM,1,0,1,0,48,1,9,0,3,0,40,14,500,1200,33
SIM_COVER_USE,1,48,1,0
SIM,1,0,1,0,49,0,9,0,3,0,40,14,1200,300,45
SIM_COVER_USE,1,49,1,0
SIM,1,0,1,0,50,1,12,0,4,0,40,11,100,1300,25
SIM_COVER_USE,1,50,0,0
SIM,1,0,1,0,51,0,10,3,4,1,40,11,700,200,45
SIM_COVER_USE,1,51,0,0
SIM,1,0,1,0,52,1,10,3,4,1,40,10,700,1100,43
SIM_COVER_USE,1,52,0,0
SIM,1,0,1,0,53,0,9,3,3,1,40,10,1400,500,45
SIM_COVER_USE,1,53,0,0
SIM,1,0,1,0,54,1,9,3,3,1,40,9,1400,1400,43
SIM_COVER_USE,1,54,0,0
SIM,1,0,1,0,55,0,6,6,2,2,40,9,2200,300,45
SIM_COVER_USE,1,55,0,0
SIM,1,0,1,0,56,1,9,4,3,2,40,7,200,1100,21
SIM_COVER_USE,1,56,0,0
SIM,1,0,1,0,57,0,6,4,2,2,40,7,1000,500,45
SIM_COVER_USE,1,57,0,0
SIM,1,0,1,0,58,1,6,3,2,1,40,7,1000,1400,43
SIM_COVER_USE,1,58,0,0
SIM,1,0,1,0,59,0,3,6,1,2,40,7,1900,300,45
SIM_COVER_USE,1,59,0,0
SIM,1,0,1,0,60,1,6,4,2,2,40,6,200,1100,24
SIM_COVER_USE,1,60,0,0
SIM,1,0,1,0,61,0,3,4,1,2,40,6,1100,500,45
SIM_COVER_USE,1,61,0,0
SIM,1,0,1,0,62,1,3,3,1,1,40,6,1100,1400,43
SIM_COVER_USE,1,62,0,0
SIM,1,0,1,0,63,0,0,6,0,2,40,6,2100,300,45
SIM_COVER_USE,1,63,0,0
SIM,1,0,1,0,64,1,14,6,0,2,40,6,1500,1100,43
SIM_COVER_USE,1,64,0,0
SIM,1,0,1,0,65,0,14,6,0,2,39,6,2500,500,45
SIM_COVER_USE,1,65,0,0
SIM,1,0,1,0,66,1,0,6,0,2,39,6,2800,1300,45
SIM_COVER_USE,1,66,0,0
SIM,1,0,1,0,67,0,0,9,0,3,38,6,3800,200,45
SIM_COVER_USE,1,67,0,0
SIM,1,0,1,0,68,1,3,7,1,3,38,6,300,900,18
SIM_COVER_USE,1,68,0,0
SIM,1,0,1,0,69,0,0,7,0,3,37,6,1300,300,45
SIM_COVER_USE,1,69,0,1
SIM,1,0,1,0,70,1,0,7,0,3,37,6,400,1000,39
SIM_COVER_USE,1,70,0,1
SIM,1,0,1,0,71,0,0,10,0,4,34,6,1400,200,45
SIM_COVER_USE,1,71,0,0
SIM,1,0,1,0,72,1,14,10,0,4,34,6,800,800,43
SIM_COVER_USE,1,72,0,0
SIM,1,0,1,0,73,0,14,10,0,4,31,6,1800,500,45
SIM_COVER_USE,1,73,0,0
SIM,1,0,1,0,74,1,3,9,1,3,31,6,100,1200,28
SIM_COVER_USE,1,74,0,0
SIM,1,0,1,0,75,0,1,12,1,4,28,6,1000,100,45
SIM_COVER_USE,1,75,0,0
SIM,1,0,1,0,76,1,1,10,1,4,28,6,400,700,39
SIM_COVER_USE,1,76,0,0
SIM,1,0,1,0,77,0,0,10,0,4,25,6,1400,400,45
SIM_COVER_USE,1,77,0,0
SIM,1,0,1,0,78,1,3,9,1,3,25,6,300,1100,34
SIM_COVER_USE,1,78,0,0
SIM,1,0,1,0,79,0,3,12,1,4,22,6,1200,300,45
SIM_COVER_USE,1,79,0,0
SIM,1,0,1,0,80,1,3,10,1,4,22,6,300,900,37
SIM_COVER_USE,1,80,0,0
SIM_END,1,0,1,0,80,0,0
SIM,2,0,1,1,1,0,6,0,1,0,40,40,1000,0,30
SIM_COVER_USE,2,1,0,0
SIM,2,0,1,1,2,1,20,0,1,0,40,40,400,1000,28
SIM_COVER_USE,2,2,0,0
SIM,2,0,1,1,3,0,18,3,1,1,40,40,1200,200,45
SIM_COVER_USE,2,3,0,0
SIM,2,0,1,1,4,1,7,0,2,0,40,39,100,1200,28
SIM_COVER_USE,2,4,0,0
SIM,2,0,1,1,5,0,7,0,2,0,40,39,800,300,45
SIM_COVER_USE,2,5,0,0
SIM,2,0,1,1,6,1,7,0,2,0,40,38,500,1300,31
SIM_COVER_USE,2,6,0,0
SIM,2,0,1,1,7,0,5,3,2,1,40,38,1200,200,45
SIM_COVER_USE,2,7,0,0
SIM,2,0,1,1,8,1,5,3,2,1,40,38,1200,1100,43
SIM_COVER_USE,2,8,0,0
SIM,2,0,1,1,9,0,4,3,1,1,40,38,2000,500,45
SIM_COVER_USE,2,9,0,0
SIM,2,0,1,1,10,1,7,0,2,0,40,37,300,1500,26
SIM_COVER_USE,2,10,0,0
SIM,2,0,1,1,11,0,5,3,2,1,40,37,1000,100,45
SIM_COVER_USE,2,11,0,0
SIM,2,0,1,1,12,1,5,0,2,0,40,36,400,1100,37
SIM_COVER_USE,2,12,0,0
SIM,2,0,1,1,13,0,5,0,2,0,40,36,1100,500,45
SIM_COVER_USE,2,13,0,0
SIM,2,0,1,1,14,1,8,0,3,0,40,35,300,1500,36
SIM_COVER_USE,2,14,0,0
SIM,2,0,1,1,15,0,7,3,2,1,40,35,1000,100,45
SIM_COVER_USE,2,15,0,0
SIM,2,0,1,1,16,1,7,3,2,1,40,35,1000,1000,43
SIM_COVER_USE,2,16,0,0
SIM,2,0,1,1,17,0,5,3,2,1,40,35,1700,400,45
SIM_COVER_USE,2,17,0,0
SIM,2,0,1,1,18,1,8,0,3,0,40,34,300,1400,21
SIM_COVER_USE,2,18,0,0
SIM,2,0,1,1,19,0,6,3,2,1,40,34,1100,300,45
SIM_COVER_USE,2,19,0,0
SIM,2,0,1,1,20,1,6,3,2,1,40,33,1100,1200,43
SIM_COVER_USE,2,20,0,0
SIM,2,0,1,1,21,0,4,3,2,1,40,33,1900,300,45
SIM_COVER_USE,2,21,0,0
SIM,2,0,1,1,22,1,7,1,3,1,40,31,200,1200,23
SIM_COVER_USE,2,22,0,0
SIM,2,0,1,1,23,0,4,4,2,2,40,31,1000,100,45
SIM_COVER_USE,2,23,0,0
SIM,2,0,1,1,24,1,4,1,2,1,40,31,400,1000,37
SIM_COVER_USE,2,24,0,0
SIM,2,0,1,1,25,0,3,1,1,1,40,31,1300,400,45
SIM_COVER_USE,2,25,0,0
SIM,2,0,1,1,26,1,6,0,2,0,40,30,200,1400,28
SIM_COVER_USE,2,26,0,0
SIM,2,0,1,1,27,0,4,3,2,1,40,30,1000,300,45
SIM_COVER_USE,2,27,0,0
SIM,2,0,1,1,28,1,4,1,2,1,40,29,400,1200,37
SIM_COVER_USE,2,28,0,0
SIM,2,0,1,1,29,0,3,1,1,1,40,29,1300,300,45
SIM_COVER_USE,2,29,0,0
SIM,2,0,1,1,30,1,3,0,1,0,40,29,1300,1300,43
SIM_COVER_USE,2,30,0,0
SIM,2,0,1,1,31,0,1,3,1,1,40,29,2200,200,45
SIM_COVER_USE,2,31,0,0
SIM,2,0,1,1,32,1,15,3,1,1,40,29,1600,1100,43
SIM_COVER_USE,2,32,0,0
SIM,2,0,1,1,33,0,14,3,0,1,40,29,2600,500,45
SIM_COVER_USE,2,33,0,0
SIM,2,0,1,1,34,1,3,1,1,1,40,29,300,1400,22
SIM_COVER_USE,2,34,0,0
SIM,2,0,1,1,35,0,0,4,0,2,40,29,1300,300,45
SIM_COVER_USE,2,35,0,0
SIM,2,0,1,1,36,1,14,4,0,2,40,29,700,1100,43
SIM_COVER_USE,2,36,0,0
SIM,2,0,1,1,37,0,14,4,0,2,39,29,1700,500,45
SIM_COVER_USE,2,37,0,1
SIM,2,0,1,1,38,1,3,3,1,1,39,29,300,1400,30
SIM_COVER_USE,2,38,0,1
SIM,2,0,1,1,39,0,0,6,0,2,39,29,1300,300,45
SIM_COVER_USE,2,39,0,1
SIM,2,0,1,1,40,1,0,6,0,2,39,29,400,1100,39
SIM_COVER_USE,2,40,0,1
SIM,2,0,1,1,41,0,0,6,0,2,37,29,1400,500,45
SIM_COVER_USE,2,41,0,0
SIM,2,0,1,1,42,1,3,4,1,2,37,29,300,1300,36
SIM_COVER_USE,2,42,0,0
SIM,2,0,1,1,43,0,3,7,1,3,35,29,1200,200,45
SIM_COVER_USE,2,43,0,0
SIM,2,0,1,1,44,1,3,6,1,2,35,29,300,1000,37
SIM_COVER_USE,2,44,0,0
SIM,2,0,1,1,45,0,3,6,1,2,33,29,1200,400,45
SIM_COVER_USE,2,45,0,0
SIM,2,0,1,1,46,1,6,3,2,1,33,29,100,1300,34
SIM_COVER_USE,2,46,0,0
SIM,2,0,1,1,47,0,6,6,2,2,32,29,900,200,45
SIM_COVER_USE,2,47,0,0
SIM,2,0,1,1,48,1,6,3,2,1,32,29,300,1100,31
SIM_COVER_USE,2,48,0,0
SIM,2,0,1,1,49,0,6,3,2,1,31,29,1100,500,45
SIM_COVER_USE,2,49,0,0
SIM,2,0,1,1,50,1,9,0,3,0,31,28,300,1500,30
SIM_COVER_USE,2,50,0,0
SIM,2,0,1,1,51,0,7,3,3,1,31,28,1000,100,45
SIM_COVER_USE,2,51,0,0
SIM,2,0,1,1,52,1,7,3,3,1,31,27,1000,1000,43
SIM_COVER_USE,2,52,0,0
SIM,2,0,1,1,53,0,6,3,2,1,31,27,1800,400,45
SIM_COVER_USE,2,53,0,0
SIM,2,0,1,1,54,1,9,0,3,0,31,26,100,1400,8
SIM_COVER_USE,2,54,0,0
SIM,2,0,1,1,55,0,7,3,3,1,31,26,800,300,38
SIM_COVER_USE,2,55,0,0
SIM,2,0,1,1,56,1,7,3,3,1,31,23,500,1200,26
SIM_COVER_USE,2,56,0,0
SIM,2,0,1,1,57,0,6,3,2,1,31,23,1300,300,45
SIM_COVER_USE,2,57,0,0
SIM,2,0,1,1,58,1,6,3,2,1,31,22,1300,1200,43
SIM_COVER_USE,2,58,0,0
SIM,2,0,1,1,59,0,3,6,1,2,31,22,2200,100,45
SIM_COVER_USE,2,59,0,0
SIM,2,0,1,1,60,1,6,4,2,2,31,21,200,900,24
SIM_COVER_USE,2,60,0,0
SIM,2,0,1,1,61,0,3,4,1,2,31,21,1100,300,45
SIM_COVER_USE,2,61,0,0
SIM,2,0,1,1,62,1,3,3,1,1,31,21,500,1200,37
SIM_COVER_USE,2,62,0,0
SIM,2,0,1,1,63,0,0,6,0,2,31,21,1500,100,45
SIM_COVER_USE,2,63,0,0
SIM,2,0,1,1,64,1,3,4,1,2,31,21,100,900,30
SIM_COVER_USE,2,64,0,0
SIM,2,0,1,1,65,0,0,4,0,2,31,21,1100,300,45
SIM_COVER_USE,2,65,0,0
SIM,2,0,1,1,66,1,0,4,0,2,31,21,500,1100,41
SIM_COVER_USE,2,66,0,0
SIM,2,0,1,1,67,0,0,7,0,3,29,21,1500,300,45
SIM_COVER_USE,2,67,0,0
SIM,2,0,1,1,68,1,3,6,1,2,29,21,100,1100,32
SIM_COVER_USE,2,68,0,0
SIM,2,0,1,1,69,0,3,6,1,2,27,21,1000,500,45
SIM_COVER_USE,2,69,0,0
SIM,2,0,1,1,70,1,17,6,1,2,27,21,400,1300,43
SIM_COVER_USE,2,70,0,0
SIM,2,0,1,1,71,0,17,9,1,3,25,21,1300,200,45
SIM_COVER_USE,2,71,0,1
SIM,2,0,1,1,72,1,3,9,1,3,25,21,1600,900,45
SIM_COVER_USE,2,72,0,1
SIM,2,0,1,1,73,0,1,9,1,3,23,21,2500,300,45
SIM_COVER_USE,2,73,0,0
SIM,2,0,1,1,74,1,15,9,1,3,23,21,1900,1000,43
SIM_COVER_USE,2,74,0,0
SIM,2,0,1,1,75,0,10,12,0,4,22,21,2900,200,45
SIM_COVER_USE,2,75,0,0
SIM,2,0,1,1,76,1,3,10,1,4,22,21,300,800,24
SIM_COVER_USE,2,76,0,0
SIM,2,0,1,1,77,0,0,10,0,4,20,21,1300,500,45
SIM_COVER_USE,2,77,0,1
SIM,2,0,1,1,78,1,0,10,0,4,20,21,400,1100,39
SIM_COVER_USE,2,78,0,1
SIM,2,0,1,1,79,0,0,10,0,4,16,21,1400,500,45
SIM_COVER_USE,2,79,0,0
SIM,2,0,1,1,80,1,3,10,1,4,16,21,1200,1100,44
SIM_COVER_USE,2,80,0,0
SIM_END,2,0,1,1,80,1,0
SIM,3,0,1,2,1,0,6,0,1,0,40,40,1000,0,30
SIM_COVER_USE,3,1,0,0
SIM,3,0,1,2,2,1,20,0,1,0,40,40,400,1000,28
SIM_COVER_USE,3,2,0,0
SIM,3,0,1,2,3,0,20,3,1,1,39,40,1200,200,45
SIM_COVER_USE,3,3,0,0
SIM,3,0,1,2,4,1,6,3,1,1,39,40,1500,1100,45
SIM_COVER_USE,3,4,0,0
SIM,3,0,1,2,5,0,6,3,1,1,38,40,2300,500,45
SIM_COVER_USE,3,5,0,0
SIM,3,0,1,2,6,1,6,0,1,0,38,40,2300,1500,43
SIM_COVER_USE,3,6,0,0
SIM,3,0,1,2,7,0,6,3,1,1,37,40,3100,100,45
SIM_COVER_USE,3,7,0,0
SIM,3,0,1,2,8,1,6,0,1,0,37,40,3100,1100,43
SIM_COVER_USE,3,8,0,0
SIM,3,0,1,2,9,0,6,0,1,0,37,40,3900,500,45
SIM_COVER_USE,3,9,0,0
SIM,3,0,1,2,10,1,20,0,1,0,37,40,3300,1500,43
SIM_COVER_USE,3,10,0,0
SIM,3,0,1,2,11,0,20,3,1,1,36,40,4100,100,45
SIM_COVER_USE,3,11,0,0
SIM,3,0,1,2,12,1,6,3,1,1,36,40,4400,1000,45
SIM_COVER_USE,3,12,0,0
SIM,3,0,1,2,13,0,6,3,1,1,35,40,5200,400,45
SIM_COVER_USE,3,13,0,0
SIM,3,0,1,2,14,1,9,0,2,0,35,39,200,1400,4
SIM_COVER_USE,3,14,0,0
SIM,3,0,1,2,15,0,7,3,2,1,35,39,900,300,34
SIM_COVER_USE,3,15,0,0
SIM,3,0,1,2,16,1,7,0,2,0,35,38,300,1300,12
SIM_COVER_USE,3,16,0,0
SIM,3,0,1,2,17,0,7,0,2,0,35,38,1000,400,42
SIM_COVER_USE,3,17,0,0
SIM,3,0,1,2,18,1,10,0,3,0,35,37,200,1400,31
SIM_COVER_USE,3,18,0,0
SIM,3,0,1,2,19,0,9,3,2,1,35,37,900,300,45
SIM_COVER_USE,3,19,0,0
SIM,3,0,1,2,20,1,9,0,2,0,35,37,300,1300,34
SIM_COVER_USE,3,20,0,0
SIM,3,0,1,2,21,0,9,0,2,0,35,37,1000,400,45
SIM_COVER_USE,3,21,0,0
SIM,3,0,1,2,22,1,12,0,3,0,35,35,200,1400,30
SIM_COVER_USE,3,22,0,0
SIM,3,0,1,2,23,0,10,3,3,1,35,35,800,300,45
SIM_COVER_USE,3,23,0,0
SIM,3,0,1,2,24,1,10,3,3,1,35,35,800,1200,41
SIM_COVER_USE,3,24,1,0
SIM,3,0,1,2,25,0,9,3,2,1,35,35,1500,300,45
SIM_COVER_USE,3,25,1,0
SIM,3,0,1,2,26,1,12,0,3,0,35,33,100,1300,21
SIM_COVER_USE,3,26,1,0
SIM,3,0,1,2,27,0,10,3,3,1,35,33,700,200,45
SIM_COVER_USE,3,27,1,0
SIM,3,0,1,2,28,1,10,0,3,0,35,31,400,1200,37
SIM_COVER_USE,3,28,1,0
SIM,3,0,1,2,29,0,10,0,3,0,35,31,1000,300,45
SIM_COVER_USE,3,29,1,0
SIM,3,0,1,2,30,1,13,0,4,0,35,28,200,1300,24
SIM_COVER_USE,3,30,0,0
SIM,3,0,1,2,31,0,12,3,3,1,35,28,800,200,45
SIM_COVER_USE,3,31,0,0
SIM,3,0,1,2,32,1,12,0,3,0,35,26,500,1200,35
SIM_COVER_USE,3,32,0,0
SIM,3,0,1,2,33,0,12,0,3,0,35,26,1100,300,45
SIM_COVER_USE,3,33,0,0
SIM,3,0,1,2,34,1,15,0,4,0,35,23,300,1300,31
SIM_COVER_USE,3,34,0,0
SIM,3,0,1,2,35,0,13,3,4,1,35,23,800,200,45
SIM_COVER_USE,3,35,0,0
SIM,3,0,1,2,36,1,13,0,4,0,35,20,500,1200,29
SIM_COVER_USE,3,36,0,0
SIM,3,0,1,2,37,0,13,0,4,0,35,20,1000,1200,45
SIM_COVER_USE,3,37,0,0
SIM,3,0,1,2,38,1,13,0,4,0,35,19,1000,2200,43
SIM_COVER_USE,3,38,0,0
SIM,3,0,1,2,39,0,11,3,4,1,35,19,1500,500,45
SIM_COVER_USE,3,39,0,0
SIM,3,0,1,2,40,1,11,0,4,0,35,16,300,1500,29
SIM_COVER_USE,3,40,0,0
SIM,3,0,1,2,41,0,11,0,4,0,35,16,800,1500,45
SIM_COVER_USE,3,41,0,0
SIM,3,0,1,2,42,1,11,0,4,0,35,15,800,2500,43
SIM_COVER_USE,3,42,0,0
SIM,3,0,1,2,43,0,9,3,3,1,35,15,1500,500,45
SIM_COVER_USE,3,43,0,0
SIM,3,0,1,2,44,1,12,3,4,1,35,11,100,1400,20
SIM_COVER_USE,3,44,0,0
SIM,3,0,1,2,45,0,10,3,4,1,35,11,700,500,45
SIM_COVER_USE,3,45,0,0
SIM,3,0,1,2,46,1,10,3,4,1,35,7,400,1400,35
SIM_COVER_USE,3,46,0,0
SIM,3,0,1,2,47,0,7,6,3,2,35,7,1100,300,45
SIM_COVER_USE,3,47,0,0
SIM,3,0,1,2,48,1,10,4,4,2,35,4,300,1100,28
SIM_COVER_USE,3,48,0,0
SIM,3,0,1,2,49,0,7,4,3,2,35,4,1000,500,45
SIM_COVER_USE,3,49,0,0
SIM,3,0,1,2,50,1,7,3,3,1,35,2,400,1400,35
SIM_COVER_USE,3,50,0,0
SIM,3,0,1,2,51,0,4,6,2,2,35,2,1200,300,45
SIM_COVER_USE,3,51,0,0
SIM,3,0,1,2,52,1,4,6,2,2,35,1,1200,1100,43
SIM_COVER_USE,3,52,0,0
SIM,3,0,1,2,53,0,1,6,1,2,35,1,2100,500,45
SIM_COVER_USE,3,53,0,0
SIM_END,3,0,1,2,53,0,0
SIM,4,0,1,3,1,0,6,0,1,0,40,40,1000,0,30
SIM_COVER_USE,4,1,1,0
SIM,4,0,1,3,2,1,9,0,2,0,40,39,200,1000,19
SIM_COVER_USE,4,2,1,0
SIM,4,0,1,3,3,0,7,3,2,1,40,39,900,200,45
SIM_COVER_USE,4,3,1,0
SIM,4,0,1,3,4,1,7,3,2,1,40,39,900,1100,35
SIM_COVER_USE,4,4,0,0
SIM,4,0,1,3,5,0,6,3,1,1,40,39,1700,500,45
SIM_COVER_USE,4,5,0,0
SIM,4,0,1,3,6,1,6,0,1,0,40,39,1700,1500,43
SIM_COVER_USE,4,6,0,0
SIM,4,0,1,3,7,0,4,3,1,1,40,39,2500,100,45
SIM_COVER_USE,4,7,0,0
SIM,4,0,1,3,8,1,7,0,2,0,40,38,200,1100,22
SIM_COVER_USE,4,8,0,0
SIM,4,0,1,3,9,0,7,0,2,0,40,38,900,500,45
SIM_COVER_USE,4,9,0,0
SIM,4,0,1,3,10,1,7,0,2,0,40,37,300,1500,35
SIM_COVER_USE,4,10,0,0
SIM,4,0,1,3,11,0,5,3,2,1,40,37,1000,100,45
SIM_COVER_USE,4,11,0,0
SIM,4,0,1,3,12,1,8,0,3,0,40,36,200,1100,31
SIM_COVER_USE,4,12,0,0
SIM,4,0,1,3,13,0,8,0,3,0,40,36,800,500,45
SIM_COVER_USE,4,13,0,0
SIM,4,0,1,3,14,1,8,0,3,0,40,35,800,1500,43
SIM_COVER_USE,4,14,0,0
SIM,4,0,1,3,15,0,7,3,2,1,40,35,1500,100,45
SIM_COVER_USE,4,15,0,0
SIM,4,0,1,3,16,1,7,0,2,0,40,35,1500,1100,43
SIM_COVER_USE,4,16,0,0
SIM,4,0,1,3,17,0,7,0,2,0,40,35,2200,500,45
SIM_COVER_USE,4,17,0,0
SIM,4,0,1,3,18,1,10,0,3,0,40,33,200,1500,20
SIM_COVER_USE,4,18,0,0
SIM,4,0,1,3,19,0,8,3,3,1,40,33,800,100,45
SIM_COVER_USE,4,19,0,0
SIM,4,0,1,3,20,1,8,0,3,0,40,33,800,1100,43
SIM_COVER_USE,4,20,0,0
SIM,4,0,1,3,21,0,8,0,3,0,40,33,1400,500,45
SIM_COVER_USE,4,21,0,0
SIM,4,0,1,3,22,1,11,0,4,0,40,30,300,1500,26
SIM_COVER_USE,4,22,0,0
SIM,4,0,1,3,23,0,9,3,3,1,40,30,1000,100,45
SIM_COVER_USE,4,23,0,0
SIM,4,0,1,3,24,1,9,3,3,1,40,29,1000,1000,43
SIM_COVER_USE,4,24,0,0
SIM,4,0,1,3,25,0,7,3,3,1,40,29,1700,400,45
SIM_COVER_USE,4,25,0,0
SIM,4,0,1,3,26,1,7,3,3,1,40,28,1700,1300,43
SIM_COVER_USE,4,26,0,0
SIM,4,0,1,3,27,0,4,6,2,2,40,28,2500,200,45
SIM_COVER_USE,4,27,0,0
SIM,4,0,1,3,28,1,7,3,3,1,40,27,200,1100,14
SIM_COVER_USE,4,28,0,0
SIM,4,0,1,3,29,0,6,3,2,1,40,27,1000,500,44
SIM_COVER_USE,4,29,0,0
SIM,4,0,1,3,30,1,6,3,2,1,40,26,1000,1400,42
SIM_COVER_USE,4,30,0,0
SIM,4,0,1,3,31,0,3,6,1,2,40,26,1900,300,45
SIM_COVER_USE,4,31,0,0
SIM,4,0,1,3,32,1,6,4,2,2,40,25,200,1100,26
SIM_COVER_USE,4,32,0,0
SIM,4,0,1,3,33,0,3,4,1,2,40,25,1100,500,45
SIM_COVER_USE,4,33,0,0
SIM,4,0,1,3,34,1,3,3,1,1,40,25,500,1400,38
SIM_COVER_USE,4,34,0,0
SIM,4,0,1,3,35,0,0,6,0,2,40,25,1500,300,45
SIM_COVER_USE,4,35,0,0
SIM,4,0,1,3,36,1,3,4,1,2,40,25,100,1100,30
SIM_COVER_USE,4,36,0,0
SIM,4,0,1,3,37,0,0,4,0,2,40,25,1100,500,45
SIM_COVER_USE,4,37,0,0
SIM,4,0,1,3,38,1,14,4,0,2,40,25,500,1300,43
SIM_COVER_USE,4,38,0,0
SIM,4,0,1,3,39,0,14,7,0,3,39,25,1500,200,45
SIM_COVER_USE,4,39,0,0
SIM,4,0,1,3,40,1,3,6,1,2,39,25,100,1000,26
SIM_COVER_USE,4,40,0,0
SIM,4,0,1,3,41,0,1,6,1,2,38,25,1000,400,45
SIM_COVER_USE,4,41,0,0
SIM,4,0,1,3,42,1,1,4,1,2,38,25,400,1200,39
SIM_COVER_USE,4,42,0,0
SIM,4,0,1,3,43,0,0,7,0,3,36,25,1400,100,45
SIM_COVER_USE,4,43,0,0
SIM,4,0,1,3,44,1,3,6,1,2,36,25,300,900,33
SIM_COVER_USE,4,44,0,0
SIM,4,0,1,3,45,0,3,6,1,2,34,25,1200,300,45
SIM_COVER_USE,4,45,0,0
SIM,4,0,1,3,46,1,17,6,1,2,34,25,600,1100,43
SIM_COVER_USE,4,46,0,0
SIM,4,0,1,3,47,0,15,9,1,3,32,25,1500,300,45
SIM_COVER_USE,4,47,0,1
SIM,4,0,1,3,48,1,6,6,2,2,32,25,100,1100,27
SIM_COVER_USE,4,48,0,1
SIM,4,0,1,3,49,0,4,6,2,2,31,25,900,500,45
SIM_COVER_USE,4,49,0,0
SIM,4,0,1,3,50,1,4,3,2,1,31,25,300,1400,35
SIM_COVER_USE,4,50,0,0
SIM,4,0,1,3,51,0,1,6,1,2,31,25,1200,300,45
SIM_COVER_USE,4,51,0,0
SIM,4,0,1,3,52,1,4,3,2,1,31,25,100,1200,30
SIM_COVER_USE,4,52,1,0
SIM,4,0,1,3,53,0,3,3,1,1,31,25,1000,300,45
SIM_COVER_USE,4,53,1,0
SIM,4,0,1,3,54,1,3,3,1,1,31,25,1000,1200,44
SIM_COVER_USE,4,54,1,0
SIM,4,0,1,3,55,0,2,6,1,2,30,25,1900,100,45
SIM_COVER_USE,4,55,1,1
SIM,4,0,1,3,56,1,16,6,1,2,30,25,1300,900,43
SIM_COVER_USE,4,56,1,1
SIM,4,0,1,3,57,0,15,6,1,2,29,25,2200,300,45
SIM_COVER_USE,4,57,1,1
SIM,4,0,1,3,58,1,1,6,1,2,29,25,2500,1100,45
SIM_COVER_USE,4,58,1,1
SIM,4,0,1,3,59,0,0,9,0,3,28,25,3500,300,45
SIM_COVER_USE,4,59,0,1
SIM,4,0,1,3,60,1,14,9,0,3,28,25,2900,1000,43
SIM_COVER_USE,4,60,0,1
SIM,4,0,1,3,61,0,12,9,0,3,26,25,3900,400,45
SIM_COVER_USE,4,61,0,0
SIM,4,0,1,3,62,1,3,7,1,3,26,25,100,1100,15
SIM_COVER_USE,4,62,0,0
SIM,4,0,1,3,63,0,0,10,0,4,24,25,1100,300,45
SIM_COVER_USE,4,63,0,0
SIM,4,0,1,3,64,1,0,10,0,4,24,25,500,900,41
SIM_COVER_USE,4,64,0,0
SIM,4,0,1,3,65,0,0,10,0,4,20,25,1500,300,45
SIM_COVER_USE,4,65,0,0
SIM,4,0,1,3,66,1,3,9,1,3,20,25,400,1000,36
SIM_COVER_USE,4,66,0,0
SIM,4,0,1,3,67,0,3,12,1,4,16,25,1300,200,45
SIM_COVER_USE,4,67,0,0
SIM,4,0,1,3,68,1,17,12,1,4,16,25,700,800,43
SIM_COVER_USE,4,68,0,0
SIM,4,0,1,3,69,0,17,12,1,4,12,25,1600,500,45
SIM_COVER_USE,4,69,0,0
SIM,4,0,1,3,70,1,6,9,2,3,12,25,200,1200,30
SIM_COVER_USE,4,70,0,0
SIM,4,0,1,3,71,0,6,12,2,4,8,25,1000,100,45
SIM_COVER_USE,4,71,0,0
SIM,4,0,1,3,72,1,20,12,2,4,8,25,400,700,43
SIM_COVER_USE,4,72,0,0
SIM,4,0,1,3,73,0,20,12,2,4,4,25,1200,400,45
SIM_COVER_USE,4,73,0,0
SIM,4,0,1,3,74,1,9,7,3,3,4,25,100,1100,29
SIM_COVER_USE,4,74,0,0
SIM,4,0,1,3,75,0,7,10,3,4,1,25,800,300,45
SIM_COVER_USE,4,75,0,0
SIM,4,0,1,3,76,1,7,6,3,2,1,25,500,1100,29
SIM_COVER_USE,4,76,0,0
SIM_END,4,0,1,3,76,1,0
SIM,5,0,1,4,1,0,6,0,1,0,40,40,1000,0,30
SIM_COVER_USE,5,1,1,0
SIM,5,0,1,4,2,1,20,0,1,0,40,40,400,1000,28
SIM_COVER_USE,5,2,1,0
SIM,5,0,1,4,3,0,20,3,1,1,40,40,1200,200,45
SIM_COVER_USE,5,3,1,1
SIM,5,0,1,4,4,1,9,0,2,0,40,40,100,1200,28
SIM_COVER_USE,5,4,1,0
SIM,5,0,1,4,5,0,9,0,2,0,40,40,800,300,45
SIM_COVER_USE,5,5,1,0
SIM,5,0,1,4,6,1,23,0,2,0,40,40,200,1300,43
SIM_COVER_USE,5,6,1,0
SIM,5,0,1,4,7,0,21,3,2,1,40,40,900,200,45
SIM_COVER_USE,5,7,1,0
SIM,5,0,1,4,8,1,10,0,3,0,40,38,100,1200,16
SIM_COVER_USE,5,8,0,0
SIM,5,0,1,4,9,0,10,0,3,0,40,38,700,300,45
SIM_COVER_USE,5,9,0,0
SIM,5,0,1,4,10,1,10,0,3,0,40,36,400,1300,29
SIM_COVER_USE,5,10,0,0
SIM,5,0,1,4,11,0,9,3,2,1,40,36,1100,200,45
SIM_COVER_USE,5,11,0,0
SIM,5,0,1,4,12,1,9,3,2,1,40,36,1100,1100,43
SIM_COVER_USE,5,12,0,0
SIM,5,0,1,4,13,0,7,3,2,1,40,36,1800,500,45
SIM_COVER_USE,5,13,0,0
SIM,5,0,1,4,14,1,10,0,3,0,40,34,100,1500,20
SIM_COVER_USE,5,14,0,0
SIM,5,0,1,4,15,0,9,3,2,1,40,34,800,100,45
SIM_COVER_USE,5,15,0,0
SIM,5,0,1,4,16,1,9,3,2,1,40,34,800,1000,41
SIM_COVER_USE,5,16,0,0
SIM,5,0,1,4,17,0,7,3,2,1,40,34,1500,400,45
SIM_COVER_USE,5,17,0,0
SIM,5,0,1,4,18,1,10,0,3,0,40,32,100,1400,26
SIM_COVER_USE,5,18,0,0
SIM,5,0,1,4,19,0,8,3,3,1,40,32,700,300,45
SIM_COVER_USE,5,19,0,0
SIM,5,0,1,4,20,1,8,0,3,0,40,32,700,1300,43
SIM_COVER_USE,5,20,0,0
SIM,5,0,1,4,21,0,8,0,3,0,40,32,1300,400,45
SIM_COVER_USE,5,21,0,0
SIM,5,0,1,4,22,1,11,0,4,0,40,29,200,1400,29
SIM_COVER_USE,5,22,0,0
SIM,5,0,1,4,23,0,9,3,3,1,40,29,900,300,45
SIM_COVER_USE,5,23,0,0
SIM,5,0,1,4,24,1,9,3,3,1,40,28,900,1200,43
SIM_COVER_USE,5,24,0,0
SIM,5,0,1,4,25,0,7,3,3,1,40,28,1600,300,45
SIM_COVER_USE,5,25,0,0
SIM,5,0,1,4,26,1,7,3,3,1,40,27,1600,1200,43
SIM_COVER_USE,5,26,0,0
SIM,5,0,1,4,27,0,4,6,2,2,40,27,2400,100,45
SIM_COVER_USE,5,27,0,0
SIM,5,0,1,4,28,1,4,6,2,2,40,26,2400,900,43
SIM_COVER_USE,5,28,0,0
SIM,5,0,1,4,29,0,1,6,1,2,40,26,3300,300,45
SIM_COVER_USE,5,29,0,0
SIM,5,0,1,4,30,1,4,4,2,2,40,25,100,1100,16
SIM_COVER_USE,5,30,0,0
SIM,5,0,1,4,31,0,0,7,0,3,40,25,1100,300,45
SIM_COVER_USE,5,31,0,0
SIM,5,0,1,4,32,1,14,7,0,3,40,25,500,1000,43
SIM_COVER_USE,5,32,0,0
SIM,5,0,1,4,33,0,14,7,0,3,39,25,1500,400,45
SIM_COVER_USE,5,33,0,0
SIM,5,0,1,4,34,1,0,7,0,3,39,25,1800,1100,45
SIM_COVER_USE,5,34,0,0
SIM,5,0,1,4,35,0,0,10,0,4,36,25,2800,300,45
SIM_COVER_USE,5,35,0,0
SIM,5,0,1,4,36,1,14,10,0,4,36,25,2200,900,43
SIM_COVER_USE,5,36,0,0
SIM,5,0,1,4,37,0,14,10,0,4,33,25,3200,300,45
SIM_COVER_USE,5,37,0,0
SIM,5,0,1,4,38,1,3,9,1,3,33,25,300,1000,22
SIM_COVER_USE,5,38,0,0
SIM,5,0,1,4,39,0,1,12,1,4,30,25,1200,200,45
SIM_COVER_USE,5,39,0,1
SIM,5,0,1,4,40,1,15,12,1,4,30,25,600,800,43
SIM_COVER_USE,5,40,0,1
SIM,5,0,1,4,41,0,12,12,0,4,28,25,1600,500,45
SIM_COVER_USE,5,41,0,0
SIM,5,0,1,4,42,1,0,12,0,4,28,25,1900,1100,45
SIM_COVER_USE,5,42,0,0
SIM,5,0,1,4,43,0,0,12,0,4,24,25,2900,500,45
SIM_COVER_USE,5,43,0,0
SIM,5,0,1,4,44,1,3,12,1,4,24,25,2700,1100,44
SIM_COVER_USE,5,44,0,0
SIM,5,0,1,4,45,0,3,12,1,4,20,25,3600,500,45
SIM_COVER_USE,5,45,0,0
SIM,5,0,1,4,46,1,3,10,1,4,20,25,300,1100,21
SIM_COVER_USE,5,46,0,0
SIM,5,0,1,4,47,0,3,10,1,4,16,25,1200,500,45
SIM_COVER_USE,5,47,0,0
SIM,5,0,1,4,48,1,3,9,1,3,16,25,1200,1200,43
SIM_COVER_USE,5,48,0,0
SIM,5,0,1,4,49,0,3,12,1,4,12,25,2100,100,45
SIM_COVER_USE,5,49,0,0
SIM,5,0,1,4,50,1,6,9,2,3,12,25,100,800,28
SIM_COVER_USE,5,50,0,0
SIM,5,0,1,4,51,0,6,9,2,3,9,25,900,500,45
SIM_COVER_USE,5,51,0,0
SIM,5,0,1,4,52,1,6,6,2,2,9,25,300,1300,29
SIM_COVER_USE,5,52,0,0
SIM,5,0,1,4,53,0,6,9,2,3,7,25,1100,200,45
SIM_COVER_USE,5,53,0,0
SIM,5,0,1,4,54,1,20,9,2,3,7,25,500,900,43
SIM_COVER_USE,5,54,0,0
SIM,5,0,1,4,55,0,20,9,2,3,4,25,1300,300,45
SIM_COVER_USE,5,55,0,0
SIM,5,0,1,4,56,1,9,4,3,2,4,25,200,1100,25
SIM_COVER_USE,5,56,0,0
SIM,5,0,1,4,57,0,7,7,3,3,2,25,900,300,45
SIM_COVER_USE,5,57,0,0
SIM,5,0,1,4,58,1,7,3,3,1,2,25,300,1200,25
SIM_COVER_USE,5,58,0,0
SIM,5,0,1,4,59,0,6,3,2,1,2,25,1100,300,45
SIM_COVER_USE,5,59,0,0
SIM,5,0,1,4,60,1,6,3,2,1,2,25,1100,1200,44
SIM_COVER_USE,5,60,1,0
SIM_END,5,0,1,4,60,1,0
SIM,6,0,1,5,1,0,6,0,1,0,40,40,1000,0,30
SIM_COVER_USE,6,1,0,0
SIM,6,0,1,5,2,1,20,0,1,0,40,40,400,1000,28
SIM_COVER_USE,6,2,0,0
SIM,6,0,1,5,3,0,20,3,1,1,39,40,1200,200,45
SIM_COVER_USE,6,3,0,0
SIM,6,0,1,5,4,1,6,3,1,1,39,40,1500,1100,45
SIM_COVER_USE,6,4,0,0
SIM,6,0,1,5,5,0,6,3,1,1,38,40,2300,500,45
SIM_COVER_USE,6,5,0,0
SIM,6,0,1,5,6,1,6,3,1,1,38,40,2300,1400,43
SIM_COVER_USE,6,6,1,0
SIM,6,0,1,5,7,0,6,6,1,2,37,40,3100,300,45
SIM_COVER_USE,6,7,1,1
SIM,6,0,1,5,8,1,9,3,2,1,37,40,200,1200,24
SIM_COVER_USE,6,8,1,1
SIM,6,0,1,5,9,0,9,3,2,1,36,40,900,300,45
SIM_COVER_USE,6,9,1,0
SIM,6,0,1,5,10,1,9,0,2,0,36,40,900,1300,43
SIM_COVER_USE,6,10,1,0
SIM,6,0,1,5,11,0,9,3,2,1,36,40,1600,200,45
SIM_COVER_USE,6,11,1,1
SIM,6,0,1,5,12,1,12,0,3,0,36,39,200,1200,24
SIM_COVER_USE,6,12,1,0
SIM,6,0,1,5,13,0,12,0,3,0,36,39,800,300,45
SIM_COVER_USE,6,13,1,0
SIM,6,0,1,5,14,1,12,0,3,0,36,38,500,1300,41
SIM_COVER_USE,6,14,1,0
SIM,6,0,1,5,15,0,10,3,3,1,36,38,1100,200,45
SIM_COVER_USE,6,15,1,0
SIM,6,0,1,5,16,1,13,0,4,0,36,35,300,1200,6
SIM_COVER_USE,6,16,0,0
SIM,6,0,1,5,17,0,13,0,4,0,36,35,800,300,36
SIM_COVER_USE,6,17,0,0
SIM,6,0,1,5,18,1,13,0,4,0,36,32,500,1300,24
SIM_COVER_USE,6,18,0,0
SIM,6,0,1,5,19,0,12,3,3,1,36,32,1100,200,45
SIM_COVER_USE,6,19,0,0
SIM,6,0,1,5,20,1,12,3,3,1,36,32,1100,1100,43
SIM_COVER_USE,6,20,0,0
SIM,6,0,1,5,21,0,10,3,3,1,36,32,1700,500,45
SIM_COVER_USE,6,21,0,0
SIM,6,0,1,5,22,1,10,0,3,0,36,32,1700,1500,43
SIM_COVER_USE,6,22,0,0
SIM,6,0,1,5,23,0,9,3,2,1,36,32,2400,100,45
SIM_COVER_USE,6,23,0,0
SIM,6,0,1,5,24,1,9,3,2,1,36,32,2400,1000,41
SIM_COVER_USE,6,24,0,0
SIM,6,0,1,5,25,0,7,3,2,1,36,32,3100,400,45
SIM_COVER_USE,6,25,0,0
SIM,6,0,1,5,26,1,10,0,3,0,36,30,200,1400,16
SIM_COVER_USE,6,26,0,0
SIM,6,0,1,5,27,0,8,3,3,1,36,30,800,300,45
SIM_COVER_USE,6,27,0,0
SIM,6,0,1,5,28,1,8,0,3,0,36,30,800,1300,43
SIM_COVER_USE,6,28,0,0
SIM,6,0,1,5,29,0,8,0,3,0,36,30,1400,400,45
SIM_COVER_USE,6,29,0,0
SIM,6,0,1,5,30,1,11,0,4,0,36,27,300,1400,29
SIM_COVER_USE,6,30,0,0
SIM,6,0,1,5,31,0,9,3,3,1,36,27,1000,300,45
SIM_COVER_USE,6,31,0,0
SIM,6,0,1,5,32,1,9,3,3,1,36,24,400,1200,32
SIM_COVER_USE,6,32,0,0
SIM,6,0,1,5,33,0,7,3,3,1,36,24,1100,300,45
SIM_COVER_USE,6,33,0,0
SIM,6,0,1,5,34,1,10,1,4,1,36,21,300,1200,24
SIM_COVER_USE,6,34,1,0
SIM,6,0,1,5,35,0,7,4,3,2,36,21,1000,100,45
SIM_COVER_USE,6,35,1,0
SIM,6,0,1,5,36,1,7,3,3,1,36,21,1000,1000,43
SIM_COVER_USE,6,36,1,0
SIM,6,0,1,5,37,0,6,3,2,1,36,21,1800,400,45
SIM_COVER_USE,6,37,1,0
SIM,6,0,1,5,38,1,9,0,3,0,36,20,100,1400,24
SIM_COVER_USE,6,38,1,0
SIM,6,0,1,5,39,0,8,3,3,1,36,20,800,300,45
SIM_COVER_USE,6,39,1,0
SIM,6,0,1,5,40,1,8,0,3,0,36,19,500,1300,35
SIM_COVER_USE,6,40,1,0
SIM,6,0,1,5,41,0,8,0,3,0,36,19,1200,400,45
SIM_COVER_USE,6,41,1,0
SIM,6,0,1,5,42,1,8,0,3,0,36,18,1200,1400,43
SIM_COVER_USE,6,42,1,0
SIM,6,0,1,5,43,0,6,3,3,1,36,18,1900,300,45
SIM_COVER_USE,6,43,1,0
SIM,6,0,1,5,44,1,9,0,4,0,36,16,200,1300,14
SIM_COVER_USE,6,44,1,0
SIM,6,0,1,5,45,0,9,0,4,0,36,16,800,400,44
SIM_COVER_USE,6,45,1,0
SIM,6,0,1,5,46,1,9,0,4,0,36,15,800,1400,42
SIM_COVER_USE,6,46,1,0
SIM,6,0,1,5,47,0,8,3,3,1,36,15,1500,300,45
SIM_COVER_USE,6,47,1,0
SIM,6,0,1,5,48,1,11,0,4,0,36,13,100,1300,24
SIM_COVER_USE,6,48,1,0
SIM,6,0,1,5,49,0,11,0,4,0,36,13,700,400,45
SIM_COVER_USE,6,49,1,0
SIM,6,0,1,5,50,1,11,0,4,0,36,12,700,1400,43
SIM_COVER_USE,6,50,1,0
SIM,6,0,1,5,51,0,9,3,4,1,36,12,1300,300,45
SIM_COVER_USE,6,51,1,0
SIM,6,0,1,5,52,1,9,3,4,1,36,11,1300,1200,43
SIM_COVER_USE,6,52,1,0
SIM,6,0,1,5,53,0,8,3,3,1,36,11,2000,300,45
SIM_COVER_USE,6,53,1,0
SIM,6,0,1,5,54,1,11,0,4,0,36,9,300,1300,18
SIM_COVER_USE,6,54,1,0
SIM,6,0,1,5,55,0,9,3,4,1,36,9,900,200,45
SIM_COVER_USE,6,55,1,0
SIM,6,0,1,5,56,1,9,1,4,1,36,6,300,1100,33
SIM_COVER_USE,6,56,1,0
SIM,6,0,1,5,57,0,8,1,3,1,36,6,1000,500,45
SIM_COVER_USE,6,57,1,0
SIM,6,0,1,5,58,1,8,0,3,0,36,6,1000,1500,43
SIM_COVER_USE,6,58,1,0
SIM,6,0,1,5,59,0,7,3,3,1,36,6,1700,100,45
SIM_COVER_USE,6,59,1,0
SIM,6,0,1,5,60,1,7,3,3,1,36,5,1700,1000,43
SIM_COVER_USE,6,60,1,0
SIM,6,0,1,5,61,0,6,3,2,1,36,5,2500,400,45
SIM_COVER_USE,6,61,0,0
SIM,6,0,1,5,62,1,6,3,2,1,36,4,2500,1300,43
SIM_COVER_USE,6,62,0,0
SIM,6,0,1,5,63,0,3,6,1,2,36,4,3400,200,45
SIM_COVER_USE,6,63,0,0
SIM,6,0,1,5,64,1,6,4,2,2,36,3,200,1000,16
SIM_COVER_USE,6,64,0,0
SIM,6,0,1,5,65,0,3,4,1,2,36,3,1100,400,45
SIM_COVER_USE,6,65,0,0
SIM,6,0,1,5,66,1,3,3,1,1,36,3,500,1300,37
SIM_COVER_USE,6,66,0,0
SIM,6,0,1,5,67,0,0,6,0,2,36,3,1500,200,45
SIM_COVER_USE,6,67,0,0
SIM,6,0,1,5,68,1,14,6,0,2,36,3,900,1000,43
SIM_COVER_USE,6,68,0,0
SIM,6,0,1,5,69,0,14,6,0,2,35,3,1900,400,45
SIM_COVER_USE,6,69,0,0
SIM,6,0,1,5,70,1,3,4,1,2,35,3,200,1200,28
SIM_COVER_USE,6,70,0,0
SIM,6,0,1,5,71,0,0,7,0,3,34,3,1200,100,45
SIM_COVER_USE,6,71,0,1
SIM,6,0,1,5,72,1,0,7,0,3,34,3,300,800,39
SIM_COVER_USE,6,72,0,1
SIM,6,0,1,5,73,0,0,7,0,3,31,3,1300,500,45
SIM_COVER_USE,6,73,0,0
SIM,6,0,1,5,74,1,3,6,1,2,31,3,200,1300,32
SIM_COVER_USE,6,74,0,0
SIM,6,0,1,5,75,0,3,9,1,3,29,3,1100,200,45
SIM_COVER_USE,6,75,0,0
SIM,6,0,1,5,76,1,3,7,1,3,29,3,500,900,37
SIM_COVER_USE,6,76,0,0
SIM,6,0,1,5,77,0,3,7,1,3,26,3,1400,300,45
SIM_COVER_USE,6,77,0,0
SIM,6,0,1,5,78,1,6,4,2,2,26,3,300,1100,32
SIM_COVER_USE,6,78,0,0
SIM,6,0,1,5,79,0,4,7,2,3,24,3,1100,300,45
SIM_COVER_USE,6,79,0,0
SIM,6,0,1,5,80,1,4,6,2,2,24,3,1100,1100,43
SIM_COVER_USE,6,80,0,0
SIM_END,6,0,1,5,80,0,0
SIM,7,0,1,6,1,0,6,0,1,0,40,40,1000,0,30
SIM_COVER_USE,7,1,0,0
SIM,7,0,1,6,2,1,20,0,1,0,40,40,400,1000,28
SIM_COVER_USE,7,2,0,0
SIM,7,0,1,6,3,0,20,3,1,1,39,40,1200,200,45
SIM_COVER_USE,7,3,0,0
SIM,7,0,1,6,4,1,6,3,1,1,39,40,1500,1100,45
SIM_COVER_USE,7,4,0,0
SIM,7,0,1,6,5,0,6,3,1,1,38,40,2300,500,45
SIM_COVER_USE,7,5,0,0
SIM,7,0,1,6,6,1,9,0,2,0,38,39,300,1500,22
SIM_COVER_USE,7,6,1,0
SIM,7,0,1,6,7,0,7,3,2,1,38,39,1000,100,45
SIM_COVER_USE,7,7,1,0
SIM,7,0,1,6,8,1,7,0,2,0,38,38,400,1100,19
SIM_COVER_USE,7,8,0,0
SIM,7,0,1,6,9,0,7,0,2,0,38,38,1100,500,45
SIM_COVER_USE,7,9,0,0
SIM,7,0,1,6,10,1,10,0,3,0,38,37,300,1500,34
SIM_COVER_USE,7,10,0,0
SIM,7,0,1,6,11,0,9,3,2,1,38,37,1000,100,45
SIM_COVER_USE,7,11,0,0
SIM,7,0,1,6,12,1,9,0,2,0,38,37,400,1100,34
SIM_COVER_USE,7,12,0,0
SIM,7,0,1,6,13,0,9,0,2,0,38,37,1100,500,45
SIM_COVER_USE,7,13,0,0
SIM,7,0,1,6,14,1,12,0,3,0,38,35,300,1500,30
SIM_COVER_USE,7,14,0,0
SIM,7,0,1,6,15,0,10,3,3,1,38,35,900,100,45
SIM_COVER_USE,7,15,0,0
SIM,7,0,1,6,16,1,10,0,3,0,38,33,300,1100,30
SIM_COVER_USE,7,16,1,0
SIM,7,0,1,6,17,0,10,0,3,0,38,33,900,500,45
SIM_COVER_USE,7,17,1,0
SIM,7,0,1,6,18,1,13,0,4,0,38,30,100,1500,24
SIM_COVER_USE,7,18,0,0
SIM,7,0,1,6,19,0,12,3,3,1,38,30,700,100,45
SIM_COVER_USE,7,19,0,0
SIM,7,0,1,6,20,1,12,0,3,0,38,28,400,1100,35
SIM_COVER_USE,7,20,0,0
SIM,7,0,1,6,21,0,12,0,3,0,38,28,1000,500,45
SIM_COVER_USE,7,21,0,0
SIM,7,0,1,6,22,1,15,0,4,0,38,25,200,1500,31
SIM_COVER_USE,7,22,0,0
SIM,7,0,1,6,23,0,13,3,4,1,38,25,700,100,45
SIM_COVER_USE,7,23,0,0
SIM,7,0,1,6,24,1,13,0,4,0,38,25,700,1100,43
SIM_COVER_USE,7,24,0,0
SIM,7,0,1,6,25,0,13,0,4,0,38,25,1200,500,45
SIM_COVER_USE,7,25,0,0
SIM,7,0,1,6,26,1,13,0,4,0,38,24,1200,1500,43
SIM_COVER_USE,7,26,0,0
SIM,7,0,1,6,27,0,11,3,4,1,38,24,1700,100,45
SIM_COVER_USE,7,27,0,0
SIM,7,0,1,6,28,1,11,0,4,0,38,21,500,1100,23
SIM_COVER_USE,7,28,0,0
SIM,7,0,1,6,29,0,11,0,4,0,38,21,1000,1100,45
SIM_COVER_USE,7,29,0,0
SIM,7,0,1,6,30,1,11,0,4,0,38,17,400,2100,33
SIM_COVER_USE,7,30,0,0
SIM,7,0,1,6,31,0,9,3,3,1,38,17,1100,400,45
SIM_COVER_USE,7,31,0,0
SIM,7,0,1,6,32,1,12,3,4,1,38,13,300,1300,24
SIM_COVER_USE,7,32,0,0
SIM,7,0,1,6,33,0,10,3,4,1,38,13,900,400,45
SIM_COVER_USE,7,33,0,0
SIM,7,0,1,6,34,1,10,3,4,1,38,9,300,1300,33
SIM_COVER_USE,7,34,0,0
SIM,7,0,1,6,35,0,7,6,3,2,38,9,1000,200,45
SIM_COVER_USE,7,35,0,0
SIM,7,0,1,6,36,1,10,4,4,2,38,6,200,1000,28
SIM_COVER_USE,7,36,0,0
SIM,7,0,1,6,37,0,7,4,3,2,38,6,900,400,45
SIM_COVER_USE,7,37,0,0
SIM,7,0,1,6,38,1,7,3,3,1,38,4,300,1300,35
SIM_COVER_USE,7,38,0,0
SIM,7,0,1,6,39,0,4,6,2,2,38,4,1100,200,45
SIM_COVER_USE,7,39,0,0
SIM,7,0,1,6,40,1,7,4,3,2,38,2,300,1000,30
SIM_COVER_USE,7,40,1,0
SIM,7,0,1,6,41,0,5,4,2,2,38,2,1100,400,45
SIM_COVER_USE,7,41,1,0
SIM,7,0,1,6,42,1,5,3,2,1,38,1,500,1300,37
SIM_COVER_USE,7,42,1,0
SIM,7,0,1,6,43,0,2,6,1,2,38,1,1400,200,45
SIM_COVER_USE,7,43,1,0
SIM_END,7,0,1,6,43,0,0
SIM,8,1,1,0,1,0,0,6,0,1,40,40,1000,0,30
SIM_COVER_USE,8,1,0,0
SIM,8,1,1,0,2,1,3,4,1,1,40,40,200,800,19
SIM_COVER_USE,8,2,0,0
SIM,8,1,1,0,3,0,0,7,0,2,39,40,1200,300,45
SIM_COVER_USE,8,3,0,0
SIM,8,1,1,0,4,1,0,7,0,2,39,40,300,1000,39
SIM_COVER_USE,8,4,0,0
SIM,8,1,1,0,5,0,0,7,0,2,38,40,1300,400,45
SIM_COVER_USE,8,5,0,0
SIM,8,1,1,0,6,1,3,5,1,2,38,40,200,1100,34
SIM_COVER_USE,8,6,0,0
SIM,8,1,1,0,7,0,0,8,0,3,37,40,1200,300,45
SIM_COVER_USE,8,7,0,0
SIM,8,1,1,0,8,1,0,8,0,3,37,40,300,900,39
SIM_COVER_USE,8,8,0,0
SIM,8,1,1,0,9,0,0,8,0,3,34,40,1300,300,45
SIM_COVER_USE,8,9,0,0
SIM,8,1,1,0,10,1,3,7,1,2,34,40,200,1000,34
SIM_COVER_USE,8,10,0,0
SIM,8,1,1,0,11,0,0,10,0,3,32,40,1200,200,45
SIM_COVER_USE,8,11,0,0
SIM,8,1,1,0,12,1,0,10,0,3,32,40,300,800,39
SIM_COVER_USE,8,12,0,0
SIM,8,1,1,0,13,0,0,10,0,3,29,40,1300,500,45
SIM_COVER_USE,8,13,0,0
SIM,8,1,1,0,14,1,3,8,1,3,29,40,200,1100,36
SIM_COVER_USE,8,14,0,0
SIM,8,1,1,0,15,0,0,8,0,3,29,40,1200,1100,45
SIM_COVER_USE,8,15,0,0
SIM,8,1,1,0,16,1,0,8,0,3,29,40,300,1700,39
SIM_COVER_USE,8,16,0,0
SIM,8,1,1,0,17,0,0,11,0,4,26,40,1300,300,45
SIM_COVER_USE,8,17,0,0
SIM,8,1,1,0,18,1,3,9,1,3,26,40,200,1000,36
SIM_COVER_USE,8,18,0,0
SIM,8,1,1,0,19,0,3,9,1,3,23,40,1100,400,45
SIM_COVER_USE,8,19,0,0
SIM,8,1,1,0,20,1,3,7,1,3,23,40,500,1100,39
SIM_COVER_USE,8,20,0,0
SIM,8,1,1,0,21,0,1,10,1,4,20,40,1400,300,45
SIM_COVER_USE,8,21,0,1
SIM,8,1,1,0,22,1,4,7,2,3,20,40,300,1000,32
SIM_COVER_USE,8,22,0,1
SIM,8,1,1,0,23,0,3,7,1,3,18,40,1200,400,45
SIM_COVER_USE,8,23,0,1
SIM,8,1,1,0,24,1,3,6,1,2,18,40,300,1200,37
SIM_COVER_USE,8,24,0,1
SIM,8,1,1,0,25,0,3,6,1,2,17,40,1200,1200,45
SIM_COVER_USE,8,25,0,1
SIM,8,1,1,0,26,1,6,3,2,1,17,40,100,2100,26
SIM_COVER_USE,8,26,0,1
SIM,8,1,1,0,27,0,6,17,2,1,17,40,900,1500,45
SIM_COVER_USE,8,27,0,1
SIM,8,1,1,0,28,1,6,16,2,1,17,40,300,2400,38
SIM_COVER_USE,8,28,0,1
SIM,8,1,1,0,29,0,3,5,1,2,17,40,1200,100,45
SIM_COVER_USE,8,29,0,1
SIM,8,1,1,0,30,1,6,2,2,1,17,40,100,1000,31
SIM_COVER_USE,8,30,0,1
SIM,8,1,1,0,31,0,4,2,2,1,17,40,900,400,45
SIM_COVER_USE,8,31,0,1
SIM,8,1,1,0,32,1,4,0,2,0,17,40,300,1400,33
SIM_COVER_USE,8,32,0,0
SIM,8,1,1,0,33,0,3,3,1,1,17,40,1200,300,45
SIM_COVER_USE,8,33,0,0
SIM,8,1,1,0,34,1,6,0,2,0,17,40,100,1300,32
SIM_COVER_USE,8,34,0,0
SIM,8,1,1,0,35,0,6,14,2,0,17,40,900,700,45
SIM_COVER_USE,8,35,0,0
SIM,8,1,1,0,36,1,6,14,2,0,17,39,300,1700,27
SIM_COVER_USE,8,36,0,0
SIM,8,1,1,0,37,0,6,0,2,0,17,39,1100,2000,45
SIM_COVER_USE,8,37,0,0
SIM,8,1,1,0,38,1,9,0,3,0,17,37,300,3000,29
SIM_COVER_USE,8,38,0,0
SIM,8,1,1,0,39,0,9,14,3,0,17,37,1000,2400,45
SIM_COVER_USE,8,39,0,0
SIM,8,1,1,0,40,1,9,14,3,0,17,34,400,3400,32
SIM_COVER_USE,8,40,0,0
SIM,8,1,1,0,41,0,9,0,3,0,17,34,1100,3700,45
SIM_COVER_USE,8,41,0,0
SIM,8,1,1,0,42,1,12,0,4,0,17,31,300,4700,31
SIM_COVER_USE,8,42,0,0
SIM,8,1,1,0,43,0,10,3,4,1,17,31,900,300,45
SIM_COVER_USE,8,43,0,0
SIM,8,1,1,0,44,1,10,1,4,1,17,28,300,1200,30
SIM_COVER_USE,8,44,1,0
SIM,8,1,1,0,45,0,9,1,3,1,17,28,1000,1200,45
SIM_COVER_USE,8,45,1,0
SIM,8,1,1,0,46,1,12,0,4,0,17,25,200,2200,24
SIM_COVER_USE,8,46,1,0
SIM,8,1,1,0,47,0,12,14,4,0,17,25,800,1600,45
SIM_COVER_USE,8,47,1,0
SIM,8,1,1,0,48,1,12,12,4,0,17,22,500,2600,32
SIM_COVER_USE,8,48,0,0
SIM,8,1,1,0,49,0,12,0,4,0,17,22,1100,2900,45
SIM_COVER_USE,8,49,0,0
SIM,8,1,1,0,50,1,12,0,4,0,17,18,500,3900,32
SIM_COVER_USE,8,50,0,0
SIM,8,1,1,0,51,0,12,3,4,1,17,18,1100,3700,45
SIM_COVER_USE,8,51,0,0
SIM,8,1,1,0,52,1,12,3,4,1,17,14,500,4600,33
SIM_COVER_USE,8,52,0,0
SIM,8,1,1,0,53,0,10,3,4,1,17,14,1100,400,45
SIM_COVER_USE,8,53,0,0
SIM,8,1,1,0,54,1,10,3,4,1,17,10,500,1300,33
SIM_COVER_USE,8,54,0,0
SIM,8,1,1,0,55,0,7,6,3,2,17,10,1200,200,45
SIM_COVER_USE,8,55,0,0
SIM,8,1,1,0,56,1,10,4,4,2,17,7,100,1000,26
SIM_COVER_USE,8,56,0,0
SIM,8,1,1,0,57,0,7,4,3,2,17,7,800,400,45
SIM_COVER_USE,8,57,0,0
SIM,8,1,1,0,58,1,7,3,3,1,17,5,500,1300,37
SIM_COVER_USE,8,58,0,0
SIM,8,1,1,0,59,0,6,3,2,1,17,5,1300,1300,45
SIM_COVER_USE,8,59,0,0
SIM,8,1,1,0,60,1,9,1,3,1,17,3,200,2200,28
SIM_COVER_USE,8,60,1,0
SIM,8,1,1,0,61,0,9,15,3,1,17,3,900,1600,45
SIM_COVER_USE,8,61,1,0
SIM,8,1,1,0,62,1,9,14,3,0,17,1,300,2600,35
SIM_COVER_USE,8,62,1,0
SIM,8,1,1,0,63,0,7,3,3,1,17,1,1000,300,45
SIM_COVER_USE,8,63,1,0
SIM_END,8,1,1,0,63,0,0
SIM,9,1,1,1,1,0,0,6,0,1,40,40,1000,0,30
SIM_COVER_USE,9,1,0,0
SIM,9,1,1,1,2,1,3,4,1,1,40,40,200,800,19
SIM_COVER_USE,9,2,0,0
SIM,9,1,1,1,3,0,0,4,0,1,40,40,1200,800,45
SIM_COVER_USE,9,3,0,0
SIM,9,1,1,1,4,1,0,4,0,1,40,40,300,1600,39
SIM_COVER_USE,9,4,0,0
SIM,9,1,1,1,5,0,0,7,0,2,39,40,1300,200,45
SIM_COVER_USE,9,5,0,0
SIM,9,1,1,1,6,1,3,5,1,2,39,40,200,900,34
SIM_COVER_USE,9,6,0,0
SIM,9,1,1,1,7,0,3,5,1,2,39,40,1100,900,45
SIM_COVER_USE,9,7,0,0
SIM,9,1,1,1,8,1,3,4,1,1,39,40,500,1700,39
SIM_COVER_USE,9,8,0,0
SIM,9,1,1,1,9,0,0,7,0,2,38,40,1500,300,45
SIM_COVER_USE,9,9,0,0
SIM,9,1,1,1,10,1,3,5,1,2,38,40,100,1000,32
SIM_COVER_USE,9,10,0,0
SIM,9,1,1,1,11,0,0,5,0,2,37,40,1100,400,45
SIM_COVER_USE,9,11,0,0
SIM,9,1,1,1,12,1,0,5,0,2,37,40,500,1100,41
SIM_COVER_USE,9,12,0,0
SIM,9,1,1,1,13,0,0,5,0,2,36,40,1500,1100,45
SIM_COVER_USE,9,13,0,0
SIM,9,1,1,1,14,1,3,3,1,1,36,40,100,2000,32
SIM_COVER_USE,9,14,0,0
SIM,9,1,1,1,15,0,1,6,1,2,35,40,1000,300,45
SIM_COVER_USE,9,15,0,0
SIM,9,1,1,1,16,1,1,4,1,2,35,40,400,1100,39
SIM_COVER_USE,9,16,0,0
SIM,9,1,1,1,17,0,0,4,0,2,35,40,1400,1100,45
SIM_COVER_USE,9,17,0,0
SIM,9,1,1,1,18,1,3,3,1,1,35,40,300,2000,34
SIM_COVER_USE,9,18,0,0
SIM,9,1,1,1,19,0,3,3,1,1,34,40,1200,2000,45
SIM_COVER_USE,9,19,0,0
SIM,9,1,1,1,20,1,3,1,1,1,34,40,300,2900,37
SIM_COVER_USE,9,20,0,0
SIM,9,1,1,1,21,0,3,1,1,1,33,40,1200,2900,45
SIM_COVER_USE,9,21,0,0
SIM,9,1,1,1,22,1,6,0,2,0,33,39,100,3900,30
SIM_COVER_USE,9,22,0,0
SIM,9,1,1,1,23,0,6,14,2,0,33,39,900,3300,45
SIM_COVER_USE,9,23,0,0
SIM,9,1,1,1,24,1,6,14,2,0,33,38,300,4300,35
SIM_COVER_USE,9,24,0,0
SIM,9,1,1,1,25,0,6,0,2,0,33,38,1100,4600,45
SIM_COVER_USE,9,25,0,0
SIM,9,1,1,1,26,1,9,0,3,0,33,36,300,5600,29
SIM_COVER_USE,9,26,0,0
SIM,9,1,1,1,27,0,7,3,3,1,33,36,1000,300,45
SIM_COVER_USE,9,27,0,0
SIM,9,1,1,1,28,1,7,3,3,1,33,33,400,1200,32
SIM_COVER_USE,9,28,0,0
SIM,9,1,1,1,29,0,6,3,2,1,33,33,1200,1200,45
SIM_COVER_USE,9,29,0,0
SIM,9,1,1,1,30,1,9,3,3,1,33,30,100,2100,24
SIM_COVER_USE,9,30,0,0
SIM,9,1,1,1,31,0,6,6,2,2,33,30,900,100,45
SIM_COVER_USE,9,31,0,0
SIM,9,1,1,1,32,1,6,6,2,2,33,28,300,900,37
SIM_COVER_USE,9,32,0,0
SIM,9,1,1,1,33,0,3,6,1,2,33,28,1200,300,45
SIM_COVER_USE,9,33,0,0
SIM,9,1,1,1,34,1,6,4,2,2,33,27,100,1100,30
SIM_COVER_USE,9,34,0,0
SIM,9,1,1,1,35,0,1,7,1,3,33,27,1000,300,45
SIM_COVER_USE,9,35,0,0
SIM,9,1,1,1,36,1,1,6,1,2,33,27,400,1100,35
SIM_COVER_USE,9,36,0,0
SIM,9,1,1,1,37,0,0,6,0,2,32,27,1400,500,45
SIM_COVER_USE,9,37,0,0
SIM,9,1,1,1,38,1,3,4,1,2,32,27,300,1300,34
SIM_COVER_USE,9,38,0,0
SIM,9,1,1,1,39,0,0,7,0,3,31,27,1300,200,45
SIM_COVER_USE,9,39,0,1
SIM,9,1,1,1,40,1,0,7,0,3,31,27,400,900,39
SIM_COVER_USE,9,40,0,1
SIM,9,1,1,1,41,0,0,7,0,3,28,27,1400,300,45
SIM_COVER_USE,9,41,0,0
SIM,9,1,1,1,42,1,3,6,1,2,28,27,300,1100,34
SIM_COVER_USE,9,42,0,0
SIM,9,1,1,1,43,0,1,9,1,3,26,27,1200,300,45
SIM_COVER_USE,9,43,0,0
SIM,9,1,1,1,44,1,1,7,1,3,26,27,300,1000,37
SIM_COVER_USE,9,44,0,0
SIM,9,1,1,1,45,0,0,7,0,3,24,27,1300,400,45
SIM_COVER_USE,9,45,0,0
SIM,9,1,1,1,46,1,3,6,1,2,24,27,200,1200,34
SIM_COVER_USE,9,46,0,0
SIM,9,1,1,1,47,0,3,6,1,2,23,27,1100,1200,45
SIM_COVER_USE,9,47,0,0
SIM,9,1,1,1,48,1,3,4,1,2,23,27,500,2000,39
SIM_COVER_USE,9,48,0,0
SIM,9,1,1,1,49,0,3,4,1,2,22,27,1400,2000,45
SIM_COVER_USE,9,49,0,0
SIM,9,1,1,1,50,1,6,1,2,1,22,27,300,2900,30
SIM_COVER_USE,9,50,0,0
SIM,9,1,1,1,51,0,4,4,2,2,21,27,1100,300,45
SIM_COVER_USE,9,51,0,0
SIM,9,1,1,1,52,1,4,1,2,1,21,27,500,1200,37
SIM_COVER_USE,9,52,0,0
SIM,9,1,1,1,53,0,3,1,1,1,21,27,1400,1200,45
SIM_COVER_USE,9,53,0,0
SIM,9,1,1,1,54,1,6,0,2,0,21,26,300,2200,20
SIM_COVER_USE,9,54,0,0
SIM,9,1,1,1,55,0,4,3,2,1,21,26,1100,200,45
SIM_COVER_USE,9,55,0,0
SIM,9,1,1,1,56,1,4,1,2,1,21,25,500,1100,33
SIM_COVER_USE,9,56,0,0
SIM,9,1,1,1,57,0,3,1,1,1,21,25,1400,1100,45
SIM_COVER_USE,9,57,0,0
SIM,9,1,1,1,58,1,6,0,2,0,21,24,300,2100,30
SIM_COVER_USE,9,58,0,0
SIM,9,1,1,1,59,0,6,14,2,0,21,24,1100,1500,45
SIM_COVER_USE,9,59,0,0
SIM,9,1,1,1,60,1,6,12,2,0,21,23,500,2500,36
SIM_COVER_USE,9,60,0,0
SIM,9,1,1,1,61,0,4,3,2,1,21,23,1300,200,45
SIM_COVER_USE,9,61,0,0
SIM,9,1,1,1,62,1,7,0,3,0,21,22,200,1200,22
SIM_COVER_USE,9,62,0,0
SIM,9,1,1,1,63,0,7,0,3,0,21,22,900,300,45
SIM_COVER_USE,9,63,0,0
SIM,9,1,1,1,64,1,7,0,3,0,21,19,300,1300,31
SIM_COVER_USE,9,64,0,0
SIM,9,1,1,1,65,0,6,3,2,1,21,19,1100,200,45
SIM_COVER_USE,9,65,0,0
SIM,9,1,1,1,66,1,9,3,3,1,21,17,300,1100,33
SIM_COVER_USE,9,66,0,0
SIM,9,1,1,1,67,0,9,3,3,1,21,17,1000,1100,45
SIM_COVER_USE,9,67,0,1
SIM,9,1,1,1,68,1,9,3,3,1,21,14,400,2000,32
SIM_COVER_USE,9,68,0,1
SIM,9,1,1,1,69,0,9,17,3,1,21,14,1100,1400,45
SIM_COVER_USE,9,69,0,1
SIM,9,1,1,1,70,1,12,17,4,1,21,10,300,2300,16
SIM_COVER_USE,9,70,0,1
SIM,9,1,1,1,71,0,9,6,3,2,21,10,1000,300,45
SIM_COVER_USE,9,71,0,0
SIM,9,1,1,1,72,1,9,6,3,2,21,7,400,1100,35
SIM_COVER_USE,9,72,0,0
SIM,9,1,1,1,73,0,9,6,3,2,21,7,1100,1100,45
SIM_COVER_USE,9,73,0,1
SIM,9,1,1,1,74,1,12,4,4,2,21,4,300,1900,24
SIM_COVER_USE,9,74,0,1
SIM,9,1,1,1,75,0,7,7,3,3,21,4,1000,200,45
SIM_COVER_USE,9,75,0,0
SIM,9,1,1,1,76,1,7,6,3,2,21,2,400,1000,35
SIM_COVER_USE,9,76,0,0
SIM,9,1,1,1,77,0,4,6,2,2,21,2,1200,400,45
SIM_COVER_USE,9,77,0,0
SIM_END,9,1,1,1,77,0,0
SIM,10,1,1,2,1,0,0,6,0,1,40,40,1000,0,30
SIM_COVER_USE,10,1,0,0
SIM,10,1,1,2,2,1,3,6,1,1,40,39,200,800,19
SIM_COVER_USE,10,2,0,0
SIM,10,1,1,2,3,0,0,9,0,2,39,39,1200,300,45
SIM_COVER_USE,10,3,0,0
SIM,10,1,1,2,4,1,0,9,0,2,39,39,300,1000,39
SIM_COVER_USE,10,4,0,0
SIM,10,1,1,2,5,0,0,9,0,2,38,39,1300,1000,45
SIM_COVER_USE,10,5,0,0
SIM,10,1,1,2,6,1,3,7,1,2,38,39,200,1700,34
SIM_COVER_USE,10,6,0,0
SIM,10,1,1,2,7,0,3,7,1,2,38,39,1100,1700,45
SIM_COVER_USE,10,7,0,0
SIM,10,1,1,2,8,1,3,6,1,1,38,39,500,2500,39
SIM_COVER_USE,10,8,0,0
SIM,10,1,1,2,9,0,0,9,0,2,37,39,1500,200,45
SIM_COVER_USE,10,9,0,0
SIM,10,1,1,2,10,1,3,7,1,2,37,39,100,900,32
SIM_COVER_USE,10,10,0,0
SIM,10,1,1,2,11,0,0,7,0,2,36,39,1100,300,45
SIM_COVER_USE,10,11,0,0
SIM,10,1,1,2,12,1,0,7,0,2,36,39,500,1000,41
SIM_COVER_USE,10,12,0,0
SIM,10,1,1,2,13,0,0,10,0,3,35,39,1500,200,45
SIM_COVER_USE,10,13,0,0
SIM,10,1,1,2,14,1,3,9,1,2,35,39,100,900,32
SIM_COVER_USE,10,14,0,0
SIM,10,1,1,2,15,0,0,9,0,2,35,39,1100,300,45
SIM_COVER_USE,10,15,0,0
SIM,10,1,1,2,16,1,0,9,0,2,35,39,500,1000,41
SIM_COVER_USE,10,16,0,0
SIM,10,1,1,2,17,0,0,9,0,2,34,39,1500,1000,45
SIM_COVER_USE,10,17,0,0
SIM,10,1,1,2,18,1,3,7,1,2,34,39,100,1700,32
SIM_COVER_USE,10,18,0,0
SIM,10,1,1,2,19,0,0,7,0,2,34,39,1100,1700,45
SIM_COVER_USE,10,19,0,0
SIM,10,1,1,2,20,1,0,7,0,2,34,39,500,2400,41
SIM_COVER_USE,10,20,0,0
SIM,10,1,1,2,21,0,0,7,0,2,33,39,1500,2400,45
SIM_COVER_USE,10,21,0,0
SIM,10,1,1,2,22,1,3,5,1,2,33,39,100,3100,32
SIM_COVER_USE,10,22,0,0
SIM,10,1,1,2,23,0,0,5,0,2,33,39,1100,3100,45
SIM_COVER_USE,10,23,0,0
SIM,10,1,1,2,24,1,0,5,0,2,33,39,500,3800,41
SIM_COVER_USE,10,24,0,0
SIM,10,1,1,2,25,0,0,8,0,3,31,39,1500,300,45
SIM_COVER_USE,10,25,0,0
SIM,10,1,1,2,26,1,3,6,1,2,31,39,100,1100,32
SIM_COVER_USE,10,26,0,0
SIM,10,1,1,2,27,0,3,6,1,2,29,39,1000,500,45
SIM_COVER_USE,10,27,0,0
SIM,10,1,1,2,28,1,3,4,1,2,29,39,400,1300,39
SIM_COVER_USE,10,28,0,0
SIM,10,1,1,2,29,0,3,4,1,2,28,39,1300,1300,45
SIM_COVER_USE,10,29,0,0
SIM,10,1,1,2,30,1,6,1,2,1,28,39,200,2200,34
SIM_COVER_USE,10,30,0,0
SIM,10,1,1,2,31,0,4,4,2,2,27,39,1000,200,45
SIM_COVER_USE,10,31,0,0
SIM,10,1,1,2,32,1,4,1,2,1,27,39,400,1100,35
SIM_COVER_USE,10,32,0,0
SIM,10,1,1,2,33,0,3,1,1,1,27,39,1300,1100,45
SIM_COVER_USE,10,33,0,0
SIM,10,1,1,2,34,1,6,0,2,0,27,38,200,2100,30
SIM_COVER_USE,10,34,0,0
SIM,10,1,1,2,35,0,4,3,2,1,27,38,1000,100,45
SIM_COVER_USE,10,35,0,0
SIM,10,1,1,2,36,1,4,1,2,1,27,37,400,1000,33
SIM_COVER_USE,10,36,0,0
SIM,10,1,1,2,37,0,3,1,1,1,27,37,1300,1000,45
SIM_COVER_USE,10,37,0,0
SIM,10,1,1,2,38,1,6,0,2,0,27,36,200,2000,30
SIM_COVER_USE,10,38,0,0
SIM,10,1,1,2,39,0,4,3,2,1,27,36,1000,300,45
SIM_COVER_USE,10,39,0,0
SIM,10,1,1,2,40,1,4,1,2,1,27,35,400,1200,37
SIM_COVER_USE,10,40,0,0
SIM,10,1,1,2,41,0,3,1,1,1,27,35,1300,300,45
SIM_COVER_USE,10,41,0,0
SIM,10,1,1,2,42,1,6,0,2,0,27,34,200,1300,30
SIM_COVER_USE,10,42,0,0
SIM,10,1,1,2,43,0,4,3,2,1,27,34,1000,200,45
SIM_COVER_USE,10,43,0,0
SIM,10,1,1,2,44,1,4,1,2,1,27,33,400,1100,37
SIM_COVER_USE,10,44,0,0
SIM,10,1,1,2,45,0,3,1,1,1,27,33,1300,500,45
SIM_COVER_USE,10,45,0,0
SIM,10,1,1,2,46,1,6,0,2,0,27,32,200,1500,30
SIM_COVER_USE,10,46,0,0
SIM,10,1,1,2,47,0,6,14,2,0,27,32,1000,900,45
SIM_COVER_USE,10,47,0,0
SIM,10,1,1,2,48,1,6,12,2,0,27,31,400,1900,36
SIM_COVER_USE,10,48,0,0
SIM,10,1,1,2,49,0,4,3,2,1,27,31,1200,200,45
SIM_COVER_USE,10,49,0,0
SIM,10,1,1,2,50,1,7,0,3,0,27,30,100,1200,22
SIM_COVER_USE,10,50,0,0
SIM,10,1,1,2,51,0,7,14,3,0,27,30,800,600,45
SIM_COVER_USE,10,51,0,0
SIM,10,1,1,2,52,1,7,10,3,0,27,29,500,1600,37
SIM_COVER_USE,10,52,0,0
SIM,10,1,1,2,53,0,6,3,2,1,27,29,1300,200,45
SIM_COVER_USE,10,53,0,0
SIM,10,1,1,2,54,1,9,0,3,0,27,28,200,1200,26
SIM_COVER_USE,10,54,0,0
SIM,10,1,1,2,55,0,9,0,3,0,27,28,900,300,45
SIM_COVER_USE,10,55,0,0
SIM,10,1,1,2,56,1,9,0,3,0,27,25,300,1300,31
SIM_COVER_USE,10,56,0,0
SIM,10,1,1,2,57,0,7,3,3,1,27,25,1000,200,45
SIM_COVER_USE,10,57,0,0
SIM,10,1,1,2,58,1,10,3,4,1,27,21,200,1100,24
SIM_COVER_USE,10,58,0,0
SIM,10,1,1,2,59,0,9,3,3,1,27,21,900,500,45
SIM_COVER_USE,10,59,0,0
SIM,10,1,1,2,60,1,9,3,3,1,27,18,300,1400,35
SIM_COVER_USE,10,60,0,0
SIM,10,1,1,2,61,0,6,6,2,2,27,18,1100,300,45
SIM_COVER_USE,10,61,0,0
SIM,10,1,1,2,62,1,9,4,3,2,27,16,300,1100,30
SIM_COVER_USE,10,62,0,0
SIM,10,1,1,2,63,0,9,18,3,2,27,16,1000,500,45
SIM_COVER_USE,10,63,0,0
SIM,10,1,1,2,64,1,9,17,3,1,27,14,400,1400,35
SIM_COVER_USE,10,64,0,0
SIM,10,1,1,2,65,0,9,3,3,1,27,14,1100,1700,45
SIM_COVER_USE,10,65,0,0
SIM,10,1,1,2,66,1,12,1,4,1,27,11,300,2600,26
SIM_COVER_USE,10,66,0,0
SIM,10,1,1,2,67,0,9,4,3,2,27,11,1000,300,45
SIM_COVER_USE,10,67,0,0
SIM,10,1,1,2,68,1,9,3,3,1,27,9,400,1200,35
SIM_COVER_USE,10,68,0,0
SIM,10,1,1,2,69,0,7,3,3,1,27,9,1100,300,45
SIM_COVER_USE,10,69,0,0
SIM,10,1,1,2,70,1,10,0,4,0,27,7,300,1300,28
SIM_COVER_USE,10,70,0,0
SIM,10,1,1,2,71,0,10,14,4,0,27,7,900,700,45
SIM_COVER_USE,10,71,0,0
SIM,10,1,1,2,72,1,10,12,4,0,27,4,300,1700,30
SIM_COVER_USE,10,72,0,0
SIM,10,1,1,2,73,0,9,3,3,1,27,4,1000,300,45
SIM_COVER_USE,10,73,0,0
SIM,10,1,1,2,74,1,12,1,4,1,27,1,200,1200,26
SIM_COVER_USE,10,74,0,0
SIM,10,1,1,2,75,0,10,1,4,1,27,1,800,300,45
SIM_COVER_USE,10,75,0,0
SIM_END,10,1,1,2,75,0,0
SIM,11,1,1,3,1,0,0,6,0,1,40,40,1000,0,30
SIM_COVER_USE,11,1,0,1
SIM,11,1,1,3,2,1,3,6,1,1,40,40,200,800,21
SIM_COVER_USE,11,2,1,1
SIM,11,1,1,3,3,0,0,9,0,2,40,40,1200,300,45
SIM_COVER_USE,11,3,0,1
SIM,11,1,1,3,4,1,0,9,0,2,40,40,300,1000,39
SIM_COVER_USE,11,4,0,1
SIM,11,1,1,3,5,0,0,23,0,2,40,40,1300,400,45
SIM_COVER_USE,11,5,0,1
SIM,11,1,1,3,6,1,3,21,1,2,40,40,200,1100,32
SIM_COVER_USE,11,6,1,1
SIM,11,1,1,3,7,0,3,7,1,2,40,40,1100,1400,45
SIM_COVER_USE,11,7,1,1
SIM,11,1,1,3,8,1,3,6,1,1,40,40,500,2200,39
SIM_COVER_USE,11,8,1,1
SIM,11,1,1,3,9,0,3,20,1,1,40,40,1400,1600,45
SIM_COVER_USE,11,9,1,1
SIM,11,1,1,3,10,1,6,20,2,1,40,39,300,2400,28
SIM_COVER_USE,11,10,1,1
SIM,11,1,1,3,11,0,3,9,1,2,39,39,1200,100,45
SIM_COVER_USE,11,11,1,1
SIM,11,1,1,3,12,1,3,9,1,2,39,38,300,800,33
SIM_COVER_USE,11,12,0,1
SIM,11,1,1,3,13,0,0,9,0,2,38,38,1300,500,45
SIM_COVER_USE,11,13,0,1
SIM,11,1,1,3,14,1,3,7,1,2,38,38,200,1200,34
SIM_COVER_USE,11,14,0,1
SIM,11,1,1,3,15,0,0,10,0,3,36,38,1200,100,45
SIM_COVER_USE,11,15,0,0
SIM,11,1,1,3,16,1,0,10,0,3,36,38,300,700,39
SIM_COVER_USE,11,16,0,0
SIM,11,1,1,3,17,0,0,10,0,3,35,38,1300,700,45
SIM_COVER_USE,11,17,0,0
SIM,11,1,1,3,18,1,3,9,1,2,35,38,200,1400,34
SIM_COVER_USE,11,18,0,0
SIM,11,1,1,3,19,0,0,9,0,2,35,38,1200,1400,45
SIM_COVER_USE,11,19,0,0
SIM,11,1,1,3,20,1,0,9,0,2,35,38,300,2100,39
SIM_COVER_USE,11,20,0,0
SIM,11,1,1,3,21,0,0,9,0,2,34,38,1300,2100,45
SIM_COVER_USE,11,21,0,0
SIM,11,1,1,3,22,1,3,7,1,2,34,38,200,2800,36
SIM_COVER_USE,11,22,0,0
SIM,11,1,1,3,23,0,3,7,1,2,34,38,1100,2800,45
SIM_COVER_USE,11,23,0,0
SIM,11,1,1,3,24,1,3,6,1,1,34,38,500,3600,39
SIM_COVER_USE,11,24,0,0
SIM,11,1,1,3,25,0,0,6,0,1,34,38,1500,3600,45
SIM_COVER_USE,11,25,0,0
SIM,11,1,1,3,26,1,3,4,1,1,34,38,100,4400,33
SIM_COVER_USE,11,26,1,0
SIM,11,1,1,3,27,0,3,18,1,1,34,38,1000,3800,45
SIM_COVER_USE,11,27,1,0
SIM,11,1,1,3,28,1,3,16,1,1,34,38,400,4600,39
SIM_COVER_USE,11,28,1,0
SIM,11,1,1,3,29,0,0,5,0,2,34,38,1400,200,45
SIM_COVER_USE,11,29,0,0
SIM,11,1,1,3,30,1,3,3,1,1,34,38,300,1100,35
SIM_COVER_USE,11,30,1,0
SIM,11,1,1,3,31,0,3,3,1,1,33,38,1200,500,45
SIM_COVER_USE,11,31,1,0
SIM,11,1,1,3,32,1,3,1,1,1,33,38,300,1400,36
SIM_COVER_USE,11,32,0,0
SIM,11,1,1,3,33,0,1,4,1,2,32,38,1200,300,45
SIM_COVER_USE,11,33,0,0
SIM,11,1,1,3,34,1,4,1,2,1,32,38,100,1200,32
SIM_COVER_USE,11,34,0,0
SIM,11,1,1,3,35,0,3,1,1,1,32,38,1000,1200,45
SIM_COVER_USE,11,35,0,0
SIM,11,1,1,3,36,1,3,0,1,0,32,38,400,2200,39
SIM_COVER_USE,11,36,0,0
SIM,11,1,1,3,37,0,3,14,1,0,32,38,1300,1600,45
SIM_COVER_USE,11,37,0,0
SIM,11,1,1,3,38,1,6,14,2,0,32,37,200,2600,25
SIM_COVER_USE,11,38,0,0
SIM,11,1,1,3,39,0,6,0,2,0,32,37,1000,2900,45
SIM_COVER_USE,11,39,0,0
SIM,11,1,1,3,40,1,6,0,2,0,32,35,400,3900,34
SIM_COVER_USE,11,40,0,0
SIM,11,1,1,3,41,0,4,3,2,1,32,35,1200,100,45
SIM_COVER_USE,11,41,0,0
SIM,11,1,1,3,42,1,7,3,3,1,32,32,100,1000,24
SIM_COVER_USE,11,42,0,0
SIM,11,1,1,3,43,0,6,3,2,1,32,32,900,400,45
SIM_COVER_USE,11,43,0,0
SIM,11,1,1,3,44,1,6,3,2,1,32,30,300,1300,37
SIM_COVER_USE,11,44,0,0
SIM,11,1,1,3,45,0,3,6,1,2,32,30,1200,200,45
SIM_COVER_USE,11,45,0,0
SIM,11,1,1,3,46,1,6,4,2,2,32,29,100,1000,30
SIM_COVER_USE,11,46,0,0
SIM,11,1,1,3,47,0,3,4,1,2,32,29,1000,400,45
SIM_COVER_USE,11,47,0,0
SIM,11,1,1,3,48,1,3,3,1,1,32,29,400,1300,37
SIM_COVER_USE,11,48,0,0
SIM,11,1,1,3,49,0,0,6,0,2,32,29,1400,200,45
SIM_COVER_USE,11,49,0,0
SIM,11,1,1,3,50,1,3,4,1,2,32,29,300,1000,32
SIM_COVER_USE,11,50,0,0
SIM,11,1,1,3,51,0,0,4,0,2,32,29,1300,400,45
SIM_COVER_USE,11,51,0,0
SIM,11,1,1,3,52,1,0,4,0,2,32,29,400,1200,39
SIM_COVER_USE,11,52,0,0
SIM,11,1,1,3,53,0,0,18,0,2,32,29,1400,600,45
SIM_COVER_USE,11,53,0,0
SIM,11,1,1,3,54,1,3,17,1,1,32,29,300,1500,28
SIM_COVER_USE,11,54,0,0
SIM,11,1,1,3,55,0,3,3,1,1,32,29,1200,1800,45
SIM_COVER_USE,11,55,0,0
SIM,11,1,1,3,56,1,3,1,1,1,32,29,300,2700,37
SIM_COVER_USE,11,56,0,0
SIM,11,1,1,3,57,0,0,4,0,2,32,29,1300,100,45
SIM_COVER_USE,11,57,0,0
SIM,11,1,1,3,58,1,3,3,1,1,32,29,200,1000,32
SIM_COVER_USE,11,58,0,0
SIM,11,1,1,3,59,0,3,17,1,1,32,29,1100,400,45
SIM_COVER_USE,11,59,0,0
SIM,11,1,1,3,60,1,3,15,1,1,32,29,500,1300,37
SIM_COVER_USE,11,60,0,0
SIM,11,1,1,3,61,0,3,1,1,1,32,29,1400,1600,45
SIM_COVER_USE,11,61,0,0
SIM,11,1,1,3,62,1,6,0,2,0,32,28,300,2600,30
SIM_COVER_USE,11,62,0,0
SIM,11,1,1,3,63,0,6,14,2,0,32,28,1100,2000,45
SIM_COVER_USE,11,63,0,0
SIM,11,1,1,3,64,1,6,14,2,0,32,26,500,3000,33
SIM_COVER_USE,11,64,0,0
SIM,11,1,1,3,65,0,4,3,2,1,32,26,1300,100,45
SIM_COVER_USE,11,65,0,0
SIM,11,1,1,3,66,1,7,1,3,1,32,24,200,1000,28
SIM_COVER_USE,11,66,0,0
SIM,11,1,1,3,67,0,6,1,2,1,32,24,1000,1000,45
SIM_COVER_USE,11,67,0,0
SIM,11,1,1,3,68,1,6,0,2,0,32,23,400,2000,37
SIM_COVER_USE,11,68,0,0
SIM,11,1,1,3,69,0,6,14,2,0,32,23,1200,1400,45
SIM_COVER_USE,11,69,0,0
SIM,11,1,1,3,70,1,9,12,3,0,32,21,100,2400,24
SIM_COVER_USE,11,70,0,0
SIM,11,1,1,3,71,0,7,3,3,1,32,21,800,100,45
SIM_COVER_USE,11,71,0,0
SIM,11,1,1,3,72,1,7,1,3,1,32,19,500,1000,37
SIM_COVER_USE,11,72,0,0
SIM,11,1,1,3,73,0,6,1,2,1,32,19,1300,400,45
SIM_COVER_USE,11,73,0,0
SIM,11,1,1,3,74,1,9,0,3,0,32,17,200,1400,27
SIM_COVER_USE,11,74,0,0
SIM,11,1,1,3,75,0,7,3,3,1,32,17,900,300,45
SIM_COVER_USE,11,75,0,0
SIM,11,1,1,3,76,1,7,1,3,1,32,15,300,1200,35
SIM_COVER_USE,11,76,0,0
SIM,11,1,1,3,77,0,6,1,2,1,32,15,1100,1200,45
SIM_COVER_USE,11,77,0,0
SIM,11,1,1,3,78,1,9,0,3,0,32,13,300,2200,29
SIM_COVER_USE,11,78,0,0
SIM,11,1,1,3,79,0,9,14,3,0,32,13,1000,1600,45
SIM_COVER_USE,11,79,0,0
SIM,11,1,1,3,80,1,9,12,3,0,32,11,400,2600,35
SIM_COVER_USE,11,80,0,0
SIM_END,11,1,1,3,80,0,0
SIM,12,1,1,4,1,0,0,6,0,1,40,40,1000,0,30
SIM_COVER_USE,12,1,0,1
SIM,12,1,1,4,2,1,3,6,1,1,40,40,200,800,21
SIM_COVER_USE,12,2,1,1
SIM,12,1,1,4,3,0,3,20,1,1,40,40,1100,200,45
SIM_COVER_USE,12,3,1,1
SIM,12,1,1,4,4,1,3,20,1,1,40,39,500,1000,35
SIM_COVER_USE,12,4,0,1
SIM,12,1,1,4,5,0,3,6,1,1,40,39,1400,1300,45
SIM_COVER_USE,12,5,0,1
SIM,12,1,1,4,6,1,6,6,2,1,40,38,300,2100,32
SIM_COVER_USE,12,6,1,1
SIM,12,1,1,4,7,0,2,9,1,2,40,38,1200,100,45
SIM_COVER_USE,12,7,1,1
SIM,12,1,1,4,8,1,2,7,1,2,40,38,300,800,37
SIM_COVER_USE,12,8,1,1
SIM,12,1,1,4,9,0,0,7,0,2,40,38,1300,800,45
SIM_COVER_USE,12,9,0,1
SIM,12,1,1,4,10,1,3,6,1,1,40,38,200,1600,32
SIM_COVER_USE,12,10,0,1
SIM,12,1,1,4,11,0,0,9,0,2,39,38,1200,200,45
SIM_COVER_USE,12,11,0,0
SIM,12,1,1,4,12,1,0,9,0,2,39,38,300,900,39
SIM_COVER_USE,12,12,0,0
SIM,12,1,1,4,13,0,0,9,0,2,38,38,1300,900,45
SIM_COVER_USE,12,13,0,0
SIM,12,1,1,4,14,1,3,7,1,2,38,38,200,1600,34
SIM_COVER_USE,12,14,0,0
SIM,12,1,1,4,15,0,0,10,0,3,37,38,1200,200,45
SIM_COVER_USE,12,15,0,0
SIM,12,1,1,4,16,1,0,10,0,3,37,38,300,800,39
SIM_COVER_USE,12,16,0,0
SIM,12,1,1,4,17,0,0,10,0,3,34,38,1300,500,45
SIM_COVER_USE,12,17,0,0
SIM,12,1,1,4,18,1,3,9,1,2,34,38,200,1200,34
SIM_COVER_USE,12,18,0,0
SIM,12,1,1,4,19,0,0,9,0,2,34,38,1200,1200,45
SIM_COVER_USE,12,19,0,0
SIM,12,1,1,4,20,1,0,9,0,2,34,38,300,1900,39
SIM_COVER_USE,12,20,0,0
SIM,12,1,1,4,21,0,0,9,0,2,33,38,1300,1900,45
SIM_COVER_USE,12,21,0,0
SIM,12,1,1,4,22,1,3,7,1,2,33,38,200,2600,36
SIM_COVER_USE,12,22,0,0
SIM,12,1,1,4,23,0,0,10,0,3,31,38,1200,300,45
SIM_COVER_USE,12,23,0,0
SIM,12,1,1,4,24,1,0,10,0,3,31,38,300,900,39
SIM_COVER_USE,12,24,0,0
SIM,12,1,1,4,25,0,0,10,0,3,28,38,1300,300,45
SIM_COVER_USE,12,25,0,0
SIM,12,1,1,4,26,1,3,8,1,3,28,38,200,900,36
SIM_COVER_USE,12,26,0,0
SIM,12,1,1,4,27,0,0,8,0,3,28,38,1200,900,45
SIM_COVER_USE,12,27,0,0
SIM,12,1,1,4,28,1,0,8,0,3,28,38,300,1500,39
SIM_COVER_USE,12,28,0,0
SIM,12,1,1,4,29,0,0,8,0,3,27,38,1300,1500,45
SIM_COVER_USE,12,29,0,0
SIM,12,1,1,4,30,1,3,6,1,2,27,38,200,2300,36
SIM_COVER_USE,12,30,0,0
SIM,12,1,1,4,31,0,3,9,1,3,25,38,1100,300,45
SIM_COVER_USE,12,31,0,0
SIM,12,1,1,4,32,1,3,7,1,3,25,38,500,1000,37
SIM_COVER_USE,12,32,0,0
SIM,12,1,1,4,33,0,3,7,1,3,24,38,1400,1000,45
SIM_COVER_USE,12,33,0,0
SIM,12,1,1,4,34,1,6,4,2,2,24,38,300,1800,31
SIM_COVER_USE,12,34,0,0
SIM,12,1,1,4,35,0,6,4,2,2,23,38,1100,1800,45
SIM_COVER_USE,12,35,0,0
SIM,12,1,1,4,36,1,6,1,2,1,23,38,500,2700,33
SIM_COVER_USE,12,36,0,0
SIM,12,1,1,4,37,0,4,4,2,2,22,38,1300,100,45
SIM_COVER_USE,12,37,0,0
SIM,12,1,1,4,38,1,7,0,3,0,22,38,200,1100,29
SIM_COVER_USE,12,38,0,0
SIM,12,1,1,4,39,0,7,14,3,0,22,38,900,500,45
SIM_COVER_USE,12,39,0,0
SIM,12,1,1,4,40,1,7,14,3,0,22,37,300,1500,29
SIM_COVER_USE,12,40,0,0
SIM,12,1,1,4,41,0,6,3,2,1,22,37,1100,100,45
SIM_COVER_USE,12,41,0,0
SIM,12,1,1,4,42,1,9,0,3,0,22,36,300,1100,24
SIM_COVER_USE,12,42,0,0
SIM,12,1,1,4,43,0,9,14,3,0,22,36,1000,500,45
SIM_COVER_USE,12,43,0,0
SIM,12,1,1,4,44,1,9,12,3,0,22,34,400,1500,30
SIM_COVER_USE,12,44,0,0
SIM,12,1,1,4,45,0,9,0,3,0,22,34,1100,1800,45
SIM_COVER_USE,12,45,0,0
SIM,12,1,1,4,46,1,12,0,4,0,22,31,300,2800,30
SIM_COVER_USE,12,46,0,0
SIM,12,1,1,4,47,0,12,14,4,0,22,31,900,2200,45
SIM_COVER_USE,12,47,0,0
SIM,12,1,1,4,48,1,12,14,4,0,22,28,300,3200,35
SIM_COVER_USE,12,48,0,0
SIM,12,1,1,4,49,0,12,0,4,0,22,28,900,3500,45
SIM_COVER_USE,12,49,0,0
SIM,12,1,1,4,50,1,12,0,4,0,22,24,300,4500,27
SIM_COVER_USE,12,50,0,0
SIM,12,1,1,4,51,0,12,3,4,1,22,24,900,4300,45
SIM_COVER_USE,12,51,0,0
SIM,12,1,1,4,52,1,12,3,4,1,22,20,300,5200,33
SIM_COVER_USE,12,52,0,0
SIM,12,1,1,4,53,0,10,3,4,1,22,20,900,400,45
SIM_COVER_USE,12,53,0,0
SIM,12,1,1,4,54,1,10,3,4,1,22,16,300,1300,33
SIM_COVER_USE,12,54,0,0
SIM,12,1,1,4,55,0,9,3,3,1,22,16,1000,1300,45
SIM_COVER_USE,12,55,0,0
SIM,12,1,1,4,56,1,12,3,4,1,22,12,200,2200,24
SIM_COVER_USE,12,56,0,0
SIM,12,1,1,4,57,0,12,17,4,1,22,12,800,1600,45
SIM_COVER_USE,12,57,0,0
SIM,12,1,1,4,58,1,12,17,4,1,22,8,500,2500,35
SIM_COVER_USE,12,58,0,0
SIM,12,1,1,4,59,0,12,3,4,1,22,8,1100,2800,45
SIM_COVER_USE,12,59,0,0
SIM,12,1,1,4,60,1,12,3,4,1,22,4,500,3700,33
SIM_COVER_USE,12,60,0,0
SIM,12,1,1,4,61,0,12,17,4,1,22,4,1100,3100,45
SIM_COVER_USE,12,61,0,0
SIM_END,12,1,1,4,61,0,0
SIM,13,1,1,5,1,0,0,6,0,1,40,40,1000,0,30
SIM_COVER_USE,13,1,0,0
SIM,13,1,1,5,2,1,3,6,1,1,40,39,200,800,19
SIM_COVER_USE,13,2,0,0
SIM,13,1,1,5,3,0,3,6,1,1,40,39,1100,800,45
SIM_COVER_USE,13,3,0,1
SIM,13,1,1,5,4,1,3,6,1,1,40,38,500,1600,39
SIM_COVER_USE,13,4,0,1
SIM,13,1,1,5,5,0,0,6,0,1,40,38,1500,1600,45
SIM_COVER_USE,13,5,0,1
SIM,13,1,1,5,6,1,3,6,1,1,40,37,100,2400,22
SIM_COVER_USE,13,6,0,1
SIM,13,1,1,5,7,0,0,9,0,2,39,37,1100,100,45
SIM_COVER_USE,13,7,0,1
SIM,13,1,1,5,8,1,0,9,0,2,39,37,500,800,41
SIM_COVER_USE,13,8,0,1
SIM,13,1,1,5,9,0,0,9,0,2,38,37,1500,500,45
SIM_COVER_USE,13,9,0,1
SIM,13,1,1,5,10,1,3,7,1,2,38,37,100,1200,32
SIM_COVER_USE,13,10,0,1
SIM,13,1,1,5,11,0,0,10,0,3,36,37,1100,100,45
SIM_COVER_USE,13,11,0,0
SIM,13,1,1,5,12,1,0,10,0,3,36,37,500,700,41
SIM_COVER_USE,13,12,0,0
SIM,13,1,1,5,13,0,0,10,0,3,34,37,1500,400,45
SIM_COVER_USE,13,13,0,0
SIM,13,1,1,5,14,1,3,9,1,2,34,37,100,1100,32
SIM_COVER_USE,13,14,0,0
SIM,13,1,1,5,15,0,3,9,1,2,34,37,1000,1100,45
SIM_COVER_USE,13,15,0,0
SIM,13,1,1,5,16,1,3,7,1,2,34,37,400,1800,39
SIM_COVER_USE,13,16,0,0
SIM,13,1,1,5,17,0,0,7,0,2,34,37,1400,1800,45
SIM_COVER_USE,13,17,0,0
SIM,13,1,1,5,18,1,3,5,1,2,34,37,300,2500,36
SIM_COVER_USE,13,18,0,0
SIM,13,1,1,5,19,0,3,5,1,2,34,37,1200,2500,45
SIM_COVER_USE,13,19,0,1
SIM,13,1,1,5,20,1,3,4,1,1,34,37,300,3300,37
SIM_COVER_USE,13,20,0,1
SIM,13,1,1,5,21,0,0,7,0,2,33,37,1300,100,45
SIM_COVER_USE,13,21,0,1
SIM,13,1,1,5,22,1,3,6,1,2,33,37,200,800,36
SIM_COVER_USE,13,22,0,1
SIM,13,1,1,5,23,0,0,6,0,2,32,37,1200,500,45
SIM_COVER_USE,13,23,0,1
SIM,13,1,1,5,24,1,0,6,0,2,32,37,300,1200,39
SIM_COVER_USE,13,24,0,1
SIM,13,1,1,5,25,0,0,9,0,3,29,37,1300,100,45
SIM_COVER_USE,13,25,0,0
SIM,13,1,1,5,26,1,3,7,1,3,29,37,200,700,36
SIM_COVER_USE,13,26,0,0
SIM,13,1,1,5,27,0,0,7,0,3,27,37,1200,400,45
SIM_COVER_USE,13,27,0,0
SIM,13,1,1,5,28,1,0,7,0,3,27,37,300,1000,39
SIM_COVER_USE,13,28,0,0
SIM,13,1,1,5,29,0,0,10,0,4,24,37,1300,200,45
SIM_COVER_USE,13,29,0,0
SIM,13,1,1,5,30,1,3,9,1,3,24,37,200,900,36
SIM_COVER_USE,13,30,0,0
SIM,13,1,1,5,31,0,3,9,1,3,23,37,1100,900,45
SIM_COVER_USE,13,31,0,0
SIM,13,1,1,5,32,1,3,7,1,3,23,37,500,1600,37
SIM_COVER_USE,13,32,0,0
SIM,13,1,1,5,33,0,3,7,1,3,22,37,1400,1600,45
SIM_COVER_USE,13,33,0,0
SIM,13,1,1,5,34,1,6,4,2,2,22,37,300,2400,31
SIM_COVER_USE,13,34,0,0
SIM,13,1,1,5,35,0,3,7,1,3,21,37,1200,100,45
SIM_COVER_USE,13,35,0,0
SIM,13,1,1,5,36,1,3,6,1,2,21,37,300,900,36
SIM_COVER_USE,13,36,0,0
SIM,13,1,1,5,37,0,3,6,1,2,20,37,1200,900,45
SIM_COVER_USE,13,37,0,0
SIM,13,1,1,5,38,1,6,3,2,1,20,37,100,1800,28
SIM_COVER_USE,13,38,0,0
SIM,13,1,1,5,39,0,4,6,2,2,19,37,900,100,45
SIM_COVER_USE,13,39,0,0
SIM,13,1,1,5,40,1,4,3,2,1,19,37,300,1000,37
SIM_COVER_USE,13,40,0,0
SIM,13,1,1,5,41,0,4,3,2,1,19,37,1100,1000,45
SIM_COVER_USE,13,41,0,0
SIM,13,1,1,5,42,1,7,0,3,0,19,36,300,2000,30
SIM_COVER_USE,13,42,0,0
SIM,13,1,1,5,43,0,7,14,3,0,19,36,1000,1400,45
SIM_COVER_USE,13,43,0,0
SIM,13,1,1,5,44,1,7,14,3,0,19,34,400,2400,27
SIM_COVER_USE,13,44,0,0
SIM,13,1,1,5,45,0,6,3,2,1,19,34,1200,100,45
SIM_COVER_USE,13,45,0,0
SIM,13,1,1,5,46,1,9,3,3,1,19,31,100,1000,21
SIM_COVER_USE,13,46,0,0
SIM,13,1,1,5,47,0,7,3,3,1,19,31,800,400,45
SIM_COVER_USE,13,47,0,0
SIM,13,1,1,5,48,1,7,3,3,1,19,28,500,1300,37
SIM_COVER_USE,13,48,0,0
SIM,13,1,1,5,49,0,4,6,2,2,19,28,1300,200,45
SIM_COVER_USE,13,49,0,0
SIM,13,1,1,5,50,1,7,6,3,2,19,26,200,1000,31
SIM_COVER_USE,13,50,0,0
SIM,13,1,1,5,51,0,4,6,2,2,19,26,1000,400,45
SIM_COVER_USE,13,51,0,0
SIM,13,1,1,5,52,1,4,4,2,2,19,25,400,1200,36
SIM_COVER_USE,13,52,0,0
SIM,13,1,1,5,53,0,3,4,1,2,19,25,1300,1200,45
SIM_COVER_USE,13,53,0,0
SIM,13,1,1,5,54,1,6,3,2,1,19,24,200,2100,30
SIM_COVER_USE,13,54,0,0
SIM,13,1,1,5,55,0,6,3,2,1,19,24,1000,2100,45
SIM_COVER_USE,13,55,0,1
SIM,13,1,1,5,56,1,6,3,2,1,19,22,400,3000,35
SIM_COVER_USE,13,56,0,1
SIM,13,1,1,5,57,0,3,6,1,2,19,22,1300,100,45
SIM_COVER_USE,13,57,0,0
SIM,13,1,1,5,58,1,6,4,2,2,19,21,200,900,30
SIM_COVER_USE,13,58,0,0
SIM,13,1,1,5,59,0,3,4,1,2,19,21,1100,300,45
SIM_COVER_USE,13,59,0,0
SIM,13,1,1,5,60,1,3,3,1,1,19,21,500,1200,39
SIM_COVER_USE,13,60,0,0
SIM,13,1,1,5,61,0,0,6,0,2,19,21,1500,100,45
SIM_COVER_USE,13,61,0,0
SIM,13,1,1,5,62,1,3,4,1,2,19,21,100,900,30
SIM_COVER_USE,13,62,0,0
SIM,13,1,1,5,63,0,0,4,0,2,19,21,1100,300,45
SIM_COVER_USE,13,63,0,0
SIM,13,1,1,5,64,1,0,4,0,2,19,21,500,1100,41
SIM_COVER_USE,13,64,0,0
SIM,13,1,1,5,65,0,0,7,0,3,17,21,1500,300,45
SIM_COVER_USE,13,65,0,0
SIM,13,1,1,5,66,1,3,6,1,2,17,21,100,1100,32
SIM_COVER_USE,13,66,0,0
SIM,13,1,1,5,67,0,3,6,1,2,15,21,1000,500,45
SIM_COVER_USE,13,67,0,0
SIM,13,1,1,5,68,1,3,4,1,2,15,21,400,1300,39
SIM_COVER_USE,13,68,0,0
SIM,13,1,1,5,69,0,1,7,1,3,13,21,1300,200,45
SIM_COVER_USE,13,69,0,0
SIM,13,1,1,5,70,1,4,4,2,2,13,21,200,1000,34
SIM_COVER_USE,13,70,0,0
SIM,13,1,1,5,71,0,3,4,1,2,13,21,1100,1000,45
SIM_COVER_USE,13,71,0,0
SIM,13,1,1,5,72,1,3,3,1,1,13,21,500,1900,39
SIM_COVER_USE,13,72,0,0
SIM,13,1,1,5,73,0,3,17,1,1,13,21,1400,1300,45
SIM_COVER_USE,13,73,0,0
SIM,13,1,1,5,74,1,6,14,2,0,13,21,300,2300,28
SIM_COVER_USE,13,74,0,0
SIM,13,1,1,5,75,0,4,3,2,1,13,21,1100,300,45
SIM_COVER_USE,13,75,0,0
SIM,13,1,1,5,76,1,4,0,2,0,13,21,500,1300,35
SIM_COVER_USE,13,76,0,0
SIM,13,1,1,5,77,0,4,14,2,0,13,21,1300,700,45
SIM_COVER_USE,13,77,0,0
SIM,13,1,1,5,78,1,7,14,3,0,13,20,200,1700,25
SIM_COVER_USE,13,78,0,0
SIM,13,1,1,5,79,0,6,3,2,1,13,20,1000,300,45
SIM_COVER_USE,13,79,0,0
SIM,13,1,1,5,80,1,6,1,2,1,13,19,400,1200,36
SIM_COVER_USE,13,80,0,0
SIM_END,13,1,1,5,80,1,0
SIM,14,1,1,6,1,0,0,6,0,1,40,40,1000,0,30
SIM_COVER_USE,14,1,0,0
SIM,14,1,1,6,2,1,3,6,1,1,40,39,200,800,19
SIM_COVER_USE,14,2,0,0
SIM,14,1,1,6,3,0,0,9,0,2,39,39,1200,300,45
SIM_COVER_USE,14,3,0,1
SIM,14,1,1,6,4,1,0,9,0,2,39,39,300,1000,39
SIM_COVER_USE,14,4,0,1
SIM,14,1,1,6,5,0,0,9,0,2,38,39,1300,400,45
SIM_COVER_USE,14,5,0,1
SIM,14,1,1,6,6,1,3,7,1,2,38,39,200,1100,34
SIM_COVER_USE,14,6,0,1
SIM,14,1,1,6,7,0,3,7,1,2,38,39,1100,1100,45
SIM_COVER_USE,14,7,0,0
SIM,14,1,1,6,8,1,3,6,1,1,38,39,500,1900,39
SIM_COVER_USE,14,8,0,0
SIM,14,1,1,6,9,0,0,6,0,1,38,39,1500,1900,45
SIM_COVER_USE,14,9,0,0
SIM,14,1,1,6,10,1,3,4,1,1,38,39,100,2700,31
SIM_COVER_USE,14,10,0,0
SIM,14,1,1,6,11,0,0,4,0,1,38,39,1100,2700,45
SIM_COVER_USE,14,11,0,0
SIM,14,1,1,6,12,1,0,4,0,1,38,39,500,3500,41
SIM_COVER_USE,14,12,0,0
SIM,14,1,1,6,13,0,0,7,0,2,37,39,1500,300,45
SIM_COVER_USE,14,13,0,0
SIM,14,1,1,6,14,1,3,5,1,2,37,39,100,1000,32
SIM_COVER_USE,14,14,0,0
SIM,14,1,1,6,15,0,0,5,0,2,36,39,1100,400,45
SIM_COVER_USE,14,15,0,0
SIM,14,1,1,6,16,1,0,5,0,2,36,39,500,1100,41
SIM_COVER_USE,14,16,0,0
SIM,14,1,1,6,17,0,0,8,0,3,34,39,1500,300,45
SIM_COVER_USE,14,17,0,0
SIM,14,1,1,6,18,1,3,6,1,2,34,39,100,1100,32
SIM_COVER_USE,14,18,0,0
SIM,14,1,1,6,19,0,3,6,1,2,32,39,1000,500,45
SIM_COVER_USE,14,19,0,0
SIM,14,1,1,6,20,1,3,4,1,2,32,39,400,1300,39
SIM_COVER_USE,14,20,0,0
SIM,14,1,1,6,21,0,1,7,1,3,30,39,1300,200,45
SIM_COVER_USE,14,21,0,0
SIM,14,1,1,6,22,1,4,4,2,2,30,39,200,1000,34
SIM_COVER_USE,14,22,0,0
SIM,14,1,1,6,23,0,3,4,1,2,29,39,1100,400,45
SIM_COVER_USE,14,23,0,0
SIM,14,1,1,6,24,1,3,3,1,1,29,39,500,1300,39
SIM_COVER_USE,14,24,0,0
SIM,14,1,1,6,25,0,3,6,1,2,28,39,1400,200,45
SIM_COVER_USE,14,25,0,0
SIM,14,1,1,6,26,1,6,3,2,1,28,39,300,1100,24
SIM_COVER_USE,14,26,0,0
SIM,14,1,1,6,27,0,6,3,2,1,27,39,1100,500,45
SIM_COVER_USE,14,27,0,0
SIM,14,1,1,6,28,1,6,0,2,0,27,39,500,1500,37
SIM_COVER_USE,14,28,0,0
SIM,14,1,1,6,29,0,4,3,2,1,27,39,1300,100,45
SIM_COVER_USE,14,29,0,0
SIM,14,1,1,6,30,1,7,0,3,0,27,38,200,1100,18
SIM_COVER_USE,14,30,0,0
SIM,14,1,1,6,31,0,7,0,3,0,27,38,900,500,45
SIM_COVER_USE,14,31,0,0
SIM,14,1,1,6,32,1,7,0,3,0,27,37,300,1500,36
SIM_COVER_USE,14,32,0,0
SIM,14,1,1,6,33,0,6,3,2,1,27,37,1100,100,45
SIM_COVER_USE,14,33,0,0
SIM,14,1,1,6,34,1,9,1,3,1,27,35,300,1000,29
SIM_COVER_USE,14,34,0,0
SIM,14,1,1,6,35,0,7,1,3,1,27,35,1000,400,45
SIM_COVER_USE,14,35,0,0
SIM,14,1,1,6,36,1,7,0,3,0,27,33,400,1400,35
SIM_COVER_USE,14,36,0,0
SIM,14,1,1,6,37,0,6,3,2,1,27,33,1200,300,45
SIM_COVER_USE,14,37,0,0
SIM,14,1,1,6,38,1,9,1,3,1,27,31,100,1200,30
SIM_COVER_USE,14,38,0,0
SIM,14,1,1,6,39,0,9,15,3,1,27,31,800,600,45
SIM_COVER_USE,14,39,0,0
SIM,14,1,1,6,40,1,9,14,3,0,27,29,500,1600,37
SIM_COVER_USE,14,40,0,0
SIM,14,1,1,6,41,0,7,3,3,1,27,29,1200,200,45
SIM_COVER_USE,14,41,0,0
SIM,14,1,1,6,42,1,10,0,4,0,27,27,100,1200,10
SIM_COVER_USE,14,42,1,0
SIM,14,1,1,6,43,0,10,0,4,0,27,27,700,300,40
SIM_COVER_USE,14,43,1,0
SIM,14,1,1,6,44,1,10,0,4,0,27,23,400,1300,24
SIM_COVER_USE,14,44,0,0
SIM,14,1,1,6,45,0,10,3,4,1,27,23,1000,1100,45
SIM_COVER_USE,14,45,0,0
SIM,14,1,1,6,46,1,10,3,4,1,27,19,400,2000,33
SIM_COVER_USE,14,46,0,0
SIM,14,1,1,6,47,0,9,3,3,1,27,19,1100,500,45
SIM_COVER_USE,14,47,0,0
SIM,14,1,1,6,48,1,12,3,4,1,27,15,300,1400,24
SIM_COVER_USE,14,48,0,0
SIM,14,1,1,6,49,0,9,6,3,2,27,15,1000,300,45
SIM_COVER_USE,14,49,0,0
SIM,14,1,1,6,50,1,9,6,3,2,27,12,400,1100,35
SIM_COVER_USE,14,50,0,0
SIM,14,1,1,6,51,0,6,6,2,2,27,12,1200,500,45
SIM_COVER_USE,14,51,0,0
SIM,14,1,1,6,52,1,9,4,3,2,27,10,100,1300,28
SIM_COVER_USE,14,52,0,0
SIM,14,1,1,6,53,0,4,7,2,3,27,10,900,200,45
SIM_COVER_USE,14,53,0,0
SIM,14,1,1,6,54,1,4,6,2,2,27,9,300,1000,35
SIM_COVER_USE,14,54,0,0
SIM,14,1,1,6,55,0,1,6,1,2,27,9,1200,400,45
SIM_COVER_USE,14,55,0,0
SIM,14,1,1,6,56,1,4,4,2,2,27,8,100,1200,30
SIM_COVER_USE,14,56,0,0
SIM,14,1,1,6,57,0,3,4,1,2,27,8,1000,1200,45
SIM_COVER_USE,14,57,0,0
SIM,14,1,1,6,58,1,3,3,1,1,27,8,400,2100,39
SIM_COVER_USE,14,58,0,0
SIM,14,1,1,6,59,0,0,6,0,2,27,8,1400,100,45
SIM_COVER_USE,14,59,0,0
SIM,14,1,1,6,60,1,3,4,1,2,27,8,300,900,32
SIM_COVER_USE,14,60,0,0
SIM,14,1,1,6,61,0,0,4,0,2,27,8,1300,300,45
SIM_COVER_USE,14,61,0,0
SIM,14,1,1,6,62,1,0,4,0,2,27,8,400,1100,39
SIM_COVER_USE,14,62,0,0
SIM,14,1,1,6,63,0,0,18,0,2,27,8,1400,500,45
SIM_COVER_USE,14,63,0,0
SIM,14,1,1,6,64,1,3,17,1,1,27,8,300,1400,32
SIM_COVER_USE,14,64,0,0
SIM,14,1,1,6,65,0,0,6,0,2,27,8,1300,300,45
SIM_COVER_USE,14,65,0,0
SIM,14,1,1,6,66,1,0,6,0,2,27,8,400,1100,39
SIM_COVER_USE,14,66,0,0
SIM,14,1,1,6,67,0,0,20,0,2,27,8,1400,500,45
SIM_COVER_USE,14,67,0,0
SIM,14,1,1,6,68,1,3,18,1,2,27,8,300,1300,32
SIM_COVER_USE,14,68,0,0
SIM,14,1,1,6,69,0,0,7,0,3,26,8,1300,200,45
SIM_COVER_USE,14,69,0,0
SIM,14,1,1,6,70,1,0,7,0,3,26,8,400,900,39
SIM_COVER_USE,14,70,0,0
SIM,14,1,1,6,71,0,0,7,0,3,23,8,1400,300,45
SIM_COVER_USE,14,71,0,0
SIM,14,1,1,6,72,1,3,6,1,2,23,8,300,1100,32
SIM_COVER_USE,14,72,0,0
SIM,14,1,1,6,73,0,3,6,1,2,22,8,1200,1100,45
SIM_COVER_USE,14,73,0,0
SIM,14,1,1,6,74,1,3,4,1,2,22,8,300,1900,35
SIM_COVER_USE,14,74,0,0
SIM,14,1,1,6,75,0,3,7,1,3,20,8,1200,200,45
SIM_COVER_USE,14,75,0,0
SIM,14,1,1,6,76,1,6,4,2,2,20,8,100,1000,32
SIM_COVER_USE,14,76,0,0
SIM,14,1,1,6,77,0,6,4,2,2,19,8,900,1000,45
SIM_COVER_USE,14,77,0,0
SIM,14,1,1,6,78,1,6,1,2,1,19,8,300,1900,34
SIM_COVER_USE,14,78,0,0
SIM,14,1,1,6,79,0,3,4,1,2,19,8,1200,200,45
SIM_COVER_USE,14,79,0,0
SIM,14,1,1,6,80,1,6,1,2,1,19,8,100,1100,27
SIM_COVER_USE,14,80,0,0
SIM_END,14,1,1,6,80,0,0
SIM_DONE
SIM_CONFIG,degrade_favoured_pct=50,only_handicap=1,variants=7,plain=false
SIM_TERRAIN,cover_tiles=8,of=120,plain=false,max_rounds=40
SIM,1,0,1,0,1,0,6,0,1,0,40,40,1000,0,30
SIM_COVER_USE,1,1,0,0
SIM,1,0,1,0,2,1,9,0,2,0,40,39,200,1000,19
SIM_COVER_USE,1,2,0,0
SIM,1,0,1,0,3,0,7,3,2,1,40,39,900,200,45
SIM_COVER_USE,1,3,0,0
SIM,1,0,1,0,4,1,7,0,2,0,40,38,300,1200,31
SIM_COVER_USE,1,4,0,0
SIM,1,0,1,0,5,0,7,0,2,0,40,38,1000,300,45
SIM_COVER_USE,1,5,0,0
SIM,1,0,1,0,6,1,10,0,3,0,40,37,200,1300,34
SIM_COVER_USE,1,6,0,0
SIM,1,0,1,0,7,0,9,3,2,1,40,37,900,200,45
SIM_COVER_USE,1,7,0,0
SIM,1,0,1,0,8,1,9,0,2,0,40,37,300,1200,34
SIM_COVER_USE,1,8,0,0
SIM,1,0,1,0,9,0,9,0,2,0,40,37,1000,300,45
SIM_COVER_USE,1,9,0,0
SIM,1,0,1,0,10,1,12,0,3,0,40,35,200,1300,30
SIM_COVER_USE,1,10,0,0
SIM,1,0,1,0,11,0,10,3,3,1,40,35,800,200,45
SIM_COVER_USE,1,11,0,0
SIM,1,0,1,0,12,1,10,3,3,1,40,35,800,1100,41
SIM_COVER_USE,1,12,1,0
SIM,1,0,1,0,13,0,9,3,2,1,40,35,1500,500,45
SIM_COVER_USE,1,13,1,0
SIM,1,0,1,0,14,1,9,0,2,0,40,35,1500,1500,43
SIM_COVER_USE,1,14,1,0
SIM,1,0,1,0,15,0,8,3,2,1,40,35,2200,100,45
SIM_COVER_USE,1,15,1,0
SIM,1,0,1,0,16,1,11,0,3,0,40,34,200,1100,24
SIM_COVER_USE,1,16,1,0
SIM,1,0,1,0,17,0,11,0,3,0,40,34,800,500,45
SIM_COVER_USE,1,17,1,0
SIM,1,0,1,0,18,1,11,0,3,0,40,33,800,1500,43
SIM_COVER_USE,1,18,1,0
SIM,1,0,1,0,19,0,10,3,3,1,40,33,1400,100,45
SIM_COVER_USE,1,19,1,0
SIM,1,0,1,0,20,1,13,0,4,0,40,30,300,1100,19
SIM_COVER_USE,1,20,1,0
SIM,1,0,1,0,21,0,13,0,4,0,40,30,800,500,45
SIM_COVER_USE,1,21,1,0
SIM,1,0,1,0,22,1,13,0,4,0,40,27,500,1500,35
SIM_COVER_USE,1,22,0,0
SIM,1,0,1,0,23,0,11,3,4,1,40,27,1000,100,45
SIM_COVER_USE,1,23,0,0
SIM,1,0,1,0,24,1,11,3,4,1,40,27,1000,1000,43
SIM_COVER_USE,1,24,1,0
SIM,1,0,1,0,25,0,10,3,3,1,40,27,1600,400,45
SIM_COVER_USE,1,25,1,0
SIM,1,0,1,0,26,1,10,0,3,0,40,27,1600,1400,43
SIM_COVER_USE,1,26,1,0
SIM,1,0,1,0,27,0,9,3,3,1,40,27,2200,300,45
SIM_COVER_USE,1,27,1,0
SIM,1,0,1,0,28,1,12,0,4,0,40,24,200,1300,16
SIM_COVER_USE,1,28,1,0
SIM,1,0,1,0,29,0,12,0,4,0,40,24,700,400,45
SIM_COVER_USE,1,29,1,0
SIM,1,0,1,0,30,1,12,0,4,0,40,23,700,1400,43
SIM_COVER_USE,1,30,1,0
SIM,1,0,1,0,31,0,10,3,4,1,40,23,1200,300,45
SIM_COVER_USE,1,31,1,0
SIM,1,0,1,0,32,1,10,0,4,0,40,23,1200,1300,43
SIM_COVER_USE,1,32,1,0
SIM,1,0,1,0,33,0,10,0,4,0,40,23,1700,400,45
SIM_COVER_USE,1,33,1,0
SIM,1,0,1,0,34,1,10,0,4,0,40,22,1700,1400,43
SIM_COVER_USE,1,34,1,0
SIM,1,0,1,0,35,0,9,3,3,1,40,22,2300,300,45
SIM_COVER_USE,1,35,1,0
SIM,1,0,1,0,36,1,9,0,3,0,40,22,2300,1300,43
SIM_COVER_USE,1,36,1,0
SIM,1,0,1,0,37,0,9,0,3,0,40,22,2900,400,45
SIM_COVER_USE,1,37,1,0
SIM,1,0,1,0,38,1,9,0,3,0,40,21,2900,1400,43
SIM_COVER_USE,1,38,1,0
SIM,1,0,1,0,39,0,8,3,3,1,40,21,3500,300,45
SIM_COVER_USE,1,39,1,0
SIM,1,0,1,0,40,1,8,0,3,0,40,21,3500,1300,43
SIM_COVER_USE,1,40,1,0
SIM,1,0,1,0,41,0,8,0,3,0,40,21,4100,400,45
SIM_COVER_USE,1,41,1,0
SIM,1,0,1,0,42,1,8,0,3,0,40,20,4100,1400,43
SIM_COVER_USE,1,42,1,0
SIM,1,0,1,0,43,0,7,3,3,1,40,20,4700,300,45
SIM_COVER_USE,1,43,1,0
SIM,1,0,1,0,44,1,7,0,3,0,40,20,4700,1300,43
SIM_COVER_USE,1,44,1,0
SIM,1,0,1,0,45,0,7,0,3,0,40,20,5300,400,45
SIM_COVER_USE,1,45,1,0
SIM,1,0,1,0,46,1,10,0,4,0,40,17,300,1400,0
SIM_COVER_USE,1,46,0,0
SIM,1,0,1,0,47,0,9,3,3,1,40,17,1000,300,30
SIM_COVER_USE,1,47,0,0
SIM,1,0,1,0,48,1,9,3,3,1,40,14,400,1200,16
SIM_COVER_USE,1,48,0,0
SIM,1,0,1,0,49,0,7,3,3,1,40,14,1100,300,45
SIM_COVER_USE,1,49,0,0
SIM,1,0,1,0,50,1,10,1,4,1,40,11,300,1200,24
SIM_COVER_USE,1,50,1,0
SIM,1,0,1,0,51,0,7,4,3,2,40,11,1000,100,45
SIM_COVER_USE,1,51,1,0
SIM,1,0,1,0,52,1,7,3,3,1,40,11,1000,1000,43
SIM_COVER_USE,1,52,1,0
SIM,1,0,1,0,53,0,6,3,2,1,40,11,1800,400,45
SIM_COVER_USE,1,53,1,0
SIM,1,0,1,0,54,1,6,3,2,1,40,10,1800,1300,43
SIM_COVER_USE,1,54,1,0
SIM,1,0,1,0,55,0,4,6,2,2,40,10,2600,200,45
SIM_COVER_USE,1,55,1,0
SIM,1,0,1,0,56,1,7,3,3,1,40,9,300,1100,12
SIM_COVER_USE,1,56,1,0
SIM,1,0,1,0,57,0,6,3,2,1,40,9,1100,500,42
SIM_COVER_USE,1,57,0,0
SIM,1,0,1,0,58,1,6,3,2,1,40,8,1100,1400,40
SIM_COVER_USE,1,58,0,0
SIM,1,0,1,0,59,0,3,6,1,2,40,8,2000,300,45
SIM_COVER_USE,1,59,0,0
SIM,1,0,1,0,60,1,6,6,2,2,40,6,300,1100,26
SIM_COVER_USE,1,60,0,0
SIM,1,0,1,0,61,0,3,6,1,2,40,6,1200,500,45
SIM_COVER_USE,1,61,0,0
SIM,1,0,1,0,62,1,3,6,1,2,40,5,1200,1300,43
SIM_COVER_USE,1,62,0,0
SIM,1,0,1,0,63,0,0,9,0,3,39,5,2200,200,45
SIM_COVER_USE,1,63,0,0
SIM,1,0,1,0,64,1,14,9,0,3,39,5,1600,900,43
SIM_COVER_USE,1,64,0,0
SIM,1,0,1,0,65,0,14,9,0,3,38,5,2600,300,45
SIM_COVER_USE,1,65,0,0
SIM,1,0,1,0,66,1,0,9,0,3,38,5,2900,1000,45
SIM_COVER_USE,1,66,0,0
SIM,1,0,1,0,67,0,0,12,0,4,34,5,3900,200,45
SIM_COVER_USE,1,67,0,0
SIM,1,0,1,0,68,1,3,12,1,4,34,5,3700,800,44
SIM_COVER_USE,1,68,0,0
SIM,1,0,1,0,69,0,3,12,1,4,30,5,4600,500,45
SIM_COVER_USE,1,69,0,0
SIM,1,0,1,0,70,1,3,10,1,4,30,5,400,1100,15
SIM_COVER_USE,1,70,0,0
SIM,1,0,1,0,71,0,3,10,1,4,26,5,1300,500,45
SIM_COVER_USE,1,71,0,0
SIM,1,0,1,0,72,1,3,9,1,3,26,5,1300,1200,43
SIM_COVER_USE,1,72,0,0
SIM,1,0,1,0,73,0,3,12,1,4,22,5,2200,100,45
SIM_COVER_USE,1,73,0,0
SIM,1,0,1,0,74,1,6,9,2,3,22,5,200,800,28
SIM_COVER_USE,1,74,0,0
SIM,1,0,1,0,75,0,6,9,2,3,19,5,1000,500,45
SIM_COVER_USE,1,75,0,0
SIM,1,0,1,0,76,1,6,6,2,2,19,5,400,1300,29
SIM_COVER_USE,1,76,0,0
SIM,1,0,1,0,77,0,6,9,2,3,17,5,1200,200,45
SIM_COVER_USE,1,77,0,0
SIM,1,0,1,0,78,1,20,9,2,3,17,5,600,900,43
SIM_COVER_USE,1,78,0,0
SIM,1,0,1,0,79,0,20,9,2,3,14,5,1400,300,45
SIM_COVER_USE,1,79,0,0
SIM,1,0,1,0,80,1,9,4,3,2,14,5,300,1100,25
SIM_COVER_USE,1,80,0,0
SIM_END,1,0,1,0,80,0,0
SIM,2,0,1,1,1,0,6,0,1,0,40,40,1000,0,30
SIM_COVER_USE,2,1,0,0
SIM,2,0,1,1,2,1,20,0,1,0,40,40,400,1000,28
SIM_COVER_USE,2,2,0,0
SIM,2,0,1,1,3,0,18,3,1,1,40,40,1200,200,45
SIM_COVER_USE,2,3,0,0
SIM,2,0,1,1,4,1,7,0,2,0,40,39,100,1200,28
SIM_COVER_USE,2,4,0,0
SIM,2,0,1,1,5,0,7,0,2,0,40,39,800,300,45
SIM_COVER_USE,2,5,0,0
SIM,2,0,1,1,6,1,7,0,2,0,40,38,500,1300,31
SIM_COVER_USE,2,6,0,0
SIM,2,0,1,1,7,0,5,3,2,1,40,38,1200,200,45
SIM_COVER_USE,2,7,0,0
SIM,2,0,1,1,8,1,5,3,2,1,40,38,1200,1100,43
SIM_COVER_USE,2,8,0,0
SIM,2,0,1,1,9,0,4,3,1,1,40,38,2000,500,45
SIM_COVER_USE,2,9,0,0
SIM,2,0,1,1,10,1,7,0,2,0,40,37,300,1500,26
SIM_COVER_USE,2,10,0,0
SIM,2,0,1,1,11,0,5,3,2,1,40,37,1000,100,45
SIM_COVER_USE,2,11,0,0
SIM,2,0,1,1,12,1,5,0,2,0,40,36,400,1100,37
SIM_COVER_USE,2,12,0,0
SIM,2,0,1,1,13,0,5,0,2,0,40,36,1100,500,45
SIM_COVER_USE,2,13,0,0
SIM,2,0,1,1,14,1,8,0,3,0,40,35,300,1500,36
SIM_COVER_USE,2,14,0,0
SIM,2,0,1,1,15,0,7,3,2,1,40,35,1000,100,45
SIM_COVER_USE,2,15,0,0
SIM,2,0,1,1,16,1,7,3,2,1,40,35,1000,1000,43
SIM_COVER_USE,2,16,0,0
SIM,2,0,1,1,17,0,5,3,2,1,40,35,1700,400,45
SIM_COVER_USE,2,17,0,0
SIM,2,0,1,1,18,1,8,0,3,0,40,34,300,1400,21
SIM_COVER_USE,2,18,0,0
SIM,2,0,1,1,19,0,6,3,2,1,40,34,1100,300,45
SIM_COVER_USE,2,19,0,0
SIM,2,0,1,1,20,1,6,3,2,1,40,33,1100,1200,43
SIM_COVER_USE,2,20,0,0
SIM,2,0,1,1,21,0,4,3,2,1,40,33,1900,300,45
SIM_COVER_USE,2,21,0,0
SIM,2,0,1,1,22,1,7,1,3,1,40,31,200,1200,23
SIM_COVER_USE,2,22,0,0
SIM,2,0,1,1,23,0,4,4,2,2,40,31,1000,100,45
SIM_COVER_USE,2,23,0,0
SIM,2,0,1,1,24,1,4,1,2,1,40,31,400,1000,37
SIM_COVER_USE,2,24,0,0
SIM,2,0,1,1,25,0,3,1,1,1,40,31,1300,400,45
SIM_COVER_USE,2,25,0,0
SIM,2,0,1,1,26,1,6,0,2,0,40,30,200,1400,28
SIM_COVER_USE,2,26,0,0
SIM,2,0,1,1,27,0,4,3,2,1,40,30,1000,300,45
SIM_COVER_USE,2,27,0,0
SIM,2,0,1,1,28,1,4,1,2,1,40,29,400,1200,37
SIM_COVER_USE,2,28,0,0
SIM,2,0,1,1,29,0,3,1,1,1,40,29,1300,300,45
SIM_COVER_USE,2,29,0,0
SIM,2,0,1,1,30,1,3,0,1,0,40,29,1300,1300,43
SIM_COVER_USE,2,30,0,0
SIM,2,0,1,1,31,0,1,3,1,1,40,29,2200,200,45
SIM_COVER_USE,2,31,0,0
SIM,2,0,1,1,32,1,15,3,1,1,40,29,1600,1100,43
SIM_COVER_USE,2,32,0,0
SIM,2,0,1,1,33,0,14,3,0,1,40,29,2600,500,45
SIM_COVER_USE,2,33,0,0
SIM,2,0,1,1,34,1,0,3,0,1,40,29,2900,1400,45
SIM_COVER_USE,2,34,0,0
SIM,2,0,1,1,35,0,0,6,0,2,39,29,3900,300,45
SIM_COVER_USE,2,35,0,0
SIM,2,0,1,1,36,1,14,6,0,2,39,29,3300,1100,43
SIM_COVER_USE,2,36,0,0
SIM,2,0,1,1,37,0,14,6,0,2,38,29,4300,500,45
SIM_COVER_USE,2,37,0,0
SIM,2,0,1,1,38,1,0,6,0,2,38,29,4600,1300,45
SIM_COVER_USE,2,38,0,0
SIM,2,0,1,1,39,0,0,9,0,3,36,29,5600,200,45
SIM_COVER_USE,2,39,0,0
SIM,2,0,1,1,40,1,3,7,1,3,36,29,300,900,8
SIM_COVER_USE,2,40,0,0
SIM,2,0,1,1,41,0,3,7,1,3,33,29,1200,300,38
SIM_COVER_USE,2,41,0,0
SIM,2,0,1,1,42,1,3,6,1,2,33,29,300,1100,30
SIM_COVER_USE,2,42,0,0
SIM,2,0,1,1,43,0,3,9,1,3,31,29,1200,300,45
SIM_COVER_USE,2,43,0,0
SIM,2,0,1,1,44,1,6,6,2,2,31,29,100,1100,20
SIM_COVER_USE,2,44,0,0
SIM,2,0,1,1,45,0,6,6,2,2,29,29,900,500,45
SIM_COVER_USE,2,45,0,0
SIM,2,0,1,1,46,1,6,3,2,1,29,29,300,1400,37
SIM_COVER_USE,2,46,0,0
SIM,2,0,1,1,47,0,4,6,2,2,28,29,1100,300,45
SIM_COVER_USE,2,47,0,0
SIM,2,0,1,1,48,1,7,1,3,1,28,29,300,1200,28
SIM_COVER_USE,2,48,0,0
SIM,2,0,1,1,49,0,6,1,2,1,28,29,1100,300,45
SIM_COVER_USE,2,49,0,0
SIM,2,0,1,1,50,1,6,0,2,0,28,29,500,1300,37
SIM_COVER_USE,2,50,0,0
SIM,2,0,1,1,51,0,4,3,2,1,28,29,1300,200,45
SIM_COVER_USE,2,51,0,0
SIM,2,0,1,1,52,1,18,3,2,1,28,29,700,1100,43
SIM_COVER_USE,2,52,0,0
SIM,2,0,1,1,53,0,17,3,1,1,28,29,1600,500,45
SIM_COVER_USE,2,53,0,0
SIM,2,0,1,1,54,1,6,0,2,0,28,29,200,1500,26
SIM_COVER_USE,2,54,0,0
SIM,2,0,1,1,55,0,4,3,2,1,28,29,1000,100,45
SIM_COVER_USE,2,55,0,0
SIM,2,0,1,1,56,1,4,0,2,0,28,29,400,1100,35
SIM_COVER_USE,2,56,0,0
SIM,2,0,1,1,57,0,4,0,2,0,28,29,1200,500,45
SIM_COVER_USE,2,57,0,0
SIM,2,0,1,1,58,1,18,0,2,0,28,29,600,1500,43
SIM_COVER_USE,2,58,0,0
SIM,2,0,1,1,59,0,17,3,1,1,28,29,1500,100,45
SIM_COVER_USE,2,59,0,0
SIM,2,0,1,1,60,1,3,3,1,1,28,29,1800,1000,45
SIM_COVER_USE,2,60,0,0
SIM,2,0,1,1,61,0,1,3,1,1,28,29,2700,400,45
SIM_COVER_USE,2,61,0,0
SIM,2,0,1,1,62,1,4,0,2,0,28,29,100,1400,20
SIM_COVER_USE,2,62,0,0
SIM,2,0,1,1,63,0,3,3,1,1,28,29,1000,300,45
SIM_COVER_USE,2,63,0,0
SIM,2,0,1,1,64,1,3,1,1,1,28,29,400,1200,37
SIM_COVER_USE,2,64,0,0
SIM,2,0,1,1,65,0,1,1,1,1,28,29,1300,300,45
SIM_COVER_USE,2,65,0,0
SIM,2,0,1,1,66,1,1,0,1,0,28,29,1300,1300,43
SIM_COVER_USE,2,66,0,0
SIM,2,0,1,1,67,0,0,3,0,1,28,29,2300,200,45
SIM_COVER_USE,2,67,0,0
SIM,2,0,1,1,68,1,3,1,1,1,28,29,300,1100,26
SIM_COVER_USE,2,68,0,0
SIM,2,0,1,1,69,0,1,1,1,1,28,29,1200,500,45
SIM_COVER_USE,2,69,0,0
SIM,2,0,1,1,70,1,1,0,1,0,28,29,1200,1500,43
SIM_COVER_USE,2,70,0,0
SIM,2,0,1,1,71,0,0,3,0,1,28,29,2200,100,45
SIM_COVER_USE,2,71,0,0
SIM,2,0,1,1,72,1,14,3,0,1,28,29,1600,1000,43
SIM_COVER_USE,2,72,0,0
SIM,2,0,1,1,73,0,14,3,0,1,27,29,2600,400,45
SIM_COVER_USE,2,73,0,0
SIM,2,0,1,1,74,1,0,3,0,1,27,29,2900,1300,45
SIM_COVER_USE,2,74,0,0
SIM,2,0,1,1,75,0,0,6,0,2,26,29,3900,200,45
SIM_COVER_USE,2,75,0,0
SIM,2,0,1,1,76,1,3,4,1,2,26,29,100,1000,16
SIM_COVER_USE,2,76,0,0
SIM,2,0,1,1,77,0,1,4,1,2,25,29,1000,400,45
SIM_COVER_USE,2,77,0,0
SIM,2,0,1,1,78,1,1,3,1,1,25,29,400,1300,39
SIM_COVER_USE,2,78,0,0
SIM,2,0,1,1,79,0,0,6,0,2,24,29,1400,200,45
SIM_COVER_USE,2,79,0,0
SIM,2,0,1,1,80,1,14,6,0,2,24,29,800,1000,43
SIM_COVER_USE,2,80,0,0
SIM_END,2,0,1,1,80,1,0
SIM,3,0,1,2,1,0,6,0,1,0,40,40,1000,0,30
SIM_COVER_USE,3,1,0,0
SIM,3,0,1,2,2,1,20,0,1,0,40,40,400,1000,28
SIM_COVER_USE,3,2,0,0
SIM,3,0,1,2,3,0,20,3,1,1,39,40,1200,200,45
SIM_COVER_USE,3,3,0,0
SIM,3,0,1,2,4,1,6,3,1,1,39,40,1500,1100,45
SIM_COVER_USE,3,4,0,0
SIM,3,0,1,2,5,0,6,3,1,1,38,40,2300,500,45
SIM_COVER_USE,3,5,0,0
SIM,3,0,1,2,6,1,6,0,1,0,38,40,2300,1500,43
SIM_COVER_USE,3,6,0,0
SIM,3,0,1,2,7,0,6,3,1,1,37,40,3100,100,45
SIM_COVER_USE,3,7,0,0
SIM,3,0,1,2,8,1,6,0,1,0,37,40,3100,1100,43
SIM_COVER_USE,3,8,0,0
SIM,3,0,1,2,9,0,6,0,1,0,37,40,3900,500,45
SIM_COVER_USE,3,9,0,0
SIM,3,0,1,2,10,1,20,0,1,0,37,40,3300,1500,43
SIM_COVER_USE,3,10,0,0
SIM,3,0,1,2,11,0,20,3,1,1,36,40,4100,100,45
SIM_COVER_USE,3,11,0,0
SIM,3,0,1,2,12,1,6,3,1,1,36,40,4400,1000,45
SIM_COVER_USE,3,12,0,0
SIM,3,0,1,2,13,0,6,3,1,1,35,40,5200,400,45
SIM_COVER_USE,3,13,0,0
SIM,3,0,1,2,14,1,9,0,2,0,35,39,200,1400,4
SIM_COVER_USE,3,14,0,0
SIM,3,0,1,2,15,0,7,3,2,1,35,39,900,300,34
SIM_COVER_USE,3,15,0,0
SIM,3,0,1,2,16,1,7,0,2,0,35,38,300,1300,12
SIM_COVER_USE,3,16,0,0
SIM,3,0,1,2,17,0,7,0,2,0,35,38,1000,400,42
SIM_COVER_USE,3,17,0,0
SIM,3,0,1,2,18,1,10,0,3,0,35,37,200,1400,31
SIM_COVER_USE,3,18,0,0
SIM,3,0,1,2,19,0,9,3,2,1,35,37,900,300,45
SIM_COVER_USE,3,19,0,0
SIM,3,0,1,2,20,1,9,0,2,0,35,37,300,1300,34
SIM_COVER_USE,3,20,0,0
SIM,3,0,1,2,21,0,9,0,2,0,35,37,1000,400,45
SIM_COVER_USE,3,21,0,0
SIM,3,0,1,2,22,1,12,0,3,0,35,35,200,1400,30
SIM_COVER_USE,3,22,0,0
SIM,3,0,1,2,23,0,10,3,3,1,35,35,800,300,45
SIM_COVER_USE,3,23,0,0
SIM,3,0,1,2,24,1,10,3,3,1,35,35,800,1200,41
SIM_COVER_USE,3,24,1,0
SIM,3,0,1,2,25,0,9,3,2,1,35,35,1500,300,45
SIM_COVER_USE,3,25,1,0
SIM,3,0,1,2,26,1,12,0,3,0,35,33,100,1300,21
SIM_COVER_USE,3,26,1,0
SIM,3,0,1,2,27,0,10,3,3,1,35,33,700,200,45
SIM_COVER_USE,3,27,1,0
SIM,3,0,1,2,28,1,10,0,3,0,35,31,400,1200,37
SIM_COVER_USE,3,28,1,0
SIM,3,0,1,2,29,0,10,0,3,0,35,31,1000,300,45
SIM_COVER_USE,3,29,1,0
SIM,3,0,1,2,30,1,13,0,4,0,35,28,200,1300,24
SIM_COVER_USE,3,30,0,0
SIM,3,0,1,2,31,0,12,3,3,1,35,28,800,200,45
SIM_COVER_USE,3,31,0,0
SIM,3,0,1,2,32,1,12,0,3,0,35,26,500,1200,35
SIM_COVER_USE,3,32,0,0
SIM,3,0,1,2,33,0,12,0,3,0,35,26,1100,300,45
SIM_COVER_USE,3,33,0,0
SIM,3,0,1,2,34,1,15,0,4,0,35,23,300,1300,31
SIM_COVER_USE,3,34,0,0
SIM,3,0,1,2,35,0,13,3,4,1,35,23,800,200,45
SIM_COVER_USE,3,35,0,0
SIM,3,0,1,2,36,1,13,0,4,0,35,20,500,1200,29
SIM_COVER_USE,3,36,0,0
SIM,3,0,1,2,37,0,13,0,4,0,35,20,1000,1200,45
SIM_COVER_USE,3,37,0,0
SIM,3,0,1,2,38,1,13,0,4,0,35,19,1000,2200,43
SIM_COVER_USE,3,38,0,0
SIM,3,0,1,2,39,0,11,3,4,1,35,19,1500,500,45
SIM_COVER_USE,3,39,0,0
SIM,3,0,1,2,40,1,11,0,4,0,35,16,300,1500,29
SIM_COVER_USE,3,40,0,0
SIM,3,0,1,2,41,0,11,0,4,0,35,16,800,1500,45
SIM_COVER_USE,3,41,0,0
SIM,3,0,1,2,42,1,11,0,4,0,35,15,800,2500,43
SIM_COVER_USE,3,42,0,0
SIM,3,0,1,2,43,0,9,3,3,1,35,15,1500,500,45
SIM_COVER_USE,3,43,0,0
SIM,3,0,1,2,44,1,12,3,4,1,35,11,100,1400,20
SIM_COVER_USE,3,44,0,0
SIM,3,0,1,2,45,0,10,3,4,1,35,11,700,500,45
SIM_COVER_USE,3,45,0,0
SIM,3,0,1,2,46,1,10,3,4,1,35,7,400,1400,35
SIM_COVER_USE,3,46,0,0
SIM,3,0,1,2,47,0,7,6,3,2,35,7,1100,300,45
SIM_COVER_USE,3,47,0,0
SIM,3,0,1,2,48,1,10,4,4,2,35,4,300,1100,28
SIM_COVER_USE,3,48,0,0
SIM,3,0,1,2,49,0,7,4,3,2,35,4,1000,500,45
SIM_COVER_USE,3,49,0,0
SIM,3,0,1,2,50,1,7,3,3,1,35,2,400,1400,35
SIM_COVER_USE,3,50,0,0
SIM,3,0,1,2,51,0,4,6,2,2,35,2,1200,300,45
SIM_COVER_USE,3,51,0,0
SIM,3,0,1,2,52,1,4,6,2,2,35,1,1200,1100,43
SIM_COVER_USE,3,52,0,0
SIM,3,0,1,2,53,0,1,6,1,2,35,1,2100,500,45
SIM_COVER_USE,3,53,0,0
SIM_END,3,0,1,2,53,0,0
SIM,4,0,1,3,1,0,6,0,1,0,40,40,1000,0,30
SIM_COVER_USE,4,1,1,0
SIM,4,0,1,3,2,1,9,0,2,0,40,39,200,1000,19
SIM_COVER_USE,4,2,1,0
SIM,4,0,1,3,3,0,7,3,2,1,40,39,900,200,45
SIM_COVER_USE,4,3,1,0
SIM,4,0,1,3,4,1,7,3,2,1,40,39,900,1100,35
SIM_COVER_USE,4,4,0,0
SIM,4,0,1,3,5,0,6,3,1,1,40,39,1700,500,45
SIM_COVER_USE,4,5,0,0
SIM,4,0,1,3,6,1,6,0,1,0,40,39,1700,1500,43
SIM_COVER_USE,4,6,0,0
SIM,4,0,1,3,7,0,4,3,1,1,40,39,2500,100,45
SIM_COVER_USE,4,7,0,0
SIM,4,0,1,3,8,1,7,0,2,0,40,38,200,1100,22
SIM_COVER_USE,4,8,0,0
SIM,4,0,1,3,9,0,7,0,2,0,40,38,900,500,45
SIM_COVER_USE,4,9,0,0
SIM,4,0,1,3,10,1,7,0,2,0,40,37,900,1500,43
SIM_COVER_USE,4,10,0,0
SIM,4,0,1,3,11,0,5,3,2,1,40,37,1600,100,45
SIM_COVER_USE,4,11,0,0
SIM,4,0,1,3,12,1,8,0,3,0,40,36,200,1100,29
SIM_COVER_USE,4,12,0,0
SIM,4,0,1,3,13,0,8,0,3,0,40,36,800,500,45
SIM_COVER_USE,4,13,0,0
SIM,4,0,1,3,14,1,8,0,3,0,40,35,800,1500,43
SIM_COVER_USE,4,14,0,0
SIM,4,0,1,3,15,0,7,3,2,1,40,35,1500,100,45
SIM_COVER_USE,4,15,0,0
SIM,4,0,1,3,16,1,7,0,2,0,40,35,1500,1100,43
SIM_COVER_USE,4,16,0,0
SIM,4,0,1,3,17,0,7,0,2,0,40,35,2200,500,45
SIM_COVER_USE,4,17,0,0
SIM,4,0,1,3,18,1,10,0,3,0,40,34,200,1500,25
SIM_COVER_USE,4,18,0,0
SIM,4,0,1,3,19,0,8,3,3,1,40,34,800,100,45
SIM_COVER_USE,4,19,0,0
SIM,4,0,1,3,20,1,8,3,3,1,40,34,800,1000,43
SIM_COVER_USE,4,20,0,0
SIM,4,0,1,3,21,0,7,3,2,1,40,34,1500,400,45
SIM_COVER_USE,4,21,0,0
SIM,4,0,1,3,22,1,10,0,3,0,40,32,100,1400,18
SIM_COVER_USE,4,22,0,0
SIM,4,0,1,3,23,0,8,3,3,1,40,32,700,300,45
SIM_COVER_USE,4,23,0,0
SIM,4,0,1,3,24,1,8,3,3,1,40,32,700,1200,43
SIM_COVER_USE,4,24,0,0
SIM,4,0,1,3,25,0,7,3,2,1,40,32,1400,300,45
SIM_COVER_USE,4,25,0,0
SIM,4,0,1,3,26,1,7,0,2,0,40,32,1400,1300,43
SIM_COVER_USE,4,26,0,0
SIM,4,0,1,3,27,0,5,3,2,1,40,32,2100,200,45
SIM_COVER_USE,4,27,0,1
SIM,4,0,1,3,28,1,8,0,3,0,40,31,100,1200,20
SIM_COVER_USE,4,28,0,0
SIM,4,0,1,3,29,0,8,0,3,0,40,31,700,300,45
SIM_COVER_USE,4,29,0,0
SIM,4,0,1,3,30,1,8,0,3,0,40,30,700,1300,43
SIM_COVER_USE,4,30,0,0
SIM,4,0,1,3,31,0,6,3,2,1,40,30,1500,200,45
SIM_COVER_USE,4,31,0,1
SIM,4,0,1,3,32,1,6,3,2,1,40,29,1500,1100,43
SIM_COVER_USE,4,32,0,1
SIM,4,0,1,3,33,0,4,3,2,1,40,29,2300,500,45
SIM_COVER_USE,4,33,0,1
SIM,4,0,1,3,34,1,7,3,3,1,40,27,300,1400,23
SIM_COVER_USE,4,34,1,1
SIM,4,0,1,3,35,0,4,6,2,2,40,27,1100,300,45
SIM_COVER_USE,4,35,1,0
SIM,4,0,1,3,36,1,4,4,2,2,40,26,500,1100,35
SIM_COVER_USE,4,36,0,0
SIM,4,0,1,3,37,0,1,4,1,2,40,26,1400,500,45
SIM_COVER_USE,4,37,0,0
SIM,4,0,1,3,38,1,1,3,1,1,40,26,1400,1400,43
SIM_COVER_USE,4,38,0,0
SIM,4,0,1,3,39,0,0,6,0,2,39,26,2400,300,45
SIM_COVER_USE,4,39,0,0
SIM,4,0,1,3,40,1,14,6,0,2,39,26,1800,1100,43
SIM_COVER_USE,4,40,0,0
SIM,4,0,1,3,41,0,14,6,0,2,38,26,2800,500,45
SIM_COVER_USE,4,41,0,0
SIM,4,0,1,3,42,1,3,4,1,2,38,26,200,1300,22
SIM_COVER_USE,4,42,0,0
SIM,4,0,1,3,43,0,0,7,0,3,37,26,1200,200,45
SIM_COVER_USE,4,43,0,1
SIM,4,0,1,3,44,1,0,7,0,3,37,26,300,900,39
SIM_COVER_USE,4,44,0,1
SIM,4,0,1,3,45,0,0,7,0,3,34,26,1300,300,45
SIM_COVER_USE,4,45,0,0
SIM,4,0,1,3,46,1,14,7,0,3,34,26,700,1000,43
SIM_COVER_USE,4,46,0,0
SIM,4,0,1,3,47,0,14,10,0,4,31,26,1700,200,45
SIM_COVER_USE,4,47,0,0
SIM,4,0,1,3,48,1,3,9,1,3,31,26,300,900,30
SIM_COVER_USE,4,48,0,0
SIM,4,0,1,3,49,0,3,9,1,3,28,26,1200,300,45
SIM_COVER_USE,4,49,0,0
SIM,4,0,1,3,50,1,3,7,1,3,28,26,300,1000,37
SIM_COVER_USE,4,50,0,0
SIM,4,0,1,3,51,0,1,10,1,4,25,26,1200,200,45
SIM_COVER_USE,4,51,0,0
SIM,4,0,1,3,52,1,4,7,2,3,25,26,100,900,34
SIM_COVER_USE,4,52,0,0
SIM,4,0,1,3,53,0,3,7,1,3,23,26,1000,300,45
SIM_COVER_USE,4,53,0,0
SIM,4,0,1,3,54,1,3,6,1,2,23,26,1000,1100,43
SIM_COVER_USE,4,54,0,0
SIM,4,0,1,3,55,0,3,9,1,3,21,26,1900,300,45
SIM_COVER_USE,4,55,0,0
SIM,4,0,1,3,56,1,3,9,1,3,21,26,1900,1000,44
SIM_COVER_USE,4,56,1,0
SIM,4,0,1,3,57,0,3,9,1,3,18,26,2800,400,45
SIM_COVER_USE,4,57,1,0
SIM,4,0,1,3,58,1,17,9,1,3,18,26,2200,1100,43
SIM_COVER_USE,4,58,1,0
SIM,4,0,1,3,59,0,17,12,1,4,15,26,3100,300,45
SIM_COVER_USE,4,59,1,0
SIM,4,0,1,3,60,1,3,12,1,4,15,26,3400,900,45
SIM_COVER_USE,4,60,1,0
SIM,4,0,1,3,61,0,3,12,1,4,11,26,4300,300,45
SIM_COVER_USE,4,61,1,0
SIM,4,0,1,3,62,1,6,9,2,3,11,26,200,1000,9
SIM_COVER_USE,4,62,0,0
SIM,4,0,1,3,63,0,4,12,2,4,8,26,1000,200,39
SIM_COVER_USE,4,63,0,0
SIM,4,0,1,3,64,1,4,9,2,3,8,26,400,900,27
SIM_COVER_USE,4,64,0,0
SIM,4,0,1,3,65,0,3,9,1,3,6,26,1300,300,45
SIM_COVER_USE,4,65,0,0
SIM,4,0,1,3,66,1,17,9,1,3,6,26,700,1000,43
SIM_COVER_USE,4,66,0,0
SIM,4,0,1,3,67,0,15,12,1,4,3,26,1600,200,45
SIM_COVER_USE,4,67,0,0
SIM,4,0,1,3,68,1,1,12,1,4,3,26,1900,800,45
SIM_COVER_USE,4,68,0,0
SIM_END,4,0,1,3,68,1,0
SIM,5,0,1,4,1,0,6,0,1,0,40,40,1000,0,30
SIM_COVER_USE,5,1,1,0
SIM,5,0,1,4,2,1,20,0,1,0,40,40,400,1000,28
SIM_COVER_USE,5,2,1,0
SIM,5,0,1,4,3,0,20,3,1,1,40,40,1200,200,45
SIM_COVER_USE,5,3,1,1
SIM,5,0,1,4,4,1,9,0,2,0,40,40,100,1200,28
SIM_COVER_USE,5,4,1,0
SIM,5,0,1,4,5,0,9,0,2,0,40,40,800,300,45
SIM_COVER_USE,5,5,1,0
SIM,5,0,1,4,6,1,23,0,2,0,40,40,200,1300,43
SIM_COVER_USE,5,6,1,0
SIM,5,0,1,4,7,0,21,3,2,1,40,40,900,200,45
SIM_COVER_USE,5,7,1,0
SIM,5,0,1,4,8,1,7,3,2,1,40,40,1200,1100,45
SIM_COVER_USE,5,8,1,0
SIM,5,0,1,4,9,0,6,3,1,1,40,40,2000,500,45
SIM_COVER_USE,5,9,1,0
SIM,5,0,1,4,10,1,9,0,2,0,40,39,300,1500,22
SIM_COVER_USE,5,10,0,0
SIM,5,0,1,4,11,0,7,3,2,1,40,39,1000,100,45
SIM_COVER_USE,5,11,0,0
SIM,5,0,1,4,12,1,7,3,2,1,40,39,1000,1000,35
SIM_COVER_USE,5,12,0,0
SIM,5,0,1,4,13,0,6,3,1,1,40,39,1800,400,45
SIM_COVER_USE,5,13,0,0
SIM,5,0,1,4,14,1,6,0,1,0,40,39,1800,1400,43
SIM_COVER_USE,5,14,0,0
SIM,5,0,1,4,15,0,4,3,1,1,40,39,2600,300,45
SIM_COVER_USE,5,15,0,0
SIM,5,0,1,4,16,1,4,0,1,0,40,39,2600,1300,43
SIM_COVER_USE,5,16,0,0
SIM,5,0,1,4,17,0,4,0,1,0,40,39,3400,400,45
SIM_COVER_USE,5,17,0,0
SIM,5,0,1,4,18,1,7,0,2,0,40,38,200,1400,13
SIM_COVER_USE,5,18,0,0
SIM,5,0,1,4,19,0,5,3,2,1,40,38,900,300,43
SIM_COVER_USE,5,19,0,0
SIM,5,0,1,4,20,1,5,0,2,0,40,38,900,1300,41
SIM_COVER_USE,5,20,0,0
SIM,5,0,1,4,21,0,5,0,2,0,40,38,1600,400,45
SIM_COVER_USE,5,21,0,0
SIM,5,0,1,4,22,1,5,0,2,0,40,37,1600,1400,43
SIM_COVER_USE,5,22,0,0
SIM,5,0,1,4,23,0,3,3,1,1,40,37,2500,300,45
SIM_COVER_USE,5,23,0,0
SIM,5,0,1,4,24,1,17,3,1,1,40,37,1900,1200,43
SIM_COVER_USE,5,24,0,0
SIM,5,0,1,4,25,0,15,3,1,1,40,37,2800,300,45
SIM_COVER_USE,5,25,0,0
SIM,5,0,1,4,26,1,1,3,1,1,40,37,3100,1200,45
SIM_COVER_USE,5,26,0,0
SIM,5,0,1,4,27,0,0,6,0,2,39,37,4100,100,45
SIM_COVER_USE,5,27,0,0
SIM,5,0,1,4,28,1,14,6,0,2,39,37,3500,900,43
SIM_COVER_USE,5,28,0,0
SIM,5,0,1,4,29,0,14,6,0,2,38,37,4500,300,45
SIM_COVER_USE,5,29,0,0
SIM,5,0,1,4,30,1,3,4,1,2,38,37,100,1100,10
SIM_COVER_USE,5,30,0,0
SIM,5,0,1,4,31,0,0,7,0,3,37,37,1100,300,40
SIM_COVER_USE,5,31,0,1
SIM,5,0,1,4,32,1,14,7,0,3,37,37,500,1000,38
SIM_COVER_USE,5,32,0,1
SIM,5,0,1,4,33,0,10,7,0,3,36,37,1500,400,45
SIM_COVER_USE,5,33,0,0
SIM,5,0,1,4,34,1,0,7,0,3,36,37,1800,1100,45
SIM_COVER_USE,5,34,0,0
SIM,5,0,1,4,35,0,0,10,0,4,32,37,2800,300,45
SIM_COVER_USE,5,35,0,0
SIM,5,0,1,4,36,1,3,10,1,4,32,37,2600,900,44
SIM_COVER_USE,5,36,0,0
SIM,5,0,1,4,37,0,3,10,1,4,28,37,3500,300,45
SIM_COVER_USE,5,37,0,0
SIM,5,0,1,4,38,1,3,9,1,3,28,37,500,1000,21
SIM_COVER_USE,5,38,0,0
SIM,5,0,1,4,39,0,1,12,1,4,25,37,1400,200,45
SIM_COVER_USE,5,39,0,0
SIM,5,0,1,4,40,1,15,12,1,4,25,37,800,800,43
SIM_COVER_USE,5,40,0,0
SIM,5,0,1,4,41,0,14,12,0,4,22,37,1800,500,45
SIM_COVER_USE,5,41,0,0
SIM,5,0,1,4,42,1,0,12,0,4,22,37,2100,1100,45
SIM_COVER_USE,5,42,0,0
SIM,5,0,1,4,43,0,0,12,0,4,18,37,3100,500,45
SIM_COVER_USE,5,43,0,0
SIM,5,0,1,4,44,1,3,12,1,4,18,37,2900,1100,44
SIM_COVER_USE,5,44,0,0
SIM,5,0,1,4,45,0,3,12,1,4,14,37,3800,500,45
SIM_COVER_USE,5,45,0,0
SIM,5,0,1,4,46,1,3,10,1,4,14,37,500,1100,21
SIM_COVER_USE,5,46,0,0
SIM,5,0,1,4,47,0,3,10,1,4,10,37,1400,500,45
SIM_COVER_USE,5,47,0,0
SIM,5,0,1,4,48,1,3,9,1,3,10,37,1400,1200,43
SIM_COVER_USE,5,48,0,0
SIM,5,0,1,4,49,0,3,12,1,4,6,37,2300,100,45
SIM_COVER_USE,5,49,0,0
SIM,5,0,1,4,50,1,6,9,2,3,6,37,300,800,28
SIM_COVER_USE,5,50,0,0
SIM,5,0,1,4,51,0,6,9,2,3,3,37,1100,500,45
SIM_COVER_USE,5,51,0,0
SIM,5,0,1,4,52,1,6,6,2,2,3,37,500,1300,29
SIM_COVER_USE,5,52,0,0
SIM_END,5,0,1,4,52,1,0
SIM,6,0,1,5,1,0,6,0,1,0,40,40,1000,0,30
SIM_COVER_USE,6,1,0,0
SIM,6,0,1,5,2,1,20,0,1,0,40,40,400,1000,28
SIM_COVER_USE,6,2,0,0
SIM,6,0,1,5,3,0,20,3,1,1,39,40,1200,200,45
SIM_COVER_USE,6,3,0,0
SIM,6,0,1,5,4,1,6,3,1,1,39,40,1500,1100,45
SIM_COVER_USE,6,4,0,0
SIM,6,0,1,5,5,0,6,3,1,1,38,40,2300,500,45
SIM_COVER_USE,6,5,0,0
SIM,6,0,1,5,6,1,6,3,1,1,38,40,2300,1400,43
SIM_COVER_USE,6,6,1,0
SIM,6,0,1,5,7,0,6,6,1,2,37,40,3100,300,45
SIM_COVER_USE,6,7,1,1
SIM,6,0,1,5,8,1,9,3,2,1,37,40,200,1200,24
SIM_COVER_USE,6,8,1,1
SIM,6,0,1,5,9,0,9,3,2,1,36,40,900,300,45
SIM_COVER_USE,6,9,1,0
SIM,6,0,1,5,10,1,9,0,2,0,36,40,900,1300,43
SIM_COVER_USE,6,10,1,0
SIM,6,0,1,5,11,0,9,3,2,1,36,40,1600,200,45
SIM_COVER_USE,6,11,1,1
SIM,6,0,1,5,12,1,12,0,3,0,36,39,200,1200,24
SIM_COVER_USE,6,12,1,0
SIM,6,0,1,5,13,0,12,0,3,0,36,39,800,300,45
SIM_COVER_USE,6,13,1,0
SIM,6,0,1,5,14,1,12,0,3,0,36,38,500,1300,41
SIM_COVER_USE,6,14,1,0
SIM,6,0,1,5,15,0,10,3,3,1,36,38,1100,200,45
SIM_COVER_USE,6,15,1,0
SIM,6,0,1,5,16,1,13,0,4,0,36,35,300,1200,6
SIM_COVER_USE,6,16,0,0
SIM,6,0,1,5,17,0,13,0,4,0,36,35,800,300,36
SIM_COVER_USE,6,17,0,0
SIM,6,0,1,5,18,1,13,0,4,0,36,32,500,1300,24
SIM_COVER_USE,6,18,0,0
SIM,6,0,1,5,19,0,12,3,3,1,36,32,1100,200,45
SIM_COVER_USE,6,19,0,0
SIM,6,0,1,5,20,1,12,3,3,1,36,32,1100,1100,43
SIM_COVER_USE,6,20,0,0
SIM,6,0,1,5,21,0,10,3,3,1,36,32,1700,500,45
SIM_COVER_USE,6,21,0,0
SIM,6,0,1,5,22,1,10,0,3,0,36,32,1700,1500,43
SIM_COVER_USE,6,22,0,0
SIM,6,0,1,5,23,0,9,3,2,1,36,32,2400,100,45
SIM_COVER_USE,6,23,0,0
SIM,6,0,1,5,24,1,9,3,2,1,36,32,2400,1000,41
SIM_COVER_USE,6,24,0,0
SIM,6,0,1,5,25,0,7,3,2,1,36,32,3100,400,45
SIM_COVER_USE,6,25,0,0
SIM,6,0,1,5,26,1,10,0,3,0,36,30,200,1400,16
SIM_COVER_USE,6,26,0,0
SIM,6,0,1,5,27,0,8,3,3,1,36,30,800,300,45
SIM_COVER_USE,6,27,0,0
SIM,6,0,1,5,28,1,8,0,3,0,36,30,800,1300,43
SIM_COVER_USE,6,28,0,0
SIM,6,0,1,5,29,0,8,0,3,0,36,30,1400,400,45
SIM_COVER_USE,6,29,0,0
SIM,6,0,1,5,30,1,11,0,4,0,36,27,300,1400,29
SIM_COVER_USE,6,30,0,0
SIM,6,0,1,5,31,0,9,3,3,1,36,27,1000,300,45
SIM_COVER_USE,6,31,0,0
SIM,6,0,1,5,32,1,9,3,3,1,36,24,400,1200,32
SIM_COVER_USE,6,32,0,0
SIM,6,0,1,5,33,0,7,3,3,1,36,24,1100,300,45
SIM_COVER_USE,6,33,0,0
SIM,6,0,1,5,34,1,7,3,3,1,36,23,1100,1200,43
SIM_COVER_USE,6,34,0,0
SIM,6,0,1,5,35,0,4,6,2,2,36,23,1900,100,45
SIM_COVER_USE,6,35,0,0
SIM,6,0,1,5,36,1,4,6,2,2,36,22,1900,900,43
SIM_COVER_USE,6,36,0,0
SIM,6,0,1,5,37,0,1,6,1,2,36,22,2800,300,45
SIM_COVER_USE,6,37,0,0
SIM,6,0,1,5,38,1,4,4,2,2,36,21,200,1100,20
SIM_COVER_USE,6,38,0,0
SIM,6,0,1,5,39,0,0,7,0,3,36,21,1200,300,45
SIM_COVER_USE,6,39,0,0
SIM,6,0,1,5,40,1,0,7,0,3,36,21,300,1000,39
SIM_COVER_USE,6,40,0,0
SIM,6,0,1,5,41,0,0,7,0,3,36,21,1300,400,45
SIM_COVER_USE,6,41,0,0
SIM,6,0,1,5,42,1,14,7,0,3,36,21,700,1100,43
SIM_COVER_USE,6,42,0,0
SIM,6,0,1,5,43,0,12,10,0,4,34,21,1700,300,45
SIM_COVER_USE,6,43,0,0
SIM,6,0,1,5,44,1,3,9,1,3,34,21,300,1000,20
SIM_COVER_USE,6,44,0,0
SIM,6,0,1,5,45,0,1,9,1,3,32,21,1200,400,45
SIM_COVER_USE,6,45,0,0
SIM,6,0,1,5,46,1,15,9,1,3,32,21,600,1100,43
SIM_COVER_USE,6,46,0,0
SIM,6,0,1,5,47,0,12,12,0,4,31,21,1600,300,45
SIM_COVER_USE,6,47,0,0
SIM,6,0,1,5,48,1,3,10,1,4,31,21,200,900,31
SIM_COVER_USE,6,48,0,0
SIM,6,0,1,5,49,0,0,10,0,4,29,21,1200,300,45
SIM_COVER_USE,6,49,0,0
SIM,6,0,1,5,50,1,14,10,0,4,29,21,600,900,43
SIM_COVER_USE,6,50,0,0
SIM,6,0,1,5,51,0,10,10,0,4,27,21,1600,300,45
SIM_COVER_USE,6,51,0,0
SIM,6,0,1,5,52,1,0,10,0,4,27,21,1900,900,45
SIM_COVER_USE,6,52,0,0
SIM,6,0,1,5,53,0,0,10,0,4,23,21,2900,300,45
SIM_COVER_USE,6,53,0,0
SIM,6,0,1,5,54,1,3,9,1,3,23,21,300,1000,26
SIM_COVER_USE,6,54,0,0
SIM,6,0,1,5,55,0,3,12,1,4,19,21,1200,200,45
SIM_COVER_USE,6,55,0,0
SIM,6,0,1,5,56,1,3,10,1,4,19,21,300,800,37
SIM_COVER_USE,6,56,0,0
SIM,6,0,1,5,57,0,3,10,1,4,15,21,1200,500,45
SIM_COVER_USE,6,57,0,0
SIM,6,0,1,5,58,1,3,9,1,3,15,21,1200,1200,43
SIM_COVER_USE,6,58,0,0
SIM,6,0,1,5,59,0,3,12,1,4,11,21,2100,100,45
SIM_COVER_USE,6,59,0,0
SIM,6,0,1,5,60,1,17,12,1,4,11,21,1500,700,43
SIM_COVER_USE,6,60,0,0
SIM,6,0,1,5,61,0,17,12,1,4,7,21,2400,400,45
SIM_COVER_USE,6,61,0,0
SIM,6,0,1,5,62,1,3,12,1,4,7,21,2700,1000,45
SIM_COVER_USE,6,62,0,0
SIM,6,0,1,5,63,0,3,12,1,4,3,21,3600,400,45
SIM_COVER_USE,6,63,0,0
SIM,6,0,1,5,64,1,6,9,2,3,3,21,100,1100,18
SIM_COVER_USE,6,64,0,0
SIM_END,6,0,1,5,64,1,0
SIM,7,0,1,6,1,0,6,0,1,0,40,40,1000,0,30
SIM_COVER_USE,7,1,0,0
SIM,7,0,1,6,2,1,20,0,1,0,40,40,400,1000,28
SIM_COVER_USE,7,2,0,0
SIM,7,0,1,6,3,0,20,3,1,1,39,40,1200,200,45
SIM_COVER_USE,7,3,0,0
SIM,7,0,1,6,4,1,6,3,1,1,39,40,1500,1100,45
SIM_COVER_USE,7,4,0,0
SIM,7,0,1,6,5,0,6,3,1,1,38,40,2300,500,45
SIM_COVER_USE,7,5,0,0
SIM,7,0,1,6,6,1,9,0,2,0,38,39,300,1500,22
SIM_COVER_USE,7,6,1,0
SIM,7,0,1,6,7,0,7,3,2,1,38,39,1000,100,45
SIM_COVER_USE,7,7,1,0
SIM,7,0,1,6,8,1,7,0,2,0,38,38,400,1100,19
SIM_COVER_USE,7,8,0,0
SIM,7,0,1,6,9,0,7,0,2,0,38,38,1100,500,45
SIM_COVER_USE,7,9,0,0
SIM,7,0,1,6,10,1,10,0,3,0,38,37,300,1500,34
SIM_COVER_USE,7,10,0,0
SIM,7,0,1,6,11,0,9,3,2,1,38,37,1000,100,45
SIM_COVER_USE,7,11,0,0
SIM,7,0,1,6,12,1,9,0,2,0,38,37,400,1100,34
SIM_COVER_USE,7,12,0,0
SIM,7,0,1,6,13,0,9,0,2,0,38,37,1100,500,45
SIM_COVER_USE,7,13,0,0
SIM,7,0,1,6,14,1,9,0,2,0,38,36,1100,1500,43
SIM_COVER_USE,7,14,0,0
SIM,7,0,1,6,15,0,7,3,2,1,38,36,1800,100,45
SIM_COVER_USE,7,15,0,0
SIM,7,0,1,6,16,1,7,0,2,0,38,36,1800,1100,43
SIM_COVER_USE,7,16,0,0
SIM,7,0,1,6,17,0,7,0,2,0,38,36,2500,500,45
SIM_COVER_USE,7,17,0,0
SIM,7,0,1,6,18,1,10,0,3,0,38,34,200,1500,20
SIM_COVER_USE,7,18,0,0
SIM,7,0,1,6,19,0,8,3,3,1,38,34,800,100,45
SIM_COVER_USE,7,19,0,0
SIM,7,0,1,6,20,1,8,0,3,0,38,32,500,1100,32
SIM_COVER_USE,7,20,1,0
SIM,7,0,1,6,21,0,8,0,3,0,38,32,1100,500,45
SIM_COVER_USE,7,21,1,0
SIM,7,0,1,6,22,1,11,0,4,0,38,29,300,1500,24
SIM_COVER_USE,7,22,0,0
SIM,7,0,1,6,23,0,10,3,3,1,38,29,900,100,45
SIM_COVER_USE,7,23,0,0
SIM,7,0,1,6,24,1,10,3,3,1,38,29,900,1000,43
SIM_COVER_USE,7,24,0,0
SIM,7,0,1,6,25,0,8,3,3,1,38,29,1500,400,45
SIM_COVER_USE,7,25,0,0
SIM,7,0,1,6,26,1,8,0,3,0,38,29,1500,1400,43
SIM_COVER_USE,7,26,0,0
SIM,7,0,1,6,27,0,6,3,2,1,38,29,2300,300,45
SIM_COVER_USE,7,27,0,0
SIM,7,0,1,6,28,1,9,3,3,1,38,27,300,1200,25
SIM_COVER_USE,7,28,0,0
SIM,7,0,1,6,29,0,7,3,3,1,38,27,1000,300,45
SIM_COVER_USE,7,29,0,0
SIM,7,0,1,6,30,1,7,1,3,1,38,25,400,1200,34
SIM_COVER_USE,7,30,0,0
SIM,7,0,1,6,31,0,4,4,2,2,38,25,1200,100,45
SIM_COVER_USE,7,31,0,0
SIM,7,0,1,6,32,1,7,1,3,1,38,24,100,1000,28
SIM_COVER_USE,7,32,1,0
SIM,7,0,1,6,33,0,6,1,2,1,38,24,900,400,45
SIM_COVER_USE,7,33,1,0
SIM,7,0,1,6,34,1,6,0,2,0,38,23,300,1400,37
SIM_COVER_USE,7,34,1,0
SIM,7,0,1,6,35,0,4,3,2,1,38,23,1100,300,45
SIM_COVER_USE,7,35,1,0
SIM,7,0,1,6,36,1,7,1,3,1,38,21,300,1200,26
SIM_COVER_USE,7,36,0,0
SIM,7,0,1,6,37,0,6,1,2,1,38,21,1100,300,45
SIM_COVER_USE,7,37,0,0
SIM,7,0,1,6,38,1,6,0,2,0,38,20,500,1300,33
SIM_COVER_USE,7,38,0,0
SIM,7,0,1,6,39,0,4,3,2,1,38,20,1300,200,45
SIM_COVER_USE,7,39,0,0
SIM,7,0,1,6,40,1,7,3,3,1,38,18,200,1100,31
SIM_COVER_USE,7,40,0,0
SIM,7,0,1,6,41,0,6,3,2,1,38,18,1000,500,45
SIM_COVER_USE,7,41,0,0
SIM,7,0,1,6,42,1,6,3,2,1,38,16,400,1400,34
SIM_COVER_USE,7,42,0,0
SIM,7,0,1,6,43,0,3,6,1,2,38,16,1300,300,45
SIM_COVER_USE,7,43,0,0
SIM,7,0,1,6,44,1,6,4,2,2,38,15,200,1100,30
SIM_COVER_USE,7,44,0,0
SIM,7,0,1,6,45,0,3,4,1,2,38,15,1100,500,45
SIM_COVER_USE,7,45,0,0
SIM,7,0,1,6,46,1,3,3,1,1,38,15,1100,1400,43
SIM_COVER_USE,7,46,0,0
SIM,7,0,1,6,47,0,0,6,0,2,38,15,2100,300,45
SIM_COVER_USE,7,47,0,0
SIM,7,0,1,6,48,1,3,4,1,2,38,15,100,1100,26
SIM_COVER_USE,7,48,0,0
SIM,7,0,1,6,49,0,0,4,0,2,38,15,1100,500,45
SIM_COVER_USE,7,49,0,0
SIM,7,0,1,6,50,1,0,4,0,2,38,15,500,1300,41
SIM_COVER_USE,7,50,0,0
SIM,7,0,1,6,51,0,0,7,0,3,36,15,1500,200,45
SIM_COVER_USE,7,51,0,0
SIM,7,0,1,6,52,1,3,6,1,2,36,15,100,1000,32
SIM_COVER_USE,7,52,0,0
SIM,7,0,1,6,53,0,3,6,1,2,34,15,1000,400,45
SIM_COVER_USE,7,53,0,0
SIM,7,0,1,6,54,1,17,6,1,2,34,15,400,1200,43
SIM_COVER_USE,7,54,0,0
SIM,7,0,1,6,55,0,15,9,1,3,32,15,1300,100,45
SIM_COVER_USE,7,55,0,0
SIM,7,0,1,6,56,1,4,6,2,2,32,15,200,900,30
SIM_COVER_USE,7,56,0,0
SIM,7,0,1,6,57,0,3,6,1,2,31,15,1100,300,45
SIM_COVER_USE,7,57,0,0
SIM,7,0,1,6,58,1,3,4,1,2,31,15,500,1100,37
SIM_COVER_USE,7,58,0,0
SIM,7,0,1,6,59,0,1,7,1,3,29,15,1400,300,45
SIM_COVER_USE,7,59,0,0
SIM,7,0,1,6,60,1,1,6,1,2,29,15,1400,1100,43
SIM_COVER_USE,7,60,0,0
SIM,7,0,1,6,61,0,0,6,0,2,28,15,2400,500,45
SIM_COVER_USE,7,61,0,0
SIM,7,0,1,6,62,1,14,6,0,2,28,15,1800,1300,43
SIM_COVER_USE,7,62,0,0
SIM,7,0,1,6,63,0,14,9,0,3,26,15,2800,200,45
SIM_COVER_USE,7,63,0,0
SIM,7,0,1,6,64,1,3,7,1,3,26,15,200,900,24
SIM_COVER_USE,7,64,0,0
SIM,7,0,1,6,65,0,3,7,1,3,23,15,1100,300,45
SIM_COVER_USE,7,65,0,0
SIM,7,0,1,6,66,1,3,6,1,2,23,15,1100,1100,43
SIM_COVER_USE,7,66,0,0
SIM,7,0,1,6,67,0,3,9,1,3,21,15,2000,300,45
SIM_COVER_USE,7,67,0,0
SIM,7,0,1,6,68,1,6,6,2,2,21,15,300,1100,16
SIM_COVER_USE,7,68,0,0
SIM,7,0,1,6,69,0,6,6,2,2,19,15,1100,500,45
SIM_COVER_USE,7,69,0,0
SIM,7,0,1,6,70,1,20,6,2,2,19,15,500,1300,43
SIM_COVER_USE,7,70,0,0
SIM,7,0,1,6,71,0,20,9,2,3,17,15,1300,200,45
SIM_COVER_USE,7,71,0,1
SIM,7,0,1,6,72,1,6,9,2,3,17,15,1600,900,45
SIM_COVER_USE,7,72,0,1
SIM,7,0,1,6,73,0,4,9,2,3,15,15,2400,300,45
SIM_COVER_USE,7,73,0,0
SIM,7,0,1,6,74,1,18,9,2,3,15,15,1800,1000,43
SIM_COVER_USE,7,74,0,0
SIM,7,0,1,6,75,0,15,12,1,4,13,15,2700,200,45
SIM_COVER_USE,7,75,0,0
SIM,7,0,1,6,76,1,6,9,2,3,13,15,100,900,20
SIM_COVER_USE,7,76,0,0
SIM,7,0,1,6,77,0,4,9,2,3,11,15,900,300,45
SIM_COVER_USE,7,77,0,0
SIM,7,0,1,6,78,1,4,6,2,2,11,15,300,1100,33
SIM_COVER_USE,7,78,0,0
SIM,7,0,1,6,79,0,1,9,1,3,10,15,1200,300,45
SIM_COVER_USE,7,79,0,0
SIM,7,0,1,6,80,1,15,9,1,3,10,15,600,1000,43
SIM_COVER_USE,7,80,0,0
SIM_END,7,0,1,6,80,1,0
SIM,8,1,1,0,1,0,0,6,0,1,40,40,1000,0,30
SIM_COVER_USE,8,1,0,0
SIM,8,1,1,0,2,1,3,4,1,1,40,40,200,800,19
SIM_COVER_USE,8,2,0,0
SIM,8,1,1,0,3,0,0,7,0,2,39,40,1200,300,45
SIM_COVER_USE,8,3,0,0
SIM,8,1,1,0,4,1,0,7,0,2,39,40,300,1000,39
SIM_COVER_USE,8,4,0,0
SIM,8,1,1,0,5,0,0,7,0,2,38,40,1300,400,45
SIM_COVER_USE,8,5,0,0
SIM,8,1,1,0,6,1,3,5,1,2,38,40,200,1100,34
SIM_COVER_USE,8,6,0,0
SIM,8,1,1,0,7,0,3,5,1,2,38,40,1100,1100,45
SIM_COVER_USE,8,7,0,0
SIM,8,1,1,0,8,1,3,4,1,1,38,40,500,1900,39
SIM_COVER_USE,8,8,0,0
SIM,8,1,1,0,9,0,0,7,0,2,37,40,1500,200,45
SIM_COVER_USE,8,9,0,0
SIM,8,1,1,0,10,1,3,5,1,2,37,40,100,900,32
SIM_COVER_USE,8,10,0,0
SIM,8,1,1,0,11,0,0,5,0,2,36,40,1100,300,45
SIM_COVER_USE,8,11,0,0
SIM,8,1,1,0,12,1,0,5,0,2,36,40,500,1000,41
SIM_COVER_USE,8,12,0,0
SIM,8,1,1,0,13,0,0,8,0,3,35,40,1500,200,45
SIM_COVER_USE,8,13,0,0
SIM,8,1,1,0,14,1,3,7,1,2,35,40,100,900,32
SIM_COVER_USE,8,14,0,0
SIM,8,1,1,0,15,0,3,7,1,2,35,40,1000,900,45
SIM_COVER_USE,8,15,0,0
SIM,8,1,1,0,16,1,3,5,1,2,35,40,400,1600,39
SIM_COVER_USE,8,16,0,0
SIM,8,1,1,0,17,0,0,8,0,3,34,40,1400,200,45
SIM_COVER_USE,8,17,0,0
SIM,8,1,1,0,18,1,3,6,1,2,34,40,300,1000,34
SIM_COVER_USE,8,18,0,0
SIM,8,1,1,0,19,0,3,6,1,2,32,40,1200,400,45
SIM_COVER_USE,8,19,0,0
SIM,8,1,1,0,20,1,3,4,1,2,32,40,300,1200,37
SIM_COVER_USE,8,20,0,0
SIM,8,1,1,0,21,0,1,7,1,3,30,40,1200,100,45
SIM_COVER_USE,8,21,0,0
SIM,8,1,1,0,22,1,4,4,2,2,30,40,100,900,34
SIM_COVER_USE,8,22,0,0
SIM,8,1,1,0,23,0,3,4,1,2,29,40,1000,300,45
SIM_COVER_USE,8,23,0,0
SIM,8,1,1,0,24,1,3,3,1,1,29,40,400,1200,39
SIM_COVER_USE,8,24,0,0
SIM,8,1,1,0,25,0,3,3,1,1,28,40,1300,1200,45
SIM_COVER_USE,8,25,0,0
SIM,8,1,1,0,26,1,6,0,2,0,28,40,200,2200,28
SIM_COVER_USE,8,26,0,0
SIM,8,1,1,0,27,0,6,14,2,0,28,40,1000,1600,45
SIM_COVER_USE,8,27,0,0
SIM,8,1,1,0,28,1,6,14,2,0,28,39,400,2600,31
SIM_COVER_USE,8,28,0,0
SIM,8,1,1,0,29,0,4,3,2,1,28,39,1200,300,45
SIM_COVER_USE,8,29,0,0
SIM,8,1,1,0,30,1,7,0,3,0,28,38,100,1300,24
SIM_COVER_USE,8,30,1,0
SIM,8,1,1,0,31,0,7,14,3,0,28,38,800,700,45
SIM_COVER_USE,8,31,1,0
SIM,8,1,1,0,32,1,7,10,3,0,28,37,500,1700,35
SIM_COVER_USE,8,32,0,0
SIM,8,1,1,0,33,0,6,3,2,1,28,37,1300,300,45
SIM_COVER_USE,8,33,0,0
SIM,8,1,1,0,34,1,9,1,3,1,28,35,200,1200,26
SIM_COVER_USE,8,34,0,0
SIM,8,1,1,0,35,0,9,15,3,1,28,35,900,600,45
SIM_COVER_USE,8,35,0,0
SIM,8,1,1,0,36,1,9,14,3,0,28,33,300,1600,31
SIM_COVER_USE,8,36,0,0
SIM,8,1,1,0,37,0,9,0,3,0,28,33,1000,1900,45
SIM_COVER_USE,8,37,0,0
SIM,8,1,1,0,38,1,12,0,4,0,28,30,200,2900,31
SIM_COVER_USE,8,38,0,0
SIM,8,1,1,0,39,0,12,14,4,0,28,30,800,2300,45
SIM_COVER_USE,8,39,0,0
SIM,8,1,1,0,40,1,12,14,4,0,28,27,500,3300,37
SIM_COVER_USE,8,40,0,0
SIM,8,1,1,0,41,0,12,0,4,0,28,27,1100,3600,45
SIM_COVER_USE,8,41,0,0
SIM,8,1,1,0,42,1,12,0,4,0,28,23,500,4600,27
SIM_COVER_USE,8,42,0,0
SIM,8,1,1,0,43,0,10,3,4,1,28,23,1100,500,45
SIM_COVER_USE,8,43,0,0
SIM,8,1,1,0,44,1,10,3,4,1,28,19,500,1400,33
SIM_COVER_USE,8,44,0,0
SIM,8,1,1,0,45,0,9,3,3,1,28,19,1200,1400,45
SIM_COVER_USE,8,45,0,0
SIM,8,1,1,0,46,1,12,3,4,1,28,15,100,2300,22
SIM_COVER_USE,8,46,0,0
SIM,8,1,1,0,47,0,12,17,4,1,28,15,700,1700,45
SIM_COVER_USE,8,47,0,0
SIM,8,1,1,0,48,1,12,17,4,1,28,11,400,2600,35
SIM_COVER_USE,8,48,0,0
SIM,8,1,1,0,49,0,12,3,4,1,28,11,1000,2900,45
SIM_COVER_USE,8,49,0,0
SIM,8,1,1,0,50,1,12,3,4,1,28,7,400,3800,33
SIM_COVER_USE,8,50,0,0
SIM,8,1,1,0,51,0,12,17,4,1,28,7,1000,3200,45
SIM_COVER_USE,8,51,0,0
SIM,8,1,1,0,52,1,12,17,4,1,28,3,400,4100,33
SIM_COVER_USE,8,52,0,0
SIM,8,1,1,0,53,0,12,3,4,1,28,3,1000,4400,45
SIM_COVER_USE,8,53,0,0
SIM_END,8,1,1,0,53,0,0
SIM,9,1,1,1,1,0,0,6,0,1,40,40,1000,0,30
SIM_COVER_USE,9,1,0,0
SIM,9,1,1,1,2,1,3,4,1,1,40,40,200,800,19
SIM_COVER_USE,9,2,0,0
SIM,9,1,1,1,3,0,0,4,0,1,40,40,1200,800,45
SIM_COVER_USE,9,3,0,0
SIM,9,1,1,1,4,1,0,4,0,1,40,40,300,1600,39
SIM_COVER_USE,9,4,0,0
SIM,9,1,1,1,5,0,0,7,0,2,39,40,1300,200,45
SIM_COVER_USE,9,5,0,0
SIM,9,1,1,1,6,1,3,5,1,2,39,40,200,900,34
SIM_COVER_USE,9,6,0,0
SIM,9,1,1,1,7,0,3,5,1,2,39,40,1100,900,45
SIM_COVER_USE,9,7,0,0
SIM,9,1,1,1,8,1,3,4,1,1,39,40,500,1700,39
SIM_COVER_USE,9,8,0,0
SIM,9,1,1,1,9,0,0,7,0,2,38,40,1500,300,45
SIM_COVER_USE,9,9,0,0
SIM,9,1,1,1,10,1,3,5,1,2,38,40,100,1000,32
SIM_COVER_USE,9,10,0,0
SIM,9,1,1,1,11,0,0,5,0,2,37,40,1100,400,45
SIM_COVER_USE,9,11,0,0
SIM,9,1,1,1,12,1,0,5,0,2,37,40,500,1100,41
SIM_COVER_USE,9,12,0,0
SIM,9,1,1,1,13,0,0,5,0,2,36,40,1500,1100,45
SIM_COVER_USE,9,13,0,0
SIM,9,1,1,1,14,1,3,3,1,1,36,40,100,2000,32
SIM_COVER_USE,9,14,0,0
SIM,9,1,1,1,15,0,1,6,1,2,35,40,1000,300,45
SIM_COVER_USE,9,15,0,0
SIM,9,1,1,1,16,1,1,4,1,2,35,40,400,1100,39
SIM_COVER_USE,9,16,0,0
SIM,9,1,1,1,17,0,0,4,0,2,35,40,1400,1100,45
SIM_COVER_USE,9,17,0,0
SIM,9,1,1,1,18,1,3,3,1,1,35,40,300,2000,34
SIM_COVER_USE,9,18,0,0
SIM,9,1,1,1,19,0,3,3,1,1,34,40,1200,2000,45
SIM_COVER_USE,9,19,0,0
SIM,9,1,1,1,20,1,3,1,1,1,34,40,300,2900,37
SIM_COVER_USE,9,20,0,0
SIM,9,1,1,1,21,0,3,1,1,1,33,40,1200,2900,45
SIM_COVER_USE,9,21,0,0
SIM,9,1,1,1,22,1,6,0,2,0,33,39,100,3900,30
SIM_COVER_USE,9,22,0,0
SIM,9,1,1,1,23,0,6,14,2,0,33,39,900,3300,45
SIM_COVER_USE,9,23,0,0
SIM,9,1,1,1,24,1,6,14,2,0,33,38,300,4300,35
SIM_COVER_USE,9,24,0,0
SIM,9,1,1,1,25,0,6,0,2,0,33,38,1100,4600,45
SIM_COVER_USE,9,25,0,0
SIM,9,1,1,1,26,1,9,0,3,0,33,36,300,5600,29
SIM_COVER_USE,9,26,0,0
SIM,9,1,1,1,27,0,9,14,3,0,33,36,1000,5000,45
SIM_COVER_USE,9,27,0,0
SIM,9,1,1,1,28,1,9,14,3,0,33,33,400,6000,32
SIM_COVER_USE,9,28,0,0
SIM,9,1,1,1,29,0,9,0,3,0,33,33,1100,6300,45
SIM_COVER_USE,9,29,0,0
SIM,9,1,1,1,30,1,12,0,4,0,33,30,300,7300,31
SIM_COVER_USE,9,30,0,0
SIM,9,1,1,1,31,0,12,14,4,0,33,30,900,6700,45
SIM_COVER_USE,9,31,0,0
SIM,9,1,1,1,32,1,12,14,4,0,33,27,300,7700,35
SIM_COVER_USE,9,32,0,0
SIM,9,1,1,1,33,0,12,3,4,1,33,27,900,1200,45
SIM_COVER_USE,9,33,0,0
SIM,9,1,1,1,34,1,12,1,4,1,33,24,300,2100,30
SIM_COVER_USE,9,34,1,0
SIM,9,1,1,1,35,0,10,1,4,1,33,24,900,300,45
SIM_COVER_USE,9,35,1,0
SIM,9,1,1,1,36,1,10,0,4,0,33,21,300,1300,29
SIM_COVER_USE,9,36,0,0
SIM,9,1,1,1,37,0,10,3,4,1,33,21,900,1100,45
SIM_COVER_USE,9,37,0,0
SIM,9,1,1,1,38,1,10,3,4,1,33,17,300,2000,33
SIM_COVER_USE,9,38,0,0
SIM,9,1,1,1,39,0,9,3,3,1,33,17,1000,500,45
SIM_COVER_USE,9,39,0,0
SIM,9,1,1,1,40,1,12,3,4,1,33,13,200,1400,24
SIM_COVER_USE,9,40,0,0
SIM,9,1,1,1,41,0,9,6,3,2,33,13,900,300,45
SIM_COVER_USE,9,41,0,0
SIM,9,1,1,1,42,1,9,6,3,2,33,10,300,1100,35
SIM_COVER_USE,9,42,0,0
SIM,9,1,1,1,43,0,9,6,3,2,33,10,1000,1100,45
SIM_COVER_USE,9,43,0,1
SIM,9,1,1,1,44,1,12,4,4,2,33,7,200,1900,24
SIM_COVER_USE,9,44,0,1
SIM,9,1,1,1,45,0,7,7,3,3,33,7,900,200,45
SIM_COVER_USE,9,45,0,0
SIM,9,1,1,1,46,1,7,6,3,2,33,5,300,1000,35
SIM_COVER_USE,9,46,0,0
SIM,9,1,1,1,47,0,6,6,2,2,33,5,1100,1000,45
SIM_COVER_USE,9,47,0,0
SIM,9,1,1,1,48,1,9,4,3,2,33,3,300,1800,30
SIM_COVER_USE,9,48,1,0
SIM,9,1,1,1,49,0,9,18,3,2,33,3,1000,1200,45
SIM_COVER_USE,9,49,1,0
SIM,9,1,1,1,50,1,9,17,3,1,33,1,400,2100,35
SIM_COVER_USE,9,50,1,0
SIM,9,1,1,1,51,0,7,6,3,2,32,1,1100,100,45
SIM_COVER_USE,9,51,1,0
SIM_END,9,1,1,1,51,0,0
SIM,10,1,1,2,1,0,0,6,0,1,40,40,1000,0,30
SIM_COVER_USE,10,1,0,0
SIM,10,1,1,2,2,1,3,6,1,1,40,39,200,800,19
SIM_COVER_USE,10,2,0,0
SIM,10,1,1,2,3,0,0,9,0,2,39,39,1200,300,45
SIM_COVER_USE,10,3,0,0
SIM,10,1,1,2,4,1,0,9,0,2,39,39,300,1000,39
SIM_COVER_USE,10,4,0,0
SIM,10,1,1,2,5,0,0,9,0,2,38,39,1300,1000,45
SIM_COVER_USE,10,5,0,0
SIM,10,1,1,2,6,1,3,7,1,2,38,39,200,1700,34
SIM_COVER_USE,10,6,0,0
SIM,10,1,1,2,7,0,3,7,1,2,38,39,1100,1700,45
SIM_COVER_USE,10,7,0,0
SIM,10,1,1,2,8,1,3,6,1,1,38,39,500,2500,39
SIM_COVER_USE,10,8,0,0
SIM,10,1,1,2,9,0,0,9,0,2,37,39,1500,200,45
SIM_COVER_USE,10,9,0,0
SIM,10,1,1,2,10,1,3,7,1,2,37,39,100,900,32
SIM_COVER_USE,10,10,0,0
SIM,10,1,1,2,11,0,0,7,0,2,36,39,1100,300,45
SIM_COVER_USE,10,11,0,0
SIM,10,1,1,2,12,1,0,7,0,2,36,39,500,1000,41
SIM_COVER_USE,10,12,0,0
SIM,10,1,1,2,13,0,0,7,0,2,35,39,1500,1000,45
SIM_COVER_USE,10,13,0,0
SIM,10,1,1,2,14,1,3,6,1,1,35,39,100,1800,32
SIM_COVER_USE,10,14,0,0
SIM,10,1,1,2,15,0,0,9,0,2,34,39,1100,100,45
SIM_COVER_USE,10,15,0,0
SIM,10,1,1,2,16,1,0,9,0,2,34,39,500,800,41
SIM_COVER_USE,10,16,0,0
SIM,10,1,1,2,17,0,0,9,0,2,33,39,1500,800,45
SIM_COVER_USE,10,17,0,0
SIM,10,1,1,2,18,1,3,7,1,2,33,39,100,1500,32
SIM_COVER_USE,10,18,0,0
SIM,10,1,1,2,19,0,0,7,0,2,33,39,1100,1500,45
SIM_COVER_USE,10,19,0,0
SIM,10,1,1,2,20,1,0,7,0,2,33,39,500,2200,41
SIM_COVER_USE,10,20,0,0
SIM,10,1,1,2,21,0,0,7,0,2,32,39,1500,2200,45
SIM_COVER_USE,10,21,0,0
SIM,10,1,1,2,22,1,3,6,1,1,32,39,100,3000,32
SIM_COVER_USE,10,22,0,0
SIM,10,1,1,2,23,0,0,6,0,1,32,39,1100,3000,45
SIM_COVER_USE,10,23,0,0
SIM,10,1,1,2,24,1,0,6,0,1,32,39,500,3800,41
SIM_COVER_USE,10,24,0,0
SIM,10,1,1,2,25,0,0,9,0,2,31,39,1500,300,45
SIM_COVER_USE,10,25,0,0
SIM,10,1,1,2,26,1,3,7,1,2,31,39,100,1000,32
SIM_COVER_USE,10,26,0,0
SIM,10,1,1,2,27,0,0,7,0,2,30,39,1100,400,45
SIM_COVER_USE,10,27,0,0
SIM,10,1,1,2,28,1,0,7,0,2,30,39,500,1100,41
SIM_COVER_USE,10,28,0,0
SIM,10,1,1,2,29,0,0,7,0,2,29,39,1500,1100,45
SIM_COVER_USE,10,29,0,0
SIM,10,1,1,2,30,1,3,5,1,2,29,39,100,1800,34
SIM_COVER_USE,10,30,0,0
SIM,10,1,1,2,31,0,3,5,1,2,29,39,1000,1800,45
SIM_COVER_USE,10,31,0,1
SIM,10,1,1,2,32,1,3,4,1,1,29,39,400,2600,39
SIM_COVER_USE,10,32,0,1
SIM,10,1,1,2,33,0,0,4,0,1,29,39,1400,2600,45
SIM_COVER_USE,10,33,0,1
SIM,10,1,1,2,34,1,3,3,1,1,29,39,300,3400,36
SIM_COVER_USE,10,34,0,1
SIM,10,1,1,2,35,0,0,6,0,2,28,39,1300,200,45
SIM_COVER_USE,10,35,0,1
SIM,10,1,1,2,36,1,0,6,0,2,28,39,400,900,39
SIM_COVER_USE,10,36,0,1
SIM,10,1,1,2,37,0,0,6,0,2,27,39,1400,900,45
SIM_COVER_USE,10,37,0,1
SIM,10,1,1,2,38,1,3,5,1,2,27,39,300,1600,36
SIM_COVER_USE,10,38,0,1
SIM,10,1,1,2,39,0,0,5,0,2,27,39,1300,1600,45
SIM_COVER_USE,10,39,0,1
SIM,10,1,1,2,40,1,0,5,0,2,27,39,400,2300,39
SIM_COVER_USE,10,40,0,1
SIM,10,1,1,2,41,0,0,8,0,3,25,39,1400,300,45
SIM_COVER_USE,10,41,0,0
SIM,10,1,1,2,42,1,3,6,1,2,25,39,300,1100,36
SIM_COVER_USE,10,42,0,0
SIM,10,1,1,2,43,0,3,6,1,2,23,39,1200,500,45
SIM_COVER_USE,10,43,0,0
SIM,10,1,1,2,44,1,3,4,1,2,23,39,300,1300,37
SIM_COVER_USE,10,44,0,0
SIM,10,1,1,2,45,0,3,7,1,3,21,39,1200,200,45
SIM_COVER_USE,10,45,0,0
SIM,10,1,1,2,46,1,6,4,2,2,21,39,100,1000,30
SIM_COVER_USE,10,46,0,0
SIM,10,1,1,2,47,0,6,4,2,2,20,39,900,1000,45
SIM_COVER_USE,10,47,0,0
SIM,10,1,1,2,48,1,6,1,2,1,20,39,300,1900,34
SIM_COVER_USE,10,48,0,0
SIM,10,1,1,2,49,0,3,4,1,2,20,39,1200,200,45
SIM_COVER_USE,10,49,0,0
SIM,10,1,1,2,50,1,6,1,2,1,20,39,100,1100,30
SIM_COVER_USE,10,50,0,0
SIM,10,1,1,2,51,0,6,15,2,1,20,39,900,500,45
SIM_COVER_USE,10,51,0,0
SIM,10,1,1,2,52,1,6,12,2,0,20,39,300,1500,34
SIM_COVER_USE,10,52,0,0
SIM,10,1,1,2,53,0,4,3,2,1,20,39,1100,100,45
SIM_COVER_USE,10,53,0,1
SIM,10,1,1,2,54,1,7,2,3,1,20,39,300,1000,37
SIM_COVER_USE,10,54,1,1
SIM,10,1,1,2,55,0,6,2,2,1,20,39,1100,400,45
SIM_COVER_USE,10,55,1,1
SIM,10,1,1,2,56,1,6,2,2,1,20,39,500,1300,41
SIM_COVER_USE,10,56,1,1
SIM,10,1,1,2,57,0,3,5,1,2,20,39,1400,200,45
SIM_COVER_USE,10,57,1,0
SIM,10,1,1,2,58,1,6,1,2,1,20,39,300,1100,29
SIM_COVER_USE,10,58,0,0
SIM,10,1,1,2,59,0,4,1,2,1,20,39,1100,500,45
SIM_COVER_USE,10,59,0,0
SIM,10,1,1,2,60,1,4,0,2,0,20,38,500,1500,31
SIM_COVER_USE,10,60,0,0
SIM,10,1,1,2,61,0,3,3,1,1,20,38,1400,100,45
SIM_COVER_USE,10,61,0,0
SIM,10,1,1,2,62,1,6,1,2,1,20,37,300,1000,31
SIM_COVER_USE,10,62,0,0
SIM,10,1,1,2,63,0,6,15,2,1,20,37,1100,400,45
SIM_COVER_USE,10,63,0,0
SIM,10,1,1,2,64,1,6,14,2,0,20,36,500,1400,37
SIM_COVER_USE,10,64,0,0
SIM,10,1,1,2,65,0,6,0,2,0,20,36,1300,1700,45
SIM_COVER_USE,10,65,0,0
SIM,10,1,1,2,66,1,9,0,3,0,20,35,200,2700,32
SIM_COVER_USE,10,66,0,0
SIM,10,1,1,2,67,0,7,3,3,1,20,35,900,100,45
SIM_COVER_USE,10,67,0,0
SIM,10,1,1,2,68,1,7,0,3,0,20,34,300,1100,26
SIM_COVER_USE,10,68,1,0
SIM,10,1,1,2,69,0,7,0,3,0,20,34,1000,500,45
SIM_COVER_USE,10,69,1,0
SIM,10,1,1,2,70,1,10,0,4,0,20,31,200,1500,25
SIM_COVER_USE,10,70,0,0
SIM,10,1,1,2,71,0,10,14,4,0,20,31,800,900,45
SIM_COVER_USE,10,71,0,0
SIM,10,1,1,2,72,1,10,14,4,0,20,28,500,1900,37
SIM_COVER_USE,10,72,0,0
SIM,10,1,1,2,73,0,9,3,3,1,20,28,1200,200,45
SIM_COVER_USE,10,73,0,0
SIM,10,1,1,2,74,1,12,1,4,1,20,25,100,1100,25
SIM_COVER_USE,10,74,0,0
SIM,10,1,1,2,75,0,10,1,4,1,20,25,700,500,45
SIM_COVER_USE,10,75,0,0
SIM,10,1,1,2,76,1,10,0,4,0,20,22,400,1500,27
SIM_COVER_USE,10,76,0,0
SIM,10,1,1,2,77,0,10,3,4,1,20,22,1000,1300,45
SIM_COVER_USE,10,77,0,0
SIM,10,1,1,2,78,1,10,3,4,1,20,18,400,2200,33
SIM_COVER_USE,10,78,0,0
SIM,10,1,1,2,79,0,9,3,3,1,20,18,1100,2200,45
SIM_COVER_USE,10,79,0,0
SIM,10,1,1,2,80,1,12,3,4,1,20,14,300,3100,24
SIM_COVER_USE,10,80,0,0
SIM_END,10,1,1,2,80,0,0
SIM,11,1,1,3,1,0,0,6,0,1,40,40,1000,0,30
SIM_COVER_USE,11,1,0,1
SIM,11,1,1,3,2,1,3,6,1,1,40,40,200,800,21
SIM_COVER_USE,11,2,1,1
SIM,11,1,1,3,3,0,3,20,1,1,40,40,1100,200,45
SIM_COVER_USE,11,3,1,1
SIM,11,1,1,3,4,1,3,20,1,1,40,39,500,1000,35
SIM_COVER_USE,11,4,0,1
SIM,11,1,1,3,5,0,3,6,1,1,40,39,1400,1300,45
SIM_COVER_USE,11,5,0,1
SIM,11,1,1,3,6,1,6,6,2,1,40,38,300,2100,32
SIM_COVER_USE,11,6,1,1
SIM,11,1,1,3,7,0,3,6,1,1,40,38,1200,2100,45
SIM_COVER_USE,11,7,1,1
SIM,11,1,1,3,8,1,3,6,1,1,40,37,300,2900,33
SIM_COVER_USE,11,8,0,1
SIM,11,1,1,3,9,0,0,6,0,1,40,37,1300,2900,45
SIM_COVER_USE,11,9,0,1
SIM,11,1,1,3,10,1,3,6,1,1,40,37,200,3700,34
SIM_COVER_USE,11,10,1,1
SIM,11,1,1,3,11,0,0,9,0,2,40,37,1200,200,45
SIM_COVER_USE,11,11,0,1
SIM,11,1,1,3,12,1,0,9,0,2,40,37,300,900,39
SIM_COVER_USE,11,12,0,1
SIM,11,1,1,3,13,0,0,9,0,2,40,37,1300,300,45
SIM_COVER_USE,11,13,0,1
SIM,11,1,1,3,14,1,3,7,1,2,40,37,200,1000,32
SIM_COVER_USE,11,14,1,1
SIM,11,1,1,3,15,0,3,21,1,2,40,37,1100,400,45
SIM_COVER_USE,11,15,1,1
SIM,11,1,1,3,16,1,3,20,1,1,40,37,500,1200,39
SIM_COVER_USE,11,16,1,1
SIM,11,1,1,3,17,0,3,6,1,1,40,37,1400,1500,45
SIM_COVER_USE,11,17,1,1
SIM,11,1,1,3,18,1,6,6,2,1,40,36,300,2300,28
SIM_COVER_USE,11,18,1,1
SIM,11,1,1,3,19,0,3,6,1,1,40,36,1200,2300,45
SIM_COVER_USE,11,19,1,1
SIM,11,1,1,3,20,1,3,6,1,1,40,35,300,3100,33
SIM_COVER_USE,11,20,0,1
SIM,11,1,1,3,21,0,0,6,0,1,40,35,1300,3100,45
SIM_COVER_USE,11,21,0,1
SIM,11,1,1,3,22,1,3,6,1,1,40,35,200,3900,34
SIM_COVER_USE,11,22,1,1
SIM,11,1,1,3,23,0,3,20,1,1,40,35,1100,3300,45
SIM_COVER_USE,11,23,1,1
SIM,11,1,1,3,24,1,3,20,1,1,40,34,500,4100,35
SIM_COVER_USE,11,24,0,1
SIM,11,1,1,3,25,0,3,6,1,1,40,34,1400,4400,45
SIM_COVER_USE,11,25,0,1
SIM,11,1,1,3,26,1,6,6,2,1,40,33,300,5200,32
SIM_COVER_USE,11,26,1,1
SIM,11,1,1,3,27,0,3,6,1,1,40,33,1200,5200,45
SIM_COVER_USE,11,27,1,1
SIM,11,1,1,3,28,1,3,6,1,1,40,32,300,6000,33
SIM_COVER_USE,11,28,0,1
SIM,11,1,1,3,29,0,0,9,0,2,40,32,1300,100,45
SIM_COVER_USE,11,29,0,1
SIM,11,1,1,3,30,1,3,7,1,2,40,32,200,800,33
SIM_COVER_USE,11,30,0,1
SIM,11,1,1,3,31,0,0,7,0,2,39,32,1200,500,45
SIM_COVER_USE,11,31,0,1
SIM,11,1,1,3,32,1,0,7,0,2,39,32,300,1200,39
SIM_COVER_USE,11,32,0,1
SIM,11,1,1,3,33,0,0,10,0,3,36,32,1300,100,45
SIM_COVER_USE,11,33,0,0
SIM,11,1,1,3,34,1,3,9,1,2,36,32,200,800,34
SIM_COVER_USE,11,34,0,0
SIM,11,1,1,3,35,0,0,9,0,2,36,32,1200,800,45
SIM_COVER_USE,11,35,0,0
SIM,11,1,1,3,36,1,0,9,0,2,36,32,300,1500,39
SIM_COVER_USE,11,36,0,0
SIM,11,1,1,3,37,0,0,9,0,2,35,32,1300,1500,45
SIM_COVER_USE,11,37,0,0
SIM,11,1,1,3,38,1,3,7,1,2,35,32,200,2200,36
SIM_COVER_USE,11,38,0,0
SIM,11,1,1,3,39,0,0,7,0,2,35,32,1200,2200,45
SIM_COVER_USE,11,39,0,0
SIM,11,1,1,3,40,1,0,7,0,2,35,32,300,2900,39
SIM_COVER_USE,11,40,0,0
SIM,11,1,1,3,41,0,0,10,0,3,32,32,1300,300,45
SIM_COVER_USE,11,41,0,0
SIM,11,1,1,3,42,1,3,8,1,3,32,32,200,900,36
SIM_COVER_USE,11,42,0,0
SIM,11,1,1,3,43,0,0,8,0,3,30,32,1200,300,45
SIM_COVER_USE,11,43,0,0
SIM,11,1,1,3,44,1,0,8,0,3,30,32,300,900,39
SIM_COVER_USE,11,44,0,0
SIM,11,1,1,3,45,0,0,11,0,4,27,32,1300,100,45
SIM_COVER_USE,11,45,0,0
SIM,11,1,1,3,46,1,3,9,1,3,27,32,200,800,36
SIM_COVER_USE,11,46,0,0
SIM,11,1,1,3,47,0,3,9,1,3,24,32,1100,500,45
SIM_COVER_USE,11,47,0,0
SIM,11,1,1,3,48,1,3,7,1,3,24,32,500,1200,39
SIM_COVER_USE,11,48,0,0
SIM,11,1,1,3,49,0,1,10,1,4,21,32,1400,100,45
SIM_COVER_USE,11,49,0,1
SIM,11,1,1,3,50,1,4,7,2,3,21,32,300,800,32
SIM_COVER_USE,11,50,0,1
SIM,11,1,1,3,51,0,3,7,1,3,19,32,1200,500,45
SIM_COVER_USE,11,51,0,1
SIM,11,1,1,3,52,1,3,6,1,2,19,32,300,1300,37
SIM_COVER_USE,11,52,0,1
SIM,11,1,1,3,53,0,3,6,1,2,18,32,1200,1300,45
SIM_COVER_USE,11,53,0,1
SIM,11,1,1,3,54,1,6,3,2,1,18,32,100,2200,26
SIM_COVER_USE,11,54,0,1
SIM,11,1,1,3,55,0,6,17,2,1,18,32,900,1600,45
SIM_COVER_USE,11,55,0,1
SIM,11,1,1,3,56,1,6,16,2,1,18,32,300,2500,38
SIM_COVER_USE,11,56,0,1
SIM,11,1,1,3,57,0,3,5,1,2,18,32,1200,200,45
SIM_COVER_USE,11,57,0,1
SIM,11,1,1,3,58,1,6,2,2,1,18,32,100,1100,31
SIM_COVER_USE,11,58,0,1
SIM,11,1,1,3,59,0,6,16,2,1,18,32,900,500,45
SIM_COVER_USE,11,59,0,1
SIM,11,1,1,3,60,1,6,14,2,0,18,32,300,1500,33
SIM_COVER_USE,11,60,0,0
SIM,11,1,1,3,61,0,6,0,2,0,18,32,1100,1800,45
SIM_COVER_USE,11,61,0,0
SIM,11,1,1,3,62,1,9,0,3,0,18,31,300,2800,34
SIM_COVER_USE,11,62,0,0
SIM,11,1,1,3,63,0,9,14,3,0,18,31,1000,2200,45
SIM_COVER_USE,11,63,0,0
SIM,11,1,1,3,64,1,9,14,3,0,18,30,400,3200,31
SIM_COVER_USE,11,64,1,0
SIM,11,1,1,3,65,0,8,3,3,1,18,30,1100,300,45
SIM_COVER_USE,11,65,1,0
SIM,11,1,1,3,66,1,11,0,4,0,18,28,300,1300,22
SIM_COVER_USE,11,66,1,0
SIM,11,1,1,3,67,0,11,14,4,0,18,28,900,700,45
SIM_COVER_USE,11,67,1,0
SIM,11,1,1,3,68,1,11,12,4,0,18,25,300,1700,30
SIM_COVER_USE,11,68,0,0
SIM,11,1,1,3,69,0,11,0,4,0,18,25,900,2000,45
SIM_COVER_USE,11,69,0,0
SIM,11,1,1,3,70,1,11,0,4,0,18,21,300,3000,32
SIM_COVER_USE,11,70,0,0
SIM,11,1,1,3,71,0,9,3,3,1,18,21,1000,400,45
SIM_COVER_USE,11,71,0,0
SIM,11,1,1,3,72,1,12,3,4,1,18,18,200,1300,31
SIM_COVER_USE,11,72,0,0
SIM,11,1,1,3,73,0,10,3,4,1,18,18,800,400,45
SIM_COVER_USE,11,73,0,0
SIM,11,1,1,3,74,1,10,3,4,1,18,14,500,1300,29
SIM_COVER_USE,11,74,0,0
SIM,11,1,1,3,75,0,7,6,3,2,18,14,1200,200,45
SIM_COVER_USE,11,75,0,0
SIM,11,1,1,3,76,1,10,4,4,2,18,11,100,1000,26
SIM_COVER_USE,11,76,0,0
SIM,11,1,1,3,77,0,9,4,3,2,18,11,800,1000,45
SIM_COVER_USE,11,77,0,0
SIM,11,1,1,3,78,1,9,3,3,1,18,9,500,1900,37
SIM_COVER_USE,11,78,0,0
SIM,11,1,1,3,79,0,9,17,3,1,18,9,1200,1300,45
SIM_COVER_USE,11,79,0,0
SIM,11,1,1,3,80,1,12,17,4,1,18,5,100,2200,20
SIM_COVER_USE,11,80,0,0
SIM_END,11,1,1,3,80,0,0
SIM,12,1,1,4,1,0,0,6,0,1,40,40,1000,0,30
SIM_COVER_USE,12,1,0,1
SIM,12,1,1,4,2,1,3,6,1,1,40,40,200,800,21
SIM_COVER_USE,12,2,1,1
SIM,12,1,1,4,3,0,3,20,1,1,40,40,1100,200,45
SIM_COVER_USE,12,3,1,1
SIM,12,1,1,4,4,1,3,20,1,1,40,39,500,1000,35
SIM_COVER_USE,12,4,0,1
SIM,12,1,1,4,5,0,3,6,1,1,40,39,1400,1300,45
SIM_COVER_USE,12,5,0,1
SIM,12,1,1,4,6,1,6,6,2,1,40,38,300,2100,32
SIM_COVER_USE,12,6,1,1
SIM,12,1,1,4,7,0,2,9,1,2,40,38,1200,100,45
SIM_COVER_USE,12,7,1,1
SIM,12,1,1,4,8,1,2,7,1,2,40,38,300,800,37
SIM_COVER_USE,12,8,1,1
SIM,12,1,1,4,9,0,0,7,0,2,40,38,1300,800,45
SIM_COVER_USE,12,9,0,1
SIM,12,1,1,4,10,1,3,6,1,1,40,38,200,1600,32
SIM_COVER_USE,12,10,0,1
SIM,12,1,1,4,11,0,3,6,1,1,40,38,1100,1600,45
SIM_COVER_USE,12,11,0,0
SIM,12,1,1,4,12,1,3,4,1,1,40,38,500,2400,38
SIM_COVER_USE,12,12,0,0
SIM,12,1,1,4,13,0,0,4,0,1,40,38,1500,2400,45
SIM_COVER_USE,12,13,0,0
SIM,12,1,1,4,14,1,3,2,1,1,40,38,100,3200,30
SIM_COVER_USE,12,14,0,0
SIM,12,1,1,4,15,0,0,5,0,2,39,38,1100,300,45
SIM_COVER_USE,12,15,0,0
SIM,12,1,1,4,16,1,0,5,0,2,39,38,500,1000,41
SIM_COVER_USE,12,16,0,0
SIM,12,1,1,4,17,0,0,5,0,2,38,38,1500,400,45
SIM_COVER_USE,12,17,0,0
SIM,12,1,1,4,18,1,3,3,1,1,38,38,100,1300,31
SIM_COVER_USE,12,18,0,0
SIM,12,1,1,4,19,0,3,3,1,1,37,38,1000,1300,45
SIM_COVER_USE,12,19,0,0
SIM,12,1,1,4,20,1,3,1,1,1,37,38,400,2200,38
SIM_COVER_USE,12,20,0,0
SIM,12,1,1,4,21,0,3,1,1,1,36,38,1300,2200,45
SIM_COVER_USE,12,21,0,0
SIM,12,1,1,4,22,1,6,0,2,0,36,37,200,3200,22
SIM_COVER_USE,12,22,0,0
SIM,12,1,1,4,23,0,4,3,2,1,36,37,1000,300,45
SIM_COVER_USE,12,23,0,0
SIM,12,1,1,4,24,1,4,1,2,1,36,36,400,1200,33
SIM_COVER_USE,12,24,0,0
SIM,12,1,1,4,25,0,3,1,1,1,36,36,1300,300,45
SIM_COVER_USE,12,25,0,0
SIM,12,1,1,4,26,1,6,0,2,0,36,35,200,1300,30
SIM_COVER_USE,12,26,0,0
SIM,12,1,1,4,27,0,6,14,2,0,36,35,1000,700,45
SIM_COVER_USE,12,27,0,0
SIM,12,1,1,4,28,1,6,12,2,0,36,34,400,1700,36
SIM_COVER_USE,12,28,0,0
SIM,12,1,1,4,29,0,6,0,2,0,36,34,1200,2000,45
SIM_COVER_USE,12,29,0,0
SIM,12,1,1,4,30,1,9,0,3,0,36,31,100,3000,23
SIM_COVER_USE,12,30,0,0
SIM,12,1,1,4,31,0,7,3,3,1,36,31,800,100,45
SIM_COVER_USE,12,31,0,0
SIM,12,1,1,4,32,1,7,3,3,1,36,28,500,1000,37
SIM_COVER_USE,12,32,0,0
SIM,12,1,1,4,33,0,6,3,2,1,36,28,1300,1000,45
SIM_COVER_USE,12,33,0,0
SIM,12,1,1,4,34,1,9,3,3,1,36,26,200,1900,31
SIM_COVER_USE,12,34,0,0
SIM,12,1,1,4,35,0,9,3,3,1,36,26,900,1900,45
SIM_COVER_USE,12,35,0,1
SIM,12,1,1,4,36,1,9,3,3,1,36,23,300,2800,32
SIM_COVER_USE,12,36,0,1
SIM,12,1,1,4,37,0,9,17,3,1,36,23,1000,2200,45
SIM_COVER_USE,12,37,0,1
SIM,12,1,1,4,38,1,12,17,4,1,36,20,200,3100,24
SIM_COVER_USE,12,38,0,1
SIM,12,1,1,4,39,0,12,3,4,1,36,20,800,3400,45
SIM_COVER_USE,12,39,0,1
SIM,12,1,1,4,40,1,12,3,4,1,36,16,500,4300,29
SIM_COVER_USE,12,40,0,1
SIM,12,1,1,4,41,0,9,6,3,2,36,16,1200,200,45
SIM_COVER_USE,12,41,0,0
SIM,12,1,1,4,42,1,12,4,4,2,36,13,100,1000,26
SIM_COVER_USE,12,42,0,0
SIM,12,1,1,4,43,0,12,4,4,2,36,13,700,1000,45
SIM_COVER_USE,12,43,0,1
SIM,12,1,1,4,44,1,12,3,4,1,36,10,400,1900,33
SIM_COVER_USE,12,44,0,1
SIM,12,1,1,4,45,0,12,17,4,1,36,10,1000,1300,45
SIM_COVER_USE,12,45,0,1
SIM,12,1,1,4,46,1,12,17,4,1,36,6,400,2200,33
SIM_COVER_USE,12,46,0,1
SIM,12,1,1,4,47,0,12,3,4,1,36,6,1000,2500,45
SIM_COVER_USE,12,47,0,1
SIM,12,1,1,4,48,1,12,3,4,1,36,2,400,3400,33
SIM_COVER_USE,12,48,0,1
SIM,12,1,1,4,49,0,12,17,4,1,36,2,1000,2800,45
SIM_COVER_USE,12,49,0,1
SIM_END,12,1,1,4,49,0,0
SIM,13,1,1,5,1,0,0,6,0,1,40,40,1000,0,30
SIM_COVER_USE,13,1,0,0
SIM,13,1,1,5,2,1,3,6,1,1,40,39,200,800,19
SIM_COVER_USE,13,2,0,0
SIM,13,1,1,5,3,0,3,6,1,1,40,39,1100,800,45
SIM_COVER_USE,13,3,0,1
SIM,13,1,1,5,4,1,3,6,1,1,40,38,500,1600,39
SIM_COVER_USE,13,4,0,1
SIM,13,1,1,5,5,0,0,6,0,1,40,38,1500,1600,45
SIM_COVER_USE,13,5,0,1
SIM,13,1,1,5,6,1,3,6,1,1,40,37,100,2400,22
SIM_COVER_USE,13,6,0,1
SIM,13,1,1,5,7,0,0,9,0,2,39,37,1100,100,45
SIM_COVER_USE,13,7,0,1
SIM,13,1,1,5,8,1,0,9,0,2,39,37,500,800,41
SIM_COVER_USE,13,8,0,1
SIM,13,1,1,5,9,0,0,9,0,2,38,37,1500,500,45
SIM_COVER_USE,13,9,0,1
SIM,13,1,1,5,10,1,3,7,1,2,38,37,100,1200,32
SIM_COVER_USE,13,10,0,1
SIM,13,1,1,5,11,0,0,10,0,3,36,37,1100,100,45
SIM_COVER_USE,13,11,0,0
SIM,13,1,1,5,12,1,0,10,0,3,36,37,500,700,41
SIM_COVER_USE,13,12,0,0
SIM,13,1,1,5,13,0,0,10,0,3,34,37,1500,400,45
SIM_COVER_USE,13,13,0,0
SIM,13,1,1,5,14,1,3,9,1,2,34,37,100,1100,32
SIM_COVER_USE,13,14,0,0
SIM,13,1,1,5,15,0,3,9,1,2,34,37,1000,1100,45
SIM_COVER_USE,13,15,0,0
SIM,13,1,1,5,16,1,3,7,1,2,34,37,400,1800,39
SIM_COVER_USE,13,16,0,0
SIM,13,1,1,5,17,0,0,7,0,2,34,37,1400,1800,45
SIM_COVER_USE,13,17,0,0
SIM,13,1,1,5,18,1,3,5,1,2,34,37,300,2500,36
SIM_COVER_USE,13,18,0,0
SIM,13,1,1,5,19,0,3,5,1,2,34,37,1200,2500,45
SIM_COVER_USE,13,19,0,1
SIM,13,1,1,5,20,1,3,4,1,1,34,37,300,3300,37
SIM_COVER_USE,13,20,0,1
SIM,13,1,1,5,21,0,0,7,0,2,33,37,1300,100,45
SIM_COVER_USE,13,21,0,1
SIM,13,1,1,5,22,1,3,6,1,2,33,37,200,800,36
SIM_COVER_USE,13,22,0,1
SIM,13,1,1,5,23,0,0,6,0,2,32,37,1200,500,45
SIM_COVER_USE,13,23,0,1
SIM,13,1,1,5,24,1,0,6,0,2,32,37,300,1200,39
SIM_COVER_USE,13,24,0,1
SIM,13,1,1,5,25,0,0,9,0,3,29,37,1300,100,45
SIM_COVER_USE,13,25,0,0
SIM,13,1,1,5,26,1,3,7,1,3,29,37,200,700,36
SIM_COVER_USE,13,26,0,0
SIM,13,1,1,5,27,0,0,7,0,3,27,37,1200,400,45
SIM_COVER_USE,13,27,0,0
SIM,13,1,1,5,28,1,0,7,0,3,27,37,300,1000,39
SIM_COVER_USE,13,28,0,0
SIM,13,1,1,5,29,0,0,10,0,4,24,37,1300,200,45
SIM_COVER_USE,13,29,0,0
SIM,13,1,1,5,30,1,3,9,1,3,24,37,200,900,36
SIM_COVER_USE,13,30,0,0
SIM,13,1,1,5,31,0,3,9,1,3,23,37,1100,900,45
SIM_COVER_USE,13,31,0,0
SIM,13,1,1,5,32,1,3,7,1,3,23,37,500,1600,37
SIM_COVER_USE,13,32,0,0
SIM,13,1,1,5,33,0,3,7,1,3,22,37,1400,1600,45
SIM_COVER_USE,13,33,0,0
SIM,13,1,1,5,34,1,6,4,2,2,22,37,300,2400,31
SIM_COVER_USE,13,34,0,0
SIM,13,1,1,5,35,0,6,4,2,2,21,37,1100,2400,45
SIM_COVER_USE,13,35,0,0
SIM,13,1,1,5,36,1,6,1,2,1,21,37,500,3300,33
SIM_COVER_USE,13,36,0,0
SIM,13,1,1,5,37,0,6,1,2,1,20,37,1300,3300,45
SIM_COVER_USE,13,37,0,0
SIM,13,1,1,5,38,1,9,0,3,0,20,36,200,4300,25
SIM_COVER_USE,13,38,0,0
SIM,13,1,1,5,39,0,7,3,3,1,20,36,900,200,45
SIM_COVER_USE,13,39,0,0
SIM,13,1,1,5,40,1,7,0,3,0,20,35,300,1200,22
SIM_COVER_USE,13,40,1,0
SIM,13,1,1,5,41,0,7,14,3,0,20,35,1000,600,45
SIM_COVER_USE,13,41,1,0
SIM,13,1,1,5,42,1,10,12,4,0,20,33,200,1600,26
SIM_COVER_USE,13,42,0,0
SIM,13,1,1,5,43,0,10,0,4,0,20,33,800,1900,45
SIM_COVER_USE,13,43,0,0
SIM,13,1,1,5,44,1,10,0,4,0,20,29,500,2900,28
SIM_COVER_USE,13,44,0,0
SIM,13,1,1,5,45,0,10,3,4,1,20,29,1100,2700,45
SIM_COVER_USE,13,45,0,0
SIM,13,1,1,5,46,1,10,3,4,1,20,25,500,3600,33
SIM_COVER_USE,13,46,0,0
SIM,13,1,1,5,47,0,9,3,3,1,20,25,1200,300,45
SIM_COVER_USE,13,47,0,0
SIM,13,1,1,5,48,1,12,1,4,1,20,22,100,1200,26
SIM_COVER_USE,13,48,0,0
SIM,13,1,1,5,49,0,9,4,3,2,20,22,800,100,45
SIM_COVER_USE,13,49,0,0
SIM,13,1,1,5,50,1,9,3,3,1,20,20,500,1000,37
SIM_COVER_USE,13,50,0,0
SIM,13,1,1,5,51,0,7,3,3,1,20,20,1200,400,45
SIM_COVER_USE,13,51,0,0
SIM,13,1,1,5,52,1,10,0,4,0,20,18,100,1400,22
SIM_COVER_USE,13,52,0,0
SIM,13,1,1,5,53,0,10,14,4,0,20,18,700,800,45
SIM_COVER_USE,13,53,0,0
SIM,13,1,1,5,54,1,10,12,4,0,20,15,400,1800,34
SIM_COVER_USE,13,54,0,0
SIM,13,1,1,5,55,0,10,0,4,0,20,15,1000,2100,45
SIM_COVER_USE,13,55,0,0
SIM,13,1,1,5,56,1,10,0,4,0,20,11,400,3100,32
SIM_COVER_USE,13,56,0,0
SIM,13,1,1,5,57,0,9,3,3,1,20,11,1100,500,45
SIM_COVER_USE,13,57,0,0
SIM,13,1,1,5,58,1,12,3,4,1,20,7,300,1400,24
SIM_COVER_USE,13,58,0,0
SIM,13,1,1,5,59,0,10,3,4,1,20,7,900,500,45
SIM_COVER_USE,13,59,0,0
SIM,13,1,1,5,60,1,10,3,4,1,20,3,300,1400,33
SIM_COVER_USE,13,60,0,0
SIM,13,1,1,5,61,0,7,6,3,2,20,3,1000,300,45
SIM_COVER_USE,13,61,0,0
SIM_END,13,1,1,5,61,0,0
SIM,14,1,1,6,1,0,0,6,0,1,40,40,1000,0,30
SIM_COVER_USE,14,1,0,0
SIM,14,1,1,6,2,1,3,6,1,1,40,39,200,800,19
SIM_COVER_USE,14,2,0,0
SIM,14,1,1,6,3,0,0,9,0,2,39,39,1200,300,45
SIM_COVER_USE,14,3,0,1
SIM,14,1,1,6,4,1,0,9,0,2,39,39,300,1000,39
SIM_COVER_USE,14,4,0,1
SIM,14,1,1,6,5,0,0,9,0,2,38,39,1300,400,45
SIM_COVER_USE,14,5,0,1
SIM,14,1,1,6,6,1,3,7,1,2,38,39,200,1100,34
SIM_COVER_USE,14,6,0,1
SIM,14,1,1,6,7,0,3,7,1,2,38,39,1100,1100,45
SIM_COVER_USE,14,7,0,0
SIM,14,1,1,6,8,1,3,6,1,1,38,39,500,1900,39
SIM_COVER_USE,14,8,0,0
SIM,14,1,1,6,9,0,0,6,0,1,38,39,1500,1900,45
SIM_COVER_USE,14,9,0,0
SIM,14,1,1,6,10,1,3,4,1,1,38,39,100,2700,31
SIM_COVER_USE,14,10,0,0
SIM,14,1,1,6,11,0,0,4,0,1,38,39,1100,2700,45
SIM_COVER_USE,14,11,0,0
SIM,14,1,1,6,12,1,0,4,0,1,38,39,500,3500,41
SIM_COVER_USE,14,12,0,0
SIM,14,1,1,6,13,0,0,7,0,2,37,39,1500,300,45
SIM_COVER_USE,14,13,0,0
SIM,14,1,1,6,14,1,3,5,1,2,37,39,100,1000,32
SIM_COVER_USE,14,14,0,0
SIM,14,1,1,6,15,0,0,5,0,2,36,39,1100,400,45
SIM_COVER_USE,14,15,0,0
SIM,14,1,1,6,16,1,0,5,0,2,36,39,500,1100,41
SIM_COVER_USE,14,16,0,0
SIM,14,1,1,6,17,0,0,8,0,3,34,39,1500,300,45
SIM_COVER_USE,14,17,0,0
SIM,14,1,1,6,18,1,3,6,1,2,34,39,100,1100,32
SIM_COVER_USE,14,18,0,0
SIM,14,1,1,6,19,0,3,6,1,2,32,39,1000,500,45
SIM_COVER_USE,14,19,0,0
SIM,14,1,1,6,20,1,3,4,1,2,32,39,400,1300,39
SIM_COVER_USE,14,20,0,0
SIM,14,1,1,6,21,0,1,7,1,3,30,39,1300,200,45
SIM_COVER_USE,14,21,0,0
SIM,14,1,1,6,22,1,4,4,2,2,30,39,200,1000,34
SIM_COVER_USE,14,22,0,0
SIM,14,1,1,6,23,0,3,4,1,2,29,39,1100,400,45
SIM_COVER_USE,14,23,0,0
SIM,14,1,1,6,24,1,3,3,1,1,29,39,500,1300,39
SIM_COVER_USE,14,24,0,0
SIM,14,1,1,6,25,0,3,6,1,2,28,39,1400,200,45
SIM_COVER_USE,14,25,0,0
SIM,14,1,1,6,26,1,6,3,2,1,28,39,300,1100,24
SIM_COVER_USE,14,26,0,0
SIM,14,1,1,6,27,0,6,3,2,1,27,39,1100,500,45
SIM_COVER_USE,14,27,0,0
SIM,14,1,1,6,28,1,6,0,2,0,27,39,500,1500,37
SIM_COVER_USE,14,28,0,0
SIM,14,1,1,6,29,0,4,3,2,1,27,39,1300,100,45
SIM_COVER_USE,14,29,0,0
SIM,14,1,1,6,30,1,7,0,3,0,27,38,200,1100,18
SIM_COVER_USE,14,30,0,0
SIM,14,1,1,6,31,0,7,0,3,0,27,38,900,500,45
SIM_COVER_USE,14,31,0,0
SIM,14,1,1,6,32,1,7,0,3,0,27,37,300,1500,36
SIM_COVER_USE,14,32,0,0
SIM,14,1,1,6,33,0,7,14,3,0,27,37,1000,900,45
SIM_COVER_USE,14,33,0,0
SIM,14,1,1,6,34,1,10,12,4,0,27,35,200,1900,22
SIM_COVER_USE,14,34,0,0
SIM,14,1,1,6,35,0,9,3,3,1,27,35,900,200,45
SIM_COVER_USE,14,35,0,0
SIM,14,1,1,6,36,1,9,1,3,1,27,33,300,1100,33
SIM_COVER_USE,14,36,0,0
SIM,14,1,1,6,37,0,7,1,3,1,27,33,1000,500,45
SIM_COVER_USE,14,37,0,0
SIM,14,1,1,6,38,1,10,0,4,0,27,30,200,1500,24
SIM_COVER_USE,14,38,0,0
SIM,14,1,1,6,39,0,10,14,4,0,27,30,800,900,45
SIM_COVER_USE,14,39,0,0
SIM,14,1,1,6,40,1,10,12,4,0,27,27,500,1900,33
SIM_COVER_USE,14,40,0,0
SIM,14,1,1,6,41,0,9,3,3,1,27,27,1200,200,45
SIM_COVER_USE,14,41,0,0
SIM,14,1,1,6,42,1,12,3,4,1,27,24,100,1100,29
SIM_COVER_USE,14,42,0,0
SIM,14,1,1,6,43,0,10,3,4,1,27,24,700,500,45
SIM_COVER_USE,14,43,0,0
SIM,14,1,1,6,44,1,10,3,4,1,27,20,400,1400,29
SIM_COVER_USE,14,44,0,0
SIM,14,1,1,6,45,0,9,3,3,1,27,20,1100,1400,45
SIM_COVER_USE,14,45,0,0
SIM,14,1,1,6,46,1,12,3,4,1,27,16,300,2300,24
SIM_COVER_USE,14,46,0,0
SIM,14,1,1,6,47,0,9,6,3,2,27,16,1000,300,45
SIM_COVER_USE,14,47,0,0
SIM,14,1,1,6,48,1,9,6,3,2,27,13,400,1100,35
SIM_COVER_USE,14,48,0,0
SIM,14,1,1,6,49,0,6,6,2,2,27,13,1200,500,45
SIM_COVER_USE,14,49,0,0
SIM,14,1,1,6,50,1,9,6,3,2,27,10,100,1300,24
SIM_COVER_USE,14,50,0,0
SIM,14,1,1,6,51,0,9,20,3,2,27,10,800,700,45
SIM_COVER_USE,14,51,0,0
SIM,14,1,1,6,52,1,9,20,3,2,27,7,500,1500,37
SIM_COVER_USE,14,52,0,0
SIM,14,1,1,6,53,0,4,9,2,3,27,7,1300,100,45
SIM_COVER_USE,14,53,0,0
SIM,14,1,1,6,54,1,7,7,3,3,27,5,200,800,28
SIM_COVER_USE,14,54,0,0
SIM,14,1,1,6,55,0,3,7,1,3,27,5,1100,500,45
SIM_COVER_USE,14,55,0,0
SIM,14,1,1,6,56,1,3,6,1,2,27,5,500,1300,39
SIM_COVER_USE,14,56,0,0
SIM,14,1,1,6,57,0,3,20,1,2,27,5,1400,700,45
SIM_COVER_USE,14,57,0,0
SIM,14,1,1,6,58,1,6,18,2,2,27,4,300,1500,28
SIM_COVER_USE,14,58,0,0
SIM,14,1,1,6,59,0,1,7,1,3,27,4,1200,100,45
SIM_COVER_USE,14,59,0,0
SIM,14,1,1,6,60,1,1,6,1,2,27,4,300,900,37
SIM_COVER_USE,14,60,0,0
SIM,14,1,1,6,61,0,0,6,0,2,26,4,1300,300,45
SIM_COVER_USE,14,61,0,0
SIM,14,1,1,6,62,1,3,4,1,2,26,4,200,1100,34
SIM_COVER_USE,14,62,0,0
SIM,14,1,1,6,63,0,3,4,1,2,25,4,1100,1100,45
SIM_COVER_USE,14,63,0,0
SIM,14,1,1,6,64,1,3,3,1,1,25,4,500,2000,39
SIM_COVER_USE,14,64,0,0
SIM,14,1,1,6,65,0,1,6,1,2,24,4,1400,300,45
SIM_COVER_USE,14,65,0,0
SIM,14,1,1,6,66,1,4,3,2,1,24,4,300,1200,32
SIM_COVER_USE,14,66,0,0
SIM,14,1,1,6,67,0,3,3,1,1,24,4,1200,1200,45
SIM_COVER_USE,14,67,0,0
SIM,14,1,1,6,68,1,3,1,1,1,24,4,300,2100,35
SIM_COVER_USE,14,68,0,0
SIM,14,1,1,6,69,0,1,4,1,2,23,4,1200,100,45
SIM_COVER_USE,14,69,0,0
SIM,14,1,1,6,70,1,4,1,2,1,23,4,100,1000,32
SIM_COVER_USE,14,70,0,0
SIM,14,1,1,6,71,0,3,1,1,1,23,4,1000,400,45
SIM_COVER_USE,14,71,0,0
SIM,14,1,1,6,72,1,3,0,1,0,23,4,400,1400,39
SIM_COVER_USE,14,72,0,0
SIM,14,1,1,6,73,0,3,14,1,0,23,4,1300,800,45
SIM_COVER_USE,14,73,0,0
SIM,14,1,1,6,74,1,6,14,2,0,23,3,200,1800,25
SIM_COVER_USE,14,74,0,0
SIM,14,1,1,6,75,0,4,3,2,1,23,3,1000,100,45
SIM_COVER_USE,14,75,0,0
SIM,14,1,1,6,76,1,4,1,2,1,23,2,400,1000,36
SIM_COVER_USE,14,76,0,0
SIM,14,1,1,6,77,0,3,1,1,1,23,2,1300,1000,45
SIM_COVER_USE,14,77,0,0
SIM,14,1,1,6,78,1,6,0,2,0,23,1,200,2000,30
SIM_COVER_USE,14,78,0,0
SIM,14,1,1,6,79,0,4,3,2,1,23,1,1000,300,45
SIM_COVER_USE,14,79,0,0
SIM_END,14,1,1,6,79,0,0
SIM_DONE
SIM_CONFIG,degrade_favoured_pct=5,only_handicap=1,variants=7,plain=false
SIM_TERRAIN,cover_tiles=8,of=120,plain=false,max_rounds=40
SIM,1,0,1,0,1,0,6,0,1,0,40,40,1000,0,30
SIM_COVER_USE,1,1,0,0
SIM,1,0,1,0,2,1,9,0,2,0,40,39,200,1000,19
SIM_COVER_USE,1,2,0,0
SIM,1,0,1,0,3,0,7,3,2,1,40,39,900,200,45
SIM_COVER_USE,1,3,0,0
SIM,1,0,1,0,4,1,7,0,2,0,40,38,300,1200,31
SIM_COVER_USE,1,4,0,0
SIM,1,0,1,0,5,0,7,0,2,0,40,38,1000,300,45
SIM_COVER_USE,1,5,0,0
SIM,1,0,1,0,6,1,10,0,3,0,40,37,200,1300,34
SIM_COVER_USE,1,6,0,0
SIM,1,0,1,0,7,0,9,3,2,1,40,37,900,200,45
SIM_COVER_USE,1,7,0,0
SIM,1,0,1,0,8,1,9,0,2,0,40,37,300,1200,34
SIM_COVER_USE,1,8,0,0
SIM,1,0,1,0,9,0,9,0,2,0,40,37,1000,300,45
SIM_COVER_USE,1,9,0,0
SIM,1,0,1,0,10,1,12,0,3,0,40,35,200,1300,30
SIM_COVER_USE,1,10,0,0
SIM,1,0,1,0,11,0,10,3,3,1,40,35,800,200,45
SIM_COVER_USE,1,11,0,0
SIM,1,0,1,0,12,1,10,3,3,1,40,35,800,1100,41
SIM_COVER_USE,1,12,1,0
SIM,1,0,1,0,13,0,9,3,2,1,40,35,1500,500,45
SIM_COVER_USE,1,13,1,0
SIM,1,0,1,0,14,1,12,0,3,0,40,33,100,1500,21
SIM_COVER_USE,1,14,1,0
SIM,1,0,1,0,15,0,10,3,3,1,40,33,700,100,45
SIM_COVER_USE,1,15,1,0
SIM,1,0,1,0,16,1,10,0,3,0,40,31,400,1100,37
SIM_COVER_USE,1,16,1,0
SIM,1,0,1,0,17,0,10,0,3,0,40,31,1000,500,45
SIM_COVER_USE,1,17,1,0
SIM,1,0,1,0,18,1,13,0,4,0,40,28,200,1500,24
SIM_COVER_USE,1,18,0,0
SIM,1,0,1,0,19,0,12,3,3,1,40,28,800,100,45
SIM_COVER_USE,1,19,0,0
SIM,1,0,1,0,20,1,12,0,3,0,40,26,500,1100,35
SIM_COVER_USE,1,20,0,0
SIM,1,0,1,0,21,0,12,0,3,0,40,26,1100,500,45
SIM_COVER_USE,1,21,0,0
SIM,1,0,1,0,22,1,15,0,4,0,40,23,300,1500,31
SIM_COVER_USE,1,22,0,0
SIM,1,0,1,0,23,0,13,3,4,1,40,23,800,100,45
SIM_COVER_USE,1,23,0,0
SIM,1,0,1,0,24,1,13,0,4,0,40,20,500,1100,29
SIM_COVER_USE,1,24,0,0
SIM,1,0,1,0,25,0,13,0,4,0,40,20,1000,1100,45
SIM_COVER_USE,1,25,0,0
SIM,1,0,1,0,26,1,13,0,4,0,40,16,400,2100,33
SIM_COVER_USE,1,26,0,0
SIM,1,0,1,0,27,0,11,3,4,1,40,16,900,400,45
SIM_COVER_USE,1,27,0,0
SIM,1,0,1,0,28,1,11,0,4,0,40,13,300,1400,33
SIM_COVER_USE,1,28,0,0
SIM,1,0,1,0,29,0,11,0,4,0,40,13,800,1400,45
SIM_COVER_USE,1,29,0,0
SIM,1,0,1,0,30,1,11,0,4,0,40,12,800,2400,43
SIM_COVER_USE,1,30,0,0
SIM,1,0,1,0,31,0,9,3,3,1,40,12,1500,400,45
SIM_COVER_USE,1,31,0,0
SIM,1,0,1,0,32,1,12,3,4,1,40,8,100,1300,20
SIM_COVER_USE,1,32,0,0
SIM,1,0,1,0,33,0,10,3,4,1,40,8,700,400,45
SIM_COVER_USE,1,33,0,0
SIM,1,0,1,0,34,1,10,3,4,1,40,4,400,1300,35
SIM_COVER_USE,1,34,0,0
SIM,1,0,1,0,35,0,7,6,3,2,40,4,1100,200,45
SIM_COVER_USE,1,35,0,0
SIM,1,0,1,0,36,1,7,6,3,2,40,3,1100,1000,43
SIM_COVER_USE,1,36,0,0
SIM,1,0,1,0,37,0,4,6,2,2,40,3,1900,400,45
SIM_COVER_USE,1,37,0,0
SIM_END,1,0,1,0,37,0,0
SIM,2,0,1,1,1,0,6,0,1,0,40,40,1000,0,30
SIM_COVER_USE,2,1,0,0
SIM,2,0,1,1,2,1,9,0,2,0,40,39,200,1000,9
SIM_COVER_USE,2,2,0,0
SIM,2,0,1,1,3,0,7,3,2,1,40,39,900,200,39
SIM_COVER_USE,2,3,0,0
SIM,2,0,1,1,4,1,7,0,2,0,40,38,300,1200,29
SIM_COVER_USE,2,4,0,0
SIM,2,0,1,1,5,0,7,0,2,0,40,38,1000,300,45
SIM_COVER_USE,2,5,0,0
SIM,2,0,1,1,6,1,10,0,3,0,40,37,200,1300,36
SIM_COVER_USE,2,6,0,0
SIM,2,0,1,1,7,0,9,3,2,1,40,37,900,200,45
SIM_COVER_USE,2,7,0,0
SIM,2,0,1,1,8,1,9,0,2,0,40,37,300,1200,34
SIM_COVER_USE,2,8,0,0
SIM,2,0,1,1,9,0,9,0,2,0,40,37,1000,300,45
SIM_COVER_USE,2,9,0,0
SIM,2,0,1,1,10,1,12,0,3,0,40,35,200,1300,30
SIM_COVER_USE,2,10,0,0
SIM,2,0,1,1,11,0,10,3,3,1,40,35,800,200,45
SIM_COVER_USE,2,11,0,0
SIM,2,0,1,1,12,1,10,0,3,0,40,33,500,1200,32
SIM_COVER_USE,2,12,1,0
SIM,2,0,1,1,13,0,10,0,3,0,40,33,1100,300,45
SIM_COVER_USE,2,13,1,0
SIM,2,0,1,1,14,1,13,0,4,0,40,30,300,1300,24
SIM_COVER_USE,2,14,0,0
SIM,2,0,1,1,15,0,12,3,3,1,40,30,900,200,45
SIM_COVER_USE,2,15,0,0
SIM,2,0,1,1,16,1,12,0,3,0,40,28,300,1200,33
SIM_COVER_USE,2,16,0,0
SIM,2,0,1,1,17,0,12,0,3,0,40,28,900,300,45
SIM_COVER_USE,2,17,0,0
SIM,2,0,1,1,18,1,15,0,4,0,40,25,100,1300,31
SIM_COVER_USE,2,18,0,0
SIM,2,0,1,1,19,0,13,3,4,1,40,25,600,200,45
SIM_COVER_USE,2,19,0,0
SIM,2,0,1,1,20,1,13,0,4,0,40,22,300,1200,29
SIM_COVER_USE,2,20,0,0
SIM,2,0,1,1,21,0,13,0,4,0,40,22,800,1200,45
SIM_COVER_USE,2,21,0,0
SIM,2,0,1,1,22,1,13,0,4,0,40,18,500,2200,35
SIM_COVER_USE,2,22,0,0
SIM,2,0,1,1,23,0,11,3,4,1,40,18,1000,500,45
SIM_COVER_USE,2,23,0,0
SIM,2,0,1,1,24,1,11,0,4,0,40,15,400,1500,33
SIM_COVER_USE,2,24,0,0
SIM,2,0,1,1,25,0,11,0,4,0,40,15,900,1500,45
SIM_COVER_USE,2,25,0,0
SIM,2,0,1,1,26,1,11,0,4,0,40,11,300,2500,33
SIM_COVER_USE,2,26,0,0
SIM,2,0,1,1,27,0,9,3,3,1,40,11,1000,500,45
SIM_COVER_USE,2,27,0,0
SIM,2,0,1,1,28,1,12,3,4,1,40,7,200,1400,24
SIM_COVER_USE,2,28,0,0
SIM,2,0,1,1,29,0,10,3,4,1,40,7,800,500,45
SIM_COVER_USE,2,29,0,0
SIM,2,0,1,1,30,1,10,3,4,1,40,3,500,1400,35
SIM_COVER_USE,2,30,0,0
SIM,2,0,1,1,31,0,7,6,3,2,40,3,1200,300,45
SIM_COVER_USE,2,31,0,0
SIM_END,2,0,1,1,31,0,0
SIM,3,0,1,2,1,0,6,0,1,0,40,40,1000,0,30
SIM_COVER_USE,3,1,0,0
SIM,3,0,1,2,2,1,20,0,1,0,40,40,400,1000,28
SIM_COVER_USE,3,2,0,0
SIM,3,0,1,2,3,0,20,3,1,1,39,40,1200,200,45
SIM_COVER_USE,3,3,0,0
SIM,3,0,1,2,4,1,9,0,2,0,39,39,100,1200,28
SIM_COVER_USE,3,4,0,0
SIM,3,0,1,2,5,0,9,0,2,0,39,39,800,300,45
SIM_COVER_USE,3,5,0,0
SIM,3,0,1,2,6,1,9,0,2,0,39,38,500,1300,41
SIM_COVER_USE,3,6,0,0
SIM,3,0,1,2,7,0,7,3,2,1,39,38,1200,200,45
SIM_COVER_USE,3,7,0,0
SIM,3,0,1,2,8,1,10,0,3,0,39,36,100,1200,10
SIM_COVER_USE,3,8,0,0
SIM,3,0,1,2,9,0,10,0,3,0,39,36,700,300,40
SIM_COVER_USE,3,9,0,0
SIM,3,0,1,2,10,1,10,0,3,0,39,34,400,1300,30
SIM_COVER_USE,3,10,0,0
SIM,3,0,1,2,11,0,9,3,2,1,39,34,1100,200,45
SIM_COVER_USE,3,11,0,0
SIM,3,0,1,2,12,1,9,3,2,1,39,34,1100,1100,43
SIM_COVER_USE,3,12,0,0
SIM,3,0,1,2,13,0,7,3,2,1,39,34,1800,500,45
SIM_COVER_USE,3,13,0,0
SIM,3,0,1,2,14,1,10,0,3,0,39,32,100,1500,20
SIM_COVER_USE,3,14,0,0
SIM,3,0,1,2,15,0,9,3,2,1,39,32,800,100,45
SIM_COVER_USE,3,15,0,0
SIM,3,0,1,2,16,1,9,0,2,0,39,31,500,1100,35
SIM_COVER_USE,3,16,0,0
SIM,3,0,1,2,17,0,9,0,2,0,39,31,1200,500,45
SIM_COVER_USE,3,17,0,0
SIM,3,0,1,2,18,1,12,0,3,0,39,28,100,1500,28
SIM_COVER_USE,3,18,0,0
SIM,3,0,1,2,19,0,10,3,3,1,39,28,700,100,45
SIM_COVER_USE,3,19,0,0
SIM,3,0,1,2,20,1,10,0,3,0,39,26,400,1100,37
SIM_COVER_USE,3,20,0,0
SIM,3,0,1,2,21,0,10,0,3,0,39,26,1000,500,45
SIM_COVER_USE,3,21,0,0
SIM,3,0,1,2,22,1,13,0,4,0,39,23,200,1500,31
SIM_COVER_USE,3,22,0,0
SIM,3,0,1,2,23,0,11,3,4,1,39,23,700,100,45
SIM_COVER_USE,3,23,0,0
SIM,3,0,1,2,24,1,11,0,4,0,39,20,400,1100,29
SIM_COVER_USE,3,24,0,0
SIM,3,0,1,2,25,0,11,0,4,0,39,20,900,1100,45
SIM_COVER_USE,3,25,0,0
SIM,3,0,1,2,26,1,11,0,4,0,39,16,300,2100,33
SIM_COVER_USE,3,26,0,0
SIM,3,0,1,2,27,0,9,3,3,1,39,16,1000,400,45
SIM_COVER_USE,3,27,0,0
SIM,3,0,1,2,28,1,12,3,4,1,39,12,200,1300,24
SIM_COVER_USE,3,28,0,0
SIM,3,0,1,2,29,0,10,3,4,1,39,12,800,400,45
SIM_COVER_USE,3,29,0,0
SIM,3,0,1,2,30,1,10,3,4,1,39,8,500,1300,35
SIM_COVER_USE,3,30,0,0
SIM,3,0,1,2,31,0,7,6,3,2,39,8,1200,200,45
SIM_COVER_USE,3,31,0,0
SIM,3,0,1,2,32,1,10,4,4,2,39,5,100,1000,26
SIM_COVER_USE,3,32,0,0
SIM,3,0,1,2,33,0,7,4,3,2,39,5,800,400,45
SIM_COVER_USE,3,33,0,0
SIM,3,0,1,2,34,1,7,3,3,1,39,3,500,1300,37
SIM_COVER_USE,3,34,0,0
SIM,3,0,1,2,35,0,4,6,2,2,39,3,1300,200,45
SIM_COVER_USE,3,35,0,0
SIM_END,3,0,1,2,35,0,0
SIM,4,0,1,3,1,0,6,0,1,0,40,40,1000,0,30
SIM_COVER_USE,4,1,1,0
SIM,4,0,1,3,2,1,9,0,2,0,40,39,200,1000,19
SIM_COVER_USE,4,2,1,0
SIM,4,0,1,3,3,0,7,3,2,1,40,39,900,200,45
SIM_COVER_USE,4,3,1,0
SIM,4,0,1,3,4,1,7,0,2,0,40,38,300,1200,27
SIM_COVER_USE,4,4,0,0
SIM,4,0,1,3,5,0,7,0,2,0,40,38,1000,300,45
SIM_COVER_USE,4,5,0,0
SIM,4,0,1,3,6,1,10,0,3,0,40,37,200,1300,34
SIM_COVER_USE,4,6,0,0
SIM,4,0,1,3,7,0,9,3,2,1,40,37,900,200,45
SIM_COVER_USE,4,7,0,0
SIM,4,0,1,3,8,1,9,0,2,0,40,37,300,1200,34
SIM_COVER_USE,4,8,0,0
SIM,4,0,1,3,9,0,9,0,2,0,40,37,1000,300,45
SIM_COVER_USE,4,9,0,0
SIM,4,0,1,3,10,1,12,0,3,0,40,35,200,1300,30
SIM_COVER_USE,4,10,0,0
SIM,4,0,1,3,11,0,10,3,3,1,40,35,800,200,45
SIM_COVER_USE,4,11,0,0
SIM,4,0,1,3,12,1,10,0,3,0,40,33,500,1200,32
SIM_COVER_USE,4,12,1,0
SIM,4,0,1,3,13,0,10,0,3,0,40,33,1100,300,45
SIM_COVER_USE,4,13,1,0
SIM,4,0,1,3,14,1,10,0,3,0,40,32,1100,1300,43
SIM_COVER_USE,4,14,1,0
SIM,4,0,1,3,15,0,9,3,2,1,40,32,1800,200,45
SIM_COVER_USE,4,15,1,0
SIM,4,0,1,3,16,1,12,0,3,0,40,30,100,1200,20
SIM_COVER_USE,4,16,1,0
SIM,4,0,1,3,17,0,12,0,3,0,40,30,700,300,45
SIM_COVER_USE,4,17,1,0
SIM,4,0,1,3,18,1,12,0,3,0,40,28,400,1300,37
SIM_COVER_USE,4,18,0,0
SIM,4,0,1,3,19,0,10,3,3,1,40,28,1000,200,45
SIM_COVER_USE,4,19,0,0
SIM,4,0,1,3,20,1,13,0,4,0,40,25,200,1200,22
SIM_COVER_USE,4,20,1,0
SIM,4,0,1,3,21,0,13,0,4,0,40,25,700,300,45
SIM_COVER_USE,4,21,1,0
SIM,4,0,1,3,22,1,13,0,4,0,40,22,400,1300,35
SIM_COVER_USE,4,22,0,0
SIM,4,0,1,3,23,0,12,3,3,1,40,22,1000,200,45
SIM_COVER_USE,4,23,0,0
SIM,4,0,1,3,24,1,15,0,4,0,40,20,200,1200,29
SIM_COVER_USE,4,24,0,0
SIM,4,0,1,3,25,0,15,0,4,0,40,20,700,300,45
SIM_COVER_USE,4,25,0,0
SIM,4,0,1,3,26,1,15,0,4,0,40,16,400,1300,29
SIM_COVER_USE,4,26,0,0
SIM,4,0,1,3,27,0,13,3,4,1,40,16,900,500,45
SIM_COVER_USE,4,27,0,0
SIM,4,0,1,3,28,1,13,0,4,0,40,13,300,1500,33
SIM_COVER_USE,4,28,0,0
SIM,4,0,1,3,29,0,13,0,4,0,40,13,800,1500,45
SIM_COVER_USE,4,29,0,0
SIM,4,0,1,3,30,1,13,0,4,0,40,9,500,2500,35
SIM_COVER_USE,4,30,0,0
SIM,4,0,1,3,31,0,11,3,4,1,40,9,1000,500,45
SIM_COVER_USE,4,31,0,0
SIM,4,0,1,3,32,1,11,0,4,0,40,6,400,1500,33
SIM_COVER_USE,4,32,0,0
SIM,4,0,1,3,33,0,11,0,4,0,40,6,900,1500,45
SIM_COVER_USE,4,33,0,0
SIM,4,0,1,3,34,1,11,0,4,0,40,2,300,2500,33
SIM_COVER_USE,4,34,0,0
SIM,4,0,1,3,35,0,9,3,3,1,40,2,1000,500,45
SIM_COVER_USE,4,35,0,0
SIM_END,4,0,1,3,35,0,0
SIM,5,0,1,4,1,0,6,0,1,0,40,40,1000,0,30
SIM_COVER_USE,5,1,1,0
SIM,5,0,1,4,2,1,9,0,2,0,40,39,200,1000,19
SIM_COVER_USE,5,2,1,0
SIM,5,0,1,4,3,0,7,3,2,1,40,39,900,200,45
SIM_COVER_USE,5,3,1,0
SIM,5,0,1,4,4,1,7,0,2,0,40,38,300,1200,19
SIM_COVER_USE,5,4,0,0
SIM,5,0,1,4,5,0,7,0,2,0,40,38,1000,300,45
SIM_COVER_USE,5,5,0,0
SIM,5,0,1,4,6,1,10,0,3,0,40,37,200,1300,34
SIM_COVER_USE,5,6,0,0
SIM,5,0,1,4,7,0,9,3,2,1,40,37,900,200,45
SIM_COVER_USE,5,7,0,0
SIM,5,0,1,4,8,1,9,0,2,0,40,37,300,1200,34
SIM_COVER_USE,5,8,0,0
SIM,5,0,1,4,9,0,9,0,2,0,40,37,1000,300,45
SIM_COVER_USE,5,9,0,0
SIM,5,0,1,4,10,1,12,0,3,0,40,35,200,1300,30
SIM_COVER_USE,5,10,0,0
SIM,5,0,1,4,11,0,10,3,3,1,40,35,800,200,45
SIM_COVER_USE,5,11,0,0
SIM,5,0,1,4,12,1,10,0,3,0,40,33,500,1200,32
SIM_COVER_USE,5,12,1,0
SIM,5,0,1,4,13,0,10,0,3,0,40,33,1100,300,45
SIM_COVER_USE,5,13,1,0
SIM,5,0,1,4,14,1,13,0,4,0,40,30,300,1300,24
SIM_COVER_USE,5,14,0,0
SIM,5,0,1,4,15,0,12,3,3,1,40,30,900,200,45
SIM_COVER_USE,5,15,0,0
SIM,5,0,1,4,16,1,12,0,3,0,40,28,300,1200,33
SIM_COVER_USE,5,16,0,0
SIM,5,0,1,4,17,0,12,0,3,0,40,28,900,300,45
SIM_COVER_USE,5,17,0,0
SIM,5,0,1,4,18,1,15,0,4,0,40,25,100,1300,31
SIM_COVER_USE,5,18,0,0
SIM,5,0,1,4,19,0,13,3,4,1,40,25,600,200,45
SIM_COVER_USE,5,19,0,0
SIM,5,0,1,4,20,1,13,0,4,0,40,22,300,1200,29
SIM_COVER_USE,5,20,0,0
SIM,5,0,1,4,21,0,13,0,4,0,40,22,800,1200,45
SIM_COVER_USE,5,21,0,0
SIM,5,0,1,4,22,1,13,0,4,0,40,18,500,2200,35
SIM_COVER_USE,5,22,0,0
SIM,5,0,1,4,23,0,11,3,4,1,40,18,1000,500,45
SIM_COVER_USE,5,23,0,0
SIM,5,0,1,4,24,1,11,0,4,0,40,15,400,1500,33
SIM_COVER_USE,5,24,0,0
SIM,5,0,1,4,25,0,11,0,4,0,40,15,900,1500,45
SIM_COVER_USE,5,25,0,0
SIM,5,0,1,4,26,1,11,0,4,0,40,11,300,2500,33
SIM_COVER_USE,5,26,0,0
SIM,5,0,1,4,27,0,9,3,3,1,40,11,1000,500,45
SIM_COVER_USE,5,27,0,0
SIM,5,0,1,4,28,1,12,3,4,1,40,7,200,1400,24
SIM_COVER_USE,5,28,0,0
SIM,5,0,1,4,29,0,10,3,4,1,40,7,800,500,45
SIM_COVER_USE,5,29,0,0
SIM,5,0,1,4,30,1,10,3,4,1,40,3,500,1400,35
SIM_COVER_USE,5,30,0,0
SIM,5,0,1,4,31,0,7,6,3,2,40,3,1200,300,45
SIM_COVER_USE,5,31,0,0
SIM_END,5,0,1,4,31,0,0
SIM,6,0,1,5,1,0,6,0,1,0,40,40,1000,0,30
SIM_COVER_USE,6,1,0,0
SIM,6,0,1,5,2,1,9,0,2,0,40,39,200,1000,1
SIM_COVER_USE,6,2,1,0
SIM,6,0,1,5,3,0,8,3,2,1,40,39,900,200,31
SIM_COVER_USE,6,3,1,0
SIM,6,0,1,5,4,1,8,0,2,0,40,38,300,1200,23
SIM_COVER_USE,6,4,1,0
SIM,6,0,1,5,5,0,8,0,2,0,40,38,1000,300,45
SIM_COVER_USE,6,5,1,0
SIM,6,0,1,5,6,1,11,0,3,0,40,36,200,1300,29
SIM_COVER_USE,6,6,0,0
SIM,6,0,1,5,7,0,9,3,3,1,40,36,800,200,45
SIM_COVER_USE,6,7,0,0
SIM,6,0,1,5,8,1,9,0,3,0,40,34,500,1200,34
SIM_COVER_USE,6,8,0,0
SIM,6,0,1,5,9,0,9,0,3,0,40,34,1100,300,45
SIM_COVER_USE,6,9,0,0
SIM,6,0,1,5,10,1,12,0,4,0,40,31,300,1300,31
SIM_COVER_USE,6,10,0,0
SIM,6,0,1,5,11,0,10,3,4,1,40,31,800,200,45
SIM_COVER_USE,6,11,0,0
SIM,6,0,1,5,12,1,10,0,4,0,40,28,500,1200,29
SIM_COVER_USE,6,12,0,0
SIM,6,0,1,5,13,0,10,0,4,0,40,28,1000,1200,45
SIM_COVER_USE,6,13,0,0
SIM,6,0,1,5,14,1,10,0,4,0,40,24,400,2200,33
SIM_COVER_USE,6,14,0,0
SIM,6,0,1,5,15,0,9,3,3,1,40,24,1100,500,45
SIM_COVER_USE,6,15,0,0
SIM,6,0,1,5,16,1,12,3,4,1,40,20,300,1400,24
SIM_COVER_USE,6,16,0,0
SIM,6,0,1,5,17,0,10,3,4,1,40,20,900,500,45
SIM_COVER_USE,6,17,0,0
SIM,6,0,1,5,18,1,10,3,4,1,40,16,300,1400,33
SIM_COVER_USE,6,18,0,0
SIM,6,0,1,5,19,0,7,6,3,2,40,16,1000,300,45
SIM_COVER_USE,6,19,0,0
SIM,6,0,1,5,20,1,7,6,3,2,40,15,1000,1100,43
SIM_COVER_USE,6,20,0,0
SIM,6,0,1,5,21,0,4,6,2,2,40,15,1800,500,45
SIM_COVER_USE,6,21,0,0
SIM,6,0,1,5,22,1,7,4,3,2,40,13,100,1300,24
SIM_COVER_USE,6,22,0,0
SIM,6,0,1,5,23,0,3,7,1,3,40,13,1000,200,45
SIM_COVER_USE,6,23,0,0
SIM,6,0,1,5,24,1,3,7,1,3,40,13,1000,900,43
SIM_COVER_USE,6,24,0,0
SIM,6,0,1,5,25,0,0,7,0,3,39,13,2000,300,45
SIM_COVER_USE,6,25,0,0
SIM,6,0,1,5,26,1,3,6,1,2,39,13,300,1100,24
SIM_COVER_USE,6,26,0,0
SIM,6,0,1,5,27,0,0,9,0,3,38,13,1300,300,45
SIM_COVER_USE,6,27,0,0
SIM,6,0,1,5,28,1,0,9,0,3,38,13,400,1000,39
SIM_COVER_USE,6,28,0,0
SIM,6,0,1,5,29,0,0,9,0,3,37,13,1400,400,45
SIM_COVER_USE,6,29,0,0
SIM,6,0,1,5,30,1,3,7,1,3,37,13,300,1100,34
SIM_COVER_USE,6,30,0,0
SIM,6,0,1,5,31,0,0,10,0,4,35,13,1300,300,45
SIM_COVER_USE,6,31,0,1
SIM,6,0,1,5,32,1,0,10,0,4,35,13,400,900,39
SIM_COVER_USE,6,32,0,1
SIM,6,0,1,5,33,0,0,10,0,4,31,13,1400,300,45
SIM_COVER_USE,6,33,0,0
SIM,6,0,1,5,34,1,3,9,1,3,31,13,300,1000,34
SIM_COVER_USE,6,34,0,0
SIM,6,0,1,5,35,0,1,12,1,4,28,13,1200,200,45
SIM_COVER_USE,6,35,0,0
SIM,6,0,1,5,36,1,1,10,1,4,28,13,300,800,37
SIM_COVER_USE,6,36,0,0
SIM,6,0,1,5,37,0,0,10,0,4,25,13,1300,500,45
SIM_COVER_USE,6,37,0,0
SIM,6,0,1,5,38,1,3,9,1,3,25,13,500,1200,36
SIM_COVER_USE,6,38,0,0
SIM,6,0,1,5,39,0,1,12,1,4,22,13,1400,100,45
SIM_COVER_USE,6,39,0,0
SIM,6,0,1,5,40,1,1,10,1,4,22,13,500,700,37
SIM_COVER_USE,6,40,0,0
SIM,6,0,1,5,41,0,0,10,0,4,19,13,1500,400,45
SIM_COVER_USE,6,41,0,0
SIM,6,0,1,5,42,1,3,10,1,4,19,13,1300,1000,44
SIM_COVER_USE,6,42,0,0
SIM,6,0,1,5,43,0,3,10,1,4,15,13,2200,400,45
SIM_COVER_USE,6,43,0,0
SIM,6,0,1,5,44,1,3,9,1,3,15,13,400,1100,29
SIM_COVER_USE,6,44,0,0
SIM,6,0,1,5,45,0,1,12,1,4,12,13,1300,300,45
SIM_COVER_USE,6,45,0,0
SIM,6,0,1,5,46,1,4,9,2,3,12,13,200,1000,32
SIM_COVER_USE,6,46,0,0
SIM,6,0,1,5,47,0,3,9,1,3,10,13,1100,400,45
SIM_COVER_USE,6,47,0,0
SIM,6,0,1,5,48,1,3,7,1,3,10,13,500,1100,37
SIM_COVER_USE,6,48,0,0
SIM,6,0,1,5,49,0,1,10,1,4,7,13,1400,300,45
SIM_COVER_USE,6,49,0,0
SIM,6,0,1,5,50,1,1,9,1,3,7,13,1400,1000,43
SIM_COVER_USE,6,50,0,0
SIM,6,0,1,5,51,0,0,9,0,3,5,13,2400,400,45
SIM_COVER_USE,6,51,0,0
SIM,6,0,1,5,52,1,3,7,1,3,5,13,100,1100,26
SIM_COVER_USE,6,52,0,0
SIM,6,0,1,5,53,0,0,10,0,4,3,13,1100,300,45
SIM_COVER_USE,6,53,0,0
SIM,6,0,1,5,54,1,0,10,0,4,3,13,500,900,41
SIM_COVER_USE,6,54,0,0
SIM_END,6,0,1,5,54,1,0
SIM,7,0,1,6,1,0,6,0,1,0,40,40,1000,0,30
SIM_COVER_USE,7,1,0,0
SIM,7,0,1,6,2,1,9,0,2,0,40,39,200,1000,1
SIM_COVER_USE,7,2,1,0
SIM,7,0,1,6,3,0,7,3,2,1,40,39,900,200,31
SIM_COVER_USE,7,3,1,0
SIM,7,0,1,6,4,1,7,0,2,0,40,38,300,1200,13
SIM_COVER_USE,7,4,0,0
SIM,7,0,1,6,5,0,7,0,2,0,40,38,1000,300,43
SIM_COVER_USE,7,5,0,0
SIM,7,0,1,6,6,1,10,0,3,0,40,37,200,1300,34
SIM_COVER_USE,7,6,0,0
SIM,7,0,1,6,7,0,9,3,2,1,40,37,900,200,45
SIM_COVER_USE,7,7,0,0
SIM,7,0,1,6,8,1,9,0,2,0,40,37,300,1200,34
SIM_COVER_USE,7,8,0,0
SIM,7,0,1,6,9,0,9,0,2,0,40,37,1000,300,45
SIM_COVER_USE,7,9,0,0
SIM,7,0,1,6,10,1,12,0,3,0,40,35,200,1300,30
SIM_COVER_USE,7,10,0,0
SIM,7,0,1,6,11,0,10,3,3,1,40,35,800,200,45
SIM_COVER_USE,7,11,0,0
SIM,7,0,1,6,12,1,10,0,3,0,40,33,500,1200,32
SIM_COVER_USE,7,12,1,0
SIM,7,0,1,6,13,0,10,0,3,0,40,33,1100,300,45
SIM_COVER_USE,7,13,1,0
SIM,7,0,1,6,14,1,13,0,4,0,40,30,300,1300,24
SIM_COVER_USE,7,14,0,0
SIM,7,0,1,6,15,0,12,3,3,1,40,30,900,200,45
SIM_COVER_USE,7,15,0,0
SIM,7,0,1,6,16,1,12,0,3,0,40,28,300,1200,33
SIM_COVER_USE,7,16,0,0
SIM,7,0,1,6,17,0,12,0,3,0,40,28,900,300,45
SIM_COVER_USE,7,17,0,0
SIM,7,0,1,6,18,1,15,0,4,0,40,25,100,1300,31
SIM_COVER_USE,7,18,0,0
SIM,7,0,1,6,19,0,13,3,4,1,40,25,600,200,45
SIM_COVER_USE,7,19,0,0
SIM,7,0,1,6,20,1,13,0,4,0,40,22,300,1200,29
SIM_COVER_USE,7,20,0,0
SIM,7,0,1,6,21,0,13,0,4,0,40,22,800,1200,45
SIM_COVER_USE,7,21,0,0
SIM,7,0,1,6,22,1,13,0,4,0,40,18,500,2200,35
SIM_COVER_USE,7,22,0,0
SIM,7,0,1,6,23,0,11,3,4,1,40,18,1000,500,45
SIM_COVER_USE,7,23,0,0
SIM,7,0,1,6,24,1,11,0,4,0,40,15,400,1500,33
SIM_COVER_USE,7,24,0,0
SIM,7,0,1,6,25,0,11,0,4,0,40,15,900,1500,45
SIM_COVER_USE,7,25,0,0
SIM,7,0,1,6,26,1,11,0,4,0,40,11,300,2500,33
SIM_COVER_USE,7,26,0,0
SIM,7,0,1,6,27,0,9,3,3,1,40,11,1000,500,45
SIM_COVER_USE,7,27,0,0
SIM,7,0,1,6,28,1,12,3,4,1,40,7,200,1400,24
SIM_COVER_USE,7,28,0,0
SIM,7,0,1,6,29,0,10,3,4,1,40,7,800,500,45
SIM_COVER_USE,7,29,0,0
SIM,7,0,1,6,30,1,10,3,4,1,40,3,500,1400,35
SIM_COVER_USE,7,30,0,0
SIM,7,0,1,6,31,0,7,6,3,2,40,3,1200,300,45
SIM_COVER_USE,7,31,0,0
SIM_END,7,0,1,6,31,0,0
SIM,8,1,1,0,1,0,0,6,0,1,40,40,1000,0,30
SIM_COVER_USE,8,1,0,0
SIM,8,1,1,0,2,1,3,4,1,1,40,40,200,800,19
SIM_COVER_USE,8,2,0,0
SIM,8,1,1,0,3,0,0,7,0,2,39,40,1200,300,45
SIM_COVER_USE,8,3,0,0
SIM,8,1,1,0,4,1,0,7,0,2,39,40,300,1000,39
SIM_COVER_USE,8,4,0,0
SIM,8,1,1,0,5,0,0,7,0,2,38,40,1300,400,45
SIM_COVER_USE,8,5,0,0
SIM,8,1,1,0,6,1,3,5,1,2,38,40,200,1100,34
SIM_COVER_USE,8,6,0,0
SIM,8,1,1,0,7,0,0,8,0,3,37,40,1200,300,45
SIM_COVER_USE,8,7,0,0
SIM,8,1,1,0,8,1,0,8,0,3,37,40,300,900,39
SIM_COVER_USE,8,8,0,0
SIM,8,1,1,0,9,0,0,8,0,3,34,40,1300,300,45
SIM_COVER_USE,8,9,0,0
SIM,8,1,1,0,10,1,3,7,1,2,34,40,200,1000,34
SIM_COVER_USE,8,10,0,0
SIM,8,1,1,0,11,0,0,10,0,3,32,40,1200,200,45
SIM_COVER_USE,8,11,0,0
SIM,8,1,1,0,12,1,0,10,0,3,32,40,300,800,39
SIM_COVER_USE,8,12,0,0
SIM,8,1,1,0,13,0,0,10,0,3,29,40,1300,500,45
SIM_COVER_USE,8,13,0,0
SIM,8,1,1,0,14,1,3,8,1,3,29,40,200,1100,36
SIM_COVER_USE,8,14,0,0
SIM,8,1,1,0,15,0,0,11,0,4,27,40,1200,300,45
SIM_COVER_USE,8,15,0,0
SIM,8,1,1,0,16,1,0,11,0,4,27,40,300,800,39
SIM_COVER_USE,8,16,0,0
SIM,8,1,1,0,17,0,0,11,0,4,23,40,1300,500,45
SIM_COVER_USE,8,17,0,0
SIM,8,1,1,0,18,1,3,9,1,3,23,40,500,1200,38
SIM_COVER_USE,8,18,0,0
SIM,8,1,1,0,19,0,3,12,1,4,19,40,1400,100,45
SIM_COVER_USE,8,19,0,0
SIM,8,1,1,0,20,1,3,10,1,4,19,40,500,700,37
SIM_COVER_USE,8,20,0,0
SIM,8,1,1,0,21,0,3,10,1,4,15,40,1400,400,45
SIM_COVER_USE,8,21,0,0
SIM,8,1,1,0,22,1,6,7,2,3,15,40,300,1100,34
SIM_COVER_USE,8,22,0,0
SIM,8,1,1,0,23,0,6,10,2,4,11,40,1100,300,45
SIM_COVER_USE,8,23,0,0
SIM,8,1,1,0,24,1,6,7,2,3,11,40,500,1000,37
SIM_COVER_USE,8,24,0,0
SIM,8,1,1,0,25,0,6,7,2,3,8,40,1300,400,45
SIM_COVER_USE,8,25,0,0
SIM,8,1,1,0,26,1,9,3,3,1,8,40,200,1300,26
SIM_COVER_USE,8,26,0,0
SIM,8,1,1,0,27,0,9,6,3,2,7,40,900,200,45
SIM_COVER_USE,8,27,0,0
SIM,8,1,1,0,28,1,9,3,3,1,7,40,300,1100,32
SIM_COVER_USE,8,28,0,0
SIM,8,1,1,0,29,0,9,3,3,1,6,40,1000,500,45
SIM_COVER_USE,8,29,0,0
SIM,8,1,1,0,30,1,12,0,4,0,6,38,200,1500,10
SIM_COVER_USE,8,30,0,0
SIM,8,1,1,0,31,0,10,3,4,1,6,38,800,100,40
SIM_COVER_USE,8,31,0,0
SIM,8,1,1,0,32,1,10,1,4,1,6,35,500,1000,10
SIM_COVER_USE,8,32,1,0
SIM,8,1,1,0,33,0,9,1,3,1,6,35,1200,400,40
SIM_COVER_USE,8,33,1,0
SIM,8,1,1,0,34,1,12,0,4,0,6,32,100,1400,17
SIM_COVER_USE,8,34,1,0
SIM,8,1,1,0,35,0,10,3,4,1,6,32,700,300,45
SIM_COVER_USE,8,35,1,0
SIM,8,1,1,0,36,1,10,1,4,1,6,29,400,1200,35
SIM_COVER_USE,8,36,1,0
SIM,8,1,1,0,37,0,9,1,3,1,6,29,1100,300,45
SIM_COVER_USE,8,37,1,0
SIM,8,1,1,0,38,1,12,0,4,0,6,26,300,1300,24
SIM_COVER_USE,8,38,1,0
SIM,8,1,1,0,39,0,10,3,4,1,6,26,900,200,45
SIM_COVER_USE,8,39,1,0
SIM,8,1,1,0,40,1,10,1,4,1,6,23,300,1100,33
SIM_COVER_USE,8,40,1,0
SIM,8,1,1,0,41,0,9,1,3,1,6,23,1000,500,45
SIM_COVER_USE,8,41,1,0
SIM,8,1,1,0,42,1,12,0,4,0,6,20,200,1500,24
SIM_COVER_USE,8,42,1,0
SIM,8,1,1,0,43,0,10,3,4,1,6,20,800,100,45
SIM_COVER_USE,8,43,1,0
SIM,8,1,1,0,44,1,10,1,4,1,6,17,500,1000,35
SIM_COVER_USE,8,44,1,0
SIM,8,1,1,0,45,0,9,1,3,1,6,17,1200,400,45
SIM_COVER_USE,8,45,1,0
SIM,8,1,1,0,46,1,12,0,4,0,6,14,100,1400,22
SIM_COVER_USE,8,46,1,0
SIM,8,1,1,0,47,0,10,3,4,1,6,14,700,300,45
SIM_COVER_USE,8,47,1,0
SIM,8,1,1,0,48,1,10,1,4,1,6,11,400,1200,35
SIM_COVER_USE,8,48,1,0
SIM,8,1,1,0,49,0,9,1,3,1,6,11,1100,300,45
SIM_COVER_USE,8,49,1,0
SIM,8,1,1,0,50,1,12,0,4,0,6,8,300,1300,24
SIM_COVER_USE,8,50,1,0
SIM,8,1,1,0,51,0,10,3,4,1,6,8,900,200,45
SIM_COVER_USE,8,51,1,0
SIM,8,1,1,0,52,1,10,1,4,1,6,5,300,1100,33
SIM_COVER_USE,8,52,1,0
SIM,8,1,1,0,53,0,9,1,3,1,6,5,1000,500,45
SIM_COVER_USE,8,53,1,0
SIM,8,1,1,0,54,1,12,0,4,0,6,2,200,1500,24
SIM_COVER_USE,8,54,1,0
SIM,8,1,1,0,55,0,10,3,4,1,6,2,800,100,45
SIM_COVER_USE,8,55,1,0
SIM_END,8,1,1,0,55,0,0
SIM,9,1,1,1,1,0,0,6,0,1,40,40,1000,0,30
SIM_COVER_USE,9,1,0,0
SIM,9,1,1,1,2,1,3,4,1,1,40,40,200,800,19
SIM_COVER_USE,9,2,0,0
SIM,9,1,1,1,3,0,0,7,0,2,39,40,1200,300,45
SIM_COVER_USE,9,3,0,0
SIM,9,1,1,1,4,1,0,7,0,2,39,40,300,1000,39
SIM_COVER_USE,9,4,0,0
SIM,9,1,1,1,5,0,0,7,0,2,38,40,1300,400,45
SIM_COVER_USE,9,5,0,0
SIM,9,1,1,1,6,1,3,5,1,2,38,40,200,1100,34
SIM_COVER_USE,9,6,0,0
SIM,9,1,1,1,7,0,0,8,0,3,37,40,1200,300,45
SIM_COVER_USE,9,7,0,0
SIM,9,1,1,1,8,1,0,8,0,3,37,40,300,900,39
SIM_COVER_USE,9,8,0,0
SIM,9,1,1,1,9,0,0,8,0,3,34,40,1300,300,45
SIM_COVER_USE,9,9,0,0
SIM,9,1,1,1,10,1,3,7,1,2,34,40,200,1000,34
SIM_COVER_USE,9,10,0,0
SIM,9,1,1,1,11,0,0,10,0,3,32,40,1200,200,45
SIM_COVER_USE,9,11,0,0
SIM,9,1,1,1,12,1,0,10,0,3,32,40,300,800,39
SIM_COVER_USE,9,12,0,0
SIM,9,1,1,1,13,0,0,10,0,3,29,40,1300,500,45
SIM_COVER_USE,9,13,0,0
SIM,9,1,1,1,14,1,3,8,1,3,29,40,200,1100,36
SIM_COVER_USE,9,14,0,0
SIM,9,1,1,1,15,0,0,11,0,4,27,40,1200,300,45
SIM_COVER_USE,9,15,0,0
SIM,9,1,1,1,16,1,0,11,0,4,27,40,300,800,39
SIM_COVER_USE,9,16,0,0
SIM,9,1,1,1,17,0,0,11,0,4,26,40,1300,800,45
SIM_COVER_USE,9,17,0,0
SIM,9,1,1,1,18,1,3,9,1,3,26,40,200,1500,36
SIM_COVER_USE,9,18,0,0
SIM,9,1,1,1,19,0,3,9,1,3,25,40,1100,1500,45
SIM_COVER_USE,9,19,0,0
SIM,9,1,1,1,20,1,3,7,1,3,25,40,500,2200,37
SIM_COVER_USE,9,20,0,0
SIM,9,1,1,1,21,0,0,10,0,4,23,40,1500,200,45
SIM_COVER_USE,9,21,0,1
SIM,9,1,1,1,22,1,3,9,1,3,23,40,100,900,32
SIM_COVER_USE,9,22,0,1
SIM,9,1,1,1,23,0,0,9,0,3,22,40,1100,300,45
SIM_COVER_USE,9,23,0,1
SIM,9,1,1,1,24,1,0,9,0,3,22,40,500,1000,41
SIM_COVER_USE,9,24,0,1
SIM,9,1,1,1,25,0,0,12,0,4,19,40,1500,200,45
SIM_COVER_USE,9,25,0,0
SIM,9,1,1,1,26,1,3,10,1,4,19,40,100,800,34
SIM_COVER_USE,9,26,0,0
SIM,9,1,1,1,27,0,1,10,1,4,16,40,1000,500,45
SIM_COVER_USE,9,27,0,1
SIM,9,1,1,1,28,1,1,9,1,3,16,40,400,1200,39
SIM_COVER_USE,9,28,0,1
SIM,9,1,1,1,29,0,0,12,0,4,13,40,1400,100,45
SIM_COVER_USE,9,29,0,1
SIM,9,1,1,1,30,1,3,10,1,4,13,40,300,700,36
SIM_COVER_USE,9,30,0,1
SIM,9,1,1,1,31,0,1,10,1,4,10,40,1200,400,45
SIM_COVER_USE,9,31,0,1
SIM,9,1,1,1,32,1,1,9,1,3,10,40,300,1100,37
SIM_COVER_USE,9,32,0,1
SIM,9,1,1,1,33,0,0,12,0,4,7,40,1300,300,45
SIM_COVER_USE,9,33,0,1
SIM,9,1,1,1,34,1,3,10,1,4,7,40,200,900,36
SIM_COVER_USE,9,34,0,1
SIM,9,1,1,1,35,0,1,10,1,4,4,40,1100,300,45
SIM_COVER_USE,9,35,0,1
SIM,9,1,1,1,36,1,1,9,1,3,4,40,500,1000,39
SIM_COVER_USE,9,36,0,1
SIM,9,1,1,1,37,0,0,12,0,4,1,40,1500,200,45
SIM_COVER_USE,9,37,0,1
SIM,9,1,1,1,38,1,3,10,1,4,1,40,100,800,34
SIM_COVER_USE,9,38,0,1
SIM_END,9,1,1,1,38,1,0
SIM,10,1,1,2,1,0,0,6,0,1,40,40,1000,0,30
SIM_COVER_USE,10,1,0,0
SIM,10,1,1,2,2,1,3,6,1,1,40,39,200,800,19
SIM_COVER_USE,10,2,0,0
SIM,10,1,1,2,3,0,0,9,0,2,39,39,1200,300,45
SIM_COVER_USE,10,3,0,0
SIM,10,1,1,2,4,1,0,9,0,2,39,39,300,1000,39
SIM_COVER_USE,10,4,0,0
SIM,10,1,1,2,5,0,0,9,0,2,38,39,1300,400,45
SIM_COVER_USE,10,5,0,0
SIM,10,1,1,2,6,1,3,7,1,2,38,39,200,1100,34
SIM_COVER_USE,10,6,0,0
SIM,10,1,1,2,7,0,0,10,0,3,37,39,1200,300,45
SIM_COVER_USE,10,7,0,0
SIM,10,1,1,2,8,1,0,10,0,3,37,39,300,900,39
SIM_COVER_USE,10,8,0,0
SIM,10,1,1,2,9,0,0,10,0,3,34,39,1300,300,45
SIM_COVER_USE,10,9,0,0
SIM,10,1,1,2,10,1,3,9,1,2,34,39,200,1000,34
SIM_COVER_USE,10,10,0,0
SIM,10,1,1,2,11,0,0,12,0,3,32,39,1200,200,45
SIM_COVER_USE,10,11,0,0
SIM,10,1,1,2,12,1,0,12,0,3,32,39,300,800,39
SIM_COVER_USE,10,12,0,0
SIM,10,1,1,2,13,0,0,12,0,3,29,39,1300,500,45
SIM_COVER_USE,10,13,0,0
SIM,10,1,1,2,14,1,3,10,1,3,29,39,200,1100,36
SIM_COVER_USE,10,14,0,0
SIM,10,1,1,2,15,0,0,13,0,4,27,39,1200,300,45
SIM_COVER_USE,10,15,0,0
SIM,10,1,1,2,16,1,0,13,0,4,27,39,300,800,39
SIM_COVER_USE,10,16,0,0
SIM,10,1,1,2,17,0,0,13,0,4,23,39,1300,500,45
SIM_COVER_USE,10,17,0,0
SIM,10,1,1,2,18,1,3,11,1,4,23,39,500,1000,38
SIM_COVER_USE,10,18,0,0
SIM,10,1,1,2,19,0,0,11,0,4,23,39,1500,1000,45
SIM_COVER_USE,10,19,0,0
SIM,10,1,1,2,20,1,0,11,0,4,23,39,1500,1500,45
SIM_COVER_USE,10,20,0,0
SIM,10,1,1,2,21,0,0,11,0,4,19,39,2500,300,45
SIM_COVER_USE,10,21,0,0
SIM,10,1,1,2,22,1,3,9,1,3,19,39,500,1000,30
SIM_COVER_USE,10,22,0,0
SIM,10,1,1,2,23,0,3,12,1,4,15,39,1400,200,45
SIM_COVER_USE,10,23,0,0
SIM,10,1,1,2,24,1,3,10,1,4,15,39,500,800,37
SIM_COVER_USE,10,24,0,0
SIM,10,1,1,2,25,0,3,10,1,4,11,39,1400,500,45
SIM_COVER_USE,10,25,0,0
SIM,10,1,1,2,26,1,6,7,2,3,11,39,300,1200,34
SIM_COVER_USE,10,26,0,0
SIM,10,1,1,2,27,0,6,10,2,4,7,39,1100,100,45
SIM_COVER_USE,10,27,0,0
SIM,10,1,1,2,28,1,6,7,2,3,7,39,500,800,37
SIM_COVER_USE,10,28,0,0
SIM,10,1,1,2,29,0,6,7,2,3,4,39,1300,500,45
SIM_COVER_USE,10,29,0,0
SIM,10,1,1,2,30,1,9,3,3,1,4,39,200,1400,26
SIM_COVER_USE,10,30,0,0
SIM,10,1,1,2,31,0,9,6,3,2,3,39,900,300,45
SIM_COVER_USE,10,31,0,0
SIM,10,1,1,2,32,1,9,3,3,1,3,39,300,1200,32
SIM_COVER_USE,10,32,0,0
SIM,10,1,1,2,33,0,9,3,3,1,2,39,1000,300,45
SIM_COVER_USE,10,33,0,0
SIM,10,1,1,2,34,1,12,0,4,0,2,37,200,1300,10
SIM_COVER_USE,10,34,0,0
SIM,10,1,1,2,35,0,10,3,4,1,2,37,800,200,40
SIM_COVER_USE,10,35,0,0
SIM,10,1,1,2,36,1,10,1,4,1,2,34,500,1100,10
SIM_COVER_USE,10,36,1,0
SIM,10,1,1,2,37,0,9,1,3,1,2,34,1200,500,40
SIM_COVER_USE,10,37,1,0
SIM,10,1,1,2,38,1,12,0,4,0,2,31,100,1500,17
SIM_COVER_USE,10,38,1,0
SIM,10,1,1,2,39,0,10,3,4,1,2,31,700,100,45
SIM_COVER_USE,10,39,1,0
SIM,10,1,1,2,40,1,10,1,4,1,2,28,400,1000,35
SIM_COVER_USE,10,40,1,0
SIM,10,1,1,2,41,0,9,1,3,1,2,28,1100,400,45
SIM_COVER_USE,10,41,1,0
SIM,10,1,1,2,42,1,12,0,4,0,2,25,300,1400,24
SIM_COVER_USE,10,42,1,0
SIM,10,1,1,2,43,0,10,3,4,1,2,25,900,300,45
SIM_COVER_USE,10,43,1,0
SIM,10,1,1,2,44,1,10,1,4,1,2,22,300,1200,33
SIM_COVER_USE,10,44,1,0
SIM,10,1,1,2,45,0,9,1,3,1,2,22,1000,300,45
SIM_COVER_USE,10,45,1,0
SIM,10,1,1,2,46,1,12,0,4,0,2,19,200,1300,24
SIM_COVER_USE,10,46,1,0
SIM,10,1,1,2,47,0,10,3,4,1,2,19,800,200,45
SIM_COVER_USE,10,47,1,0
SIM,10,1,1,2,48,1,10,1,4,1,2,16,500,1100,35
SIM_COVER_USE,10,48,1,0
SIM,10,1,1,2,49,0,9,1,3,1,2,16,1200,500,45
SIM_COVER_USE,10,49,1,0
SIM,10,1,1,2,50,1,12,0,4,0,2,13,100,1500,22
SIM_COVER_USE,10,50,1,0
SIM,10,1,1,2,51,0,10,3,4,1,2,13,700,100,45
SIM_COVER_USE,10,51,1,0
SIM,10,1,1,2,52,1,10,1,4,1,2,10,400,1000,35
SIM_COVER_USE,10,52,1,0
SIM,10,1,1,2,53,0,9,1,3,1,2,10,1100,400,45
SIM_COVER_USE,10,53,1,0
SIM,10,1,1,2,54,1,12,0,4,0,2,7,300,1400,24
SIM_COVER_USE,10,54,1,0
SIM,10,1,1,2,55,0,10,3,4,1,2,7,900,300,45
SIM_COVER_USE,10,55,1,0
SIM,10,1,1,2,56,1,10,1,4,1,2,4,300,1200,33
SIM_COVER_USE,10,56,1,0
SIM,10,1,1,2,57,0,9,1,3,1,2,4,1000,300,45
SIM_COVER_USE,10,57,1,0
SIM,10,1,1,2,58,1,12,0,4,0,2,1,200,1300,24
SIM_COVER_USE,10,58,1,0
SIM,10,1,1,2,59,0,10,3,4,1,2,1,800,200,45
SIM_COVER_USE,10,59,1,0
SIM_END,10,1,1,2,59,0,0
SIM,11,1,1,3,1,0,0,6,0,1,40,40,1000,0,30
SIM_COVER_USE,11,1,0,1
SIM,11,1,1,3,2,1,3,6,1,1,40,40,200,800,21
SIM_COVER_USE,11,2,1,1
SIM,11,1,1,3,3,0,0,9,0,2,40,40,1200,300,45
SIM_COVER_USE,11,3,0,1
SIM,11,1,1,3,4,1,0,9,0,2,40,40,300,1000,39
SIM_COVER_USE,11,4,0,1
SIM,11,1,1,3,5,0,0,9,0,2,40,40,1300,400,45
SIM_COVER_USE,11,5,0,1
SIM,11,1,1,3,6,1,3,7,1,2,40,40,200,1100,32
SIM_COVER_USE,11,6,1,1
SIM,11,1,1,3,7,0,0,10,0,3,39,40,1200,300,45
SIM_COVER_USE,11,7,0,0
SIM,11,1,1,3,8,1,0,10,0,3,39,40,300,900,39
SIM_COVER_USE,11,8,0,0
SIM,11,1,1,3,9,0,0,10,0,3,38,40,1300,900,45
SIM_COVER_USE,11,9,0,0
SIM,11,1,1,3,10,1,3,9,1,2,38,40,200,1600,32
SIM_COVER_USE,11,10,1,0
SIM,11,1,1,3,11,0,0,12,0,3,37,40,1200,200,45
SIM_COVER_USE,11,11,0,0
SIM,11,1,1,3,12,1,0,12,0,3,37,40,300,800,39
SIM_COVER_USE,11,12,0,0
SIM,11,1,1,3,13,0,0,12,0,3,36,40,1300,500,45
SIM_COVER_USE,11,13,0,0
SIM,11,1,1,3,14,1,3,10,1,3,36,40,200,1100,34
SIM_COVER_USE,11,14,0,0
SIM,11,1,1,3,15,0,0,13,0,4,33,40,1200,300,45
SIM_COVER_USE,11,15,0,0
SIM,11,1,1,3,16,1,0,13,0,4,33,40,300,800,39
SIM_COVER_USE,11,16,0,0
SIM,11,1,1,3,17,0,0,13,0,4,30,40,1300,500,45
SIM_COVER_USE,11,17,0,0
SIM,11,1,1,3,18,1,3,12,1,3,30,40,200,1100,34
SIM_COVER_USE,11,18,0,0
SIM,11,1,1,3,19,0,0,15,0,4,28,40,1200,300,45
SIM_COVER_USE,11,19,0,0
SIM,11,1,1,3,20,1,0,15,0,4,28,40,300,800,39
SIM_COVER_USE,11,20,0,0
SIM,11,1,1,3,21,0,0,15,0,4,24,40,1300,500,45
SIM_COVER_USE,11,21,0,0
SIM,11,1,1,3,22,1,3,13,1,4,24,40,500,1000,38
SIM_COVER_USE,11,22,0,0
SIM,11,1,1,3,23,0,0,13,0,4,21,40,1500,400,45
SIM_COVER_USE,11,23,0,1
SIM,11,1,1,3,24,1,0,13,0,4,21,40,300,900,37
SIM_COVER_USE,11,24,0,1
SIM,11,1,1,3,25,0,0,13,0,4,17,40,1300,300,45
SIM_COVER_USE,11,25,0,0
SIM,11,1,1,3,26,1,3,12,1,3,17,40,500,900,38
SIM_COVER_USE,11,26,0,0
SIM,11,1,1,3,27,0,0,15,0,4,14,40,1500,100,45
SIM_COVER_USE,11,27,0,0
SIM,11,1,1,3,28,1,0,15,0,4,14,40,1500,600,45
SIM_COVER_USE,11,28,0,0
SIM,11,1,1,3,29,0,0,15,0,4,10,40,2500,300,45
SIM_COVER_USE,11,29,0,0
SIM,11,1,1,3,30,1,3,13,1,4,10,40,500,800,30
SIM_COVER_USE,11,30,0,0
SIM,11,1,1,3,31,0,0,13,0,4,7,40,1500,500,45
SIM_COVER_USE,11,31,0,0
SIM,11,1,1,3,32,1,0,13,0,4,7,40,1500,1000,45
SIM_COVER_USE,11,32,0,0
SIM,11,1,1,3,33,0,0,13,0,4,3,40,2500,400,45
SIM_COVER_USE,11,33,0,0
SIM,11,1,1,3,34,1,3,11,1,4,3,40,500,900,30
SIM_COVER_USE,11,34,0,0
SIM_END,11,1,1,3,34,1,0
SIM,12,1,1,4,1,0,0,6,0,1,40,40,1000,0,30
SIM_COVER_USE,12,1,0,1
SIM,12,1,1,4,2,1,3,6,1,1,40,40,200,800,21
SIM_COVER_USE,12,2,1,1
SIM,12,1,1,4,3,0,0,9,0,2,40,40,1200,300,45
SIM_COVER_USE,12,3,0,1
SIM,12,1,1,4,4,1,0,9,0,2,40,40,300,1000,39
SIM_COVER_USE,12,4,0,1
SIM,12,1,1,4,5,0,0,9,0,2,39,40,1300,400,45
SIM_COVER_USE,12,5,0,1
SIM,12,1,1,4,6,1,3,7,1,2,39,40,200,1100,34
SIM_COVER_USE,12,6,0,1
SIM,12,1,1,4,7,0,0,10,0,3,38,40,1200,300,45
SIM_COVER_USE,12,7,0,0
SIM,12,1,1,4,8,1,0,10,0,3,38,40,300,900,39
SIM_COVER_USE,12,8,0,0
SIM,12,1,1,4,9,0,0,10,0,3,37,40,1300,900,45
SIM_COVER_USE,12,9,0,0
SIM,12,1,1,4,10,1,3,9,1,2,37,40,200,1600,34
SIM_COVER_USE,12,10,0,0
SIM,12,1,1,4,11,0,0,12,0,3,36,40,1200,200,45
SIM_COVER_USE,12,11,0,0
SIM,12,1,1,4,12,1,0,12,0,3,36,40,300,800,39
SIM_COVER_USE,12,12,0,0
SIM,12,1,1,4,13,0,0,12,0,3,33,40,1300,500,45
SIM_COVER_USE,12,13,0,0
SIM,12,1,1,4,14,1,3,10,1,3,33,40,200,1100,36
SIM_COVER_USE,12,14,0,0
SIM,12,1,1,4,15,0,0,13,0,4,31,40,1200,300,45
SIM_COVER_USE,12,15,0,0
SIM,12,1,1,4,16,1,0,13,0,4,31,40,300,800,39
SIM_COVER_USE,12,16,0,0
SIM,12,1,1,4,17,0,0,13,0,4,27,40,1300,500,45
SIM_COVER_USE,12,17,0,0
SIM,12,1,1,4,18,1,3,11,1,4,27,40,500,1000,38
SIM_COVER_USE,12,18,0,0
SIM,12,1,1,4,19,0,0,11,0,4,24,40,1500,400,45
SIM_COVER_USE,12,19,0,0
SIM,12,1,1,4,20,1,0,11,0,4,24,40,1500,900,45
SIM_COVER_USE,12,20,0,0
SIM,12,1,1,4,21,0,0,11,0,4,20,40,2500,300,45
SIM_COVER_USE,12,21,0,0
SIM,12,1,1,4,22,1,3,9,1,3,20,40,500,1000,30
SIM_COVER_USE,12,22,0,0
SIM,12,1,1,4,23,0,3,12,1,4,16,40,1400,200,45
SIM_COVER_USE,12,23,0,0
SIM,12,1,1,4,24,1,3,10,1,4,16,40,500,800,37
SIM_COVER_USE,12,24,0,0
SIM,12,1,1,4,25,0,3,10,1,4,12,40,1400,500,45
SIM_COVER_USE,12,25,0,0
SIM,12,1,1,4,26,1,6,7,2,3,12,40,300,1200,34
SIM_COVER_USE,12,26,0,0
SIM,12,1,1,4,27,0,6,10,2,4,8,40,1100,100,45
SIM_COVER_USE,12,27,0,0
SIM,12,1,1,4,28,1,6,7,2,3,8,40,500,800,37
SIM_COVER_USE,12,28,0,0
SIM,12,1,1,4,29,0,6,7,2,3,7,40,1300,800,45
SIM_COVER_USE,12,29,0,0
SIM,12,1,1,4,30,1,9,3,3,1,7,40,200,1700,26
SIM_COVER_USE,12,30,0,0
SIM,12,1,1,4,31,0,9,6,3,2,6,40,900,300,45
SIM_COVER_USE,12,31,0,0
SIM,12,1,1,4,32,1,9,3,3,1,6,40,300,1200,32
SIM_COVER_USE,12,32,0,0
SIM,12,1,1,4,33,0,9,3,3,1,5,40,1000,300,45
SIM_COVER_USE,12,33,0,0
SIM,12,1,1,4,34,1,12,0,4,0,5,38,200,1300,10
SIM_COVER_USE,12,34,0,0
SIM,12,1,1,4,35,0,10,3,4,1,5,38,800,200,40
SIM_COVER_USE,12,35,0,0
SIM,12,1,1,4,36,1,10,1,4,1,5,35,500,1100,10
SIM_COVER_USE,12,36,1,0
SIM,12,1,1,4,37,0,9,1,3,1,5,35,1200,500,40
SIM_COVER_USE,12,37,1,0
SIM,12,1,1,4,38,1,12,0,4,0,5,32,100,1500,17
SIM_COVER_USE,12,38,1,0
SIM,12,1,1,4,39,0,10,3,4,1,5,32,700,100,45
SIM_COVER_USE,12,39,1,0
SIM,12,1,1,4,40,1,10,1,4,1,5,29,400,1000,35
SIM_COVER_USE,12,40,1,0
SIM,12,1,1,4,41,0,9,1,3,1,5,29,1100,400,45
SIM_COVER_USE,12,41,1,0
SIM,12,1,1,4,42,1,12,0,4,0,5,26,300,1400,24
SIM_COVER_USE,12,42,1,0
SIM,12,1,1,4,43,0,10,3,4,1,5,26,900,300,45
SIM_COVER_USE,12,43,1,0
SIM,12,1,1,4,44,1,10,1,4,1,5,23,300,1200,33
SIM_COVER_USE,12,44,1,0
SIM,12,1,1,4,45,0,9,1,3,1,5,23,1000,300,45
SIM_COVER_USE,12,45,1,0
SIM,12,1,1,4,46,1,12,0,4,0,5,20,200,1300,24
SIM_COVER_USE,12,46,1,0
SIM,12,1,1,4,47,0,10,3,4,1,5,20,800,200,45
SIM_COVER_USE,12,47,1,0
SIM,12,1,1,4,48,1,10,1,4,1,5,17,500,1100,35
SIM_COVER_USE,12,48,1,0
SIM,12,1,1,4,49,0,9,1,3,1,5,17,1200,500,45
SIM_COVER_USE,12,49,1,0
SIM,12,1,1,4,50,1,12,0,4,0,5,14,100,1500,22
SIM_COVER_USE,12,50,1,0
SIM,12,1,1,4,51,0,10,3,4,1,5,14,700,100,45
SIM_COVER_USE,12,51,1,0
SIM,12,1,1,4,52,1,10,1,4,1,5,11,400,1000,35
SIM_COVER_USE,12,52,1,0
SIM,12,1,1,4,53,0,9,1,3,1,5,11,1100,400,45
SIM_COVER_USE,12,53,1,0
SIM,12,1,1,4,54,1,12,0,4,0,5,8,300,1400,24
SIM_COVER_USE,12,54,1,0
SIM,12,1,1,4,55,0,10,3,4,1,5,8,900,300,45
SIM_COVER_USE,12,55,1,0
SIM,12,1,1,4,56,1,10,1,4,1,5,5,300,1200,33
SIM_COVER_USE,12,56,1,0
SIM,12,1,1,4,57,0,9,1,3,1,5,5,1000,1200,45
SIM_COVER_USE,12,57,1,0
SIM,12,1,1,4,58,1,12,0,4,0,5,2,200,2200,24
SIM_COVER_USE,12,58,1,0
SIM,12,1,1,4,59,0,10,3,4,1,5,2,800,200,45
SIM_COVER_USE,12,59,1,0
SIM_END,12,1,1,4,59,0,0
SIM,13,1,1,5,1,0,0,6,0,1,40,40,1000,0,30
SIM_COVER_USE,13,1,0,0
SIM,13,1,1,5,2,1,3,6,1,1,40,39,200,800,19
SIM_COVER_USE,13,2,0,0
SIM,13,1,1,5,3,0,3,6,1,1,40,39,1100,800,45
SIM_COVER_USE,13,3,0,1
SIM,13,1,1,5,4,1,3,6,1,1,40,38,500,1600,39
SIM_COVER_USE,13,4,0,1
SIM,13,1,1,5,5,0,0,9,0,2,39,38,1500,200,45
SIM_COVER_USE,13,5,0,1
SIM,13,1,1,5,6,1,3,7,1,2,39,38,100,900,32
SIM_COVER_USE,13,6,0,1
SIM,13,1,1,5,7,0,0,7,0,2,38,38,1100,300,45
SIM_COVER_USE,13,7,0,0
SIM,13,1,1,5,8,1,0,7,0,2,38,38,500,1000,41
SIM_COVER_USE,13,8,0,0
SIM,13,1,1,5,9,0,0,10,0,3,37,38,1500,200,45
SIM_COVER_USE,13,9,0,0
SIM,13,1,1,5,10,1,3,9,1,2,37,38,100,900,32
SIM_COVER_USE,13,10,0,0
SIM,13,1,1,5,11,0,0,9,0,2,37,38,1100,300,45
SIM_COVER_USE,13,11,0,0
SIM,13,1,1,5,12,1,0,9,0,2,37,38,500,1000,41
SIM_COVER_USE,13,12,0,0
SIM,13,1,1,5,13,0,0,12,0,3,35,38,1500,200,45
SIM_COVER_USE,13,13,0,0
SIM,13,1,1,5,14,1,3,10,1,3,35,38,100,800,34
SIM_COVER_USE,13,14,0,0
SIM,13,1,1,5,15,0,0,10,0,3,33,38,1100,500,45
SIM_COVER_USE,13,15,0,1
SIM,13,1,1,5,16,1,0,10,0,3,33,38,500,1100,41
SIM_COVER_USE,13,16,0,1
SIM,13,1,1,5,17,0,0,10,0,3,32,38,1500,1100,45
SIM_COVER_USE,13,17,0,1
SIM,13,1,1,5,18,1,3,9,1,2,32,38,100,1800,34
SIM_COVER_USE,13,18,0,1
SIM,13,1,1,5,19,0,0,12,0,3,30,38,1100,100,45
SIM_COVER_USE,13,19,0,1
SIM,13,1,1,5,20,1,0,12,0,3,30,38,500,700,41
SIM_COVER_USE,13,20,0,1
SIM,13,1,1,5,21,0,0,12,0,3,28,38,1500,400,45
SIM_COVER_USE,13,21,0,0
SIM,13,1,1,5,22,1,3,10,1,3,28,38,100,1000,34
SIM_COVER_USE,13,22,0,0
SIM,13,1,1,5,23,0,0,13,0,4,25,38,1100,200,45
SIM_COVER_USE,13,23,0,1
SIM,13,1,1,5,24,1,0,13,0,4,25,38,500,700,41
SIM_COVER_USE,13,24,0,1
SIM,13,1,1,5,25,0,0,13,0,4,22,38,1500,400,45
SIM_COVER_USE,13,25,0,0
SIM,13,1,1,5,26,1,3,12,1,3,22,38,100,1000,34
SIM_COVER_USE,13,26,0,0
SIM,13,1,1,5,27,0,0,15,0,4,20,38,1100,200,45
SIM_COVER_USE,13,27,0,0
SIM,13,1,1,5,28,1,0,15,0,4,20,38,500,700,41
SIM_COVER_USE,13,28,0,0
SIM,13,1,1,5,29,0,0,15,0,4,16,38,1500,400,45
SIM_COVER_USE,13,29,0,0
SIM,13,1,1,5,30,1,3,13,1,4,16,38,400,900,36
SIM_COVER_USE,13,30,0,0
SIM,13,1,1,5,31,0,0,13,0,4,13,38,1400,300,45
SIM_COVER_USE,13,31,0,0
SIM,13,1,1,5,32,1,0,13,0,4,13,38,1400,800,45
SIM_COVER_USE,13,32,0,0
SIM,13,1,1,5,33,0,0,13,0,4,12,38,2400,800,45
SIM_COVER_USE,13,33,0,0
SIM,13,1,1,5,34,1,3,11,1,4,12,38,400,1300,30
SIM_COVER_USE,13,34,0,0
SIM,13,1,1,5,35,0,0,11,0,4,9,38,1400,400,45
SIM_COVER_USE,13,35,0,0
SIM,13,1,1,5,36,1,0,11,0,4,9,38,1400,900,45
SIM_COVER_USE,13,36,0,0
SIM,13,1,1,5,37,0,0,11,0,4,5,38,2400,300,45
SIM_COVER_USE,13,37,0,0
SIM,13,1,1,5,38,1,3,9,1,3,5,38,400,1000,30
SIM_COVER_USE,13,38,0,0
SIM,13,1,1,5,39,0,3,12,1,4,1,38,1300,200,45
SIM_COVER_USE,13,39,0,0
SIM,13,1,1,5,40,1,3,10,1,4,1,38,400,800,37
SIM_COVER_USE,13,40,0,0
SIM_END,13,1,1,5,40,1,0
SIM,14,1,1,6,1,0,0,6,0,1,40,40,1000,0,30
SIM_COVER_USE,14,1,0,0
SIM,14,1,1,6,2,1,3,6,1,1,40,39,200,800,19
SIM_COVER_USE,14,2,0,0
SIM,14,1,1,6,3,0,0,9,0,2,39,39,1200,300,45
SIM_COVER_USE,14,3,0,1
SIM,14,1,1,6,4,1,0,9,0,2,39,39,300,1000,39
SIM_COVER_USE,14,4,0,1
SIM,14,1,1,6,5,0,0,9,0,2,38,39,1300,400,45
SIM_COVER_USE,14,5,0,1
SIM,14,1,1,6,6,1,3,7,1,2,38,39,200,1100,34
SIM_COVER_USE,14,6,0,1
SIM,14,1,1,6,7,0,0,10,0,3,37,39,1200,300,45
SIM_COVER_USE,14,7,0,0
SIM,14,1,1,6,8,1,0,10,0,3,37,39,300,900,39
SIM_COVER_USE,14,8,0,0
SIM,14,1,1,6,9,0,0,10,0,3,34,39,1300,300,45
SIM_COVER_USE,14,9,0,0
SIM,14,1,1,6,10,1,3,9,1,2,34,39,200,1000,34
SIM_COVER_USE,14,10,0,0
SIM,14,1,1,6,11,0,0,12,0,3,32,39,1200,200,45
SIM_COVER_USE,14,11,0,0
SIM,14,1,1,6,12,1,0,12,0,3,32,39,300,800,39
SIM_COVER_USE,14,12,0,0
SIM,14,1,1,6,13,0,0,12,0,3,29,39,1300,500,45
SIM_COVER_USE,14,13,0,0
SIM,14,1,1,6,14,1,3,10,1,3,29,39,200,1100,36
SIM_COVER_USE,14,14,0,0
SIM,14,1,1,6,15,0,0,13,0,4,27,39,1200,300,45
SIM_COVER_USE,14,15,0,0
SIM,14,1,1,6,16,1,0,13,0,4,27,39,300,800,39
SIM_COVER_USE,14,16,0,0
SIM,14,1,1,6,17,0,0,13,0,4,23,39,1300,500,45
SIM_COVER_USE,14,17,0,0
SIM,14,1,1,6,18,1,3,11,1,4,23,39,500,1000,38
SIM_COVER_USE,14,18,0,0
SIM,14,1,1,6,19,0,0,11,0,4,20,39,1500,400,45
SIM_COVER_USE,14,19,0,0
SIM,14,1,1,6,20,1,0,11,0,4,20,39,1500,900,45
SIM_COVER_USE,14,20,0,0
SIM,14,1,1,6,21,0,0,11,0,4,16,39,2500,300,45
SIM_COVER_USE,14,21,0,0
SIM,14,1,1,6,22,1,3,9,1,3,16,39,500,1000,30
SIM_COVER_USE,14,22,0,0
SIM,14,1,1,6,23,0,3,12,1,4,12,39,1400,200,45
SIM_COVER_USE,14,23,0,0
SIM,14,1,1,6,24,1,3,10,1,4,12,39,500,800,37
SIM_COVER_USE,14,24,0,0
SIM,14,1,1,6,25,0,3,10,1,4,8,39,1400,500,45
SIM_COVER_USE,14,25,0,0
SIM,14,1,1,6,26,1,6,7,2,3,8,39,300,1200,34
SIM_COVER_USE,14,26,0,0
SIM,14,1,1,6,27,0,6,10,2,4,4,39,1100,100,45
SIM_COVER_USE,14,27,0,0
SIM,14,1,1,6,28,1,6,7,2,3,4,39,500,800,37
SIM_COVER_USE,14,28,0,0
SIM,14,1,1,6,29,0,6,7,2,3,1,39,1300,500,45
SIM_COVER_USE,14,29,0,0
SIM,14,1,1,6,30,1,9,3,3,1,1,39,200,1400,26
SIM_COVER_USE,14,30,0,0
SIM_END,14,1,1,6,30,1,0
SIM_DONE
