### tuned degrade=0
SIM_CONFIG,degrade_favoured_pct=0,only_handicap=1,variants=7,cover_pct=0
SIM,1,0,1,0,1,0,6,0,1,0,40,40,1000,0,30
SIM,1,0,1,0,2,1,9,0,2,0,40,39,200,1000,19
SIM,1,0,1,0,3,0,7,3,2,1,40,39,900,200,45
SIM,1,0,1,0,4,1,7,0,2,0,40,38,300,1200,31
SIM,1,0,1,0,5,0,7,0,2,0,40,38,1000,300,45
SIM,1,0,1,0,6,1,10,0,3,0,40,36,200,1300,27
SIM,1,0,1,0,7,0,9,3,2,1,40,36,900,200,45
SIM,1,0,1,0,8,1,9,0,2,0,40,35,300,1200,36
SIM,1,0,1,0,9,0,9,0,2,0,40,35,1000,300,45
SIM,1,0,1,0,10,1,12,0,3,0,40,33,200,1300,33
SIM,1,0,1,0,11,0,10,3,3,1,40,33,800,200,45
SIM,1,0,1,0,12,1,10,0,3,0,40,31,500,1200,34
SIM,1,0,1,0,13,0,10,0,3,0,40,31,1100,300,45
SIM,1,0,1,0,14,1,13,0,4,0,40,28,300,1300,31
SIM,1,0,1,0,15,0,11,3,4,1,40,28,800,200,45
SIM,1,0,1,0,16,1,11,0,4,0,40,25,500,1200,29
SIM,1,0,1,0,17,0,11,0,4,0,40,25,1000,1200,45
SIM,1,0,1,0,18,1,11,0,4,0,40,21,400,2200,33
SIM,1,0,1,0,19,0,9,3,3,1,40,21,1100,500,45
SIM,1,0,1,0,20,1,12,3,4,1,40,17,300,1400,24
SIM,1,0,1,0,21,0,10,3,4,1,40,17,900,500,45
SIM,1,0,1,0,22,1,10,3,4,1,40,13,300,1400,33
SIM,1,0,1,0,23,0,7,6,3,2,40,13,1000,300,45
SIM,1,0,1,0,24,1,10,4,4,2,40,10,200,1100,28
SIM,1,0,1,0,25,0,7,4,3,2,40,10,900,500,45
SIM,1,0,1,0,26,1,7,3,3,1,40,8,300,1400,35
SIM,1,0,1,0,27,0,4,6,2,2,40,8,1100,300,45
SIM,1,0,1,0,28,1,7,3,3,1,40,7,300,1200,26
SIM,1,0,1,0,29,0,6,3,2,1,40,7,1100,300,45
SIM,1,0,1,0,30,1,6,1,2,1,40,6,500,1200,37
SIM,1,0,1,0,31,0,3,4,1,2,40,6,1400,100,45
SIM,1,0,1,0,32,1,6,3,2,1,40,6,300,1000,31
SIM,1,0,1,0,33,0,4,3,2,1,40,6,1100,400,45
SIM,1,0,1,0,34,1,4,1,2,1,40,5,500,1300,36
SIM,1,0,1,0,35,0,1,4,1,2,40,5,1400,200,45
SIM,1,0,1,0,36,1,4,1,2,1,40,5,300,1100,30
SIM,1,0,1,0,37,0,3,1,1,1,40,5,1200,500,45
SIM,1,0,1,0,38,1,3,0,1,0,40,5,300,1500,37
SIM,1,0,1,0,39,0,1,3,1,1,40,5,1200,100,45
SIM,1,0,1,0,40,1,4,0,2,0,40,5,100,1100,26
SIM,1,0,1,0,41,0,4,0,2,0,40,5,900,500,45
SIM,1,0,1,0,42,1,4,0,2,0,40,4,300,1500,32
SIM,1,0,1,0,43,0,3,3,1,1,40,4,1200,100,45
SIM,1,0,1,0,44,1,6,1,2,1,40,3,100,1000,29
SIM,1,0,1,0,45,0,4,1,2,1,40,3,900,400,45
SIM,1,0,1,0,46,1,4,0,2,0,40,2,300,1400,35
SIM,1,0,1,0,47,0,3,3,1,1,40,2,1200,300,45
SIM_END,1,0,1,0,47,0,0
SIM,2,0,1,1,1,0,6,0,1,0,40,40,1000,0,30
SIM,2,0,1,1,2,1,9,0,2,0,40,39,200,1000,9
SIM,2,0,1,1,3,0,7,3,2,1,40,39,900,200,39
SIM,2,0,1,1,4,1,7,0,2,0,40,38,300,1200,29
SIM,2,0,1,1,5,0,7,0,2,0,40,38,1000,300,45
SIM,2,0,1,1,6,1,10,0,3,0,40,36,200,1300,29
SIM,2,0,1,1,7,0,9,3,2,1,40,36,900,200,45
SIM,2,0,1,1,8,1,9,0,2,0,40,35,300,1200,36
SIM,2,0,1,1,9,0,9,0,2,0,40,35,1000,300,45
SIM,2,0,1,1,10,1,12,0,3,0,40,33,200,1300,33
SIM,2,0,1,1,11,0,10,3,3,1,40,33,800,200,45
SIM,2,0,1,1,12,1,10,0,3,0,40,31,500,1200,34
SIM,2,0,1,1,13,0,10,0,3,0,40,31,1100,300,45
SIM,2,0,1,1,14,1,13,0,4,0,40,28,300,1300,31
SIM,2,0,1,1,15,0,11,3,4,1,40,28,800,200,45
SIM,2,0,1,1,16,1,11,0,4,0,40,25,500,1200,29
SIM,2,0,1,1,17,0,11,0,4,0,40,25,1000,1200,45
SIM,2,0,1,1,18,1,11,0,4,0,40,21,400,2200,33
SIM,2,0,1,1,19,0,9,3,3,1,40,21,1100,500,45
SIM,2,0,1,1,20,1,12,3,4,1,40,17,300,1400,24
SIM,2,0,1,1,21,0,10,3,4,1,40,17,900,500,45
SIM,2,0,1,1,22,1,10,3,4,1,40,13,300,1400,33
SIM,2,0,1,1,23,0,7,6,3,2,40,13,1000,300,45
SIM,2,0,1,1,24,1,10,4,4,2,40,10,200,1100,28
SIM,2,0,1,1,25,0,7,4,3,2,40,10,900,500,45
SIM,2,0,1,1,26,1,7,3,3,1,40,8,300,1400,35
SIM,2,0,1,1,27,0,4,6,2,2,40,8,1100,300,45
SIM,2,0,1,1,28,1,7,3,3,1,40,7,300,1200,26
SIM,2,0,1,1,29,0,6,3,2,1,40,7,1100,300,45
SIM,2,0,1,1,30,1,6,1,2,1,40,6,500,1200,37
SIM,2,0,1,1,31,0,3,4,1,2,40,6,1400,100,45
SIM,2,0,1,1,32,1,6,3,2,1,40,6,300,1000,31
SIM,2,0,1,1,33,0,4,3,2,1,40,6,1100,400,45
SIM,2,0,1,1,34,1,4,1,2,1,40,5,500,1300,36
SIM,2,0,1,1,35,0,1,4,1,2,40,5,1400,200,45
SIM,2,0,1,1,36,1,4,1,2,1,40,5,300,1100,30
SIM,2,0,1,1,37,0,3,1,1,1,40,5,1200,500,45
SIM,2,0,1,1,38,1,3,0,1,0,40,5,300,1500,37
SIM,2,0,1,1,39,0,1,3,1,1,40,5,1200,100,45
SIM,2,0,1,1,40,1,4,0,2,0,40,5,100,1100,26
SIM,2,0,1,1,41,0,4,0,2,0,40,5,900,500,45
SIM,2,0,1,1,42,1,4,0,2,0,40,4,300,1500,32
SIM,2,0,1,1,43,0,3,3,1,1,40,4,1200,100,45
SIM,2,0,1,1,44,1,6,1,2,1,40,3,100,1000,29
SIM,2,0,1,1,45,0,4,1,2,1,40,3,900,400,45
SIM,2,0,1,1,46,1,4,0,2,0,40,2,300,1400,35
SIM,2,0,1,1,47,0,3,3,1,1,40,2,1200,300,45
SIM_END,2,0,1,1,47,0,0
SIM,3,0,1,2,1,0,6,0,1,0,40,40,1000,0,30
SIM,3,0,1,2,2,1,9,0,2,0,40,39,200,1000,19
SIM,3,0,1,2,3,0,7,3,2,1,40,39,900,200,45
SIM,3,0,1,2,4,1,7,0,2,0,40,38,300,1200,23
SIM,3,0,1,2,5,0,7,0,2,0,40,38,1000,300,45
SIM,3,0,1,2,6,1,10,0,3,0,40,36,200,1300,27
SIM,3,0,1,2,7,0,9,3,2,1,40,36,900,200,45
SIM,3,0,1,2,8,1,9,0,2,0,40,35,300,1200,36
SIM,3,0,1,2,9,0,9,0,2,0,40,35,1000,300,45
SIM,3,0,1,2,10,1,12,0,3,0,40,33,200,1300,33
SIM,3,0,1,2,11,0,10,3,3,1,40,33,800,200,45
SIM,3,0,1,2,12,1,10,0,3,0,40,31,500,1200,34
SIM,3,0,1,2,13,0,10,0,3,0,40,31,1100,300,45
SIM,3,0,1,2,14,1,13,0,4,0,40,28,300,1300,31
SIM,3,0,1,2,15,0,11,3,4,1,40,28,800,200,45
SIM,3,0,1,2,16,1,11,0,4,0,40,25,500,1200,29
SIM,3,0,1,2,17,0,11,0,4,0,40,25,1000,1200,45
SIM,3,0,1,2,18,1,11,0,4,0,40,21,400,2200,33
SIM,3,0,1,2,19,0,9,3,3,1,40,21,1100,500,45
SIM,3,0,1,2,20,1,12,3,4,1,40,17,300,1400,24
SIM,3,0,1,2,21,0,10,3,4,1,40,17,900,500,45
SIM,3,0,1,2,22,1,10,3,4,1,40,13,300,1400,33
SIM,3,0,1,2,23,0,7,6,3,2,40,13,1000,300,45
SIM,3,0,1,2,24,1,10,4,4,2,40,10,200,1100,28
SIM,3,0,1,2,25,0,7,4,3,2,40,10,900,500,45
SIM,3,0,1,2,26,1,7,3,3,1,40,8,300,1400,35
SIM,3,0,1,2,27,0,4,6,2,2,40,8,1100,300,45
SIM,3,0,1,2,28,1,7,3,3,1,40,7,300,1200,26
SIM,3,0,1,2,29,0,6,3,2,1,40,7,1100,300,45
SIM,3,0,1,2,30,1,6,1,2,1,40,6,500,1200,37
SIM,3,0,1,2,31,0,3,4,1,2,40,6,1400,100,45
SIM,3,0,1,2,32,1,6,3,2,1,40,6,300,1000,31
SIM,3,0,1,2,33,0,4,3,2,1,40,6,1100,400,45
SIM,3,0,1,2,34,1,4,1,2,1,40,5,500,1300,36
SIM,3,0,1,2,35,0,1,4,1,2,40,5,1400,200,45
SIM,3,0,1,2,36,1,4,1,2,1,40,5,300,1100,30
SIM,3,0,1,2,37,0,3,1,1,1,40,5,1200,500,45
SIM,3,0,1,2,38,1,3,0,1,0,40,5,300,1500,37
SIM,3,0,1,2,39,0,1,3,1,1,40,5,1200,100,45
SIM,3,0,1,2,40,1,4,0,2,0,40,5,100,1100,26
SIM,3,0,1,2,41,0,4,0,2,0,40,5,900,500,45
SIM,3,0,1,2,42,1,4,0,2,0,40,4,300,1500,32
SIM,3,0,1,2,43,0,3,3,1,1,40,4,1200,100,45
SIM,3,0,1,2,44,1,6,1,2,1,40,3,100,1000,29
SIM,3,0,1,2,45,0,4,1,2,1,40,3,900,400,45
SIM,3,0,1,2,46,1,4,0,2,0,40,2,300,1400,35
SIM,3,0,1,2,47,0,3,3,1,1,40,2,1200,300,45
SIM_END,3,0,1,2,47,0,0
SIM,4,0,1,3,1,0,6,0,1,0,40,40,1000,0,30
SIM,4,0,1,3,2,1,9,0,2,0,40,39,200,1000,19
SIM,4,0,1,3,3,0,7,3,2,1,40,39,900,200,45
SIM,4,0,1,3,4,1,7,0,2,0,40,38,300,1200,27
SIM,4,0,1,3,5,0,7,0,2,0,40,38,1000,300,45
SIM,4,0,1,3,6,1,10,0,3,0,40,36,200,1300,27
SIM,4,0,1,3,7,0,9,3,2,1,40,36,900,200,45
SIM,4,0,1,3,8,1,9,0,2,0,40,35,300,1200,36
SIM,4,0,1,3,9,0,9,0,2,0,40,35,1000,300,45
SIM,4,0,1,3,10,1,12,0,3,0,40,33,200,1300,33
SIM,4,0,1,3,11,0,10,3,3,1,40,33,800,200,45
SIM,4,0,1,3,12,1,10,0,3,0,40,31,500,1200,34
SIM,4,0,1,3,13,0,10,0,3,0,40,31,1100,300,45
SIM,4,0,1,3,14,1,13,0,4,0,40,28,300,1300,31
SIM,4,0,1,3,15,0,11,3,4,1,40,28,800,200,45
SIM,4,0,1,3,16,1,11,0,4,0,40,25,500,1200,29
SIM,4,0,1,3,17,0,11,0,4,0,40,25,1000,1200,45
SIM,4,0,1,3,18,1,11,0,4,0,40,21,400,2200,33
SIM,4,0,1,3,19,0,9,3,3,1,40,21,1100,500,45
SIM,4,0,1,3,20,1,12,3,4,1,40,17,300,1400,24
SIM,4,0,1,3,21,0,10,3,4,1,40,17,900,500,45
SIM,4,0,1,3,22,1,10,3,4,1,40,13,300,1400,33
SIM,4,0,1,3,23,0,7,6,3,2,40,13,1000,300,45
SIM,4,0,1,3,24,1,10,4,4,2,40,10,200,1100,28
SIM,4,0,1,3,25,0,7,4,3,2,40,10,900,500,45
SIM,4,0,1,3,26,1,7,3,3,1,40,8,300,1400,35
SIM,4,0,1,3,27,0,4,6,2,2,40,8,1100,300,45
SIM,4,0,1,3,28,1,7,3,3,1,40,7,300,1200,26
SIM,4,0,1,3,29,0,6,3,2,1,40,7,1100,300,45
SIM,4,0,1,3,30,1,6,1,2,1,40,6,500,1200,37
SIM,4,0,1,3,31,0,3,4,1,2,40,6,1400,100,45
SIM,4,0,1,3,32,1,6,3,2,1,40,6,300,1000,31
SIM,4,0,1,3,33,0,4,3,2,1,40,6,1100,400,45
SIM,4,0,1,3,34,1,4,1,2,1,40,5,500,1300,36
SIM,4,0,1,3,35,0,1,4,1,2,40,5,1400,200,45
SIM,4,0,1,3,36,1,4,1,2,1,40,5,300,1100,30
SIM,4,0,1,3,37,0,3,1,1,1,40,5,1200,500,45
SIM,4,0,1,3,38,1,3,0,1,0,40,5,300,1500,37
SIM,4,0,1,3,39,0,1,3,1,1,40,5,1200,100,45
SIM,4,0,1,3,40,1,4,0,2,0,40,5,100,1100,26
SIM,4,0,1,3,41,0,4,0,2,0,40,5,900,500,45
SIM,4,0,1,3,42,1,4,0,2,0,40,4,300,1500,32
SIM,4,0,1,3,43,0,3,3,1,1,40,4,1200,100,45
SIM,4,0,1,3,44,1,6,1,2,1,40,3,100,1000,29
SIM,4,0,1,3,45,0,4,1,2,1,40,3,900,400,45
SIM,4,0,1,3,46,1,4,0,2,0,40,2,300,1400,35
SIM,4,0,1,3,47,0,3,3,1,1,40,2,1200,300,45
SIM_END,4,0,1,3,47,0,0
SIM,5,0,1,4,1,0,6,0,1,0,40,40,1000,0,30
SIM,5,0,1,4,2,1,9,0,2,0,40,39,200,1000,19
SIM,5,0,1,4,3,0,7,3,2,1,40,39,900,200,45
SIM,5,0,1,4,4,1,7,0,2,0,40,38,300,1200,19
SIM,5,0,1,4,5,0,7,0,2,0,40,38,1000,300,45
SIM,5,0,1,4,6,1,10,0,3,0,40,36,200,1300,27
SIM,5,0,1,4,7,0,9,3,2,1,40,36,900,200,45
SIM,5,0,1,4,8,1,9,0,2,0,40,35,300,1200,36
SIM,5,0,1,4,9,0,9,0,2,0,40,35,1000,300,45
SIM,5,0,1,4,10,1,12,0,3,0,40,33,200,1300,33
SIM,5,0,1,4,11,0,10,3,3,1,40,33,800,200,45
SIM,5,0,1,4,12,1,10,0,3,0,40,31,500,1200,34
SIM,5,0,1,4,13,0,10,0,3,0,40,31,1100,300,45
SIM,5,0,1,4,14,1,13,0,4,0,40,28,300,1300,31
SIM,5,0,1,4,15,0,11,3,4,1,40,28,800,200,45
SIM,5,0,1,4,16,1,11,0,4,0,40,25,500,1200,29
SIM,5,0,1,4,17,0,11,0,4,0,40,25,1000,1200,45
SIM,5,0,1,4,18,1,11,0,4,0,40,21,400,2200,33
SIM,5,0,1,4,19,0,9,3,3,1,40,21,1100,500,45
SIM,5,0,1,4,20,1,12,3,4,1,40,17,300,1400,24
SIM,5,0,1,4,21,0,10,3,4,1,40,17,900,500,45
SIM,5,0,1,4,22,1,10,3,4,1,40,13,300,1400,33
SIM,5,0,1,4,23,0,7,6,3,2,40,13,1000,300,45
SIM,5,0,1,4,24,1,10,4,4,2,40,10,200,1100,28
SIM,5,0,1,4,25,0,7,4,3,2,40,10,900,500,45
SIM,5,0,1,4,26,1,7,3,3,1,40,8,300,1400,35
SIM,5,0,1,4,27,0,4,6,2,2,40,8,1100,300,45
SIM,5,0,1,4,28,1,7,3,3,1,40,7,300,1200,26
SIM,5,0,1,4,29,0,6,3,2,1,40,7,1100,300,45
SIM,5,0,1,4,30,1,6,1,2,1,40,6,500,1200,37
SIM,5,0,1,4,31,0,3,4,1,2,40,6,1400,100,45
SIM,5,0,1,4,32,1,6,3,2,1,40,6,300,1000,31
SIM,5,0,1,4,33,0,4,3,2,1,40,6,1100,400,45
SIM,5,0,1,4,34,1,4,1,2,1,40,5,500,1300,36
SIM,5,0,1,4,35,0,1,4,1,2,40,5,1400,200,45
SIM,5,0,1,4,36,1,4,1,2,1,40,5,300,1100,30
SIM,5,0,1,4,37,0,3,1,1,1,40,5,1200,500,45
SIM,5,0,1,4,38,1,3,0,1,0,40,5,300,1500,37
SIM,5,0,1,4,39,0,1,3,1,1,40,5,1200,100,45
SIM,5,0,1,4,40,1,4,0,2,0,40,5,100,1100,26
SIM,5,0,1,4,41,0,4,0,2,0,40,5,900,500,45
SIM,5,0,1,4,42,1,4,0,2,0,40,4,300,1500,32
SIM,5,0,1,4,43,0,3,3,1,1,40,4,1200,100,45
SIM,5,0,1,4,44,1,6,1,2,1,40,3,100,1000,29
SIM,5,0,1,4,45,0,4,1,2,1,40,3,900,400,45
SIM,5,0,1,4,46,1,4,0,2,0,40,2,300,1400,35
SIM,5,0,1,4,47,0,3,3,1,1,40,2,1200,300,45
SIM_END,5,0,1,4,47,0,0
SIM,6,0,1,5,1,0,6,0,1,0,40,40,1000,0,30
SIM,6,0,1,5,2,1,9,0,2,0,40,39,200,1000,19
SIM,6,0,1,5,3,0,7,3,2,1,40,39,900,200,45
SIM,6,0,1,5,4,1,7,0,2,0,40,38,300,1200,23
SIM,6,0,1,5,5,0,7,0,2,0,40,38,1000,300,45
SIM,6,0,1,5,6,1,10,0,3,0,40,36,200,1300,27
SIM,6,0,1,5,7,0,9,3,2,1,40,36,900,200,45
SIM,6,0,1,5,8,1,9,0,2,0,40,35,300,1200,36
SIM,6,0,1,5,9,0,9,0,2,0,40,35,1000,300,45
SIM,6,0,1,5,10,1,12,0,3,0,40,33,200,1300,33
SIM,6,0,1,5,11,0,10,3,3,1,40,33,800,200,45
SIM,6,0,1,5,12,1,10,0,3,0,40,31,500,1200,34
SIM,6,0,1,5,13,0,10,0,3,0,40,31,1100,300,45
SIM,6,0,1,5,14,1,13,0,4,0,40,28,300,1300,31
SIM,6,0,1,5,15,0,11,3,4,1,40,28,800,200,45
SIM,6,0,1,5,16,1,11,0,4,0,40,25,500,1200,29
SIM,6,0,1,5,17,0,11,0,4,0,40,25,1000,1200,45
SIM,6,0,1,5,18,1,11,0,4,0,40,21,400,2200,33
SIM,6,0,1,5,19,0,9,3,3,1,40,21,1100,500,45
SIM,6,0,1,5,20,1,12,3,4,1,40,17,300,1400,24
SIM,6,0,1,5,21,0,10,3,4,1,40,17,900,500,45
SIM,6,0,1,5,22,1,10,3,4,1,40,13,300,1400,33
SIM,6,0,1,5,23,0,7,6,3,2,40,13,1000,300,45
SIM,6,0,1,5,24,1,10,4,4,2,40,10,200,1100,28
SIM,6,0,1,5,25,0,7,4,3,2,40,10,900,500,45
SIM,6,0,1,5,26,1,7,3,3,1,40,8,300,1400,35
SIM,6,0,1,5,27,0,4,6,2,2,40,8,1100,300,45
SIM,6,0,1,5,28,1,7,3,3,1,40,7,300,1200,26
SIM,6,0,1,5,29,0,6,3,2,1,40,7,1100,300,45
SIM,6,0,1,5,30,1,6,1,2,1,40,6,500,1200,37
SIM,6,0,1,5,31,0,3,4,1,2,40,6,1400,100,45
SIM,6,0,1,5,32,1,6,3,2,1,40,6,300,1000,31
SIM,6,0,1,5,33,0,4,3,2,1,40,6,1100,400,45
SIM,6,0,1,5,34,1,4,1,2,1,40,5,500,1300,36
SIM,6,0,1,5,35,0,1,4,1,2,40,5,1400,200,45
SIM,6,0,1,5,36,1,4,1,2,1,40,5,300,1100,30
SIM,6,0,1,5,37,0,3,1,1,1,40,5,1200,500,45
SIM,6,0,1,5,38,1,3,0,1,0,40,5,300,1500,37
SIM,6,0,1,5,39,0,1,3,1,1,40,5,1200,100,45
SIM,6,0,1,5,40,1,4,0,2,0,40,5,100,1100,26
SIM,6,0,1,5,41,0,4,0,2,0,40,5,900,500,45
SIM,6,0,1,5,42,1,4,0,2,0,40,4,300,1500,32
SIM,6,0,1,5,43,0,3,3,1,1,40,4,1200,100,45
SIM,6,0,1,5,44,1,6,1,2,1,40,3,100,1000,29
SIM,6,0,1,5,45,0,4,1,2,1,40,3,900,400,45
SIM,6,0,1,5,46,1,4,0,2,0,40,2,300,1400,35
SIM,6,0,1,5,47,0,3,3,1,1,40,2,1200,300,45
SIM_END,6,0,1,5,47,0,0
SIM,7,0,1,6,1,0,6,0,1,0,40,40,1000,0,30
SIM,7,0,1,6,2,1,9,0,2,0,40,39,200,1000,19
SIM,7,0,1,6,3,0,7,3,2,1,40,39,900,200,45
SIM,7,0,1,6,4,1,7,0,2,0,40,38,300,1200,15
SIM,7,0,1,6,5,0,7,0,2,0,40,38,1000,300,45
SIM,7,0,1,6,6,1,10,0,3,0,40,36,200,1300,27
SIM,7,0,1,6,7,0,9,3,2,1,40,36,900,200,45
SIM,7,0,1,6,8,1,9,0,2,0,40,35,300,1200,36
SIM,7,0,1,6,9,0,9,0,2,0,40,35,1000,300,45
SIM,7,0,1,6,10,1,12,0,3,0,40,33,200,1300,33
SIM,7,0,1,6,11,0,10,3,3,1,40,33,800,200,45
SIM,7,0,1,6,12,1,10,0,3,0,40,31,500,1200,34
SIM,7,0,1,6,13,0,10,0,3,0,40,31,1100,300,45
SIM,7,0,1,6,14,1,13,0,4,0,40,28,300,1300,31
SIM,7,0,1,6,15,0,11,3,4,1,40,28,800,200,45
SIM,7,0,1,6,16,1,11,0,4,0,40,25,500,1200,29
SIM,7,0,1,6,17,0,11,0,4,0,40,25,1000,1200,45
SIM,7,0,1,6,18,1,11,0,4,0,40,21,400,2200,33
SIM,7,0,1,6,19,0,9,3,3,1,40,21,1100,500,45
SIM,7,0,1,6,20,1,12,3,4,1,40,17,300,1400,24
SIM,7,0,1,6,21,0,10,3,4,1,40,17,900,500,45
SIM,7,0,1,6,22,1,10,3,4,1,40,13,300,1400,33
SIM,7,0,1,6,23,0,7,6,3,2,40,13,1000,300,45
SIM,7,0,1,6,24,1,10,4,4,2,40,10,200,1100,28
SIM,7,0,1,6,25,0,7,4,3,2,40,10,900,500,45
SIM,7,0,1,6,26,1,7,3,3,1,40,8,300,1400,35
SIM,7,0,1,6,27,0,4,6,2,2,40,8,1100,300,45
SIM,7,0,1,6,28,1,7,3,3,1,40,7,300,1200,26
SIM,7,0,1,6,29,0,6,3,2,1,40,7,1100,300,45
SIM,7,0,1,6,30,1,6,1,2,1,40,6,500,1200,37
SIM,7,0,1,6,31,0,3,4,1,2,40,6,1400,100,45
SIM,7,0,1,6,32,1,6,3,2,1,40,6,300,1000,31
SIM,7,0,1,6,33,0,4,3,2,1,40,6,1100,400,45
SIM,7,0,1,6,34,1,4,1,2,1,40,5,500,1300,36
SIM,7,0,1,6,35,0,1,4,1,2,40,5,1400,200,45
SIM,7,0,1,6,36,1,4,1,2,1,40,5,300,1100,30
SIM,7,0,1,6,37,0,3,1,1,1,40,5,1200,500,45
SIM,7,0,1,6,38,1,3,0,1,0,40,5,300,1500,37
SIM,7,0,1,6,39,0,1,3,1,1,40,5,1200,100,45
SIM,7,0,1,6,40,1,4,0,2,0,40,5,100,1100,26
SIM,7,0,1,6,41,0,4,0,2,0,40,5,900,500,45
SIM,7,0,1,6,42,1,4,0,2,0,40,4,300,1500,32
SIM,7,0,1,6,43,0,3,3,1,1,40,4,1200,100,45
SIM,7,0,1,6,44,1,6,1,2,1,40,3,100,1000,29
SIM,7,0,1,6,45,0,4,1,2,1,40,3,900,400,45
SIM,7,0,1,6,46,1,4,0,2,0,40,2,300,1400,35
SIM,7,0,1,6,47,0,3,3,1,1,40,2,1200,300,45
SIM_END,7,0,1,6,47,0,0
SIM,8,1,1,0,1,0,0,6,0,1,40,40,1000,0,30
SIM,8,1,1,0,2,1,3,4,1,1,40,40,200,800,19
SIM,8,1,1,0,3,0,0,7,0,2,39,40,1200,300,45
SIM,8,1,1,0,4,1,0,7,0,2,39,40,300,1000,39
SIM,8,1,1,0,5,0,0,7,0,2,38,40,1300,400,45
SIM,8,1,1,0,6,1,3,5,1,2,38,40,200,1100,34
SIM,8,1,1,0,7,0,0,8,0,3,37,40,1200,300,45
SIM,8,1,1,0,8,1,0,8,0,3,37,40,300,900,39
SIM,8,1,1,0,9,0,0,8,0,3,34,40,1300,300,45
SIM,8,1,1,0,10,1,3,7,1,2,34,40,200,1000,34
SIM,8,1,1,0,11,0,0,10,0,3,32,40,1200,200,45
SIM,8,1,1,0,12,1,0,10,0,3,32,40,300,800,39
SIM,8,1,1,0,13,0,0,10,0,3,29,40,1300,500,45
SIM,8,1,1,0,14,1,3,8,1,3,29,40,200,1100,36
SIM,8,1,1,0,15,0,0,11,0,4,27,40,1200,300,45
SIM,8,1,1,0,16,1,0,11,0,4,27,40,300,800,39
SIM,8,1,1,0,17,0,0,11,0,4,23,40,1300,500,45
SIM,8,1,1,0,18,1,3,9,1,3,23,40,500,1200,38
SIM,8,1,1,0,19,0,3,12,1,4,19,40,1400,100,45
SIM,8,1,1,0,20,1,3,10,1,4,19,40,500,700,37
SIM,8,1,1,0,21,0,3,10,1,4,15,40,1400,400,45
SIM,8,1,1,0,22,1,6,7,2,3,15,40,300,1100,34
SIM,8,1,1,0,23,0,6,10,2,4,11,40,1100,300,45
SIM,8,1,1,0,24,1,6,7,2,3,11,40,500,1000,37
SIM,8,1,1,0,25,0,6,7,2,3,8,40,1300,400,45
SIM,8,1,1,0,26,1,9,3,3,1,8,40,200,1300,26
SIM,8,1,1,0,27,0,7,6,3,2,7,40,900,200,45
SIM,8,1,1,0,28,1,7,1,3,1,7,40,300,1100,29
SIM,8,1,1,0,29,0,6,1,2,1,7,40,1100,500,45
SIM,8,1,1,0,30,1,9,0,3,0,7,38,300,1500,26
SIM,8,1,1,0,31,0,7,3,3,1,7,38,1000,100,45
SIM,8,1,1,0,32,1,7,3,3,1,7,36,400,1000,37
SIM,8,1,1,0,33,0,6,3,2,1,7,36,1200,400,45
SIM,8,1,1,0,34,1,9,3,3,1,7,33,100,1300,16
SIM,8,1,1,0,35,0,6,6,2,2,7,33,900,200,45
SIM,8,1,1,0,36,1,6,6,2,2,7,31,300,1000,37
SIM,8,1,1,0,37,0,3,6,1,2,7,31,1200,400,45
SIM,8,1,1,0,38,1,6,4,2,2,7,30,100,1200,30
SIM,8,1,1,0,39,0,1,7,1,3,7,30,1000,100,45
SIM,8,1,1,0,40,1,1,6,1,2,7,30,400,900,37
SIM,8,1,1,0,41,0,0,6,0,2,6,30,1400,300,45
SIM,8,1,1,0,42,1,3,4,1,2,6,30,300,1100,34
SIM,8,1,1,0,43,0,0,7,0,3,5,30,1300,300,45
SIM,8,1,1,0,44,1,0,7,0,3,5,30,400,1000,39
SIM,8,1,1,0,45,0,0,7,0,3,2,30,1400,400,45
SIM,8,1,1,0,46,1,3,6,1,2,2,30,300,1200,34
SIM_END,8,1,1,0,46,1,0
SIM,9,1,1,1,1,0,0,6,0,1,40,40,1000,0,30
SIM,9,1,1,1,2,1,3,4,1,1,40,40,200,800,19
SIM,9,1,1,1,3,0,0,7,0,2,39,40,1200,300,45
SIM,9,1,1,1,4,1,0,7,0,2,39,40,300,1000,39
SIM,9,1,1,1,5,0,0,7,0,2,38,40,1300,400,45
SIM,9,1,1,1,6,1,3,5,1,2,38,40,200,1100,34
SIM,9,1,1,1,7,0,0,8,0,3,37,40,1200,300,45
SIM,9,1,1,1,8,1,0,8,0,3,37,40,300,900,39
SIM,9,1,1,1,9,0,0,8,0,3,34,40,1300,300,45
SIM,9,1,1,1,10,1,3,7,1,2,34,40,200,1000,34
SIM,9,1,1,1,11,0,0,10,0,3,32,40,1200,200,45
SIM,9,1,1,1,12,1,0,10,0,3,32,40,300,800,39
SIM,9,1,1,1,13,0,0,10,0,3,29,40,1300,500,45
SIM,9,1,1,1,14,1,3,8,1,3,29,40,200,1100,36
SIM,9,1,1,1,15,0,0,11,0,4,27,40,1200,300,45
SIM,9,1,1,1,16,1,0,11,0,4,27,40,300,800,39
SIM,9,1,1,1,17,0,0,11,0,4,23,40,1300,500,45
SIM,9,1,1,1,18,1,3,9,1,3,23,40,500,1200,38
SIM,9,1,1,1,19,0,3,12,1,4,19,40,1400,100,45
SIM,9,1,1,1,20,1,3,10,1,4,19,40,500,700,37
SIM,9,1,1,1,21,0,3,10,1,4,15,40,1400,400,45
SIM,9,1,1,1,22,1,6,7,2,3,15,40,300,1100,34
SIM,9,1,1,1,23,0,6,10,2,4,11,40,1100,300,45
SIM,9,1,1,1,24,1,6,7,2,3,11,40,500,1000,37
SIM,9,1,1,1,25,0,6,7,2,3,8,40,1300,400,45
SIM,9,1,1,1,26,1,9,3,3,1,8,40,200,1300,26
SIM,9,1,1,1,27,0,7,6,3,2,7,40,900,200,45
SIM,9,1,1,1,28,1,7,1,3,1,7,40,300,1100,29
SIM,9,1,1,1,29,0,6,1,2,1,7,40,1100,500,45
SIM,9,1,1,1,30,1,9,0,3,0,7,38,300,1500,26
SIM,9,1,1,1,31,0,7,3,3,1,7,38,1000,100,45
SIM,9,1,1,1,32,1,7,3,3,1,7,36,400,1000,37
SIM,9,1,1,1,33,0,6,3,2,1,7,36,1200,400,45
SIM,9,1,1,1,34,1,9,3,3,1,7,33,100,1300,16
SIM,9,1,1,1,35,0,6,6,2,2,7,33,900,200,45
SIM,9,1,1,1,36,1,6,6,2,2,7,31,300,1000,37
SIM,9,1,1,1,37,0,3,6,1,2,7,31,1200,400,45
SIM,9,1,1,1,38,1,6,4,2,2,7,30,100,1200,30
SIM,9,1,1,1,39,0,1,7,1,3,7,30,1000,100,45
SIM,9,1,1,1,40,1,1,6,1,2,7,30,400,900,37
SIM,9,1,1,1,41,0,0,6,0,2,6,30,1400,300,45
SIM,9,1,1,1,42,1,3,4,1,2,6,30,300,1100,34
SIM,9,1,1,1,43,0,0,7,0,3,5,30,1300,300,45
SIM,9,1,1,1,44,1,0,7,0,3,5,30,400,1000,39
SIM,9,1,1,1,45,0,0,7,0,3,2,30,1400,400,45
SIM,9,1,1,1,46,1,3,6,1,2,2,30,300,1200,34
SIM_END,9,1,1,1,46,1,0
SIM,10,1,1,2,1,0,0,6,0,1,40,40,1000,0,30
SIM,10,1,1,2,2,1,3,6,1,1,40,39,200,800,19
SIM,10,1,1,2,3,0,0,9,0,2,39,39,1200,300,45
SIM,10,1,1,2,4,1,0,9,0,2,39,39,300,1000,39
SIM,10,1,1,2,5,0,0,9,0,2,38,39,1300,400,45
SIM,10,1,1,2,6,1,3,7,1,2,38,39,200,1100,34
SIM,10,1,1,2,7,0,0,10,0,3,37,39,1200,300,45
SIM,10,1,1,2,8,1,0,10,0,3,37,39,300,900,39
SIM,10,1,1,2,9,0,0,10,0,3,34,39,1300,300,45
SIM,10,1,1,2,10,1,3,9,1,2,34,39,200,1000,34
SIM,10,1,1,2,11,0,0,12,0,3,32,39,1200,200,45
SIM,10,1,1,2,12,1,0,12,0,3,32,39,300,800,39
SIM,10,1,1,2,13,0,0,12,0,3,29,39,1300,500,45
SIM,10,1,1,2,14,1,3,10,1,3,29,39,200,1100,36
SIM,10,1,1,2,15,0,0,13,0,4,27,39,1200,300,45
SIM,10,1,1,2,16,1,0,13,0,4,27,39,300,800,39
SIM,10,1,1,2,17,0,0,13,0,4,23,39,1300,500,45
SIM,10,1,1,2,18,1,3,11,1,4,23,39,500,1000,38
SIM,10,1,1,2,19,0,0,11,0,4,20,39,1500,400,45
SIM,10,1,1,2,20,1,0,11,0,4,20,39,1500,900,45
SIM,10,1,1,2,21,0,0,11,0,4,16,39,2500,300,45
SIM,10,1,1,2,22,1,3,9,1,3,16,39,500,1000,30
SIM,10,1,1,2,23,0,3,12,1,4,12,39,1400,200,45
SIM,10,1,1,2,24,1,3,10,1,4,12,39,500,800,37
SIM,10,1,1,2,25,0,3,10,1,4,8,39,1400,500,45
SIM,10,1,1,2,26,1,6,7,2,3,8,39,300,1200,34
SIM,10,1,1,2,27,0,6,10,2,4,4,39,1100,100,45
SIM,10,1,1,2,28,1,6,7,2,3,4,39,500,800,37
SIM,10,1,1,2,29,0,6,7,2,3,1,39,1300,500,45
SIM,10,1,1,2,30,1,9,3,3,1,1,39,200,1400,26
SIM_END,10,1,1,2,30,1,0
SIM,11,1,1,3,1,0,0,6,0,1,40,40,1000,0,30
SIM,11,1,1,3,2,1,3,6,1,1,40,39,200,800,19
SIM,11,1,1,3,3,0,0,9,0,2,39,39,1200,300,45
SIM,11,1,1,3,4,1,0,9,0,2,39,39,300,1000,39
SIM,11,1,1,3,5,0,0,9,0,2,38,39,1300,400,45
SIM,11,1,1,3,6,1,3,7,1,2,38,39,200,1100,34
SIM,11,1,1,3,7,0,0,10,0,3,37,39,1200,300,45
SIM,11,1,1,3,8,1,0,10,0,3,37,39,300,900,39
SIM,11,1,1,3,9,0,0,10,0,3,34,39,1300,300,45
SIM,11,1,1,3,10,1,3,9,1,2,34,39,200,1000,34
SIM,11,1,1,3,11,0,0,12,0,3,32,39,1200,200,45
SIM,11,1,1,3,12,1,0,12,0,3,32,39,300,800,39
SIM,11,1,1,3,13,0,0,12,0,3,29,39,1300,500,45
SIM,11,1,1,3,14,1,3,10,1,3,29,39,200,1100,36
SIM,11,1,1,3,15,0,0,13,0,4,27,39,1200,300,45
SIM,11,1,1,3,16,1,0,13,0,4,27,39,300,800,39
SIM,11,1,1,3,17,0,0,13,0,4,23,39,1300,500,45
SIM,11,1,1,3,18,1,3,11,1,4,23,39,500,1000,38
SIM,11,1,1,3,19,0,0,11,0,4,20,39,1500,400,45
SIM,11,1,1,3,20,1,0,11,0,4,20,39,1500,900,45
SIM,11,1,1,3,21,0,0,11,0,4,16,39,2500,300,45
SIM,11,1,1,3,22,1,3,9,1,3,16,39,500,1000,30
SIM,11,1,1,3,23,0,3,12,1,4,12,39,1400,200,45
SIM,11,1,1,3,24,1,3,10,1,4,12,39,500,800,37
SIM,11,1,1,3,25,0,3,10,1,4,8,39,1400,500,45
SIM,11,1,1,3,26,1,6,7,2,3,8,39,300,1200,34
SIM,11,1,1,3,27,0,6,10,2,4,4,39,1100,100,45
SIM,11,1,1,3,28,1,6,7,2,3,4,39,500,800,37
SIM,11,1,1,3,29,0,6,7,2,3,1,39,1300,500,45
SIM,11,1,1,3,30,1,9,3,3,1,1,39,200,1400,26
SIM_END,11,1,1,3,30,1,0
SIM,12,1,1,4,1,0,0,6,0,1,40,40,1000,0,30
SIM,12,1,1,4,2,1,3,6,1,1,40,39,200,800,19
SIM,12,1,1,4,3,0,0,9,0,2,39,39,1200,300,45
SIM,12,1,1,4,4,1,0,9,0,2,39,39,300,1000,39
SIM,12,1,1,4,5,0,0,9,0,2,38,39,1300,400,45
SIM,12,1,1,4,6,1,3,7,1,2,38,39,200,1100,34
SIM,12,1,1,4,7,0,0,10,0,3,37,39,1200,300,45
SIM,12,1,1,4,8,1,0,10,0,3,37,39,300,900,39
SIM,12,1,1,4,9,0,0,10,0,3,34,39,1300,300,45
SIM,12,1,1,4,10,1,3,9,1,2,34,39,200,1000,34
SIM,12,1,1,4,11,0,0,12,0,3,32,39,1200,200,45
SIM,12,1,1,4,12,1,0,12,0,3,32,39,300,800,39
SIM,12,1,1,4,13,0,0,12,0,3,29,39,1300,500,45
SIM,12,1,1,4,14,1,3,10,1,3,29,39,200,1100,36
SIM,12,1,1,4,15,0,0,13,0,4,27,39,1200,300,45
SIM,12,1,1,4,16,1,0,13,0,4,27,39,300,800,39
SIM,12,1,1,4,17,0,0,13,0,4,23,39,1300,500,45
SIM,12,1,1,4,18,1,3,11,1,4,23,39,500,1000,38
SIM,12,1,1,4,19,0,0,11,0,4,20,39,1500,400,45
SIM,12,1,1,4,20,1,0,11,0,4,20,39,1500,900,45
SIM,12,1,1,4,21,0,0,11,0,4,16,39,2500,300,45
SIM,12,1,1,4,22,1,3,9,1,3,16,39,500,1000,30
SIM,12,1,1,4,23,0,3,12,1,4,12,39,1400,200,45
SIM,12,1,1,4,24,1,3,10,1,4,12,39,500,800,37
SIM,12,1,1,4,25,0,3,10,1,4,8,39,1400,500,45
SIM,12,1,1,4,26,1,6,7,2,3,8,39,300,1200,34
SIM,12,1,1,4,27,0,6,10,2,4,4,39,1100,100,45
SIM,12,1,1,4,28,1,6,7,2,3,4,39,500,800,37
SIM,12,1,1,4,29,0,6,7,2,3,1,39,1300,500,45
SIM,12,1,1,4,30,1,9,3,3,1,1,39,200,1400,26
SIM_END,12,1,1,4,30,1,0
SIM,13,1,1,5,1,0,0,6,0,1,40,40,1000,0,30
SIM,13,1,1,5,2,1,3,6,1,1,40,39,200,800,19
SIM,13,1,1,5,3,0,0,9,0,2,39,39,1200,300,45
SIM,13,1,1,5,4,1,0,9,0,2,39,39,300,1000,39
SIM,13,1,1,5,5,0,0,9,0,2,38,39,1300,400,45
SIM,13,1,1,5,6,1,3,7,1,2,38,39,200,1100,34
SIM,13,1,1,5,7,0,0,10,0,3,37,39,1200,300,45
SIM,13,1,1,5,8,1,0,10,0,3,37,39,300,900,39
SIM,13,1,1,5,9,0,0,10,0,3,34,39,1300,300,45
SIM,13,1,1,5,10,1,3,9,1,2,34,39,200,1000,34
SIM,13,1,1,5,11,0,0,12,0,3,32,39,1200,200,45
SIM,13,1,1,5,12,1,0,12,0,3,32,39,300,800,39
SIM,13,1,1,5,13,0,0,12,0,3,29,39,1300,500,45
SIM,13,1,1,5,14,1,3,10,1,3,29,39,200,1100,36
SIM,13,1,1,5,15,0,0,13,0,4,27,39,1200,300,45
SIM,13,1,1,5,16,1,0,13,0,4,27,39,300,800,39
SIM,13,1,1,5,17,0,0,13,0,4,23,39,1300,500,45
SIM,13,1,1,5,18,1,3,11,1,4,23,39,500,1000,38
SIM,13,1,1,5,19,0,0,11,0,4,20,39,1500,400,45
SIM,13,1,1,5,20,1,0,11,0,4,20,39,1500,900,45
SIM,13,1,1,5,21,0,0,11,0,4,16,39,2500,300,45
SIM,13,1,1,5,22,1,3,9,1,3,16,39,500,1000,30
SIM,13,1,1,5,23,0,3,12,1,4,12,39,1400,200,45
SIM,13,1,1,5,24,1,3,10,1,4,12,39,500,800,37
SIM,13,1,1,5,25,0,3,10,1,4,8,39,1400,500,45
SIM,13,1,1,5,26,1,6,7,2,3,8,39,300,1200,34
SIM,13,1,1,5,27,0,6,10,2,4,4,39,1100,100,45
SIM,13,1,1,5,28,1,6,7,2,3,4,39,500,800,37
SIM,13,1,1,5,29,0,6,7,2,3,1,39,1300,500,45
SIM,13,1,1,5,30,1,9,3,3,1,1,39,200,1400,26
SIM_END,13,1,1,5,30,1,0
SIM,14,1,1,6,1,0,0,6,0,1,40,40,1000,0,30
SIM,14,1,1,6,2,1,3,6,1,1,40,39,200,800,19
SIM,14,1,1,6,3,0,0,9,0,2,39,39,1200,300,45
SIM,14,1,1,6,4,1,0,9,0,2,39,39,300,1000,39
SIM,14,1,1,6,5,0,0,9,0,2,38,39,1300,400,45
SIM,14,1,1,6,6,1,3,7,1,2,38,39,200,1100,34
SIM,14,1,1,6,7,0,0,10,0,3,37,39,1200,300,45
SIM,14,1,1,6,8,1,0,10,0,3,37,39,300,900,39
SIM,14,1,1,6,9,0,0,10,0,3,34,39,1300,300,45
SIM,14,1,1,6,10,1,3,9,1,2,34,39,200,1000,34
SIM,14,1,1,6,11,0,0,12,0,3,32,39,1200,200,45
SIM,14,1,1,6,12,1,0,12,0,3,32,39,300,800,39
SIM,14,1,1,6,13,0,0,12,0,3,29,39,1300,500,45
SIM,14,1,1,6,14,1,3,10,1,3,29,39,200,1100,36
SIM,14,1,1,6,15,0,0,13,0,4,27,39,1200,300,45
SIM,14,1,1,6,16,1,0,13,0,4,27,39,300,800,39
SIM,14,1,1,6,17,0,0,13,0,4,23,39,1300,500,45
SIM,14,1,1,6,18,1,3,11,1,4,23,39,500,1000,38
SIM,14,1,1,6,19,0,0,11,0,4,20,39,1500,400,45
SIM,14,1,1,6,20,1,0,11,0,4,20,39,1500,900,45
SIM,14,1,1,6,21,0,0,11,0,4,16,39,2500,300,45
SIM,14,1,1,6,22,1,3,9,1,3,16,39,500,1000,30
SIM,14,1,1,6,23,0,3,12,1,4,12,39,1400,200,45
SIM,14,1,1,6,24,1,3,10,1,4,12,39,500,800,37
SIM,14,1,1,6,25,0,3,10,1,4,8,39,1400,500,45
SIM,14,1,1,6,26,1,6,7,2,3,8,39,300,1200,34
SIM,14,1,1,6,27,0,6,10,2,4,4,39,1100,100,45
SIM,14,1,1,6,28,1,6,7,2,3,4,39,500,800,37
SIM,14,1,1,6,29,0,6,7,2,3,1,39,1300,500,45
SIM,14,1,1,6,30,1,9,3,3,1,1,39,200,1400,26
SIM_END,14,1,1,6,30,1,0
SIM_DONE
### tuned degrade=5
SIM_CONFIG,degrade_favoured_pct=5,only_handicap=1,variants=7,cover_pct=0
SIM,1,0,1,0,1,0,6,0,1,0,40,40,1000,0,30
SIM,1,0,1,0,2,1,9,0,2,0,40,39,200,1000,19
SIM,1,0,1,0,3,0,7,3,2,1,40,39,900,200,45
SIM,1,0,1,0,4,1,7,0,2,0,40,38,300,1200,31
SIM,1,0,1,0,5,0,7,0,2,0,40,38,1000,300,45
SIM,1,0,1,0,6,1,10,0,3,0,40,36,200,1300,27
SIM,1,0,1,0,7,0,9,3,2,1,40,36,900,200,45
SIM,1,0,1,0,8,1,9,0,2,0,40,35,300,1200,36
SIM,1,0,1,0,9,0,9,0,2,0,40,35,1000,300,45
SIM,1,0,1,0,10,1,12,0,3,0,40,33,200,1300,33
SIM,1,0,1,0,11,0,10,3,3,1,40,33,800,200,45
SIM,1,0,1,0,12,1,10,0,3,0,40,33,800,1200,43
SIM,1,0,1,0,13,0,10,0,3,0,40,33,1400,300,45
SIM,1,0,1,0,14,1,13,0,4,0,40,30,300,1300,26
SIM,1,0,1,0,15,0,11,3,4,1,40,30,800,200,45
SIM,1,0,1,0,16,1,11,0,4,0,40,27,500,1200,29
SIM,1,0,1,0,17,0,11,0,4,0,40,27,1000,1200,45
SIM,1,0,1,0,18,1,11,0,4,0,40,23,400,2200,33
SIM,1,0,1,0,19,0,9,3,3,1,40,23,1100,500,45
SIM,1,0,1,0,20,1,12,3,4,1,40,19,300,1400,24
SIM,1,0,1,0,21,0,10,3,4,1,40,19,900,500,45
SIM,1,0,1,0,22,1,10,3,4,1,40,15,300,1400,33
SIM,1,0,1,0,23,0,7,6,3,2,40,15,1000,300,45
SIM,1,0,1,0,24,1,10,4,4,2,40,12,200,1100,28
SIM,1,0,1,0,25,0,7,4,3,2,40,12,900,500,45
SIM,1,0,1,0,26,1,7,3,3,1,40,10,300,1400,35
SIM,1,0,1,0,27,0,4,6,2,2,40,10,1100,300,45
SIM,1,0,1,0,28,1,7,3,3,1,40,9,300,1200,26
SIM,1,0,1,0,29,0,6,3,2,1,40,9,1100,300,45
SIM,1,0,1,0,30,1,6,3,2,1,40,8,1100,1200,43
SIM,1,0,1,0,31,0,3,6,1,2,40,8,2000,100,45
SIM,1,0,1,0,32,1,6,4,2,2,40,7,300,900,26
SIM,1,0,1,0,33,0,3,4,1,2,40,7,1200,300,45
SIM,1,0,1,0,34,1,3,3,1,1,40,7,300,1200,35
SIM,1,0,1,0,35,0,0,6,0,2,40,7,1300,100,45
SIM,1,0,1,0,36,1,14,6,0,2,40,7,700,900,43
SIM,1,0,1,0,37,0,14,6,0,2,39,7,1700,300,45
SIM,1,0,1,0,38,1,3,4,1,2,39,7,300,1100,30
SIM,1,0,1,0,39,0,0,7,0,3,38,7,1300,300,45
SIM,1,0,1,0,40,1,0,7,0,3,38,7,400,1000,39
SIM,1,0,1,0,41,0,0,7,0,3,36,7,1400,400,45
SIM,1,0,1,0,42,1,3,6,1,2,36,7,300,1200,36
SIM,1,0,1,0,43,0,3,9,1,3,33,7,1200,100,45
SIM,1,0,1,0,44,1,3,7,1,3,33,7,300,800,37
SIM,1,0,1,0,45,0,3,7,1,3,30,7,1200,500,45
SIM,1,0,1,0,46,1,6,4,2,2,30,7,100,1300,32
SIM,1,0,1,0,47,0,4,7,2,3,28,7,900,200,45
SIM,1,0,1,0,48,1,4,4,2,2,28,7,300,1000,35
SIM,1,0,1,0,49,0,3,4,1,2,27,7,1200,400,45
SIM,1,0,1,0,50,1,6,1,2,1,27,7,100,1300,30
SIM,1,0,1,0,51,0,4,4,2,2,26,7,900,200,45
SIM,1,0,1,0,52,1,4,1,2,1,26,7,300,1100,37
SIM,1,0,1,0,53,0,3,1,1,1,26,7,1200,500,45
SIM,1,0,1,0,54,1,3,1,1,1,26,7,1200,1400,41
SIM,1,0,1,0,55,0,0,4,0,2,26,7,2200,300,45
SIM,1,0,1,0,56,1,3,3,1,1,26,7,200,1200,28
SIM,1,0,1,0,57,0,1,3,1,1,26,7,1100,300,45
SIM,1,0,1,0,58,1,15,3,1,1,26,7,500,1200,43
SIM,1,0,1,0,59,0,14,6,0,2,25,7,1500,100,45
SIM,1,0,1,0,60,1,3,4,1,2,25,7,100,900,30
SIM_END,1,0,1,0,60,0,0
SIM,2,0,1,1,1,0,6,0,1,0,40,40,1000,0,30
SIM,2,0,1,1,2,1,9,0,2,0,40,39,200,1000,9
SIM,2,0,1,1,3,0,7,3,2,1,40,39,900,200,39
SIM,2,0,1,1,4,1,7,0,2,0,40,38,300,1200,29
SIM,2,0,1,1,5,0,7,0,2,0,40,38,1000,300,45
SIM,2,0,1,1,6,1,10,0,3,0,40,36,200,1300,29
SIM,2,0,1,1,7,0,9,3,2,1,40,36,900,200,45
SIM,2,0,1,1,8,1,9,0,2,0,40,35,300,1200,36
SIM,2,0,1,1,9,0,9,0,2,0,40,35,1000,300,45
SIM,2,0,1,1,10,1,12,0,3,0,40,33,200,1300,33
SIM,2,0,1,1,11,0,10,3,3,1,40,33,800,200,45
SIM,2,0,1,1,12,1,10,0,3,0,40,31,500,1200,34
SIM,2,0,1,1,13,0,10,0,3,0,40,31,1100,300,45
SIM,2,0,1,1,14,1,13,0,4,0,40,28,300,1300,31
SIM,2,0,1,1,15,0,11,3,4,1,40,28,800,200,45
SIM,2,0,1,1,16,1,11,0,4,0,40,25,500,1200,29
SIM,2,0,1,1,17,0,11,0,4,0,40,25,1000,1200,45
SIM,2,0,1,1,18,1,11,0,4,0,40,21,400,2200,33
SIM,2,0,1,1,19,0,9,3,3,1,40,21,1100,500,45
SIM,2,0,1,1,20,1,12,3,4,1,40,17,300,1400,24
SIM,2,0,1,1,21,0,10,3,4,1,40,17,900,500,45
SIM,2,0,1,1,22,1,10,3,4,1,40,13,300,1400,33
SIM,2,0,1,1,23,0,7,6,3,2,40,13,1000,300,45
SIM,2,0,1,1,24,1,10,4,4,2,40,10,200,1100,28
SIM,2,0,1,1,25,0,7,4,3,2,40,10,900,500,45
SIM,2,0,1,1,26,1,7,3,3,1,40,8,300,1400,35
SIM,2,0,1,1,27,0,4,6,2,2,40,8,1100,300,45
SIM,2,0,1,1,28,1,7,3,3,1,40,7,300,1200,26
SIM,2,0,1,1,29,0,6,3,2,1,40,7,1100,300,45
SIM,2,0,1,1,30,1,6,1,2,1,40,6,500,1200,37
SIM,2,0,1,1,31,0,3,4,1,2,40,6,1400,100,45
SIM,2,0,1,1,32,1,6,3,2,1,40,6,300,1000,31
SIM,2,0,1,1,33,0,4,3,2,1,40,6,1100,400,45
SIM,2,0,1,1,34,1,4,1,2,1,40,5,500,1300,36
SIM,2,0,1,1,35,0,1,4,1,2,40,5,1400,200,45
SIM,2,0,1,1,36,1,4,1,2,1,40,5,300,1100,30
SIM,2,0,1,1,37,0,3,1,1,1,40,5,1200,500,45
SIM,2,0,1,1,38,1,3,0,1,0,40,5,300,1500,37
SIM,2,0,1,1,39,0,1,3,1,1,40,5,1200,100,45
SIM,2,0,1,1,40,1,4,0,2,0,40,5,100,1100,26
SIM,2,0,1,1,41,0,4,0,2,0,40,5,900,500,45
SIM,2,0,1,1,42,1,4,0,2,0,40,4,300,1500,32
SIM,2,0,1,1,43,0,3,3,1,1,40,4,1200,100,45
SIM,2,0,1,1,44,1,6,1,2,1,40,3,100,1000,29
SIM,2,0,1,1,45,0,4,1,2,1,40,3,900,400,45
SIM,2,0,1,1,46,1,4,0,2,0,40,2,300,1400,35
SIM,2,0,1,1,47,0,3,3,1,1,40,2,1200,300,45
SIM_END,2,0,1,1,47,0,0
SIM,3,0,1,2,1,0,6,0,1,0,40,40,1000,0,30
SIM,3,0,1,2,2,1,20,0,1,0,40,40,400,1000,28
SIM,3,0,1,2,3,0,18,3,1,1,40,40,1200,200,45
SIM,3,0,1,2,4,1,7,0,2,0,40,39,100,1200,28
SIM,3,0,1,2,5,0,7,0,2,0,40,39,800,300,45
SIM,3,0,1,2,6,1,7,0,2,0,40,38,500,1300,41
SIM,3,0,1,2,7,0,5,3,2,1,40,38,1200,200,45
SIM,3,0,1,2,8,1,8,0,3,0,40,36,100,1200,10
SIM,3,0,1,2,9,0,8,0,3,0,40,36,700,300,40
SIM,3,0,1,2,10,1,8,0,3,0,40,34,400,1300,30
SIM,3,0,1,2,11,0,7,3,2,1,40,34,1100,200,45
SIM,3,0,1,2,12,1,7,3,2,1,40,34,1100,1100,43
SIM,3,0,1,2,13,0,5,3,2,1,40,34,1800,500,45
SIM,3,0,1,2,14,1,8,0,3,0,40,32,100,1500,20
SIM,3,0,1,2,15,0,6,3,2,1,40,32,900,100,45
SIM,3,0,1,2,16,1,6,3,2,1,40,30,300,1000,37
SIM,3,0,1,2,17,0,4,3,2,1,40,30,1100,400,45
SIM,3,0,1,2,18,1,7,1,3,1,40,28,300,1300,30
SIM,3,0,1,2,19,0,4,4,2,2,40,28,1100,200,45
SIM,3,0,1,2,20,1,4,3,2,1,40,27,500,1100,37
SIM,3,0,1,2,21,0,3,3,1,1,40,27,1400,500,45
SIM,3,0,1,2,22,1,6,1,2,1,40,26,300,1400,30
SIM,3,0,1,2,23,0,3,4,1,2,40,26,1200,300,45
SIM,3,0,1,2,24,1,3,3,1,1,40,26,300,1200,33
SIM,3,0,1,2,25,0,1,3,1,1,40,26,1200,300,45
SIM,3,0,1,2,26,1,4,0,2,0,40,26,100,1300,26
SIM,3,0,1,2,27,0,3,3,1,1,40,26,1000,200,45
SIM,3,0,1,2,28,1,3,1,1,1,40,26,400,1100,37
SIM,3,0,1,2,29,0,1,1,1,1,40,26,1300,500,45
SIM,3,0,1,2,30,1,4,0,2,0,40,25,200,1500,30
SIM,3,0,1,2,31,0,3,3,1,1,40,25,1100,100,45
SIM,3,0,1,2,32,1,3,3,1,1,40,24,500,1000,39
SIM,3,0,1,2,33,0,1,3,1,1,40,24,1400,400,45
SIM,3,0,1,2,34,1,4,1,2,1,40,23,300,1300,30
SIM,3,0,1,2,35,0,1,4,1,2,40,23,1200,200,45
SIM,3,0,1,2,36,1,1,3,1,1,40,23,300,1100,37
SIM,3,0,1,2,37,0,0,3,0,1,40,23,1300,500,45
SIM,3,0,1,2,38,1,3,1,1,1,40,23,200,1400,32
SIM,3,0,1,2,39,0,0,4,0,2,40,23,1200,300,45
SIM,3,0,1,2,40,1,0,4,0,2,40,23,300,1100,39
SIM,3,0,1,2,41,0,0,4,0,2,40,23,1300,500,45
SIM,3,0,1,2,42,1,3,3,1,1,40,23,200,1400,32
SIM,3,0,1,2,43,0,0,6,0,2,40,23,1200,300,45
SIM,3,0,1,2,44,1,0,6,0,2,40,23,300,1100,39
SIM,3,0,1,2,45,0,0,6,0,2,40,23,1300,500,45
SIM,3,0,1,2,46,1,3,4,1,2,40,23,200,1300,32
SIM,3,0,1,2,47,0,0,7,0,3,39,23,1200,200,45
SIM,3,0,1,2,48,1,0,7,0,3,39,23,300,900,39
SIM,3,0,1,2,49,0,0,7,0,3,38,23,1300,300,45
SIM,3,0,1,2,50,1,3,6,1,2,38,23,200,1100,32
SIM,3,0,1,2,51,0,1,9,1,3,36,23,1100,300,45
SIM,3,0,1,2,52,1,1,7,1,3,36,23,500,1000,39
SIM,3,0,1,2,53,0,0,7,0,3,34,23,1500,400,45
SIM,3,0,1,2,54,1,3,6,1,2,34,23,100,1200,30
SIM,3,0,1,2,55,0,1,9,1,3,32,23,1000,100,45
SIM,3,0,1,2,56,1,1,7,1,3,32,23,400,800,39
SIM,3,0,1,2,57,0,0,7,0,3,30,23,1400,500,45
SIM,3,0,1,2,58,1,14,7,0,3,30,23,800,1200,43
SIM,3,0,1,2,59,0,14,10,0,4,27,23,1800,100,45
SIM,3,0,1,2,60,1,3,9,1,3,27,23,100,800,29
SIM_END,3,0,1,2,60,0,0
SIM,4,0,1,3,1,0,6,0,1,0,40,40,1000,0,30
SIM,4,0,1,3,2,1,9,0,2,0,40,39,200,1000,19
SIM,4,0,1,3,3,0,7,3,2,1,40,39,900,200,45
SIM,4,0,1,3,4,1,7,0,2,0,40,38,300,1200,27
SIM,4,0,1,3,5,0,7,0,2,0,40,38,1000,300,45
SIM,4,0,1,3,6,1,10,0,3,0,40,36,200,1300,27
SIM,4,0,1,3,7,0,9,3,2,1,40,36,900,200,45
SIM,4,0,1,3,8,1,9,0,2,0,40,35,300,1200,36
SIM,4,0,1,3,9,0,9,0,2,0,40,35,1000,300,45
SIM,4,0,1,3,10,1,12,0,3,0,40,33,200,1300,33
SIM,4,0,1,3,11,0,10,3,3,1,40,33,800,200,45
SIM,4,0,1,3,12,1,10,0,3,0,40,31,500,1200,34
SIM,4,0,1,3,13,0,10,0,3,0,40,31,1100,300,45
SIM,4,0,1,3,14,1,10,0,3,0,40,30,1100,1300,43
SIM,4,0,1,3,15,0,8,3,3,1,40,30,1700,200,45
SIM,4,0,1,3,16,1,11,0,4,0,40,28,300,1200,27
SIM,4,0,1,3,17,0,11,0,4,0,40,28,800,300,45
SIM,4,0,1,3,18,1,11,0,4,0,40,24,500,1300,29
SIM,4,0,1,3,19,0,9,3,3,1,40,24,1200,500,45
SIM,4,0,1,3,20,1,12,3,4,1,40,20,100,1400,22
SIM,4,0,1,3,21,0,10,3,4,1,40,20,700,500,45
SIM,4,0,1,3,22,1,10,3,4,1,40,16,400,1400,35
SIM,4,0,1,3,23,0,7,6,3,2,40,16,1100,300,45
SIM,4,0,1,3,24,1,10,4,4,2,40,13,300,1100,28
SIM,4,0,1,3,25,0,7,4,3,2,40,13,1000,500,45
SIM,4,0,1,3,26,1,7,3,3,1,40,11,400,1400,35
SIM,4,0,1,3,27,0,4,6,2,2,40,11,1200,300,45
SIM,4,0,1,3,28,1,7,3,3,1,40,10,100,1200,24
SIM,4,0,1,3,29,0,6,3,2,1,40,10,900,300,45
SIM,4,0,1,3,30,1,6,1,2,1,40,9,300,1200,37
SIM,4,0,1,3,31,0,3,4,1,2,40,9,1200,100,45
SIM,4,0,1,3,32,1,6,3,2,1,40,8,100,1000,24
SIM,4,0,1,3,33,0,4,3,2,1,40,8,900,400,45
SIM,4,0,1,3,34,1,4,3,2,1,40,6,300,1300,37
SIM,4,0,1,3,35,0,1,6,1,2,40,6,1200,200,45
SIM,4,0,1,3,36,1,4,4,2,2,40,5,100,1000,30
SIM,4,0,1,3,37,0,1,4,1,2,40,5,1000,400,45
SIM,4,0,1,3,38,1,1,3,1,1,40,5,400,1300,39
SIM,4,0,1,3,39,0,0,6,0,2,39,5,1400,200,45
SIM,4,0,1,3,40,1,3,4,1,2,39,5,300,1000,34
SIM,4,0,1,3,41,0,1,4,1,2,38,5,1200,400,45
SIM,4,0,1,3,42,1,1,3,1,1,38,5,300,1300,37
SIM,4,0,1,3,43,0,0,6,0,2,37,5,1300,200,45
SIM,4,0,1,3,44,1,3,4,1,2,37,5,200,1000,34
SIM,4,0,1,3,45,0,1,4,1,2,36,5,1100,400,45
SIM,4,0,1,3,46,1,1,3,1,1,36,5,500,1300,39
SIM,4,0,1,3,47,0,0,6,0,2,35,5,1500,200,45
SIM,4,0,1,3,48,1,3,4,1,2,35,5,100,1000,34
SIM,4,0,1,3,49,0,1,4,1,2,34,5,1000,400,45
SIM,4,0,1,3,50,1,1,3,1,1,34,5,400,1300,39
SIM,4,0,1,3,51,0,0,6,0,2,33,5,1400,200,45
SIM,4,0,1,3,52,1,3,4,1,2,33,5,300,1000,36
SIM,4,0,1,3,53,0,1,4,1,2,32,5,1200,400,45
SIM,4,0,1,3,54,1,1,3,1,1,32,5,300,1300,37
SIM,4,0,1,3,55,0,0,6,0,2,31,5,1300,200,45
SIM,4,0,1,3,56,1,3,4,1,2,31,5,200,1000,36
SIM,4,0,1,3,57,0,1,4,1,2,30,5,1100,400,45
SIM,4,0,1,3,58,1,1,3,1,1,30,5,500,1300,39
SIM,4,0,1,3,59,0,0,6,0,2,29,5,1500,200,45
SIM,4,0,1,3,60,1,3,4,1,2,29,5,100,1000,34
SIM_END,4,0,1,3,60,0,0
SIM,5,0,1,4,1,0,6,0,1,0,40,40,1000,0,30
SIM,5,0,1,4,2,1,9,0,2,0,40,39,200,1000,19
SIM,5,0,1,4,3,0,7,3,2,1,40,39,900,200,45
SIM,5,0,1,4,4,1,7,0,2,0,40,38,300,1200,19
SIM,5,0,1,4,5,0,7,0,2,0,40,38,1000,300,45
SIM,5,0,1,4,6,1,10,0,3,0,40,36,200,1300,27
SIM,5,0,1,4,7,0,9,3,2,1,40,36,900,200,45
SIM,5,0,1,4,8,1,9,0,2,0,40,35,300,1200,36
SIM,5,0,1,4,9,0,9,0,2,0,40,35,1000,300,45
SIM,5,0,1,4,10,1,12,0,3,0,40,33,200,1300,33
SIM,5,0,1,4,11,0,10,3,3,1,40,33,800,200,45
SIM,5,0,1,4,12,1,10,0,3,0,40,31,500,1200,34
SIM,5,0,1,4,13,0,10,0,3,0,40,31,1100,300,45
SIM,5,0,1,4,14,1,13,0,4,0,40,28,300,1300,31
SIM,5,0,1,4,15,0,11,3,4,1,40,28,800,200,45
SIM,5,0,1,4,16,1,11,0,4,0,40,25,500,1200,29
SIM,5,0,1,4,17,0,11,0,4,0,40,25,1000,1200,45
SIM,5,0,1,4,18,1,11,0,4,0,40,21,400,2200,33
SIM,5,0,1,4,19,0,9,3,3,1,40,21,1100,500,45
SIM,5,0,1,4,20,1,12,3,4,1,40,17,300,1400,24
SIM,5,0,1,4,21,0,10,3,4,1,40,17,900,500,45
SIM,5,0,1,4,22,1,10,3,4,1,40,13,300,1400,33
SIM,5,0,1,4,23,0,7,6,3,2,40,13,1000,300,45
SIM,5,0,1,4,24,1,10,4,4,2,40,10,200,1100,28
SIM,5,0,1,4,25,0,7,4,3,2,40,10,900,500,45
SIM,5,0,1,4,26,1,7,3,3,1,40,8,300,1400,35
SIM,5,0,1,4,27,0,4,6,2,2,40,8,1100,300,45
SIM,5,0,1,4,28,1,7,3,3,1,40,7,300,1200,26
SIM,5,0,1,4,29,0,6,3,2,1,40,7,1100,300,45
SIM,5,0,1,4,30,1,6,1,2,1,40,6,500,1200,37
SIM,5,0,1,4,31,0,3,4,1,2,40,6,1400,100,45
SIM,5,0,1,4,32,1,6,3,2,1,40,6,300,1000,31
SIM,5,0,1,4,33,0,4,3,2,1,40,6,1100,400,45
SIM,5,0,1,4,34,1,4,1,2,1,40,5,500,1300,36
SIM,5,0,1,4,35,0,1,4,1,2,40,5,1400,200,45
SIM,5,0,1,4,36,1,4,1,2,1,40,5,300,1100,30
SIM,5,0,1,4,37,0,3,1,1,1,40,5,1200,500,45
SIM,5,0,1,4,38,1,3,0,1,0,40,5,300,1500,37
SIM,5,0,1,4,39,0,1,3,1,1,40,5,1200,100,45
SIM,5,0,1,4,40,1,4,0,2,0,40,5,100,1100,26
SIM,5,0,1,4,41,0,4,0,2,0,40,5,900,500,45
SIM,5,0,1,4,42,1,4,0,2,0,40,4,300,1500,32
SIM,5,0,1,4,43,0,3,3,1,1,40,4,1200,100,45
SIM,5,0,1,4,44,1,6,1,2,1,40,3,100,1000,29
SIM,5,0,1,4,45,0,4,1,2,1,40,3,900,400,45
SIM,5,0,1,4,46,1,4,0,2,0,40,2,300,1400,35
SIM,5,0,1,4,47,0,3,3,1,1,40,2,1200,300,45
SIM_END,5,0,1,4,47,0,0
SIM,6,0,1,5,1,0,6,0,1,0,40,40,1000,0,30
SIM,6,0,1,5,2,1,9,0,2,0,40,39,200,1000,19
SIM,6,0,1,5,3,0,7,3,2,1,40,39,900,200,45
SIM,6,0,1,5,4,1,7,0,2,0,40,38,300,1200,23
SIM,6,0,1,5,5,0,7,0,2,0,40,38,1000,300,45
SIM,6,0,1,5,6,1,10,0,3,0,40,36,200,1300,27
SIM,6,0,1,5,7,0,9,3,2,1,40,36,900,200,45
SIM,6,0,1,5,8,1,9,0,2,0,40,35,300,1200,36
SIM,6,0,1,5,9,0,9,0,2,0,40,35,1000,300,45
SIM,6,0,1,5,10,1,12,0,3,0,40,33,200,1300,33
SIM,6,0,1,5,11,0,10,3,3,1,40,33,800,200,45
SIM,6,0,1,5,12,1,10,0,3,0,40,31,500,1200,34
SIM,6,0,1,5,13,0,10,0,3,0,40,31,1100,300,45
SIM,6,0,1,5,14,1,13,0,4,0,40,28,300,1300,31
SIM,6,0,1,5,15,0,11,3,4,1,40,28,800,200,45
SIM,6,0,1,5,16,1,11,0,4,0,40,25,500,1200,29
SIM,6,0,1,5,17,0,11,0,4,0,40,25,1000,1200,45
SIM,6,0,1,5,18,1,11,0,4,0,40,21,400,2200,33
SIM,6,0,1,5,19,0,9,3,3,1,40,21,1100,500,45
SIM,6,0,1,5,20,1,9,3,3,1,40,20,1100,1400,43
SIM,6,0,1,5,21,0,7,3,3,1,40,20,1800,500,45
SIM,6,0,1,5,22,1,10,3,4,1,40,16,100,1400,18
SIM,6,0,1,5,23,0,7,6,3,2,40,16,800,300,45
SIM,6,0,1,5,24,1,7,6,3,2,40,15,800,1100,43
SIM,6,0,1,5,25,0,4,6,2,2,40,15,1600,500,45
SIM,6,0,1,5,26,1,7,4,3,2,40,13,200,1300,26
SIM,6,0,1,5,27,0,3,7,1,3,40,13,1100,200,45
SIM,6,0,1,5,28,1,3,6,1,2,40,13,500,1000,39
SIM,6,0,1,5,29,0,0,6,0,2,40,13,1500,400,45
SIM,6,0,1,5,30,1,3,4,1,2,40,13,100,1200,30
SIM,6,0,1,5,31,0,0,7,0,3,39,13,1100,100,45
SIM,6,0,1,5,32,1,0,7,0,3,39,13,500,800,41
SIM,6,0,1,5,33,0,0,7,0,3,38,13,1500,500,45
SIM,6,0,1,5,34,1,3,6,1,2,38,13,100,1300,26
SIM,6,0,1,5,35,0,1,9,1,3,36,13,1000,200,45
SIM,6,0,1,5,36,1,1,7,1,3,36,13,400,900,39
SIM,6,0,1,5,37,0,0,7,0,3,34,13,1400,300,45
SIM,6,0,1,5,38,1,3,6,1,2,34,13,300,1100,28
SIM,6,0,1,5,39,0,1,9,1,3,32,13,1200,300,45
SIM,6,0,1,5,40,1,1,7,1,3,32,13,300,1000,37
SIM,6,0,1,5,41,0,0,7,0,3,30,13,1300,400,45
SIM,6,0,1,5,42,1,14,7,0,3,30,13,700,1100,43
SIM,6,0,1,5,43,0,14,10,0,4,27,13,1700,300,45
SIM,6,0,1,5,44,1,3,9,1,3,27,13,300,1000,31
SIM,6,0,1,5,45,0,3,9,1,3,24,13,1200,400,45
SIM,6,0,1,5,46,1,3,7,1,3,24,13,300,1100,36
SIM,6,0,1,5,47,0,1,10,1,4,21,13,1200,300,45
SIM,6,0,1,5,48,1,4,7,2,3,21,13,100,1000,34
SIM,6,0,1,5,49,0,1,7,1,3,20,13,1000,400,45
SIM,6,0,1,5,50,1,1,6,1,2,20,13,1000,1200,43
SIM,6,0,1,5,51,0,0,9,0,3,18,13,2000,100,45
SIM,6,0,1,5,52,1,3,7,1,3,18,13,300,800,32
SIM,6,0,1,5,53,0,1,7,1,3,16,13,1200,500,45
SIM,6,0,1,5,54,1,1,6,1,2,16,13,300,1300,37
SIM,6,0,1,5,55,0,0,9,0,3,14,13,1300,200,45
SIM,6,0,1,5,56,1,3,7,1,3,14,13,200,900,36
SIM,6,0,1,5,57,0,1,7,1,3,12,13,1100,300,45
SIM,6,0,1,5,58,1,1,6,1,2,12,13,500,1100,39
SIM,6,0,1,5,59,0,0,9,0,3,10,13,1500,300,45
SIM,6,0,1,5,60,1,3,7,1,3,10,13,100,1000,34
SIM_END,6,0,1,5,60,1,0
SIM,7,0,1,6,1,0,6,0,1,0,40,40,1000,0,30
SIM,7,0,1,6,2,1,9,0,2,0,40,39,200,1000,19
SIM,7,0,1,6,3,0,7,3,2,1,40,39,900,200,45
SIM,7,0,1,6,4,1,7,0,2,0,40,38,300,1200,15
SIM,7,0,1,6,5,0,7,0,2,0,40,38,1000,300,45
SIM,7,0,1,6,6,1,10,0,3,0,40,36,200,1300,27
SIM,7,0,1,6,7,0,9,3,2,1,40,36,900,200,45
SIM,7,0,1,6,8,1,9,0,2,0,40,35,300,1200,36
SIM,7,0,1,6,9,0,9,0,2,0,40,35,1000,300,45
SIM,7,0,1,6,10,1,12,0,3,0,40,33,200,1300,33
SIM,7,0,1,6,11,0,10,3,3,1,40,33,800,200,45
SIM,7,0,1,6,12,1,10,0,3,0,40,31,500,1200,34
SIM,7,0,1,6,13,0,10,0,3,0,40,31,1100,300,45
SIM,7,0,1,6,14,1,13,0,4,0,40,28,300,1300,31
SIM,7,0,1,6,15,0,11,3,4,1,40,28,800,200,45
SIM,7,0,1,6,16,1,11,0,4,0,40,25,500,1200,29
SIM,7,0,1,6,17,0,11,0,4,0,40,25,1000,1200,45
SIM,7,0,1,6,18,1,11,0,4,0,40,21,400,2200,33
SIM,7,0,1,6,19,0,9,3,3,1,40,21,1100,500,45
SIM,7,0,1,6,20,1,12,3,4,1,40,17,300,1400,24
SIM,7,0,1,6,21,0,10,3,4,1,40,17,900,500,45
SIM,7,0,1,6,22,1,10,3,4,1,40,13,300,1400,33
SIM,7,0,1,6,23,0,7,6,3,2,40,13,1000,300,45
SIM,7,0,1,6,24,1,10,4,4,2,40,10,200,1100,28
SIM,7,0,1,6,25,0,7,4,3,2,40,10,900,500,45
SIM,7,0,1,6,26,1,7,3,3,1,40,8,300,1400,35
SIM,7,0,1,6,27,0,4,6,2,2,40,8,1100,300,45
SIM,7,0,1,6,28,1,7,3,3,1,40,7,300,1200,26
SIM,7,0,1,6,29,0,6,3,2,1,40,7,1100,300,45
SIM,7,0,1,6,30,1,6,1,2,1,40,6,500,1200,37
SIM,7,0,1,6,31,0,3,4,1,2,40,6,1400,100,45
SIM,7,0,1,6,32,1,6,3,2,1,40,6,300,1000,31
SIM,7,0,1,6,33,0,4,3,2,1,40,6,1100,400,45
SIM,7,0,1,6,34,1,4,1,2,1,40,5,500,1300,36
SIM,7,0,1,6,35,0,1,4,1,2,40,5,1400,200,45
SIM,7,0,1,6,36,1,4,1,2,1,40,5,300,1100,30
SIM,7,0,1,6,37,0,3,1,1,1,40,5,1200,500,45
SIM,7,0,1,6,38,1,3,0,1,0,40,5,300,1500,37
SIM,7,0,1,6,39,0,1,3,1,1,40,5,1200,100,45
SIM,7,0,1,6,40,1,4,0,2,0,40,5,100,1100,26
SIM,7,0,1,6,41,0,4,0,2,0,40,5,900,500,45
SIM,7,0,1,6,42,1,4,0,2,0,40,4,300,1500,32
SIM,7,0,1,6,43,0,3,3,1,1,40,4,1200,100,45
SIM,7,0,1,6,44,1,6,1,2,1,40,3,100,1000,29
SIM,7,0,1,6,45,0,4,1,2,1,40,3,900,400,45
SIM,7,0,1,6,46,1,4,0,2,0,40,3,900,1400,43
SIM,7,0,1,6,47,0,3,3,1,1,40,3,1800,300,45
SIM,7,0,1,6,48,1,6,0,2,0,40,3,100,1300,20
SIM,7,0,1,6,49,0,6,0,2,0,40,3,900,400,45
SIM,7,0,1,6,50,1,6,0,2,0,40,1,300,1400,33
SIM,7,0,1,6,51,0,4,3,2,1,40,1,1100,300,45
SIM_END,7,0,1,6,51,0,0
SIM,8,1,1,0,1,0,0,6,0,1,40,40,1000,0,30
SIM,8,1,1,0,2,1,3,4,1,1,40,40,200,800,19
SIM,8,1,1,0,3,0,0,7,0,2,39,40,1200,300,45
SIM,8,1,1,0,4,1,0,7,0,2,39,40,300,1000,39
SIM,8,1,1,0,5,0,0,7,0,2,38,40,1300,400,45
SIM,8,1,1,0,6,1,3,5,1,2,38,40,200,1100,34
SIM,8,1,1,0,7,0,0,8,0,3,37,40,1200,300,45
SIM,8,1,1,0,8,1,0,8,0,3,37,40,300,900,39
SIM,8,1,1,0,9,0,0,8,0,3,34,40,1300,300,45
SIM,8,1,1,0,10,1,3,7,1,2,34,40,200,1000,34
SIM,8,1,1,0,11,0,0,10,0,3,32,40,1200,200,45
SIM,8,1,1,0,12,1,0,10,0,3,32,40,300,800,39
SIM,8,1,1,0,13,0,0,10,0,3,29,40,1300,500,45
SIM,8,1,1,0,14,1,3,8,1,3,29,40,200,1100,36
SIM,8,1,1,0,15,0,0,11,0,4,27,40,1200,300,45
SIM,8,1,1,0,16,1,0,11,0,4,27,40,300,800,39
SIM,8,1,1,0,17,0,0,11,0,4,23,40,1300,500,45
SIM,8,1,1,0,18,1,3,9,1,3,23,40,500,1200,38
SIM,8,1,1,0,19,0,3,12,1,4,19,40,1400,100,45
SIM,8,1,1,0,20,1,3,10,1,4,19,40,500,700,37
SIM,8,1,1,0,21,0,3,10,1,4,15,40,1400,400,45
SIM,8,1,1,0,22,1,6,7,2,3,15,40,300,1100,34
SIM,8,1,1,0,23,0,6,10,2,4,11,40,1100,300,45
SIM,8,1,1,0,24,1,6,7,2,3,11,40,500,1000,37
SIM,8,1,1,0,25,0,6,7,2,3,8,40,1300,400,45
SIM,8,1,1,0,26,1,9,3,3,1,8,40,200,1300,26
SIM,8,1,1,0,27,0,7,6,3,2,7,40,900,200,45
SIM,8,1,1,0,28,1,7,1,3,1,7,40,300,1100,29
SIM,8,1,1,0,29,0,6,1,2,1,7,40,1100,500,45
SIM,8,1,1,0,30,1,9,0,3,0,7,38,300,1500,26
SIM,8,1,1,0,31,0,7,3,3,1,7,38,1000,100,45
SIM,8,1,1,0,32,1,7,3,3,1,7,36,400,1000,37
SIM,8,1,1,0,33,0,6,3,2,1,7,36,1200,400,45
SIM,8,1,1,0,34,1,9,3,3,1,7,33,100,1300,16
SIM,8,1,1,0,35,0,6,6,2,2,7,33,900,200,45
SIM,8,1,1,0,36,1,6,6,2,2,7,31,300,1000,37
SIM,8,1,1,0,37,0,3,6,1,2,7,31,1200,400,45
SIM,8,1,1,0,38,1,6,4,2,2,7,30,100,1200,30
SIM,8,1,1,0,39,0,1,7,1,3,7,30,1000,100,45
SIM,8,1,1,0,40,1,1,6,1,2,7,30,400,900,37
SIM,8,1,1,0,41,0,0,6,0,2,6,30,1400,300,45
SIM,8,1,1,0,42,1,3,4,1,2,6,30,300,1100,34
SIM,8,1,1,0,43,0,0,7,0,3,5,30,1300,300,45
SIM,8,1,1,0,44,1,0,7,0,3,5,30,400,1000,39
SIM,8,1,1,0,45,0,0,7,0,3,2,30,1400,400,45
SIM,8,1,1,0,46,1,3,6,1,2,2,30,300,1200,34
SIM_END,8,1,1,0,46,1,0
SIM,9,1,1,1,1,0,0,6,0,1,40,40,1000,0,30
SIM,9,1,1,1,2,1,3,4,1,1,40,40,200,800,19
SIM,9,1,1,1,3,0,0,7,0,2,39,40,1200,300,45
SIM,9,1,1,1,4,1,0,7,0,2,39,40,300,1000,39
SIM,9,1,1,1,5,0,0,7,0,2,38,40,1300,400,45
SIM,9,1,1,1,6,1,3,5,1,2,38,40,200,1100,34
SIM,9,1,1,1,7,0,0,8,0,3,37,40,1200,300,45
SIM,9,1,1,1,8,1,0,8,0,3,37,40,300,900,39
SIM,9,1,1,1,9,0,0,8,0,3,34,40,1300,300,45
SIM,9,1,1,1,10,1,3,7,1,2,34,40,200,1000,34
SIM,9,1,1,1,11,0,0,10,0,3,32,40,1200,200,45
SIM,9,1,1,1,12,1,0,10,0,3,32,40,300,800,39
SIM,9,1,1,1,13,0,0,10,0,3,29,40,1300,500,45
SIM,9,1,1,1,14,1,3,8,1,3,29,40,200,1100,36
SIM,9,1,1,1,15,0,0,11,0,4,27,40,1200,300,45
SIM,9,1,1,1,16,1,0,11,0,4,27,40,300,800,39
SIM,9,1,1,1,17,0,0,11,0,4,26,40,1300,800,45
SIM,9,1,1,1,18,1,3,9,1,3,26,40,200,1500,36
SIM,9,1,1,1,19,0,3,9,1,3,25,40,1100,1500,45
SIM,9,1,1,1,20,1,3,7,1,3,25,40,500,2200,37
SIM,9,1,1,1,21,0,0,10,0,4,23,40,1500,200,45
SIM,9,1,1,1,22,1,3,9,1,3,23,40,100,900,32
SIM,9,1,1,1,23,0,0,9,0,3,22,40,1100,300,45
SIM,9,1,1,1,24,1,0,9,0,3,22,40,500,1000,41
SIM,9,1,1,1,25,0,0,12,0,4,19,40,1500,200,45
SIM,9,1,1,1,26,1,3,10,1,4,19,40,100,800,34
SIM,9,1,1,1,27,0,1,10,1,4,16,40,1000,500,45
SIM,9,1,1,1,28,1,1,9,1,3,16,40,400,1200,39
SIM,9,1,1,1,29,0,0,12,0,4,13,40,1400,100,45
SIM,9,1,1,1,30,1,3,10,1,4,13,40,300,700,36
SIM,9,1,1,1,31,0,1,10,1,4,10,40,1200,400,45
SIM,9,1,1,1,32,1,1,9,1,3,10,40,300,1100,37
SIM,9,1,1,1,33,0,0,12,0,4,8,40,1300,300,45
SIM,9,1,1,1,34,1,3,10,1,4,8,40,200,900,36
SIM,9,1,1,1,35,0,1,10,1,4,5,40,1100,300,45
SIM,9,1,1,1,36,1,1,9,1,3,5,40,500,1000,39
SIM,9,1,1,1,37,0,0,12,0,4,2,40,1500,200,45
SIM,9,1,1,1,38,1,3,10,1,4,2,40,100,800,34
SIM_END,9,1,1,1,38,1,0
SIM,10,1,1,2,1,0,0,6,0,1,40,40,1000,0,30
SIM,10,1,1,2,2,1,3,6,1,1,40,39,200,800,19
SIM,10,1,1,2,3,0,0,9,0,2,39,39,1200,300,45
SIM,10,1,1,2,4,1,0,9,0,2,39,39,300,1000,39
SIM,10,1,1,2,5,0,0,9,0,2,38,39,1300,400,45
SIM,10,1,1,2,6,1,3,7,1,2,38,39,200,1100,34
SIM,10,1,1,2,7,0,0,10,0,3,37,39,1200,300,45
SIM,10,1,1,2,8,1,0,10,0,3,37,39,300,900,39
SIM,10,1,1,2,9,0,0,10,0,3,34,39,1300,300,45
SIM,10,1,1,2,10,1,3,9,1,2,34,39,200,1000,34
SIM,10,1,1,2,11,0,0,12,0,3,32,39,1200,200,45
SIM,10,1,1,2,12,1,0,12,0,3,32,39,300,800,39
SIM,10,1,1,2,13,0,0,12,0,3,29,39,1300,500,45
SIM,10,1,1,2,14,1,3,10,1,3,29,39,200,1100,36
SIM,10,1,1,2,15,0,0,13,0,4,27,39,1200,300,45
SIM,10,1,1,2,16,1,0,13,0,4,27,39,300,800,39
SIM,10,1,1,2,17,0,0,13,0,4,23,39,1300,500,45
SIM,10,1,1,2,18,1,3,11,1,4,23,39,500,1000,38
SIM,10,1,1,2,19,0,0,11,0,4,23,39,1500,1000,45
SIM,10,1,1,2,20,1,0,11,0,4,23,39,1500,1500,45
SIM,10,1,1,2,21,0,0,11,0,4,19,39,2500,300,45
SIM,10,1,1,2,22,1,3,9,1,3,19,39,500,1000,30
SIM,10,1,1,2,23,0,3,12,1,4,15,39,1400,200,45
SIM,10,1,1,2,24,1,3,10,1,4,15,39,500,800,37
SIM,10,1,1,2,25,0,3,10,1,4,11,39,1400,500,45
SIM,10,1,1,2,26,1,6,7,2,3,11,39,300,1200,34
SIM,10,1,1,2,27,0,6,10,2,4,7,39,1100,100,45
SIM,10,1,1,2,28,1,6,7,2,3,7,39,500,800,37
SIM,10,1,1,2,29,0,6,7,2,3,4,39,1300,500,45
SIM,10,1,1,2,30,1,9,3,3,1,4,39,200,1400,26
SIM,10,1,1,2,31,0,7,6,3,2,3,39,900,300,45
SIM,10,1,1,2,32,1,7,1,3,1,3,39,300,1200,29
SIM,10,1,1,2,33,0,6,1,2,1,3,39,1100,300,45
SIM,10,1,1,2,34,1,9,0,3,0,3,37,300,1300,26
SIM,10,1,1,2,35,0,7,3,3,1,3,37,1000,200,45
SIM,10,1,1,2,36,1,7,3,3,1,3,35,400,1100,37
SIM,10,1,1,2,37,0,6,3,2,1,3,35,1200,500,45
SIM,10,1,1,2,38,1,9,3,3,1,3,32,100,1400,16
SIM,10,1,1,2,39,0,6,6,2,2,3,32,900,300,45
SIM,10,1,1,2,40,1,6,6,2,2,3,30,300,1100,37
SIM,10,1,1,2,41,0,3,6,1,2,3,30,1200,500,45
SIM,10,1,1,2,42,1,6,4,2,2,3,29,100,1300,30
SIM,10,1,1,2,43,0,1,7,1,3,3,29,1000,200,45
SIM,10,1,1,2,44,1,1,6,1,2,3,29,400,1000,37
SIM,10,1,1,2,45,0,0,6,0,2,2,29,1400,400,45
SIM,10,1,1,2,46,1,3,4,1,2,2,29,300,1200,34
SIM_END,10,1,1,2,46,1,0
SIM,11,1,1,3,1,0,0,6,0,1,40,40,1000,0,30
SIM,11,1,1,3,2,1,3,6,1,1,40,39,200,800,19
SIM,11,1,1,3,3,0,0,9,0,2,39,39,1200,300,45
SIM,11,1,1,3,4,1,0,9,0,2,39,39,300,1000,39
SIM,11,1,1,3,5,0,0,9,0,2,38,39,1300,400,45
SIM,11,1,1,3,6,1,3,7,1,2,38,39,200,1100,34
SIM,11,1,1,3,7,0,0,10,0,3,37,39,1200,300,45
SIM,11,1,1,3,8,1,0,10,0,3,37,39,300,900,39
SIM,11,1,1,3,9,0,0,10,0,3,36,39,1300,900,45
SIM,11,1,1,3,10,1,3,9,1,2,36,39,200,1600,34
SIM,11,1,1,3,11,0,0,12,0,3,35,39,1200,200,45
SIM,11,1,1,3,12,1,0,12,0,3,35,39,300,800,39
SIM,11,1,1,3,13,0,0,12,0,3,32,39,1300,500,45
SIM,11,1,1,3,14,1,3,10,1,3,32,39,200,1100,36
SIM,11,1,1,3,15,0,0,13,0,4,30,39,1200,300,45
SIM,11,1,1,3,16,1,0,13,0,4,30,39,300,800,39
SIM,11,1,1,3,17,0,0,13,0,4,26,39,1300,500,45
SIM,11,1,1,3,18,1,3,11,1,4,26,39,500,1000,38
SIM,11,1,1,3,19,0,0,11,0,4,23,39,1500,400,45
SIM,11,1,1,3,20,1,0,11,0,4,23,39,1500,900,45
SIM,11,1,1,3,21,0,0,11,0,4,19,39,2500,300,45
SIM,11,1,1,3,22,1,3,9,1,3,19,39,500,1000,30
SIM,11,1,1,3,23,0,3,12,1,4,15,39,1400,200,45
SIM,11,1,1,3,24,1,3,10,1,4,15,39,500,800,37
SIM,11,1,1,3,25,0,3,10,1,4,11,39,1400,500,45
SIM,11,1,1,3,26,1,6,7,2,3,11,39,300,1200,34
SIM,11,1,1,3,27,0,6,10,2,4,7,39,1100,100,45
SIM,11,1,1,3,28,1,6,7,2,3,7,39,500,800,37
SIM,11,1,1,3,29,0,6,7,2,3,4,39,1300,500,45
SIM,11,1,1,3,30,1,9,3,3,1,4,39,200,1400,26
SIM,11,1,1,3,31,0,7,6,3,2,3,39,900,300,45
SIM,11,1,1,3,32,1,7,1,3,1,3,39,300,1200,29
SIM,11,1,1,3,33,0,6,1,2,1,3,39,1100,300,45
SIM,11,1,1,3,34,1,9,0,3,0,3,37,300,1300,26
SIM,11,1,1,3,35,0,7,3,3,1,3,37,1000,200,45
SIM,11,1,1,3,36,1,7,3,3,1,3,35,400,1100,37
SIM,11,1,1,3,37,0,6,3,2,1,3,35,1200,500,45
SIM,11,1,1,3,38,1,9,3,3,1,3,32,100,1400,16
SIM,11,1,1,3,39,0,9,17,3,1,3,32,800,800,45
SIM,11,1,1,3,40,1,9,17,3,1,3,29,500,1700,37
SIM,11,1,1,3,41,0,6,6,2,2,3,29,1300,300,45
SIM,11,1,1,3,42,1,9,4,3,2,3,27,200,1100,28
SIM,11,1,1,3,43,0,6,4,2,2,3,27,1000,500,45
SIM,11,1,1,3,44,1,6,3,2,1,3,26,400,1400,37
SIM,11,1,1,3,45,0,3,6,1,2,3,26,1300,300,45
SIM,11,1,1,3,46,1,6,4,2,2,3,25,200,1100,30
SIM,11,1,1,3,47,0,3,4,1,2,3,25,1100,500,45
SIM,11,1,1,3,48,1,3,3,1,1,3,25,500,1400,37
SIM,11,1,1,3,49,0,0,6,0,2,3,25,1500,300,45
SIM,11,1,1,3,50,1,3,4,1,2,3,25,100,1100,30
SIM,11,1,1,3,51,0,0,4,0,2,3,25,1100,500,45
SIM,11,1,1,3,52,1,0,4,0,2,3,25,500,1300,41
SIM,11,1,1,3,53,0,0,7,0,3,2,25,1500,200,45
SIM,11,1,1,3,54,1,3,6,1,2,2,25,100,1000,26
SIM_END,11,1,1,3,54,1,0
SIM,12,1,1,4,1,0,0,6,0,1,40,40,1000,0,30
SIM,12,1,1,4,2,1,3,6,1,1,40,39,200,800,19
SIM,12,1,1,4,3,0,0,9,0,2,39,39,1200,300,45
SIM,12,1,1,4,4,1,0,9,0,2,39,39,300,1000,39
SIM,12,1,1,4,5,0,0,9,0,2,38,39,1300,400,45
SIM,12,1,1,4,6,1,3,7,1,2,38,39,200,1100,34
SIM,12,1,1,4,7,0,0,10,0,3,37,39,1200,300,45
SIM,12,1,1,4,8,1,0,10,0,3,37,39,300,900,39
SIM,12,1,1,4,9,0,0,10,0,3,36,39,1300,900,45
SIM,12,1,1,4,10,1,3,9,1,2,36,39,200,1600,34
SIM,12,1,1,4,11,0,0,12,0,3,35,39,1200,200,45
SIM,12,1,1,4,12,1,0,12,0,3,35,39,300,800,39
SIM,12,1,1,4,13,0,0,12,0,3,32,39,1300,500,45
SIM,12,1,1,4,14,1,3,10,1,3,32,39,200,1100,36
SIM,12,1,1,4,15,0,0,13,0,4,30,39,1200,300,45
SIM,12,1,1,4,16,1,0,13,0,4,30,39,300,800,39
SIM,12,1,1,4,17,0,0,13,0,4,26,39,1300,500,45
SIM,12,1,1,4,18,1,3,11,1,4,26,39,500,1000,38
SIM,12,1,1,4,19,0,0,11,0,4,23,39,1500,400,45
SIM,12,1,1,4,20,1,0,11,0,4,23,39,1500,900,45
SIM,12,1,1,4,21,0,0,11,0,4,19,39,2500,300,45
SIM,12,1,1,4,22,1,3,9,1,3,19,39,500,1000,30
SIM,12,1,1,4,23,0,3,12,1,4,15,39,1400,200,45
SIM,12,1,1,4,24,1,3,10,1,4,15,39,500,800,37
SIM,12,1,1,4,25,0,3,10,1,4,11,39,1400,500,45
SIM,12,1,1,4,26,1,6,7,2,3,11,39,300,1200,34
SIM,12,1,1,4,27,0,6,10,2,4,7,39,1100,100,45
SIM,12,1,1,4,28,1,6,7,2,3,7,39,500,800,37
SIM,12,1,1,4,29,0,6,7,2,3,6,39,1300,800,45
SIM,12,1,1,4,30,1,9,3,3,1,6,39,200,1700,26
SIM,12,1,1,4,31,0,7,6,3,2,5,39,900,300,45
SIM,12,1,1,4,32,1,7,1,3,1,5,39,300,1200,29
SIM,12,1,1,4,33,0,6,1,2,1,5,39,1100,300,45
SIM,12,1,1,4,34,1,9,0,3,0,5,37,300,1300,26
SIM,12,1,1,4,35,0,7,3,3,1,5,37,1000,200,45
SIM,12,1,1,4,36,1,7,3,3,1,5,35,400,1100,37
SIM,12,1,1,4,37,0,6,3,2,1,5,35,1200,500,45
SIM,12,1,1,4,38,1,9,3,3,1,5,32,100,1400,16
SIM,12,1,1,4,39,0,6,6,2,2,5,32,900,300,45
SIM,12,1,1,4,40,1,6,6,2,2,5,30,300,1100,37
SIM,12,1,1,4,41,0,3,6,1,2,5,30,1200,500,45
SIM,12,1,1,4,42,1,6,4,2,2,5,29,100,1300,30
SIM,12,1,1,4,43,0,1,7,1,3,5,29,1000,200,45
SIM,12,1,1,4,44,1,1,6,1,2,5,29,400,1000,37
SIM,12,1,1,4,45,0,0,6,0,2,4,29,1400,400,45
SIM,12,1,1,4,46,1,3,4,1,2,4,29,300,1200,34
SIM,12,1,1,4,47,0,0,7,0,3,3,29,1300,100,45
SIM,12,1,1,4,48,1,0,7,0,3,3,29,400,800,39
SIM_END,12,1,1,4,48,1,0
SIM,13,1,1,5,1,0,0,6,0,1,40,40,1000,0,30
SIM,13,1,1,5,2,1,3,6,1,1,40,39,200,800,19
SIM,13,1,1,5,3,0,3,6,1,1,40,39,1100,800,45
SIM,13,1,1,5,4,1,3,6,1,1,40,38,500,1600,39
SIM,13,1,1,5,5,0,0,9,0,2,39,38,1500,200,45
SIM,13,1,1,5,6,1,3,7,1,2,39,38,100,900,32
SIM,13,1,1,5,7,0,0,7,0,2,38,38,1100,300,45
SIM,13,1,1,5,8,1,0,7,0,2,38,38,500,1000,41
SIM,13,1,1,5,9,0,0,10,0,3,37,38,1500,200,45
SIM,13,1,1,5,10,1,3,9,1,2,37,38,100,900,32
SIM,13,1,1,5,11,0,0,9,0,2,36,38,1100,300,45
SIM,13,1,1,5,12,1,0,9,0,2,36,38,500,1000,41
SIM,13,1,1,5,13,0,0,12,0,3,35,38,1500,200,45
SIM,13,1,1,5,14,1,3,10,1,3,35,38,100,800,32
SIM,13,1,1,5,15,0,0,10,0,3,34,38,1100,500,45
SIM,13,1,1,5,16,1,0,10,0,3,34,38,500,1100,41
SIM,13,1,1,5,17,0,0,10,0,3,33,38,1500,1100,45
SIM,13,1,1,5,18,1,3,9,1,2,33,38,100,1800,32
SIM,13,1,1,5,19,0,0,12,0,3,31,38,1100,100,45
SIM,13,1,1,5,20,1,0,12,0,3,31,38,500,700,41
SIM,13,1,1,5,21,0,0,12,0,3,29,38,1500,400,45
SIM,13,1,1,5,22,1,3,10,1,3,29,38,100,1000,34
SIM,13,1,1,5,23,0,0,13,0,4,26,38,1100,200,45
SIM,13,1,1,5,24,1,0,13,0,4,26,38,500,700,41
SIM,13,1,1,5,25,0,0,13,0,4,23,38,1500,400,45
SIM,13,1,1,5,26,1,3,12,1,3,23,38,100,1000,34
SIM,13,1,1,5,27,0,0,15,0,4,20,38,1100,200,45
SIM,13,1,1,5,28,1,0,15,0,4,20,38,500,700,41
SIM,13,1,1,5,29,0,0,15,0,4,17,38,1500,400,45
SIM,13,1,1,5,30,1,3,13,1,4,17,38,100,900,34
SIM,13,1,1,5,31,0,0,13,0,4,14,38,1100,300,45
SIM,13,1,1,5,32,1,0,13,0,4,14,38,500,800,41
SIM,13,1,1,5,33,0,0,13,0,4,13,38,1500,800,45
SIM,13,1,1,5,34,1,3,12,1,3,13,38,100,1400,34
SIM,13,1,1,5,35,0,0,15,0,4,10,38,1100,300,45
SIM,13,1,1,5,36,1,0,15,0,4,10,38,500,800,41
SIM,13,1,1,5,37,0,0,15,0,4,7,38,1500,500,45
SIM,13,1,1,5,38,1,3,13,1,4,7,38,100,1000,34
SIM,13,1,1,5,39,0,0,13,0,4,4,38,1100,400,45
SIM,13,1,1,5,40,1,0,13,0,4,4,38,500,900,41
SIM,13,1,1,5,41,0,0,13,0,4,3,38,1500,900,45
SIM,13,1,1,5,42,1,3,12,1,3,3,38,100,1500,34
SIM_END,13,1,1,5,42,1,0
SIM,14,1,1,6,1,0,0,6,0,1,40,40,1000,0,30
SIM,14,1,1,6,2,1,3,6,1,1,40,39,200,800,19
SIM,14,1,1,6,3,0,0,9,0,2,39,39,1200,300,45
SIM,14,1,1,6,4,1,0,9,0,2,39,39,300,1000,39
SIM,14,1,1,6,5,0,0,9,0,2,38,39,1300,400,45
SIM,14,1,1,6,6,1,3,7,1,2,38,39,200,1100,34
SIM,14,1,1,6,7,0,0,10,0,3,37,39,1200,300,45
SIM,14,1,1,6,8,1,0,10,0,3,37,39,300,900,39
SIM,14,1,1,6,9,0,0,10,0,3,34,39,1300,300,45
SIM,14,1,1,6,10,1,3,9,1,2,34,39,200,1000,34
SIM,14,1,1,6,11,0,0,12,0,3,32,39,1200,200,45
SIM,14,1,1,6,12,1,0,12,0,3,32,39,300,800,39
SIM,14,1,1,6,13,0,0,12,0,3,29,39,1300,500,45
SIM,14,1,1,6,14,1,3,10,1,3,29,39,200,1100,36
SIM,14,1,1,6,15,0,0,13,0,4,27,39,1200,300,45
SIM,14,1,1,6,16,1,0,13,0,4,27,39,300,800,39
SIM,14,1,1,6,17,0,0,13,0,4,23,39,1300,500,45
SIM,14,1,1,6,18,1,3,11,1,4,23,39,500,1000,38
SIM,14,1,1,6,19,0,0,11,0,4,20,39,1500,400,45
SIM,14,1,1,6,20,1,0,11,0,4,20,39,1500,900,45
SIM,14,1,1,6,21,0,0,11,0,4,16,39,2500,300,45
SIM,14,1,1,6,22,1,3,9,1,3,16,39,500,1000,30
SIM,14,1,1,6,23,0,3,12,1,4,12,39,1400,200,45
SIM,14,1,1,6,24,1,3,10,1,4,12,39,500,800,37
SIM,14,1,1,6,25,0,3,10,1,4,8,39,1400,500,45
SIM,14,1,1,6,26,1,6,7,2,3,8,39,300,1200,34
SIM,14,1,1,6,27,0,6,10,2,4,4,39,1100,100,45
SIM,14,1,1,6,28,1,6,7,2,3,4,39,500,800,37
SIM,14,1,1,6,29,0,6,7,2,3,1,39,1300,500,45
SIM,14,1,1,6,30,1,9,3,3,1,1,39,200,1400,26
SIM_END,14,1,1,6,30,1,0
SIM_DONE
### tuned degrade=10
SIM_CONFIG,degrade_favoured_pct=10,only_handicap=1,variants=7,cover_pct=0
SIM,1,0,1,0,1,0,6,0,1,0,40,40,1000,0,30
SIM,1,0,1,0,2,1,9,0,2,0,40,39,200,1000,19
SIM,1,0,1,0,3,0,7,3,2,1,40,39,900,200,45
SIM,1,0,1,0,4,1,7,0,2,0,40,38,300,1200,31
SIM,1,0,1,0,5,0,7,0,2,0,40,38,1000,300,45
SIM,1,0,1,0,6,1,10,0,3,0,40,36,200,1300,27
SIM,1,0,1,0,7,0,9,3,2,1,40,36,900,200,45
SIM,1,0,1,0,8,1,9,0,2,0,40,35,300,1200,36
SIM,1,0,1,0,9,0,9,0,2,0,40,35,1000,300,45
SIM,1,0,1,0,10,1,12,0,3,0,40,33,200,1300,33
SIM,1,0,1,0,11,0,10,3,3,1,40,33,800,200,45
SIM,1,0,1,0,12,1,10,0,3,0,40,33,800,1200,43
SIM,1,0,1,0,13,0,10,0,3,0,40,33,1400,300,45
SIM,1,0,1,0,14,1,13,0,4,0,40,30,300,1300,26
SIM,1,0,1,0,15,0,11,3,4,1,40,30,800,200,45
SIM,1,0,1,0,16,1,11,0,4,0,40,27,500,1200,29
SIM,1,0,1,0,17,0,11,0,4,0,40,27,1000,1200,45
SIM,1,0,1,0,18,1,11,0,4,0,40,23,400,2200,33
SIM,1,0,1,0,19,0,9,3,3,1,40,23,1100,500,45
SIM,1,0,1,0,20,1,12,3,4,1,40,19,300,1400,24
SIM,1,0,1,0,21,0,10,3,4,1,40,19,900,500,45
SIM,1,0,1,0,22,1,10,3,4,1,40,15,300,1400,33
SIM,1,0,1,0,23,0,7,6,3,2,40,15,1000,300,45
SIM,1,0,1,0,24,1,10,4,4,2,40,12,200,1100,28
SIM,1,0,1,0,25,0,7,4,3,2,40,12,900,500,45
SIM,1,0,1,0,26,1,7,3,3,1,40,10,300,1400,35
SIM,1,0,1,0,27,0,4,6,2,2,40,10,1100,300,45
SIM,1,0,1,0,28,1,7,3,3,1,40,9,300,1200,26
SIM,1,0,1,0,29,0,6,3,2,1,40,9,1100,300,45
SIM,1,0,1,0,30,1,6,3,2,1,40,8,1100,1200,43
SIM,1,0,1,0,31,0,3,6,1,2,40,8,2000,100,45
SIM,1,0,1,0,32,1,6,4,2,2,40,7,300,900,26
SIM,1,0,1,0,33,0,3,4,1,2,40,7,1200,300,45
SIM,1,0,1,0,34,1,3,3,1,1,40,7,300,1200,35
SIM,1,0,1,0,35,0,0,6,0,2,40,7,1300,100,45
SIM,1,0,1,0,36,1,14,6,0,2,40,7,700,900,43
SIM,1,0,1,0,37,0,14,6,0,2,39,7,1700,300,45
SIM,1,0,1,0,38,1,3,4,1,2,39,7,300,1100,30
SIM,1,0,1,0,39,0,0,7,0,3,38,7,1300,300,45
SIM,1,0,1,0,40,1,0,7,0,3,38,7,400,1000,39
SIM,1,0,1,0,41,0,0,7,0,3,36,7,1400,400,45
SIM,1,0,1,0,42,1,3,6,1,2,36,7,300,1200,36
SIM,1,0,1,0,43,0,3,9,1,3,33,7,1200,100,45
SIM,1,0,1,0,44,1,3,7,1,3,33,7,300,800,37
SIM,1,0,1,0,45,0,3,7,1,3,30,7,1200,500,45
SIM,1,0,1,0,46,1,6,4,2,2,30,7,100,1300,32
SIM,1,0,1,0,47,0,4,7,2,3,28,7,900,200,45
SIM,1,0,1,0,48,1,4,4,2,2,28,7,300,1000,35
SIM,1,0,1,0,49,0,3,4,1,2,27,7,1200,400,45
SIM,1,0,1,0,50,1,6,1,2,1,27,7,100,1300,30
SIM,1,0,1,0,51,0,4,4,2,2,26,7,900,200,45
SIM,1,0,1,0,52,1,4,1,2,1,26,7,300,1100,37
SIM,1,0,1,0,53,0,3,1,1,1,26,7,1200,500,45
SIM,1,0,1,0,54,1,3,1,1,1,26,7,1200,1400,41
SIM,1,0,1,0,55,0,0,4,0,2,26,7,2200,300,45
SIM,1,0,1,0,56,1,3,3,1,1,26,7,200,1200,28
SIM,1,0,1,0,57,0,1,3,1,1,26,7,1100,300,45
SIM,1,0,1,0,58,1,15,3,1,1,26,7,500,1200,43
SIM,1,0,1,0,59,0,14,6,0,2,25,7,1500,100,45
SIM,1,0,1,0,60,1,3,4,1,2,25,7,100,900,30
SIM_END,1,0,1,0,60,0,0
SIM,2,0,1,1,1,0,6,0,1,0,40,40,1000,0,30
SIM,2,0,1,1,2,1,9,0,2,0,40,39,200,1000,9
SIM,2,0,1,1,3,0,7,3,2,1,40,39,900,200,39
SIM,2,0,1,1,4,1,7,0,2,0,40,38,300,1200,29
SIM,2,0,1,1,5,0,7,0,2,0,40,38,1000,300,45
SIM,2,0,1,1,6,1,10,0,3,0,40,36,200,1300,29
SIM,2,0,1,1,7,0,9,3,2,1,40,36,900,200,45
SIM,2,0,1,1,8,1,9,0,2,0,40,35,300,1200,36
SIM,2,0,1,1,9,0,9,0,2,0,40,35,1000,300,45
SIM,2,0,1,1,10,1,12,0,3,0,40,33,200,1300,33
SIM,2,0,1,1,11,0,10,3,3,1,40,33,800,200,45
SIM,2,0,1,1,12,1,10,0,3,0,40,31,500,1200,34
SIM,2,0,1,1,13,0,10,0,3,0,40,31,1100,300,45
SIM,2,0,1,1,14,1,13,0,4,0,40,28,300,1300,31
SIM,2,0,1,1,15,0,11,3,4,1,40,28,800,200,45
SIM,2,0,1,1,16,1,11,0,4,0,40,25,500,1200,29
SIM,2,0,1,1,17,0,11,0,4,0,40,25,1000,1200,45
SIM,2,0,1,1,18,1,11,0,4,0,40,21,400,2200,33
SIM,2,0,1,1,19,0,9,3,3,1,40,21,1100,500,45
SIM,2,0,1,1,20,1,12,3,4,1,40,17,300,1400,24
SIM,2,0,1,1,21,0,10,3,4,1,40,17,900,500,45
SIM,2,0,1,1,22,1,10,3,4,1,40,13,300,1400,33
SIM,2,0,1,1,23,0,7,6,3,2,40,13,1000,300,45
SIM,2,0,1,1,24,1,10,4,4,2,40,10,200,1100,28
SIM,2,0,1,1,25,0,7,4,3,2,40,10,900,500,45
SIM,2,0,1,1,26,1,7,3,3,1,40,8,300,1400,35
SIM,2,0,1,1,27,0,4,6,2,2,40,8,1100,300,45
SIM,2,0,1,1,28,1,7,3,3,1,40,7,300,1200,26
SIM,2,0,1,1,29,0,6,3,2,1,40,7,1100,300,45
SIM,2,0,1,1,30,1,6,1,2,1,40,6,500,1200,37
SIM,2,0,1,1,31,0,3,4,1,2,40,6,1400,100,45
SIM,2,0,1,1,32,1,6,3,2,1,40,6,300,1000,31
SIM,2,0,1,1,33,0,4,3,2,1,40,6,1100,400,45
SIM,2,0,1,1,34,1,4,1,2,1,40,5,500,1300,36
SIM,2,0,1,1,35,0,1,4,1,2,40,5,1400,200,45
SIM,2,0,1,1,36,1,4,1,2,1,40,5,300,1100,30
SIM,2,0,1,1,37,0,3,1,1,1,40,5,1200,500,45
SIM,2,0,1,1,38,1,3,0,1,0,40,5,300,1500,37
SIM,2,0,1,1,39,0,1,3,1,1,40,5,1200,100,45
SIM,2,0,1,1,40,1,4,0,2,0,40,5,100,1100,26
SIM,2,0,1,1,41,0,4,0,2,0,40,5,900,500,45
SIM,2,0,1,1,42,1,4,0,2,0,40,4,300,1500,32
SIM,2,0,1,1,43,0,3,3,1,1,40,4,1200,100,45
SIM,2,0,1,1,44,1,6,1,2,1,40,3,100,1000,29
SIM,2,0,1,1,45,0,4,1,2,1,40,3,900,400,45
SIM,2,0,1,1,46,1,4,0,2,0,40,2,300,1400,35
SIM,2,0,1,1,47,0,3,3,1,1,40,2,1200,300,45
SIM_END,2,0,1,1,47,0,0
SIM,3,0,1,2,1,0,6,0,1,0,40,40,1000,0,30
SIM,3,0,1,2,2,1,20,0,1,0,40,40,400,1000,28
SIM,3,0,1,2,3,0,18,3,1,1,40,40,1200,200,45
SIM,3,0,1,2,4,1,7,0,2,0,40,39,100,1200,28
SIM,3,0,1,2,5,0,7,0,2,0,40,39,800,300,45
SIM,3,0,1,2,6,1,7,0,2,0,40,38,500,1300,41
SIM,3,0,1,2,7,0,5,3,2,1,40,38,1200,200,45
SIM,3,0,1,2,8,1,8,0,3,0,40,36,100,1200,10
SIM,3,0,1,2,9,0,8,0,3,0,40,36,700,300,40
SIM,3,0,1,2,10,1,8,0,3,0,40,34,400,1300,30
SIM,3,0,1,2,11,0,7,3,2,1,40,34,1100,200,45
SIM,3,0,1,2,12,1,7,3,2,1,40,34,1100,1100,43
SIM,3,0,1,2,13,0,5,3,2,1,40,34,1800,500,45
SIM,3,0,1,2,14,1,8,0,3,0,40,32,100,1500,20
SIM,3,0,1,2,15,0,6,3,2,1,40,32,900,100,45
SIM,3,0,1,2,16,1,6,3,2,1,40,30,300,1000,37
SIM,3,0,1,2,17,0,4,3,2,1,40,30,1100,400,45
SIM,3,0,1,2,18,1,7,1,3,1,40,28,300,1300,30
SIM,3,0,1,2,19,0,4,4,2,2,40,28,1100,200,45
SIM,3,0,1,2,20,1,4,3,2,1,40,27,500,1100,37
SIM,3,0,1,2,21,0,3,3,1,1,40,27,1400,500,45
SIM,3,0,1,2,22,1,6,1,2,1,40,26,300,1400,30
SIM,3,0,1,2,23,0,3,4,1,2,40,26,1200,300,45
SIM,3,0,1,2,24,1,3,3,1,1,40,26,300,1200,33
SIM,3,0,1,2,25,0,1,3,1,1,40,26,1200,300,45
SIM,3,0,1,2,26,1,4,0,2,0,40,26,100,1300,26
SIM,3,0,1,2,27,0,3,3,1,1,40,26,1000,200,45
SIM,3,0,1,2,28,1,3,1,1,1,40,26,400,1100,37
SIM,3,0,1,2,29,0,1,1,1,1,40,26,1300,500,45
SIM,3,0,1,2,30,1,4,0,2,0,40,25,200,1500,30
SIM,3,0,1,2,31,0,3,3,1,1,40,25,1100,100,45
SIM,3,0,1,2,32,1,3,3,1,1,40,24,500,1000,39
SIM,3,0,1,2,33,0,1,3,1,1,40,24,1400,400,45
SIM,3,0,1,2,34,1,4,1,2,1,40,23,300,1300,30
SIM,3,0,1,2,35,0,1,4,1,2,40,23,1200,200,45
SIM,3,0,1,2,36,1,1,3,1,1,40,23,300,1100,37
SIM,3,0,1,2,37,0,0,3,0,1,40,23,1300,500,45
SIM,3,0,1,2,38,1,3,1,1,1,40,23,200,1400,32
SIM,3,0,1,2,39,0,0,4,0,2,40,23,1200,300,45
SIM,3,0,1,2,40,1,0,4,0,2,40,23,300,1100,39
SIM,3,0,1,2,41,0,0,4,0,2,40,23,1300,500,45
SIM,3,0,1,2,42,1,3,3,1,1,40,23,200,1400,32
SIM,3,0,1,2,43,0,0,6,0,2,40,23,1200,300,45
SIM,3,0,1,2,44,1,0,6,0,2,40,23,300,1100,39
SIM,3,0,1,2,45,0,0,6,0,2,40,23,1300,500,45
SIM,3,0,1,2,46,1,3,4,1,2,40,23,200,1300,32
SIM,3,0,1,2,47,0,0,7,0,3,39,23,1200,200,45
SIM,3,0,1,2,48,1,0,7,0,3,39,23,300,900,39
SIM,3,0,1,2,49,0,0,7,0,3,38,23,1300,300,45
SIM,3,0,1,2,50,1,3,6,1,2,38,23,200,1100,32
SIM,3,0,1,2,51,0,1,9,1,3,36,23,1100,300,45
SIM,3,0,1,2,52,1,1,7,1,3,36,23,500,1000,39
SIM,3,0,1,2,53,0,0,7,0,3,34,23,1500,400,45
SIM,3,0,1,2,54,1,3,6,1,2,34,23,100,1200,30
SIM,3,0,1,2,55,0,1,9,1,3,32,23,1000,100,45
SIM,3,0,1,2,56,1,1,7,1,3,32,23,400,800,39
SIM,3,0,1,2,57,0,0,7,0,3,30,23,1400,500,45
SIM,3,0,1,2,58,1,14,7,0,3,30,23,800,1200,43
SIM,3,0,1,2,59,0,14,10,0,4,27,23,1800,100,45
SIM,3,0,1,2,60,1,0,10,0,4,27,23,2100,700,45
SIM_END,3,0,1,2,60,1,0
SIM,4,0,1,3,1,0,6,0,1,0,40,40,1000,0,30
SIM,4,0,1,3,2,1,9,0,2,0,40,39,200,1000,19
SIM,4,0,1,3,3,0,7,3,2,1,40,39,900,200,45
SIM,4,0,1,3,4,1,7,0,2,0,40,38,300,1200,27
SIM,4,0,1,3,5,0,7,0,2,0,40,38,1000,300,45
SIM,4,0,1,3,6,1,10,0,3,0,40,36,200,1300,27
SIM,4,0,1,3,7,0,9,3,2,1,40,36,900,200,45
SIM,4,0,1,3,8,1,9,0,2,0,40,35,300,1200,36
SIM,4,0,1,3,9,0,9,0,2,0,40,35,1000,300,45
SIM,4,0,1,3,10,1,12,0,3,0,40,33,200,1300,33
SIM,4,0,1,3,11,0,10,3,3,1,40,33,800,200,45
SIM,4,0,1,3,12,1,10,0,3,0,40,31,500,1200,34
SIM,4,0,1,3,13,0,10,0,3,0,40,31,1100,300,45
SIM,4,0,1,3,14,1,10,0,3,0,40,30,1100,1300,43
SIM,4,0,1,3,15,0,8,3,3,1,40,30,1700,200,45
SIM,4,0,1,3,16,1,11,0,4,0,40,28,300,1200,27
SIM,4,0,1,3,17,0,11,0,4,0,40,28,800,300,45
SIM,4,0,1,3,18,1,11,0,4,0,40,24,500,1300,29
SIM,4,0,1,3,19,0,9,3,3,1,40,24,1200,500,45
SIM,4,0,1,3,20,1,9,3,3,1,40,23,1200,1400,43
SIM,4,0,1,3,21,0,7,3,3,1,40,23,1900,500,45
SIM,4,0,1,3,22,1,10,3,4,1,40,19,200,1400,18
SIM,4,0,1,3,23,0,7,6,3,2,40,19,900,300,45
SIM,4,0,1,3,24,1,7,6,3,2,40,16,300,1100,35
SIM,4,0,1,3,25,0,4,6,2,2,40,16,1100,500,45
SIM,4,0,1,3,26,1,4,6,2,2,40,15,1100,1300,43
SIM,4,0,1,3,27,0,0,9,0,3,40,15,2100,200,45
SIM,4,0,1,3,28,1,3,7,1,3,40,15,100,900,26
SIM,4,0,1,3,29,0,0,7,0,3,39,15,1100,300,45
SIM,4,0,1,3,30,1,0,7,0,3,39,15,500,1000,41
SIM,4,0,1,3,31,0,0,10,0,4,36,15,1500,200,45
SIM,4,0,1,3,32,1,3,9,1,3,36,15,100,900,34
SIM,4,0,1,3,33,0,3,9,1,3,33,15,1000,300,45
SIM,4,0,1,3,34,1,3,7,1,3,33,15,400,1000,39
SIM,4,0,1,3,35,0,1,10,1,4,30,15,1300,200,45
SIM,4,0,1,3,36,1,4,7,2,3,30,15,200,900,30
SIM,4,0,1,3,37,0,3,7,1,3,28,15,1100,300,45
SIM,4,0,1,3,38,1,3,6,1,2,28,15,500,1100,39
SIM,4,0,1,3,39,0,3,9,1,3,26,15,1400,300,45
SIM,4,0,1,3,40,1,6,6,2,2,26,15,300,1100,20
SIM,4,0,1,3,41,0,6,6,2,2,24,15,1100,500,45
SIM,4,0,1,3,42,1,6,3,2,1,24,15,500,1400,37
SIM,4,0,1,3,43,0,4,6,2,2,23,15,1300,300,45
SIM,4,0,1,3,44,1,7,1,3,1,23,15,200,1200,26
SIM,4,0,1,3,45,0,6,1,2,1,23,15,1000,300,45
SIM,4,0,1,3,46,1,6,1,2,1,23,15,1000,1200,43
SIM,4,0,1,3,47,0,4,4,2,2,22,15,1800,100,45
SIM,4,0,1,3,48,1,7,0,3,0,22,15,100,1100,24
SIM,4,0,1,3,49,0,7,0,3,0,22,15,800,500,45
SIM,4,0,1,3,50,1,7,0,3,0,22,14,500,1500,37
SIM,4,0,1,3,51,0,6,3,2,1,22,14,1300,100,45
SIM,4,0,1,3,52,1,9,0,3,0,22,13,200,1100,30
SIM,4,0,1,3,53,0,9,0,3,0,22,13,900,500,45
SIM,4,0,1,3,54,1,9,0,3,0,22,12,900,1500,43
SIM,4,0,1,3,55,0,7,3,3,1,22,12,1600,100,45
SIM,4,0,1,3,56,1,7,3,3,1,22,11,1600,1000,43
SIM,4,0,1,3,57,0,6,3,2,1,22,11,2400,400,45
SIM,4,0,1,3,58,1,9,0,3,0,22,10,100,1400,12
SIM,4,0,1,3,59,0,7,3,3,1,22,10,800,300,42
SIM,4,0,1,3,60,1,7,0,3,0,22,9,500,1300,32
SIM_END,4,0,1,3,60,0,0
SIM,5,0,1,4,1,0,6,0,1,0,40,40,1000,0,30
SIM,5,0,1,4,2,1,9,0,2,0,40,39,200,1000,19
SIM,5,0,1,4,3,0,7,3,2,1,40,39,900,200,45
SIM,5,0,1,4,4,1,7,0,2,0,40,38,300,1200,19
SIM,5,0,1,4,5,0,7,0,2,0,40,38,1000,300,45
SIM,5,0,1,4,6,1,10,0,3,0,40,36,200,1300,27
SIM,5,0,1,4,7,0,9,3,2,1,40,36,900,200,45
SIM,5,0,1,4,8,1,9,0,2,0,40,35,300,1200,36
SIM,5,0,1,4,9,0,9,0,2,0,40,35,1000,300,45
SIM,5,0,1,4,10,1,12,0,3,0,40,33,200,1300,33
SIM,5,0,1,4,11,0,10,3,3,1,40,33,800,200,45
SIM,5,0,1,4,12,1,10,0,3,0,40,31,500,1200,34
SIM,5,0,1,4,13,0,10,0,3,0,40,31,1100,300,45
SIM,5,0,1,4,14,1,13,0,4,0,40,28,300,1300,31
SIM,5,0,1,4,15,0,11,3,4,1,40,28,800,200,45
SIM,5,0,1,4,16,1,11,0,4,0,40,25,500,1200,29
SIM,5,0,1,4,17,0,11,0,4,0,40,25,1000,1200,45
SIM,5,0,1,4,18,1,11,0,4,0,40,21,400,2200,33
SIM,5,0,1,4,19,0,9,3,3,1,40,21,1100,500,45
SIM,5,0,1,4,20,1,12,3,4,1,40,17,300,1400,24
SIM,5,0,1,4,21,0,10,3,4,1,40,17,900,500,45
SIM,5,0,1,4,22,1,10,3,4,1,40,13,300,1400,33
SIM,5,0,1,4,23,0,7,6,3,2,40,13,1000,300,45
SIM,5,0,1,4,24,1,10,4,4,2,40,10,200,1100,28
SIM,5,0,1,4,25,0,7,4,3,2,40,10,900,500,45
SIM,5,0,1,4,26,1,7,3,3,1,40,8,300,1400,35
SIM,5,0,1,4,27,0,4,6,2,2,40,8,1100,300,45
SIM,5,0,1,4,28,1,7,3,3,1,40,7,300,1200,26
SIM,5,0,1,4,29,0,6,3,2,1,40,7,1100,300,45
SIM,5,0,1,4,30,1,6,1,2,1,40,6,500,1200,37
SIM,5,0,1,4,31,0,3,4,1,2,40,6,1400,100,45
SIM,5,0,1,4,32,1,3,4,1,2,40,6,1400,900,43
SIM,5,0,1,4,33,0,0,4,0,2,40,6,2400,300,45
SIM,5,0,1,4,34,1,3,3,1,1,40,6,100,1200,24
SIM,5,0,1,4,35,0,0,6,0,2,40,6,1100,100,45
SIM,5,0,1,4,36,1,0,6,0,2,40,6,500,900,41
SIM,5,0,1,4,37,0,0,6,0,2,39,6,1500,300,45
SIM,5,0,1,4,38,1,3,4,1,2,39,6,100,1100,32
SIM,5,0,1,4,39,0,0,7,0,3,38,6,1100,300,45
SIM,5,0,1,4,40,1,0,7,0,3,38,6,500,1000,41
SIM,5,0,1,4,41,0,0,7,0,3,35,6,1500,400,45
SIM,5,0,1,4,42,1,3,6,1,2,35,6,100,1200,32
SIM,5,0,1,4,43,0,1,9,1,3,33,6,1000,100,45
SIM,5,0,1,4,44,1,1,7,1,3,33,6,400,800,39
SIM,5,0,1,4,45,0,0,7,0,3,31,6,1400,500,45
SIM,5,0,1,4,46,1,3,6,1,2,31,6,300,1300,34
SIM,5,0,1,4,47,0,1,9,1,3,29,6,1200,200,45
SIM,5,0,1,4,48,1,1,7,1,3,29,6,300,900,37
SIM,5,0,1,4,49,0,0,7,0,3,27,6,1300,300,45
SIM,5,0,1,4,50,1,3,6,1,2,27,6,200,1100,34
SIM,5,0,1,4,51,0,1,9,1,3,25,6,1100,300,45
SIM,5,0,1,4,52,1,1,7,1,3,25,6,500,1000,39
SIM,5,0,1,4,53,0,0,7,0,3,23,6,1500,400,45
SIM,5,0,1,4,54,1,3,6,1,2,23,6,100,1200,32
SIM,5,0,1,4,55,0,1,9,1,3,21,6,1000,100,45
SIM,5,0,1,4,56,1,1,7,1,3,21,6,400,800,39
SIM,5,0,1,4,57,0,0,7,0,3,19,6,1400,500,45
SIM,5,0,1,4,58,1,3,6,1,2,19,6,300,1300,34
SIM,5,0,1,4,59,0,1,9,1,3,17,6,1200,200,45
SIM,5,0,1,4,60,1,15,9,1,3,17,6,600,900,43
SIM_END,5,0,1,4,60,0,0
SIM,6,0,1,5,1,0,6,0,1,0,40,40,1000,0,30
SIM,6,0,1,5,2,1,9,0,2,0,40,39,200,1000,19
SIM,6,0,1,5,3,0,7,3,2,1,40,39,900,200,45
SIM,6,0,1,5,4,1,7,0,2,0,40,38,300,1200,23
SIM,6,0,1,5,5,0,7,0,2,0,40,38,1000,300,45
SIM,6,0,1,5,6,1,10,0,3,0,40,36,200,1300,27
SIM,6,0,1,5,7,0,9,3,2,1,40,36,900,200,45
SIM,6,0,1,5,8,1,9,0,2,0,40,35,300,1200,36
SIM,6,0,1,5,9,0,9,0,2,0,40,35,1000,300,45
SIM,6,0,1,5,10,1,9,0,2,0,40,34,1000,1300,43
SIM,6,0,1,5,11,0,7,3,2,1,40,34,1700,200,45
SIM,6,0,1,5,12,1,10,0,3,0,40,33,300,1200,29
SIM,6,0,1,5,13,0,10,0,3,0,40,33,900,300,45
SIM,6,0,1,5,14,1,10,0,3,0,40,30,300,1300,32
SIM,6,0,1,5,15,0,8,3,3,1,40,30,900,200,45
SIM,6,0,1,5,16,1,11,0,4,0,40,28,100,1200,31
SIM,6,0,1,5,17,0,11,0,4,0,40,28,600,300,45
SIM,6,0,1,5,18,1,11,0,4,0,40,24,300,1300,29
SIM,6,0,1,5,19,0,9,3,3,1,40,24,1000,500,45
SIM,6,0,1,5,20,1,9,3,3,1,40,23,1000,1400,43
SIM,6,0,1,5,21,0,7,3,3,1,40,23,1700,500,45
SIM,6,0,1,5,22,1,10,3,4,1,40,19,300,1400,20
SIM,6,0,1,5,23,0,7,6,3,2,40,19,1000,300,45
SIM,6,0,1,5,24,1,7,6,3,2,40,18,1000,1100,43
SIM,6,0,1,5,25,0,4,6,2,2,40,18,1800,500,45
SIM,6,0,1,5,26,1,7,4,3,2,40,16,100,1300,24
SIM,6,0,1,5,27,0,3,7,1,3,40,16,1000,200,45
SIM,6,0,1,5,28,1,3,6,1,2,40,16,400,1000,39
SIM,6,0,1,5,29,0,0,6,0,2,40,16,1400,400,45
SIM,6,0,1,5,30,1,3,4,1,2,40,16,300,1200,32
SIM,6,0,1,5,31,0,0,7,0,3,39,16,1300,100,45
SIM,6,0,1,5,32,1,0,7,0,3,39,16,400,800,39
SIM,6,0,1,5,33,0,0,7,0,3,38,16,1400,500,45
SIM,6,0,1,5,34,1,3,6,1,2,38,16,300,1300,28
SIM,6,0,1,5,35,0,1,9,1,3,36,16,1200,200,45
SIM,6,0,1,5,36,1,1,7,1,3,36,16,300,900,37
SIM,6,0,1,5,37,0,0,7,0,3,34,16,1300,300,45
SIM,6,0,1,5,38,1,3,6,1,2,34,16,200,1100,28
SIM,6,0,1,5,39,0,1,9,1,3,32,16,1100,300,45
SIM,6,0,1,5,40,1,1,7,1,3,32,16,500,1000,39
SIM,6,0,1,5,41,0,0,7,0,3,30,16,1500,400,45
SIM,6,0,1,5,42,1,14,7,0,3,30,16,900,1100,43
SIM,6,0,1,5,43,0,14,10,0,4,27,16,1900,300,45
SIM,6,0,1,5,44,1,3,9,1,3,27,16,200,1000,29
SIM,6,0,1,5,45,0,3,9,1,3,24,16,1100,400,45
SIM,6,0,1,5,46,1,3,7,1,3,24,16,500,1100,38
SIM,6,0,1,5,47,0,1,10,1,4,21,16,1400,300,45
SIM,6,0,1,5,48,1,4,7,2,3,21,16,300,1000,34
SIM,6,0,1,5,49,0,1,7,1,3,20,16,1200,400,45
SIM,6,0,1,5,50,1,1,6,1,2,20,16,1200,1200,43
SIM,6,0,1,5,51,0,0,9,0,3,18,16,2200,100,45
SIM,6,0,1,5,52,1,3,7,1,3,18,16,200,800,30
SIM,6,0,1,5,53,0,1,7,1,3,16,16,1100,500,45
SIM,6,0,1,5,54,1,1,6,1,2,16,16,500,1300,39
SIM,6,0,1,5,55,0,0,9,0,3,14,16,1500,200,45
SIM,6,0,1,5,56,1,3,7,1,3,14,16,100,900,34
SIM,6,0,1,5,57,0,1,7,1,3,12,16,1000,300,45
SIM,6,0,1,5,58,1,1,6,1,2,12,16,400,1100,39
SIM,6,0,1,5,59,0,0,9,0,3,10,16,1400,300,45
SIM,6,0,1,5,60,1,3,7,1,3,10,16,300,1000,36
SIM_END,6,0,1,5,60,1,0
SIM,7,0,1,6,1,0,6,0,1,0,40,40,1000,0,30
SIM,7,0,1,6,2,1,9,0,2,0,40,39,200,1000,19
SIM,7,0,1,6,3,0,7,3,2,1,40,39,900,200,45
SIM,7,0,1,6,4,1,7,3,2,1,40,39,900,1100,23
SIM,7,0,1,6,5,0,6,3,1,1,40,39,1700,500,45
SIM,7,0,1,6,6,1,9,0,2,0,40,38,300,1500,28
SIM,7,0,1,6,7,0,7,3,2,1,40,38,1000,100,45
SIM,7,0,1,6,8,1,7,0,2,0,40,37,400,1100,37
SIM,7,0,1,6,9,0,7,0,2,0,40,37,1100,500,45
SIM,7,0,1,6,10,1,10,0,3,0,40,35,300,1500,27
SIM,7,0,1,6,11,0,9,3,2,1,40,35,1000,100,45
SIM,7,0,1,6,12,1,9,0,2,0,40,34,400,1100,36
SIM,7,0,1,6,13,0,9,0,2,0,40,34,1100,500,45
SIM,7,0,1,6,14,1,12,0,3,0,40,32,300,1500,33
SIM,7,0,1,6,15,0,10,3,3,1,40,32,900,100,45
SIM,7,0,1,6,16,1,10,0,3,0,40,30,300,1100,32
SIM,7,0,1,6,17,0,10,0,3,0,40,30,900,500,45
SIM,7,0,1,6,18,1,13,0,4,0,40,27,100,1500,31
SIM,7,0,1,6,19,0,11,3,4,1,40,27,600,100,45
SIM,7,0,1,6,20,1,11,0,4,0,40,24,300,1100,29
SIM,7,0,1,6,21,0,11,0,4,0,40,24,800,1100,45
SIM,7,0,1,6,22,1,11,0,4,0,40,20,500,2100,35
SIM,7,0,1,6,23,0,9,3,3,1,40,20,1200,400,45
SIM,7,0,1,6,24,1,12,3,4,1,40,16,100,1300,22
SIM,7,0,1,6,25,0,10,3,4,1,40,16,700,400,45
SIM,7,0,1,6,26,1,10,3,4,1,40,12,400,1300,35
SIM,7,0,1,6,27,0,7,6,3,2,40,12,1100,200,45
SIM,7,0,1,6,28,1,10,4,4,2,40,9,300,1000,28
SIM,7,0,1,6,29,0,7,4,3,2,40,9,1000,400,45
SIM,7,0,1,6,30,1,7,3,3,1,40,7,400,1300,35
SIM,7,0,1,6,31,0,4,6,2,2,40,7,1200,200,45
SIM,7,0,1,6,32,1,7,3,3,1,40,6,100,1100,24
SIM,7,0,1,6,33,0,6,3,2,1,40,6,900,500,45
SIM,7,0,1,6,34,1,6,1,2,1,40,5,300,1400,37
SIM,7,0,1,6,35,0,3,4,1,2,40,5,1200,300,45
SIM,7,0,1,6,36,1,6,3,2,1,40,4,100,1200,24
SIM,7,0,1,6,37,0,4,3,2,1,40,4,900,300,45
SIM,7,0,1,6,38,1,4,3,2,1,40,2,300,1200,37
SIM,7,0,1,6,39,0,1,6,1,2,40,2,1200,100,45
SIM_END,7,0,1,6,39,0,0
SIM,8,1,1,0,1,0,0,6,0,1,40,40,1000,0,30
SIM,8,1,1,0,2,1,3,4,1,1,40,40,200,800,19
SIM,8,1,1,0,3,0,0,7,0,2,39,40,1200,300,45
SIM,8,1,1,0,4,1,0,7,0,2,39,40,300,1000,39
SIM,8,1,1,0,5,0,0,7,0,2,38,40,1300,400,45
SIM,8,1,1,0,6,1,3,5,1,2,38,40,200,1100,34
SIM,8,1,1,0,7,0,0,8,0,3,37,40,1200,300,45
SIM,8,1,1,0,8,1,0,8,0,3,37,40,300,900,39
SIM,8,1,1,0,9,0,0,8,0,3,34,40,1300,300,45
SIM,8,1,1,0,10,1,3,7,1,2,34,40,200,1000,34
SIM,8,1,1,0,11,0,0,10,0,3,32,40,1200,200,45
SIM,8,1,1,0,12,1,0,10,0,3,32,40,300,800,39
SIM,8,1,1,0,13,0,0,10,0,3,29,40,1300,500,45
SIM,8,1,1,0,14,1,3,8,1,3,29,40,200,1100,36
SIM,8,1,1,0,15,0,0,8,0,3,29,40,1200,1100,45
SIM,8,1,1,0,16,1,0,8,0,3,29,40,300,1700,39
SIM,8,1,1,0,17,0,0,11,0,4,26,40,1300,300,45
SIM,8,1,1,0,18,1,3,9,1,3,26,40,200,1000,36
SIM,8,1,1,0,19,0,3,9,1,3,23,40,1100,400,45
SIM,8,1,1,0,20,1,3,7,1,3,23,40,500,1100,39
SIM,8,1,1,0,21,0,1,10,1,4,20,40,1400,300,45
SIM,8,1,1,0,22,1,4,7,2,3,20,40,300,1000,30
SIM,8,1,1,0,23,0,3,7,1,3,18,40,1200,400,45
SIM,8,1,1,0,24,1,3,6,1,2,18,40,300,1200,37
SIM,8,1,1,0,25,0,3,9,1,3,15,40,1200,100,45
SIM,8,1,1,0,26,1,6,6,2,2,15,40,100,900,28
SIM,8,1,1,0,27,0,6,6,2,2,14,40,900,900,45
SIM,8,1,1,0,28,1,6,3,2,1,14,40,300,1800,33
SIM,8,1,1,0,29,0,4,6,2,2,13,40,1100,100,45
SIM,8,1,1,0,30,1,7,1,3,1,13,40,300,1000,28
SIM,8,1,1,0,31,0,6,1,2,1,13,40,1100,400,45
SIM,8,1,1,0,32,1,6,0,2,0,13,40,500,1400,37
SIM,8,1,1,0,33,0,4,3,2,1,13,40,1300,300,45
SIM,8,1,1,0,34,1,7,0,3,0,13,39,200,1300,18
SIM,8,1,1,0,35,0,7,0,3,0,13,39,900,400,45
SIM,8,1,1,0,36,1,7,0,3,0,13,37,300,1400,33
SIM,8,1,1,0,37,0,6,3,2,1,13,37,1100,300,45
SIM,8,1,1,0,38,1,9,1,3,1,13,35,300,1200,32
SIM,8,1,1,0,39,0,7,1,3,1,13,35,1000,300,45
SIM,8,1,1,0,40,1,7,0,3,0,13,33,400,1300,35
SIM,8,1,1,0,41,0,6,3,2,1,13,33,1200,200,45
SIM,8,1,1,0,42,1,9,1,3,1,13,31,100,1100,30
SIM,8,1,1,0,43,0,7,1,3,1,13,31,800,500,45
SIM,8,1,1,0,44,1,7,0,3,0,13,29,500,1500,37
SIM,8,1,1,0,45,0,6,3,2,1,13,29,1300,100,45
SIM,8,1,1,0,46,1,9,1,3,1,13,27,200,1000,30
SIM,8,1,1,0,47,0,7,1,3,1,13,27,900,400,45
SIM,8,1,1,0,48,1,7,0,3,0,13,25,300,1400,35
SIM,8,1,1,0,49,0,6,3,2,1,13,25,1100,300,45
SIM,8,1,1,0,50,1,9,1,3,1,13,23,300,1200,32
SIM,8,1,1,0,51,0,7,1,3,1,13,23,1000,300,45
SIM,8,1,1,0,52,1,7,0,3,0,13,21,400,1300,35
SIM,8,1,1,0,53,0,6,3,2,1,13,21,1200,200,45
SIM,8,1,1,0,54,1,9,1,3,1,13,19,100,1100,30
SIM,8,1,1,0,55,0,7,1,3,1,13,19,800,500,45
SIM,8,1,1,0,56,1,7,0,3,0,13,17,500,1500,37
SIM,8,1,1,0,57,0,6,3,2,1,13,17,1300,100,45
SIM,8,1,1,0,58,1,9,1,3,1,13,15,200,1000,30
SIM,8,1,1,0,59,0,7,1,3,1,13,15,900,400,45
SIM,8,1,1,0,60,1,7,0,3,0,13,13,300,1400,35
SIM_END,8,1,1,0,60,1,0
SIM,9,1,1,1,1,0,0,6,0,1,40,40,1000,0,30
SIM,9,1,1,1,2,1,3,4,1,1,40,40,200,800,19
SIM,9,1,1,1,3,0,0,7,0,2,39,40,1200,300,45
SIM,9,1,1,1,4,1,0,7,0,2,39,40,300,1000,39
SIM,9,1,1,1,5,0,0,7,0,2,38,40,1300,400,45
SIM,9,1,1,1,6,1,3,5,1,2,38,40,200,1100,34
SIM,9,1,1,1,7,0,0,8,0,3,37,40,1200,300,45
SIM,9,1,1,1,8,1,0,8,0,3,37,40,300,900,39
SIM,9,1,1,1,9,0,0,8,0,3,34,40,1300,300,45
SIM,9,1,1,1,10,1,3,7,1,2,34,40,200,1000,34
SIM,9,1,1,1,11,0,0,10,0,3,32,40,1200,200,45
SIM,9,1,1,1,12,1,0,10,0,3,32,40,300,800,39
SIM,9,1,1,1,13,0,0,10,0,3,29,40,1300,500,45
SIM,9,1,1,1,14,1,3,8,1,3,29,40,200,1100,36
SIM,9,1,1,1,15,0,0,11,0,4,27,40,1200,300,45
SIM,9,1,1,1,16,1,0,11,0,4,27,40,300,800,39
SIM,9,1,1,1,17,0,0,11,0,4,26,40,1300,800,45
SIM,9,1,1,1,18,1,3,9,1,3,26,40,200,1500,36
SIM,9,1,1,1,19,0,3,9,1,3,25,40,1100,1500,45
SIM,9,1,1,1,20,1,3,7,1,3,25,40,500,2200,37
SIM,9,1,1,1,21,0,0,10,0,4,23,40,1500,200,45
SIM,9,1,1,1,22,1,3,9,1,3,23,40,100,900,32
SIM,9,1,1,1,23,0,0,9,0,3,22,40,1100,300,45
SIM,9,1,1,1,24,1,0,9,0,3,22,40,500,1000,41
SIM,9,1,1,1,25,0,0,12,0,4,19,40,1500,200,45
SIM,9,1,1,1,26,1,3,10,1,4,19,40,100,800,34
SIM,9,1,1,1,27,0,1,10,1,4,16,40,1000,500,45
SIM,9,1,1,1,28,1,1,9,1,3,16,40,400,1200,39
SIM,9,1,1,1,29,0,0,12,0,4,13,40,1400,100,45
SIM,9,1,1,1,30,1,3,10,1,4,13,40,300,700,36
SIM,9,1,1,1,31,0,1,10,1,4,10,40,1200,400,45
SIM,9,1,1,1,32,1,1,9,1,3,10,40,300,1100,37
SIM,9,1,1,1,33,0,0,12,0,4,8,40,1300,300,45
SIM,9,1,1,1,34,1,3,10,1,4,8,40,200,900,36
SIM,9,1,1,1,35,0,1,10,1,4,5,40,1100,300,45
SIM,9,1,1,1,36,1,1,9,1,3,5,40,500,1000,39
SIM,9,1,1,1,37,0,0,12,0,4,2,40,1500,200,45
SIM,9,1,1,1,38,1,3,10,1,4,2,40,100,800,34
SIM_END,9,1,1,1,38,1,0
SIM,10,1,1,2,1,0,0,6,0,1,40,40,1000,0,30
SIM,10,1,1,2,2,1,3,6,1,1,40,39,200,800,19
SIM,10,1,1,2,3,0,0,9,0,2,39,39,1200,300,45
SIM,10,1,1,2,4,1,0,9,0,2,39,39,300,1000,39
SIM,10,1,1,2,5,0,0,9,0,2,38,39,1300,1000,45
SIM,10,1,1,2,6,1,3,7,1,2,38,39,200,1700,34
SIM,10,1,1,2,7,0,0,10,0,3,37,39,1200,300,45
SIM,10,1,1,2,8,1,0,10,0,3,37,39,300,900,39
SIM,10,1,1,2,9,0,0,10,0,3,34,39,1300,300,45
SIM,10,1,1,2,10,1,3,9,1,2,34,39,200,1000,34
SIM,10,1,1,2,11,0,0,12,0,3,32,39,1200,200,45
SIM,10,1,1,2,12,1,0,12,0,3,32,39,300,800,39
SIM,10,1,1,2,13,0,0,12,0,3,29,39,1300,500,45
SIM,10,1,1,2,14,1,3,10,1,3,29,39,200,1100,36
SIM,10,1,1,2,15,0,0,13,0,4,27,39,1200,300,45
SIM,10,1,1,2,16,1,0,13,0,4,27,39,300,800,39
SIM,10,1,1,2,17,0,0,13,0,4,23,39,1300,500,45
SIM,10,1,1,2,18,1,3,11,1,4,23,39,500,1000,38
SIM,10,1,1,2,19,0,0,11,0,4,23,39,1500,1000,45
SIM,10,1,1,2,20,1,0,11,0,4,23,39,1500,1500,45
SIM,10,1,1,2,21,0,0,11,0,4,19,39,2500,300,45
SIM,10,1,1,2,22,1,3,9,1,3,19,39,500,1000,30
SIM,10,1,1,2,23,0,3,12,1,4,15,39,1400,200,45
SIM,10,1,1,2,24,1,3,10,1,4,15,39,500,800,37
SIM,10,1,1,2,25,0,3,10,1,4,11,39,1400,500,45
SIM,10,1,1,2,26,1,6,7,2,3,11,39,300,1200,34
SIM,10,1,1,2,27,0,6,10,2,4,7,39,1100,100,45
SIM,10,1,1,2,28,1,6,7,2,3,7,39,500,800,37
SIM,10,1,1,2,29,0,6,7,2,3,4,39,1300,500,45
SIM,10,1,1,2,30,1,9,3,3,1,4,39,200,1400,26
SIM,10,1,1,2,31,0,7,6,3,2,3,39,900,300,45
SIM,10,1,1,2,32,1,7,1,3,1,3,39,300,1200,29
SIM,10,1,1,2,33,0,6,1,2,1,3,39,1100,300,45
SIM,10,1,1,2,34,1,9,0,3,0,3,37,300,1300,26
SIM,10,1,1,2,35,0,7,3,3,1,3,37,1000,200,45
SIM,10,1,1,2,36,1,7,3,3,1,3,35,400,1100,37
SIM,10,1,1,2,37,0,6,3,2,1,3,35,1200,500,45
SIM,10,1,1,2,38,1,9,3,3,1,3,32,100,1400,16
SIM,10,1,1,2,39,0,6,6,2,2,3,32,900,300,45
SIM,10,1,1,2,40,1,6,6,2,2,3,30,300,1100,37
SIM,10,1,1,2,41,0,3,6,1,2,3,30,1200,500,45
SIM,10,1,1,2,42,1,6,4,2,2,3,29,100,1300,30
SIM,10,1,1,2,43,0,1,7,1,3,3,29,1000,200,45
SIM,10,1,1,2,44,1,1,6,1,2,3,29,400,1000,37
SIM,10,1,1,2,45,0,0,6,0,2,2,29,1400,400,45
SIM,10,1,1,2,46,1,3,4,1,2,2,29,300,1200,34
SIM_END,10,1,1,2,46,1,0
SIM,11,1,1,3,1,0,0,6,0,1,40,40,1000,0,30
SIM,11,1,1,3,2,1,3,6,1,1,40,39,200,800,19
SIM,11,1,1,3,3,0,0,9,0,2,39,39,1200,300,45
SIM,11,1,1,3,4,1,0,9,0,2,39,39,300,1000,39
SIM,11,1,1,3,5,0,0,9,0,2,38,39,1300,400,45
SIM,11,1,1,3,6,1,3,7,1,2,38,39,200,1100,34
SIM,11,1,1,3,7,0,3,7,1,2,38,39,1100,1100,45
SIM,11,1,1,3,8,1,3,6,1,1,38,39,500,1900,39
SIM,11,1,1,3,9,0,0,6,0,1,38,39,1500,1900,45
SIM,11,1,1,3,10,1,3,4,1,1,38,39,100,2700,31
SIM,11,1,1,3,11,0,0,7,0,2,37,39,1100,100,45
SIM,11,1,1,3,12,1,0,7,0,2,37,39,500,800,41
SIM,11,1,1,3,13,0,0,7,0,2,36,39,1500,500,45
SIM,11,1,1,3,14,1,3,5,1,2,36,39,100,1200,32
SIM,11,1,1,3,15,0,0,8,0,3,34,39,1100,100,45
SIM,11,1,1,3,16,1,0,8,0,3,34,39,500,700,41
SIM,11,1,1,3,17,0,0,8,0,3,32,39,1500,400,45
SIM,11,1,1,3,18,1,3,7,1,2,32,39,100,1100,32
SIM,11,1,1,3,19,0,0,10,0,3,30,39,1100,300,45
SIM,11,1,1,3,20,1,0,10,0,3,30,39,500,900,41
SIM,11,1,1,3,21,0,0,10,0,3,28,39,1500,300,45
SIM,11,1,1,3,22,1,3,8,1,3,28,39,100,900,34
SIM,11,1,1,3,23,0,0,11,0,4,25,39,1100,100,45
SIM,11,1,1,3,24,1,0,11,0,4,25,39,500,600,41
SIM,11,1,1,3,25,0,0,11,0,4,22,39,1500,300,45
SIM,11,1,1,3,26,1,3,10,1,3,22,39,100,900,34
SIM,11,1,1,3,27,0,3,10,1,3,22,39,1000,900,45
SIM,11,1,1,3,28,1,3,8,1,3,22,39,400,1500,38
SIM,11,1,1,3,29,0,0,11,0,4,19,39,1400,100,45
SIM,11,1,1,3,30,1,3,9,1,3,19,39,300,800,35
SIM,11,1,1,3,31,0,3,9,1,3,16,39,1200,500,45
SIM,11,1,1,3,32,1,3,7,1,3,16,39,300,1200,36
SIM,11,1,1,3,33,0,1,10,1,4,13,39,1200,100,45
SIM,11,1,1,3,34,1,4,7,2,3,13,39,100,800,34
SIM,11,1,1,3,35,0,1,7,1,3,12,39,1000,500,45
SIM,11,1,1,3,36,1,1,6,1,2,12,39,400,1300,39
SIM,11,1,1,3,37,0,0,9,0,3,10,39,1400,200,45
SIM,11,1,1,3,38,1,3,7,1,3,10,39,300,900,36
SIM,11,1,1,3,39,0,3,7,1,3,9,39,1200,900,45
SIM,11,1,1,3,40,1,3,6,1,2,9,39,300,1700,37
SIM,11,1,1,3,41,0,3,9,1,3,7,39,1200,300,45
SIM,11,1,1,3,42,1,6,6,2,2,7,39,100,1100,20
SIM,11,1,1,3,43,0,6,6,2,2,5,39,900,500,45
SIM,11,1,1,3,44,1,6,3,2,1,5,39,300,1400,37
SIM,11,1,1,3,45,0,4,6,2,2,4,39,1100,300,45
SIM,11,1,1,3,46,1,7,1,3,1,4,39,300,1200,28
SIM,11,1,1,3,47,0,6,1,2,1,4,39,1100,300,45
SIM,11,1,1,3,48,1,6,0,2,0,4,39,500,1300,37
SIM,11,1,1,3,49,0,4,3,2,1,4,39,1300,200,45
SIM,11,1,1,3,50,1,7,0,3,0,4,38,200,1200,18
SIM,11,1,1,3,51,0,7,0,3,0,4,38,900,300,45
SIM,11,1,1,3,52,1,7,0,3,0,4,36,300,1300,33
SIM,11,1,1,3,53,0,6,3,2,1,4,36,1100,200,45
SIM,11,1,1,3,54,1,9,1,3,1,4,34,300,1100,32
SIM,11,1,1,3,55,0,7,1,3,1,4,34,1000,500,45
SIM,11,1,1,3,56,1,7,0,3,0,4,32,400,1500,35
SIM,11,1,1,3,57,0,6,3,2,1,4,32,1200,100,45
SIM,11,1,1,3,58,1,9,1,3,1,4,30,100,1000,30
SIM,11,1,1,3,59,0,7,1,3,1,4,30,800,400,45
SIM,11,1,1,3,60,1,7,0,3,0,4,28,500,1400,37
SIM_END,11,1,1,3,60,1,0
SIM,12,1,1,4,1,0,0,6,0,1,40,40,1000,0,30
SIM,12,1,1,4,2,1,3,6,1,1,40,39,200,800,19
SIM,12,1,1,4,3,0,0,9,0,2,39,39,1200,300,45
SIM,12,1,1,4,4,1,0,9,0,2,39,39,300,1000,39
SIM,12,1,1,4,5,0,0,9,0,2,38,39,1300,400,45
SIM,12,1,1,4,6,1,3,7,1,2,38,39,200,1100,34
SIM,12,1,1,4,7,0,0,10,0,3,37,39,1200,300,45
SIM,12,1,1,4,8,1,0,10,0,3,37,39,300,900,39
SIM,12,1,1,4,9,0,0,10,0,3,36,39,1300,900,45
SIM,12,1,1,4,10,1,3,9,1,2,36,39,200,1600,34
SIM,12,1,1,4,11,0,0,12,0,3,35,39,1200,200,45
SIM,12,1,1,4,12,1,0,12,0,3,35,39,300,800,39
SIM,12,1,1,4,13,0,0,12,0,3,32,39,1300,500,45
SIM,12,1,1,4,14,1,3,10,1,3,32,39,200,1100,36
SIM,12,1,1,4,15,0,0,13,0,4,30,39,1200,300,45
SIM,12,1,1,4,16,1,0,13,0,4,30,39,300,800,39
SIM,12,1,1,4,17,0,0,13,0,4,26,39,1300,500,45
SIM,12,1,1,4,18,1,3,11,1,4,26,39,500,1000,38
SIM,12,1,1,4,19,0,0,11,0,4,23,39,1500,400,45
SIM,12,1,1,4,20,1,0,11,0,4,23,39,1500,900,45
SIM,12,1,1,4,21,0,0,11,0,4,19,39,2500,300,45
SIM,12,1,1,4,22,1,3,9,1,3,19,39,500,1000,30
SIM,12,1,1,4,23,0,3,12,1,4,15,39,1400,200,45
SIM,12,1,1,4,24,1,3,10,1,4,15,39,500,800,37
SIM,12,1,1,4,25,0,3,10,1,4,11,39,1400,500,45
SIM,12,1,1,4,26,1,6,7,2,3,11,39,300,1200,34
SIM,12,1,1,4,27,0,6,10,2,4,7,39,1100,100,45
SIM,12,1,1,4,28,1,6,7,2,3,7,39,500,800,37
SIM,12,1,1,4,29,0,6,7,2,3,6,39,1300,800,45
SIM,12,1,1,4,30,1,9,3,3,1,6,39,200,1700,26
SIM,12,1,1,4,31,0,7,6,3,2,5,39,900,300,45
SIM,12,1,1,4,32,1,7,1,3,1,5,39,300,1200,29
SIM,12,1,1,4,33,0,6,1,2,1,5,39,1100,300,45
SIM,12,1,1,4,34,1,9,0,3,0,5,37,300,1300,26
SIM,12,1,1,4,35,0,7,3,3,1,5,37,1000,200,45
SIM,12,1,1,4,36,1,7,3,3,1,5,35,400,1100,37
SIM,12,1,1,4,37,0,6,3,2,1,5,35,1200,500,45
SIM,12,1,1,4,38,1,9,3,3,1,5,32,100,1400,16
SIM,12,1,1,4,39,0,9,17,3,1,5,32,800,800,45
SIM,12,1,1,4,40,1,9,17,3,1,5,29,500,1700,37
SIM,12,1,1,4,41,0,6,6,2,2,5,29,1300,300,45
SIM,12,1,1,4,42,1,9,4,3,2,5,27,200,1100,28
SIM,12,1,1,4,43,0,6,4,2,2,5,27,1000,500,45
SIM,12,1,1,4,44,1,6,3,2,1,5,26,400,1400,37
SIM,12,1,1,4,45,0,6,17,2,1,5,26,1200,800,45
SIM,12,1,1,4,46,1,9,14,3,0,5,25,100,1800,28
SIM,12,1,1,4,47,0,9,0,3,0,5,25,800,2100,45
SIM,12,1,1,4,48,1,9,0,3,0,5,22,500,3100,33
SIM,12,1,1,4,49,0,7,3,3,1,5,22,1200,200,45
SIM,12,1,1,4,50,1,10,1,4,1,5,19,100,1100,22
SIM,12,1,1,4,51,0,9,1,3,1,5,19,800,1100,45
SIM,12,1,1,4,52,1,9,0,3,0,5,17,500,2100,37
SIM,12,1,1,4,53,0,7,3,3,1,5,17,1200,100,45
SIM,12,1,1,4,54,1,10,0,4,0,5,15,100,1100,22
SIM,12,1,1,4,55,0,10,0,4,0,5,15,700,500,45
SIM,12,1,1,4,56,1,10,0,4,0,5,11,400,1500,31
SIM,12,1,1,4,57,0,10,3,4,1,5,11,1000,1300,45
SIM,12,1,1,4,58,1,10,3,4,1,5,7,400,2200,33
SIM,12,1,1,4,59,0,10,3,4,1,5,7,1000,2200,45
SIM,12,1,1,4,60,1,10,3,4,1,5,3,400,3100,33
SIM_END,12,1,1,4,60,0,0
SIM,13,1,1,5,1,0,0,6,0,1,40,40,1000,0,30
SIM,13,1,1,5,2,1,3,6,1,1,40,39,200,800,19
SIM,13,1,1,5,3,0,3,6,1,1,40,39,1100,800,45
SIM,13,1,1,5,4,1,3,6,1,1,40,38,500,1600,39
SIM,13,1,1,5,5,0,0,9,0,2,39,38,1500,200,45
SIM,13,1,1,5,6,1,3,7,1,2,39,38,100,900,32
SIM,13,1,1,5,7,0,0,7,0,2,38,38,1100,300,45
SIM,13,1,1,5,8,1,0,7,0,2,38,38,500,1000,41
SIM,13,1,1,5,9,0,0,10,0,3,37,38,1500,200,45
SIM,13,1,1,5,10,1,3,9,1,2,37,38,100,900,32
SIM,13,1,1,5,11,0,0,9,0,2,36,38,1100,300,45
SIM,13,1,1,5,12,1,0,9,0,2,36,38,500,1000,41
SIM,13,1,1,5,13,0,0,12,0,3,35,38,1500,200,45
SIM,13,1,1,5,14,1,3,10,1,3,35,38,100,800,32
SIM,13,1,1,5,15,0,0,10,0,3,34,38,1100,500,45
SIM,13,1,1,5,16,1,0,10,0,3,34,38,500,1100,41
SIM,13,1,1,5,17,0,0,10,0,3,33,38,1500,1100,45
SIM,13,1,1,5,18,1,3,9,1,2,33,38,100,1800,32
SIM,13,1,1,5,19,0,0,12,0,3,31,38,1100,100,45
SIM,13,1,1,5,20,1,0,12,0,3,31,38,500,700,41
SIM,13,1,1,5,21,0,0,12,0,3,29,38,1500,400,45
SIM,13,1,1,5,22,1,3,10,1,3,29,38,100,1000,34
SIM,13,1,1,5,23,0,0,13,0,4,26,38,1100,200,45
SIM,13,1,1,5,24,1,0,13,0,4,26,38,500,700,41
SIM,13,1,1,5,25,0,0,13,0,4,23,38,1500,400,45
SIM,13,1,1,5,26,1,3,12,1,3,23,38,100,1000,34
SIM,13,1,1,5,27,0,0,15,0,4,20,38,1100,200,45
SIM,13,1,1,5,28,1,0,15,0,4,20,38,500,700,41
SIM,13,1,1,5,29,0,0,15,0,4,17,38,1500,400,45
SIM,13,1,1,5,30,1,3,13,1,4,17,38,100,900,34
SIM,13,1,1,5,31,0,0,13,0,4,14,38,1100,300,45
SIM,13,1,1,5,32,1,0,13,0,4,14,38,500,800,41
SIM,13,1,1,5,33,0,0,13,0,4,13,38,1500,800,45
SIM,13,1,1,5,34,1,3,12,1,3,13,38,100,1400,34
SIM,13,1,1,5,35,0,0,15,0,4,10,38,1100,300,45
SIM,13,1,1,5,36,1,0,15,0,4,10,38,500,800,41
SIM,13,1,1,5,37,0,0,15,0,4,7,38,1500,500,45
SIM,13,1,1,5,38,1,3,13,1,4,7,38,100,1000,34
SIM,13,1,1,5,39,0,0,13,0,4,4,38,1100,400,45
SIM,13,1,1,5,40,1,0,13,0,4,4,38,500,900,41
SIM,13,1,1,5,41,0,0,13,0,4,3,38,1500,900,45
SIM,13,1,1,5,42,1,3,12,1,3,3,38,100,1500,34
SIM_END,13,1,1,5,42,1,0
SIM,14,1,1,6,1,0,0,6,0,1,40,40,1000,0,30
SIM,14,1,1,6,2,1,3,6,1,1,40,39,200,800,19
SIM,14,1,1,6,3,0,0,9,0,2,39,39,1200,300,45
SIM,14,1,1,6,4,1,0,9,0,2,39,39,300,1000,39
SIM,14,1,1,6,5,0,0,9,0,2,38,39,1300,400,45
SIM,14,1,1,6,6,1,3,7,1,2,38,39,200,1100,34
SIM,14,1,1,6,7,0,0,10,0,3,37,39,1200,300,45
SIM,14,1,1,6,8,1,0,10,0,3,37,39,300,900,39
SIM,14,1,1,6,9,0,0,10,0,3,34,39,1300,300,45
SIM,14,1,1,6,10,1,3,9,1,2,34,39,200,1000,34
SIM,14,1,1,6,11,0,0,12,0,3,32,39,1200,200,45
SIM,14,1,1,6,12,1,0,12,0,3,32,39,300,800,39
SIM,14,1,1,6,13,0,0,12,0,3,29,39,1300,500,45
SIM,14,1,1,6,14,1,3,10,1,3,29,39,200,1100,36
SIM,14,1,1,6,15,0,0,13,0,4,27,39,1200,300,45
SIM,14,1,1,6,16,1,0,13,0,4,27,39,300,800,39
SIM,14,1,1,6,17,0,0,13,0,4,23,39,1300,500,45
SIM,14,1,1,6,18,1,3,11,1,4,23,39,500,1000,38
SIM,14,1,1,6,19,0,0,11,0,4,20,39,1500,400,45
SIM,14,1,1,6,20,1,0,11,0,4,20,39,1500,900,45
SIM,14,1,1,6,21,0,0,11,0,4,16,39,2500,300,45
SIM,14,1,1,6,22,1,3,9,1,3,16,39,500,1000,30
SIM,14,1,1,6,23,0,3,12,1,4,12,39,1400,200,45
SIM,14,1,1,6,24,1,3,10,1,4,12,39,500,800,37
SIM,14,1,1,6,25,0,3,10,1,4,8,39,1400,500,45
SIM,14,1,1,6,26,1,6,7,2,3,8,39,300,1200,34
SIM,14,1,1,6,27,0,6,10,2,4,4,39,1100,100,45
SIM,14,1,1,6,28,1,6,7,2,3,4,39,500,800,37
SIM,14,1,1,6,29,0,6,7,2,3,1,39,1300,500,45
SIM,14,1,1,6,30,1,9,3,3,1,1,39,200,1400,26
SIM_END,14,1,1,6,30,1,0
SIM_DONE
### tuned degrade=15
SIM_CONFIG,degrade_favoured_pct=15,only_handicap=1,variants=7,cover_pct=0
SIM,1,0,1,0,1,0,6,0,1,0,40,40,1000,0,30
SIM,1,0,1,0,2,1,9,0,2,0,40,39,200,1000,19
SIM,1,0,1,0,3,0,7,3,2,1,40,39,900,200,45
SIM,1,0,1,0,4,1,7,0,2,0,40,38,300,1200,31
SIM,1,0,1,0,5,0,7,0,2,0,40,38,1000,300,45
SIM,1,0,1,0,6,1,10,0,3,0,40,36,200,1300,27
SIM,1,0,1,0,7,0,9,3,2,1,40,36,900,200,45
SIM,1,0,1,0,8,1,9,0,2,0,40,35,300,1200,36
SIM,1,0,1,0,9,0,9,0,2,0,40,35,1000,300,45
SIM,1,0,1,0,10,1,12,0,3,0,40,33,200,1300,33
SIM,1,0,1,0,11,0,10,3,3,1,40,33,800,200,45
SIM,1,0,1,0,12,1,10,0,3,0,40,33,800,1200,43
SIM,1,0,1,0,13,0,10,0,3,0,40,33,1400,300,45
SIM,1,0,1,0,14,1,13,0,4,0,40,30,300,1300,26
SIM,1,0,1,0,15,0,11,3,4,1,40,30,800,200,45
SIM,1,0,1,0,16,1,11,0,4,0,40,27,500,1200,29
SIM,1,0,1,0,17,0,11,0,4,0,40,27,1000,1200,45
SIM,1,0,1,0,18,1,11,0,4,0,40,23,400,2200,33
SIM,1,0,1,0,19,0,9,3,3,1,40,23,1100,500,45
SIM,1,0,1,0,20,1,12,3,4,1,40,19,300,1400,24
SIM,1,0,1,0,21,0,10,3,4,1,40,19,900,500,45
SIM,1,0,1,0,22,1,10,3,4,1,40,15,300,1400,33
SIM,1,0,1,0,23,0,7,6,3,2,40,15,1000,300,45
SIM,1,0,1,0,24,1,7,6,3,2,40,14,1000,1100,43
SIM,1,0,1,0,25,0,4,6,2,2,40,14,1800,500,45
SIM,1,0,1,0,26,1,7,4,3,2,40,12,100,1300,24
SIM,1,0,1,0,27,0,3,7,1,3,40,12,1000,200,45
SIM,1,0,1,0,28,1,3,6,1,2,40,12,400,1000,37
SIM,1,0,1,0,29,0,0,6,0,2,40,12,1400,400,45
SIM,1,0,1,0,30,1,14,6,0,2,40,12,800,1200,43
SIM,1,0,1,0,31,0,12,9,0,3,38,12,1800,100,45
SIM,1,0,1,0,32,1,0,9,0,3,38,12,2100,800,45
SIM,1,0,1,0,33,0,0,9,0,3,35,12,3100,500,45
SIM,1,0,1,0,34,1,3,7,1,3,35,12,200,1200,24
SIM,1,0,1,0,35,0,1,10,1,4,32,12,1100,100,45
SIM,1,0,1,0,36,1,1,9,1,3,32,12,1100,800,43
SIM,1,0,1,0,37,0,0,9,0,3,30,12,2100,500,45
SIM,1,0,1,0,38,1,3,7,1,3,30,12,100,1200,30
SIM,1,0,1,0,39,0,0,10,0,4,28,12,1100,100,45
SIM,1,0,1,0,40,1,0,10,0,4,28,12,500,700,41
SIM,1,0,1,0,41,0,0,10,0,4,24,12,1500,400,45
SIM,1,0,1,0,42,1,3,10,1,4,24,12,1300,1000,44
SIM,1,0,1,0,43,0,3,10,1,4,20,12,2200,400,45
SIM,1,0,1,0,44,1,3,9,1,3,20,12,400,1100,29
SIM,1,0,1,0,45,0,3,12,1,4,17,12,1300,300,45
SIM,1,0,1,0,46,1,6,9,2,3,17,12,200,1000,34
SIM,1,0,1,0,47,0,6,9,2,3,14,12,1000,400,45
SIM,1,0,1,0,48,1,6,6,2,2,14,12,400,1200,37
SIM,1,0,1,0,49,0,6,9,2,3,11,12,1200,100,45
SIM,1,0,1,0,50,1,9,4,3,2,11,12,100,900,31
SIM,1,0,1,0,51,0,9,4,3,2,9,12,800,300,45
SIM,1,0,1,0,52,1,9,0,3,0,9,12,500,1300,29
SIM,1,0,1,0,53,0,7,3,3,1,9,12,1200,200,45
SIM,1,0,1,0,54,1,21,3,3,1,9,12,600,1100,43
SIM,1,0,1,0,55,0,20,3,2,1,9,12,1400,500,45
SIM,1,0,1,0,56,1,9,0,3,0,9,11,300,1500,12
SIM,1,0,1,0,57,0,7,3,3,1,9,11,1000,100,42
SIM,1,0,1,0,58,1,7,3,3,1,9,10,1000,1000,40
SIM,1,0,1,0,59,0,6,3,2,1,9,10,1800,400,45
SIM,1,0,1,0,60,1,9,0,3,0,9,9,100,1400,8
SIM_END,1,0,1,0,60,1,0
SIM,2,0,1,1,1,0,6,0,1,0,40,40,1000,0,30
SIM,2,0,1,1,2,1,20,0,1,0,40,40,400,1000,28
SIM,2,0,1,1,3,0,18,3,1,1,40,40,1200,200,45
SIM,2,0,1,1,4,1,7,0,2,0,40,39,100,1200,28
SIM,2,0,1,1,5,0,7,0,2,0,40,39,800,300,45
SIM,2,0,1,1,6,1,7,0,2,0,40,38,500,1300,31
SIM,2,0,1,1,7,0,5,3,2,1,40,38,1200,200,45
SIM,2,0,1,1,8,1,8,0,3,0,40,36,100,1200,22
SIM,2,0,1,1,9,0,8,0,3,0,40,36,700,300,45
SIM,2,0,1,1,10,1,8,0,3,0,40,34,400,1300,37
SIM,2,0,1,1,11,0,7,3,2,1,40,34,1100,200,45
SIM,2,0,1,1,12,1,10,0,3,0,40,33,300,1200,31
SIM,2,0,1,1,13,0,10,0,3,0,40,33,900,300,45
SIM,2,0,1,1,14,1,10,0,3,0,40,30,300,1300,32
SIM,2,0,1,1,15,0,8,3,3,1,40,30,900,200,45
SIM,2,0,1,1,16,1,11,0,4,0,40,27,100,1200,24
SIM,2,0,1,1,17,0,11,0,4,0,40,27,600,300,45
SIM,2,0,1,1,18,1,11,0,4,0,40,24,300,1300,35
SIM,2,0,1,1,19,0,10,3,3,1,40,24,900,200,45
SIM,2,0,1,1,20,1,13,0,4,0,40,22,100,1200,29
SIM,2,0,1,1,21,0,13,0,4,0,40,22,600,300,45
SIM,2,0,1,1,22,1,13,0,4,0,40,18,300,1300,29
SIM,2,0,1,1,23,0,11,3,4,1,40,18,800,500,45
SIM,2,0,1,1,24,1,11,0,4,0,40,15,500,1500,35
SIM,2,0,1,1,25,0,11,0,4,0,40,15,1000,1500,45
SIM,2,0,1,1,26,1,11,0,4,0,40,11,400,2500,33
SIM,2,0,1,1,27,0,9,3,3,1,40,11,1100,500,45
SIM,2,0,1,1,28,1,12,3,4,1,40,7,300,1400,24
SIM,2,0,1,1,29,0,10,3,4,1,40,7,900,500,45
SIM,2,0,1,1,30,1,10,3,4,1,40,3,300,1400,33
SIM,2,0,1,1,31,0,7,6,3,2,40,3,1000,300,45
SIM,2,0,1,1,32,1,7,6,3,2,40,2,1000,1100,43
SIM,2,0,1,1,33,0,4,6,2,2,40,2,1800,500,45
SIM_END,2,0,1,1,33,0,0
SIM,3,0,1,2,1,0,6,0,1,0,40,40,1000,0,30
SIM,3,0,1,2,2,1,20,0,1,0,40,40,400,1000,28
SIM,3,0,1,2,3,0,18,3,1,1,40,40,1200,200,45
SIM,3,0,1,2,4,1,7,0,2,0,40,39,100,1200,28
SIM,3,0,1,2,5,0,7,0,2,0,40,39,800,300,45
SIM,3,0,1,2,6,1,7,0,2,0,40,38,500,1300,41
SIM,3,0,1,2,7,0,5,3,2,1,40,38,1200,200,45
SIM,3,0,1,2,8,1,8,0,3,0,40,36,100,1200,10
SIM,3,0,1,2,9,0,8,0,3,0,40,36,700,300,40
SIM,3,0,1,2,10,1,8,0,3,0,40,35,700,1300,38
SIM,3,0,1,2,11,0,7,3,2,1,40,35,1400,200,45
SIM,3,0,1,2,12,1,7,0,2,0,40,35,1400,1200,43
SIM,3,0,1,2,13,0,7,0,2,0,40,35,2100,300,45
SIM,3,0,1,2,14,1,10,0,3,0,40,32,100,1300,12
SIM,3,0,1,2,15,0,8,3,3,1,40,32,700,200,42
SIM,3,0,1,2,16,1,8,0,3,0,40,30,400,1200,30
SIM,3,0,1,2,17,0,8,0,3,0,40,30,1000,300,45
SIM,3,0,1,2,18,1,11,0,4,0,40,27,200,1300,28
SIM,3,0,1,2,19,0,10,3,3,1,40,27,800,200,45
SIM,3,0,1,2,20,1,10,0,3,0,40,25,500,1200,35
SIM,3,0,1,2,21,0,10,0,3,0,40,25,1100,300,45
SIM,3,0,1,2,22,1,13,0,4,0,40,22,300,1300,31
SIM,3,0,1,2,23,0,11,3,4,1,40,22,800,200,45
SIM,3,0,1,2,24,1,11,0,4,0,40,19,500,1200,29
SIM,3,0,1,2,25,0,11,0,4,0,40,19,1000,1200,45
SIM,3,0,1,2,26,1,11,0,4,0,40,15,400,2200,33
SIM,3,0,1,2,27,0,9,3,3,1,40,15,1100,500,45
SIM,3,0,1,2,28,1,12,3,4,1,40,11,300,1400,24
SIM,3,0,1,2,29,0,10,3,4,1,40,11,900,500,45
SIM,3,0,1,2,30,1,10,3,4,1,40,7,300,1400,33
SIM,3,0,1,2,31,0,7,6,3,2,40,7,1000,300,45
SIM,3,0,1,2,32,1,10,4,4,2,40,4,200,1100,28
SIM,3,0,1,2,33,0,7,4,3,2,40,4,900,500,45
SIM,3,0,1,2,34,1,7,3,3,1,40,2,300,1400,35
SIM,3,0,1,2,35,0,4,6,2,2,40,2,1100,300,45
SIM_END,3,0,1,2,35,0,0
SIM,4,0,1,3,1,0,6,0,1,0,40,40,1000,0,30
SIM,4,0,1,3,2,1,9,0,2,0,40,39,200,1000,19
SIM,4,0,1,3,3,0,7,3,2,1,40,39,900,200,45
SIM,4,0,1,3,4,1,7,0,2,0,40,38,300,1200,27
SIM,4,0,1,3,5,0,7,0,2,0,40,38,1000,300,45
SIM,4,0,1,3,6,1,10,0,3,0,40,36,200,1300,27
SIM,4,0,1,3,7,0,9,3,2,1,40,36,900,200,45
SIM,4,0,1,3,8,1,9,0,2,0,40,35,300,1200,36
SIM,4,0,1,3,9,0,9,0,2,0,40,35,1000,300,45
SIM,4,0,1,3,10,1,12,0,3,0,40,33,200,1300,33
SIM,4,0,1,3,11,0,10,3,3,1,40,33,800,200,45
SIM,4,0,1,3,12,1,10,0,3,0,40,31,500,1200,34
SIM,4,0,1,3,13,0,10,0,3,0,40,31,1100,300,45
SIM,4,0,1,3,14,1,10,0,3,0,40,30,1100,1300,43
SIM,4,0,1,3,15,0,8,3,3,1,40,30,1700,200,45
SIM,4,0,1,3,16,1,11,0,4,0,40,28,300,1200,27
SIM,4,0,1,3,17,0,11,0,4,0,40,28,800,300,45
SIM,4,0,1,3,18,1,11,0,4,0,40,24,500,1300,29
SIM,4,0,1,3,19,0,9,3,3,1,40,24,1200,500,45
SIM,4,0,1,3,20,1,9,3,3,1,40,23,1200,1400,43
SIM,4,0,1,3,21,0,7,3,3,1,40,23,1900,500,45
SIM,4,0,1,3,22,1,10,3,4,1,40,19,200,1400,18
SIM,4,0,1,3,23,0,7,6,3,2,40,19,900,300,45
SIM,4,0,1,3,24,1,7,6,3,2,40,16,300,1100,35
SIM,4,0,1,3,25,0,4,6,2,2,40,16,1100,500,45
SIM,4,0,1,3,26,1,4,6,2,2,40,15,1100,1300,43
SIM,4,0,1,3,27,0,0,9,0,3,40,15,2100,200,45
SIM,4,0,1,3,28,1,3,7,1,3,40,15,100,900,26
SIM,4,0,1,3,29,0,0,7,0,3,39,15,1100,300,45
SIM,4,0,1,3,30,1,14,7,0,3,39,15,500,1000,43
SIM,4,0,1,3,31,0,12,10,0,4,37,15,1500,200,45
SIM,4,0,1,3,32,1,3,9,1,3,37,15,100,900,31
SIM,4,0,1,3,33,0,1,9,1,3,35,15,1000,300,45
SIM,4,0,1,3,34,1,1,7,1,3,35,15,400,1000,39
SIM,4,0,1,3,35,0,0,10,0,4,32,15,1400,200,45
SIM,4,0,1,3,36,1,3,9,1,3,32,15,300,900,35
SIM,4,0,1,3,37,0,3,9,1,3,29,15,1200,300,45
SIM,4,0,1,3,38,1,3,7,1,3,29,15,300,1000,36
SIM,4,0,1,3,39,0,1,10,1,4,26,15,1200,200,45
SIM,4,0,1,3,40,1,4,7,2,3,26,15,100,900,34
SIM,4,0,1,3,41,0,1,7,1,3,25,15,1000,300,45
SIM,4,0,1,3,42,1,1,6,1,2,25,15,400,1100,39
SIM,4,0,1,3,43,0,0,9,0,3,23,15,1400,300,45
SIM,4,0,1,3,44,1,3,7,1,3,23,15,300,1000,36
SIM,4,0,1,3,45,0,1,7,1,3,21,15,1200,400,45
SIM,4,0,1,3,46,1,1,6,1,2,21,15,1200,1200,43
SIM,4,0,1,3,47,0,0,9,0,3,19,15,2200,100,45
SIM,4,0,1,3,48,1,3,7,1,3,19,15,200,800,30
SIM,4,0,1,3,49,0,1,7,1,3,17,15,1100,500,45
SIM,4,0,1,3,50,1,1,6,1,2,17,15,500,1300,39
SIM,4,0,1,3,51,0,0,9,0,3,15,15,1500,200,45
SIM,4,0,1,3,52,1,3,7,1,3,15,15,100,900,34
SIM,4,0,1,3,53,0,1,7,1,3,13,15,1000,300,45
SIM,4,0,1,3,54,1,1,6,1,2,13,15,1000,1100,43
SIM,4,0,1,3,55,0,0,9,0,3,11,15,2000,300,45
SIM,4,0,1,3,56,1,14,9,0,3,11,15,1400,1000,43
SIM,4,0,1,3,57,0,12,9,0,3,9,15,2400,400,45
SIM,4,0,1,3,58,1,3,7,1,3,9,15,100,1100,25
SIM,4,0,1,3,59,0,0,10,0,4,7,15,1100,300,45
SIM,4,0,1,3,60,1,0,10,0,4,7,15,500,900,41
SIM_END,4,0,1,3,60,1,0
SIM,5,0,1,4,1,0,6,0,1,0,40,40,1000,0,30
SIM,5,0,1,4,2,1,9,0,2,0,40,39,200,1000,19
SIM,5,0,1,4,3,0,7,3,2,1,40,39,900,200,45
SIM,5,0,1,4,4,1,7,0,2,0,40,38,300,1200,19
SIM,5,0,1,4,5,0,7,0,2,0,40,38,1000,300,45
SIM,5,0,1,4,6,1,10,0,3,0,40,36,200,1300,27
SIM,5,0,1,4,7,0,9,3,2,1,40,36,900,200,45
SIM,5,0,1,4,8,1,9,0,2,0,40,35,300,1200,36
SIM,5,0,1,4,9,0,9,0,2,0,40,35,1000,300,45
SIM,5,0,1,4,10,1,12,0,3,0,40,33,200,1300,33
SIM,5,0,1,4,11,0,10,3,3,1,40,33,800,200,45
SIM,5,0,1,4,12,1,10,0,3,0,40,31,500,1200,34
SIM,5,0,1,4,13,0,10,0,3,0,40,31,1100,300,45
SIM,5,0,1,4,14,1,13,0,4,0,40,28,300,1300,31
SIM,5,0,1,4,15,0,11,3,4,1,40,28,800,200,45
SIM,5,0,1,4,16,1,11,0,4,0,40,25,500,1200,29
SIM,5,0,1,4,17,0,11,0,4,0,40,25,1000,1200,45
SIM,5,0,1,4,18,1,11,0,4,0,40,21,400,2200,33
SIM,5,0,1,4,19,0,9,3,3,1,40,21,1100,500,45
SIM,5,0,1,4,20,1,12,3,4,1,40,17,300,1400,24
SIM,5,0,1,4,21,0,10,3,4,1,40,17,900,500,45
SIM,5,0,1,4,22,1,10,3,4,1,40,13,300,1400,33
SIM,5,0,1,4,23,0,7,6,3,2,40,13,1000,300,45
SIM,5,0,1,4,24,1,7,6,3,2,40,12,1000,1100,43
SIM,5,0,1,4,25,0,4,6,2,2,40,12,1800,500,45
SIM,5,0,1,4,26,1,4,6,2,2,40,11,1800,1300,43
SIM,5,0,1,4,27,0,0,9,0,3,40,11,2800,200,45
SIM,5,0,1,4,28,1,3,9,1,3,40,10,200,900,22
SIM,5,0,1,4,29,0,0,9,0,3,40,10,1200,300,45
SIM,5,0,1,4,30,1,0,9,0,3,40,10,300,1000,39
SIM,5,0,1,4,31,0,0,12,0,4,37,10,1300,200,45
SIM,5,0,1,4,32,1,14,12,0,4,37,10,700,800,43
SIM,5,0,1,4,33,0,12,12,0,4,34,10,1700,500,45
SIM,5,0,1,4,34,1,3,10,1,4,34,10,300,1100,32
SIM,5,0,1,4,35,0,3,10,1,4,30,10,1200,500,45
SIM,5,0,1,4,36,1,3,9,1,3,30,10,300,1200,37
SIM,5,0,1,4,37,0,3,12,1,4,26,10,1200,100,45
SIM,5,0,1,4,38,1,6,9,2,3,26,10,100,800,34
SIM,5,0,1,4,39,0,6,9,2,3,23,10,900,500,45
SIM,5,0,1,4,40,1,20,9,2,3,23,10,300,1200,43
SIM,5,0,1,4,41,0,20,12,2,4,19,10,1100,100,45
SIM,5,0,1,4,42,1,6,12,2,4,19,10,1400,700,45
SIM,5,0,1,4,43,0,6,12,2,4,15,10,2200,400,45
SIM,5,0,1,4,44,1,9,7,3,3,15,10,200,1100,25
SIM,5,0,1,4,45,0,7,10,3,4,12,10,900,300,45
SIM,5,0,1,4,46,1,7,6,3,2,12,10,300,1100,31
SIM,5,0,1,4,47,0,6,6,2,2,11,10,1100,500,45
SIM,5,0,1,4,48,1,9,1,3,1,11,10,300,1400,26
SIM,5,0,1,4,49,0,6,4,2,2,11,10,1100,300,45
SIM,5,0,1,4,50,1,6,3,2,1,11,10,500,1200,37
SIM,5,0,1,4,51,0,4,3,2,1,11,10,1300,300,45
SIM,5,0,1,4,52,1,7,0,3,0,11,9,200,1300,16
SIM,5,0,1,4,53,0,6,3,2,1,11,9,1000,200,45
SIM,5,0,1,4,54,1,6,3,2,1,11,8,1000,1100,43
SIM,5,0,1,4,55,0,4,3,2,1,11,8,1800,500,45
SIM,5,0,1,4,56,1,7,0,3,0,11,7,100,1500,26
SIM,5,0,1,4,57,0,6,3,2,1,11,7,900,100,45
SIM,5,0,1,4,58,1,6,1,2,1,11,6,300,1000,35
SIM,5,0,1,4,59,0,4,1,2,1,11,6,1100,400,45
SIM,5,0,1,4,60,1,4,0,2,0,11,6,1100,1400,43
SIM_END,5,0,1,4,60,0,0
SIM,6,0,1,5,1,0,6,0,1,0,40,40,1000,0,30
SIM,6,0,1,5,2,1,9,0,2,0,40,39,200,1000,19
SIM,6,0,1,5,3,0,7,3,2,1,40,39,900,200,45
SIM,6,0,1,5,4,1,7,0,2,0,40,38,300,1200,23
SIM,6,0,1,5,5,0,7,0,2,0,40,38,1000,300,45
SIM,6,0,1,5,6,1,10,0,3,0,40,36,200,1300,27
SIM,6,0,1,5,7,0,9,3,2,1,40,36,900,200,45
SIM,6,0,1,5,8,1,9,0,2,0,40,35,300,1200,36
SIM,6,0,1,5,9,0,9,0,2,0,40,35,1000,300,45
SIM,6,0,1,5,10,1,9,0,2,0,40,34,1000,1300,43
SIM,6,0,1,5,11,0,7,3,2,1,40,34,1700,200,45
SIM,6,0,1,5,12,1,10,0,3,0,40,33,300,1200,29
SIM,6,0,1,5,13,0,10,0,3,0,40,33,900,300,45
SIM,6,0,1,5,14,1,10,0,3,0,40,30,300,1300,32
SIM,6,0,1,5,15,0,8,3,3,1,40,30,900,200,45
SIM,6,0,1,5,16,1,11,0,4,0,40,28,100,1200,31
SIM,6,0,1,5,17,0,11,0,4,0,40,28,600,300,45
SIM,6,0,1,5,18,1,11,0,4,0,40,24,300,1300,29
SIM,6,0,1,5,19,0,9,3,3,1,40,24,1000,500,45
SIM,6,0,1,5,20,1,9,3,3,1,40,23,1000,1400,43
SIM,6,0,1,5,21,0,7,3,3,1,40,23,1700,500,45
SIM,6,0,1,5,22,1,10,3,4,1,40,19,300,1400,20
SIM,6,0,1,5,23,0,7,6,3,2,40,19,1000,300,45
SIM,6,0,1,5,24,1,7,6,3,2,40,18,1000,1100,43
SIM,6,0,1,5,25,0,4,6,2,2,40,18,1800,500,45
SIM,6,0,1,5,26,1,7,4,3,2,40,16,100,1300,24
SIM,6,0,1,5,27,0,3,7,1,3,40,16,1000,200,45
SIM,6,0,1,5,28,1,3,6,1,2,40,16,400,1000,39
SIM,6,0,1,5,29,0,0,6,0,2,40,16,1400,400,45
SIM,6,0,1,5,30,1,3,4,1,2,40,16,300,1200,32
SIM,6,0,1,5,31,0,0,7,0,3,39,16,1300,100,45
SIM,6,0,1,5,32,1,0,7,0,3,39,16,400,800,39
SIM,6,0,1,5,33,0,0,7,0,3,38,16,1400,500,45
SIM,6,0,1,5,34,1,3,6,1,2,38,16,300,1300,28
SIM,6,0,1,5,35,0,1,9,1,3,36,16,1200,200,45
SIM,6,0,1,5,36,1,1,7,1,3,36,16,300,900,37
SIM,6,0,1,5,37,0,0,7,0,3,34,16,1300,300,45
SIM,6,0,1,5,38,1,3,6,1,2,34,16,200,1100,28
SIM,6,0,1,5,39,0,1,9,1,3,32,16,1100,300,45
SIM,6,0,1,5,40,1,1,7,1,3,32,16,500,1000,39
SIM,6,0,1,5,41,0,0,7,0,3,30,16,1500,400,45
SIM,6,0,1,5,42,1,14,7,0,3,30,16,900,1100,43
SIM,6,0,1,5,43,0,14,10,0,4,27,16,1900,300,45
SIM,6,0,1,5,44,1,3,9,1,3,27,16,200,1000,29
SIM,6,0,1,5,45,0,3,9,1,3,24,16,1100,400,45
SIM,6,0,1,5,46,1,3,7,1,3,24,16,500,1100,38
SIM,6,0,1,5,47,0,1,10,1,4,21,16,1400,300,45
SIM,6,0,1,5,48,1,4,7,2,3,21,16,300,1000,34
SIM,6,0,1,5,49,0,1,7,1,3,20,16,1200,400,45
SIM,6,0,1,5,50,1,1,6,1,2,20,16,1200,1200,43
SIM,6,0,1,5,51,0,0,9,0,3,18,16,2200,100,45
SIM,6,0,1,5,52,1,3,7,1,3,18,16,200,800,30
SIM,6,0,1,5,53,0,1,7,1,3,16,16,1100,500,45
SIM,6,0,1,5,54,1,1,6,1,2,16,16,500,1300,39
SIM,6,0,1,5,55,0,0,9,0,3,14,16,1500,200,45
SIM,6,0,1,5,56,1,3,7,1,3,14,16,100,900,34
SIM,6,0,1,5,57,0,1,7,1,3,12,16,1000,300,45
SIM,6,0,1,5,58,1,1,6,1,2,12,16,1000,1100,43
SIM,6,0,1,5,59,0,0,9,0,3,10,16,2000,300,45
SIM,6,0,1,5,60,1,3,7,1,3,10,16,300,1000,32
SIM_END,6,0,1,5,60,1,0
SIM,7,0,1,6,1,0,6,0,1,0,40,40,1000,0,30
SIM,7,0,1,6,2,1,9,0,2,0,40,39,200,1000,19
SIM,7,0,1,6,3,0,7,3,2,1,40,39,900,200,45
SIM,7,0,1,6,4,1,7,3,2,1,40,39,900,1100,23
SIM,7,0,1,6,5,0,6,3,1,1,40,39,1700,500,45
SIM,7,0,1,6,6,1,9,0,2,0,40,38,300,1500,28
SIM,7,0,1,6,7,0,7,3,2,1,40,38,1000,100,45
SIM,7,0,1,6,8,1,7,0,2,0,40,37,400,1100,37
SIM,7,0,1,6,9,0,7,0,2,0,40,37,1100,500,45
SIM,7,0,1,6,10,1,10,0,3,0,40,35,300,1500,27
SIM,7,0,1,6,11,0,9,3,2,1,40,35,1000,100,45
SIM,7,0,1,6,12,1,9,0,2,0,40,34,400,1100,36
SIM,7,0,1,6,13,0,9,0,2,0,40,34,1100,500,45
SIM,7,0,1,6,14,1,12,0,3,0,40,32,300,1500,33
SIM,7,0,1,6,15,0,10,3,3,1,40,32,900,100,45
SIM,7,0,1,6,16,1,10,0,3,0,40,30,300,1100,32
SIM,7,0,1,6,17,0,10,0,3,0,40,30,900,500,45
SIM,7,0,1,6,18,1,13,0,4,0,40,27,100,1500,31
SIM,7,0,1,6,19,0,11,3,4,1,40,27,600,100,45
SIM,7,0,1,6,20,1,11,0,4,0,40,24,300,1100,29
SIM,7,0,1,6,21,0,11,0,4,0,40,24,800,1100,45
SIM,7,0,1,6,22,1,11,0,4,0,40,20,500,2100,35
SIM,7,0,1,6,23,0,9,3,3,1,40,20,1200,400,45
SIM,7,0,1,6,24,1,12,3,4,1,40,16,100,1300,22
SIM,7,0,1,6,25,0,10,3,4,1,40,16,700,400,45
SIM,7,0,1,6,26,1,10,3,4,1,40,12,400,1300,35
SIM,7,0,1,6,27,0,7,6,3,2,40,12,1100,200,45
SIM,7,0,1,6,28,1,10,4,4,2,40,9,300,1000,28
SIM,7,0,1,6,29,0,7,4,3,2,40,9,1000,400,45
SIM,7,0,1,6,30,1,7,3,3,1,40,7,400,1300,35
SIM,7,0,1,6,31,0,4,6,2,2,40,7,1200,200,45
SIM,7,0,1,6,32,1,7,3,3,1,40,6,100,1100,24
SIM,7,0,1,6,33,0,6,3,2,1,40,6,900,500,45
SIM,7,0,1,6,34,1,6,1,2,1,40,5,300,1400,37
SIM,7,0,1,6,35,0,3,4,1,2,40,5,1200,300,45
SIM,7,0,1,6,36,1,6,3,2,1,40,4,100,1200,24
SIM,7,0,1,6,37,0,4,3,2,1,40,4,900,300,45
SIM,7,0,1,6,38,1,4,3,2,1,40,2,300,1200,37
SIM,7,0,1,6,39,0,1,6,1,2,40,2,1200,100,45
SIM_END,7,0,1,6,39,0,0
SIM,8,1,1,0,1,0,0,6,0,1,40,40,1000,0,30
SIM,8,1,1,0,2,1,3,4,1,1,40,40,200,800,19
SIM,8,1,1,0,3,0,0,7,0,2,39,40,1200,300,45
SIM,8,1,1,0,4,1,0,7,0,2,39,40,300,1000,39
SIM,8,1,1,0,5,0,0,7,0,2,38,40,1300,400,45
SIM,8,1,1,0,6,1,3,5,1,2,38,40,200,1100,34
SIM,8,1,1,0,7,0,0,8,0,3,37,40,1200,300,45
SIM,8,1,1,0,8,1,0,8,0,3,37,40,300,900,39
SIM,8,1,1,0,9,0,0,8,0,3,34,40,1300,300,45
SIM,8,1,1,0,10,1,3,7,1,2,34,40,200,1000,34
SIM,8,1,1,0,11,0,0,10,0,3,32,40,1200,200,45
SIM,8,1,1,0,12,1,0,10,0,3,32,40,300,800,39
SIM,8,1,1,0,13,0,0,10,0,3,29,40,1300,500,45
SIM,8,1,1,0,14,1,3,8,1,3,29,40,200,1100,36
SIM,8,1,1,0,15,0,0,8,0,3,29,40,1200,1100,45
SIM,8,1,1,0,16,1,0,8,0,3,29,40,300,1700,39
SIM,8,1,1,0,17,0,0,11,0,4,26,40,1300,300,45
SIM,8,1,1,0,18,1,3,9,1,3,26,40,200,1000,36
SIM,8,1,1,0,19,0,3,9,1,3,23,40,1100,400,45
SIM,8,1,1,0,20,1,3,7,1,3,23,40,500,1100,39
SIM,8,1,1,0,21,0,1,10,1,4,20,40,1400,300,45
SIM,8,1,1,0,22,1,4,7,2,3,20,40,300,1000,30
SIM,8,1,1,0,23,0,3,7,1,3,18,40,1200,400,45
SIM,8,1,1,0,24,1,3,6,1,2,18,40,300,1200,37
SIM,8,1,1,0,25,0,3,9,1,3,15,40,1200,100,45
SIM,8,1,1,0,26,1,6,6,2,2,15,40,100,900,28
SIM,8,1,1,0,27,0,6,6,2,2,14,40,900,900,45
SIM,8,1,1,0,28,1,6,3,2,1,14,40,300,1800,33
SIM,8,1,1,0,29,0,4,6,2,2,13,40,1100,100,45
SIM,8,1,1,0,30,1,7,1,3,1,13,40,300,1000,28
SIM,8,1,1,0,31,0,6,1,2,1,13,40,1100,400,45
SIM,8,1,1,0,32,1,6,0,2,0,13,40,500,1400,37
SIM,8,1,1,0,33,0,4,3,2,1,13,40,1300,300,45
SIM,8,1,1,0,34,1,7,0,3,0,13,39,200,1300,18
SIM,8,1,1,0,35,0,7,0,3,0,13,39,900,400,45
SIM,8,1,1,0,36,1,7,0,3,0,13,37,300,1400,33
SIM,8,1,1,0,37,0,6,3,2,1,13,37,1100,300,45
SIM,8,1,1,0,38,1,9,1,3,1,13,35,300,1200,32
SIM,8,1,1,0,39,0,7,1,3,1,13,35,1000,300,45
SIM,8,1,1,0,40,1,7,0,3,0,13,33,400,1300,35
SIM,8,1,1,0,41,0,6,3,2,1,13,33,1200,200,45
SIM,8,1,1,0,42,1,9,1,3,1,13,31,100,1100,30
SIM,8,1,1,0,43,0,7,1,3,1,13,31,800,500,45
SIM,8,1,1,0,44,1,7,0,3,0,13,29,500,1500,37
SIM,8,1,1,0,45,0,6,3,2,1,13,29,1300,100,45
SIM,8,1,1,0,46,1,9,1,3,1,13,27,200,1000,30
SIM,8,1,1,0,47,0,7,1,3,1,13,27,900,400,45
SIM,8,1,1,0,48,1,7,0,3,0,13,25,300,1400,35
SIM,8,1,1,0,49,0,6,3,2,1,13,25,1100,300,45
SIM,8,1,1,0,50,1,9,1,3,1,13,23,300,1200,32
SIM,8,1,1,0,51,0,9,15,3,1,13,23,1000,600,45
SIM,8,1,1,0,52,1,9,14,3,0,13,21,400,1600,35
SIM,8,1,1,0,53,0,7,3,3,1,13,21,1100,200,45
SIM,8,1,1,0,54,1,10,0,4,0,13,19,300,1200,16
SIM,8,1,1,0,55,0,10,0,4,0,13,19,900,300,45
SIM,8,1,1,0,56,1,10,0,4,0,13,15,300,1300,21
SIM,8,1,1,0,57,0,9,3,3,1,13,15,1000,500,45
SIM,8,1,1,0,58,1,12,3,4,1,13,11,200,1400,24
SIM,8,1,1,0,59,0,10,3,4,1,13,11,800,500,45
SIM,8,1,1,0,60,1,10,3,4,1,13,7,500,1400,35
SIM_END,8,1,1,0,60,0,0
SIM,9,1,1,1,1,0,0,6,0,1,40,40,1000,0,30
SIM,9,1,1,1,2,1,3,4,1,1,40,40,200,800,19
SIM,9,1,1,1,3,0,0,7,0,2,39,40,1200,300,45
SIM,9,1,1,1,4,1,0,7,0,2,39,40,300,1000,39
SIM,9,1,1,1,5,0,0,7,0,2,38,40,1300,400,45
SIM,9,1,1,1,6,1,3,5,1,2,38,40,200,1100,34
SIM,9,1,1,1,7,0,0,8,0,3,37,40,1200,300,45
SIM,9,1,1,1,8,1,0,8,0,3,37,40,300,900,39
SIM,9,1,1,1,9,0,0,8,0,3,34,40,1300,300,45
SIM,9,1,1,1,10,1,3,7,1,2,34,40,200,1000,34
SIM,9,1,1,1,11,0,0,10,0,3,32,40,1200,200,45
SIM,9,1,1,1,12,1,0,10,0,3,32,40,300,800,39
SIM,9,1,1,1,13,0,0,10,0,3,31,40,1300,800,45
SIM,9,1,1,1,14,1,3,8,1,3,31,40,200,1400,36
SIM,9,1,1,1,15,0,0,11,0,4,29,40,1200,300,45
SIM,9,1,1,1,16,1,0,11,0,4,29,40,300,800,39
SIM,9,1,1,1,17,0,0,11,0,4,28,40,1300,800,45
SIM,9,1,1,1,18,1,3,9,1,3,28,40,200,1500,36
SIM,9,1,1,1,19,0,3,9,1,3,27,40,1100,1500,45
SIM,9,1,1,1,20,1,3,7,1,3,27,40,500,2200,37
SIM,9,1,1,1,21,0,0,10,0,4,25,40,1500,200,45
SIM,9,1,1,1,22,1,3,9,1,3,25,40,100,900,32
SIM,9,1,1,1,23,0,0,9,0,3,24,40,1100,300,45
SIM,9,1,1,1,24,1,0,9,0,3,24,40,500,1000,41
SIM,9,1,1,1,25,0,0,12,0,4,21,40,1500,200,45
SIM,9,1,1,1,26,1,3,10,1,4,21,40,100,800,34
SIM,9,1,1,1,27,0,1,10,1,4,18,40,1000,500,45
SIM,9,1,1,1,28,1,1,9,1,3,18,40,400,1200,39
SIM,9,1,1,1,29,0,0,12,0,4,15,40,1400,100,45
SIM,9,1,1,1,30,1,3,10,1,4,15,40,300,700,36
SIM,9,1,1,1,31,0,1,10,1,4,12,40,1200,400,45
SIM,9,1,1,1,32,1,1,9,1,3,12,40,300,1100,37
SIM,9,1,1,1,33,0,0,12,0,4,10,40,1300,300,45
SIM,9,1,1,1,34,1,3,10,1,4,10,40,200,900,36
SIM,9,1,1,1,35,0,1,10,1,4,7,40,1100,300,45
SIM,9,1,1,1,36,1,1,9,1,3,7,40,500,1000,39
SIM,9,1,1,1,37,0,0,12,0,4,4,40,1500,200,45
SIM,9,1,1,1,38,1,3,10,1,4,4,40,100,800,34
SIM_END,9,1,1,1,38,1,0
SIM,10,1,1,2,1,0,0,6,0,1,40,40,1000,0,30
SIM,10,1,1,2,2,1,3,6,1,1,40,39,200,800,19
SIM,10,1,1,2,3,0,0,9,0,2,39,39,1200,300,45
SIM,10,1,1,2,4,1,0,9,0,2,39,39,300,1000,39
SIM,10,1,1,2,5,0,0,9,0,2,38,39,1300,1000,45
SIM,10,1,1,2,6,1,3,7,1,2,38,39,200,1700,34
SIM,10,1,1,2,7,0,3,7,1,2,38,39,1100,1700,45
SIM,10,1,1,2,8,1,3,6,1,1,38,39,500,2500,39
SIM,10,1,1,2,9,0,0,9,0,2,37,39,1500,200,45
SIM,10,1,1,2,10,1,3,7,1,2,37,39,100,900,32
SIM,10,1,1,2,11,0,0,7,0,2,36,39,1100,300,45
SIM,10,1,1,2,12,1,0,7,0,2,36,39,500,1000,41
SIM,10,1,1,2,13,0,0,10,0,3,35,39,1500,200,45
SIM,10,1,1,2,14,1,3,9,1,2,35,39,100,900,32
SIM,10,1,1,2,15,0,0,9,0,2,34,39,1100,300,45
SIM,10,1,1,2,16,1,0,9,0,2,34,39,500,1000,41
SIM,10,1,1,2,17,0,0,12,0,3,33,39,1500,200,45
SIM,10,1,1,2,18,1,3,10,1,3,33,39,100,800,32
SIM,10,1,1,2,19,0,3,10,1,3,33,39,1000,800,45
SIM,10,1,1,2,20,1,3,9,1,2,33,39,400,1500,39
SIM,10,1,1,2,21,0,0,12,0,3,31,39,1400,100,45
SIM,10,1,1,2,22,1,3,10,1,3,31,39,300,700,36
SIM,10,1,1,2,23,0,0,10,0,3,29,39,1300,400,45
SIM,10,1,1,2,24,1,0,10,0,3,29,39,400,1000,39
SIM,10,1,1,2,25,0,0,13,0,4,26,39,1400,200,45
SIM,10,1,1,2,26,1,3,12,1,3,26,39,300,800,36
SIM,10,1,1,2,27,0,0,12,0,3,24,39,1300,500,45
SIM,10,1,1,2,28,1,0,12,0,3,24,39,400,1100,39
SIM,10,1,1,2,29,0,0,15,0,4,21,39,1400,300,45
SIM,10,1,1,2,30,1,3,13,1,4,21,39,300,800,36
SIM,10,1,1,2,31,0,0,13,0,4,18,39,1300,500,45
SIM,10,1,1,2,32,1,0,13,0,4,18,39,400,1000,39
SIM,10,1,1,2,33,0,0,13,0,4,15,39,1400,400,45
SIM,10,1,1,2,34,1,3,12,1,3,15,39,300,1000,36
SIM,10,1,1,2,35,0,0,15,0,4,12,39,1300,200,45
SIM,10,1,1,2,36,1,0,15,0,4,12,39,400,700,39
SIM,10,1,1,2,37,0,0,15,0,4,9,39,1400,400,45
SIM,10,1,1,2,38,1,3,13,1,4,9,39,300,900,36
SIM,10,1,1,2,39,0,0,13,0,4,6,39,1300,300,45
SIM,10,1,1,2,40,1,0,13,0,4,6,39,400,800,39
SIM,10,1,1,2,41,0,0,13,0,4,3,39,1400,500,45
SIM,10,1,1,2,42,1,3,12,1,3,3,39,300,1100,36
SIM_END,10,1,1,2,42,1,0
SIM,11,1,1,3,1,0,0,6,0,1,40,40,1000,0,30
SIM,11,1,1,3,2,1,3,6,1,1,40,39,200,800,19
SIM,11,1,1,3,3,0,0,9,0,2,39,39,1200,300,45
SIM,11,1,1,3,4,1,0,9,0,2,39,39,300,1000,39
SIM,11,1,1,3,5,0,0,9,0,2,38,39,1300,400,45
SIM,11,1,1,3,6,1,3,7,1,2,38,39,200,1100,34
SIM,11,1,1,3,7,0,3,7,1,2,38,39,1100,1100,45
SIM,11,1,1,3,8,1,3,6,1,1,38,39,500,1900,39
SIM,11,1,1,3,9,0,0,6,0,1,38,39,1500,1900,45
SIM,11,1,1,3,10,1,3,4,1,1,38,39,100,2700,31
SIM,11,1,1,3,11,0,0,7,0,2,37,39,1100,100,45
SIM,11,1,1,3,12,1,0,7,0,2,37,39,500,800,41
SIM,11,1,1,3,13,0,0,7,0,2,36,39,1500,500,45
SIM,11,1,1,3,14,1,3,5,1,2,36,39,100,1200,32
SIM,11,1,1,3,15,0,0,8,0,3,34,39,1100,100,45
SIM,11,1,1,3,16,1,0,8,0,3,34,39,500,700,41
SIM,11,1,1,3,17,0,0,8,0,3,32,39,1500,400,45
SIM,11,1,1,3,18,1,3,7,1,2,32,39,100,1100,32
SIM,11,1,1,3,19,0,3,7,1,2,32,39,1000,1100,45
SIM,11,1,1,3,20,1,3,5,1,2,32,39,400,1800,39
SIM,11,1,1,3,21,0,0,5,0,2,32,39,1400,1800,45
SIM,11,1,1,3,22,1,3,3,1,1,32,39,300,2700,34
SIM,11,1,1,3,23,0,1,6,1,2,31,39,1200,100,45
SIM,11,1,1,3,24,1,1,4,1,2,31,39,300,900,37
SIM,11,1,1,3,25,0,0,4,0,2,30,39,1300,300,45
SIM,11,1,1,3,26,1,3,3,1,1,30,39,200,1200,34
SIM,11,1,1,3,27,0,3,3,1,1,29,39,1100,1200,45
SIM,11,1,1,3,28,1,3,1,1,1,29,39,500,2100,37
SIM,11,1,1,3,29,0,1,4,1,2,28,39,1400,100,45
SIM,11,1,1,3,30,1,4,1,2,1,28,39,300,1000,32
SIM,11,1,1,3,31,0,3,1,1,1,28,39,1200,400,45
SIM,11,1,1,3,32,1,3,0,1,0,28,39,300,1400,37
SIM,11,1,1,3,33,0,1,3,1,1,28,39,1200,300,45
SIM,11,1,1,3,34,1,4,0,2,0,28,39,100,1300,30
SIM,11,1,1,3,35,0,4,0,2,0,28,39,900,400,45
SIM,11,1,1,3,36,1,4,0,2,0,28,39,300,1400,41
SIM,11,1,1,3,37,0,3,3,1,1,28,39,1200,300,45
SIM,11,1,1,3,38,1,6,0,2,0,28,39,100,1300,32
SIM,11,1,1,3,39,0,6,14,2,0,28,39,900,700,45
SIM,11,1,1,3,40,1,6,14,2,0,28,38,300,1700,27
SIM,11,1,1,3,41,0,4,3,2,1,28,38,1100,300,45
SIM,11,1,1,3,42,1,7,0,3,0,28,37,300,1300,26
SIM,11,1,1,3,43,0,7,0,3,0,28,37,1000,400,45
SIM,11,1,1,3,44,1,7,0,3,0,28,34,400,1400,29
SIM,11,1,1,3,45,0,6,3,2,1,28,34,1200,300,45
SIM,11,1,1,3,46,1,9,3,3,1,28,31,100,1200,24
SIM,11,1,1,3,47,0,7,3,3,1,28,31,800,300,45
SIM,11,1,1,3,48,1,7,3,3,1,28,28,500,1200,37
SIM,11,1,1,3,49,0,4,6,2,2,28,28,1300,100,45
SIM,11,1,1,3,50,1,7,4,3,2,28,26,200,900,28
SIM,11,1,1,3,51,0,4,4,2,2,28,26,1000,300,45
SIM,11,1,1,3,52,1,4,3,2,1,28,25,400,1200,37
SIM,11,1,1,3,53,0,1,6,1,2,28,25,1300,100,45
SIM,11,1,1,3,54,1,4,3,2,1,28,25,200,1000,26
SIM,11,1,1,3,55,0,3,3,1,1,28,25,1100,400,45
SIM,11,1,1,3,56,1,3,1,1,1,28,25,500,1300,39
SIM,11,1,1,3,57,0,0,4,0,2,28,25,1500,200,45
SIM,11,1,1,3,58,1,3,3,1,1,28,25,100,1100,30
SIM,11,1,1,3,59,0,1,3,1,1,28,25,1000,500,45
SIM,11,1,1,3,60,1,1,1,1,1,28,25,400,1400,39
SIM_END,11,1,1,3,60,0,0
SIM,12,1,1,4,1,0,0,6,0,1,40,40,1000,0,30
SIM,12,1,1,4,2,1,3,6,1,1,40,39,200,800,19
SIM,12,1,1,4,3,0,0,9,0,2,39,39,1200,300,45
SIM,12,1,1,4,4,1,0,9,0,2,39,39,300,1000,39
SIM,12,1,1,4,5,0,0,9,0,2,38,39,1300,400,45
SIM,12,1,1,4,6,1,3,7,1,2,38,39,200,1100,34
SIM,12,1,1,4,7,0,0,10,0,3,37,39,1200,300,45
SIM,12,1,1,4,8,1,0,10,0,3,37,39,300,900,39
SIM,12,1,1,4,9,0,0,10,0,3,36,39,1300,900,45
SIM,12,1,1,4,10,1,3,9,1,2,36,39,200,1600,34
SIM,12,1,1,4,11,0,0,12,0,3,35,39,1200,200,45
SIM,12,1,1,4,12,1,0,12,0,3,35,39,300,800,39
SIM,12,1,1,4,13,0,0,12,0,3,32,39,1300,500,45
SIM,12,1,1,4,14,1,3,10,1,3,32,39,200,1100,36
SIM,12,1,1,4,15,0,0,13,0,4,30,39,1200,300,45
SIM,12,1,1,4,16,1,0,13,0,4,30,39,300,800,39
SIM,12,1,1,4,17,0,0,13,0,4,26,39,1300,500,45
SIM,12,1,1,4,18,1,3,11,1,4,26,39,500,1000,38
SIM,12,1,1,4,19,0,0,11,0,4,23,39,1500,400,45
SIM,12,1,1,4,20,1,0,11,0,4,23,39,1500,900,45
SIM,12,1,1,4,21,0,0,11,0,4,22,39,2500,900,45
SIM,12,1,1,4,22,1,3,9,1,3,22,39,500,1600,30
SIM,12,1,1,4,23,0,3,12,1,4,18,39,1400,200,45
SIM,12,1,1,4,24,1,3,10,1,4,18,39,500,800,37
SIM,12,1,1,4,25,0,3,10,1,4,14,39,1400,500,45
SIM,12,1,1,4,26,1,6,7,2,3,14,39,300,1200,34
SIM,12,1,1,4,27,0,6,10,2,4,10,39,1100,100,45
SIM,12,1,1,4,28,1,6,7,2,3,10,39,500,800,37
SIM,12,1,1,4,29,0,6,7,2,3,9,39,1300,800,45
SIM,12,1,1,4,30,1,9,3,3,1,9,39,200,1700,26
SIM,12,1,1,4,31,0,7,6,3,2,8,39,900,300,45
SIM,12,1,1,4,32,1,7,1,3,1,8,39,300,1200,29
SIM,12,1,1,4,33,0,6,1,2,1,8,39,1100,300,45
SIM,12,1,1,4,34,1,9,0,3,0,8,37,300,1300,26
SIM,12,1,1,4,35,0,9,14,3,0,8,37,1000,700,45
SIM,12,1,1,4,36,1,9,14,3,0,8,35,400,1700,37
SIM,12,1,1,4,37,0,7,3,3,1,8,35,1100,300,45
SIM,12,1,1,4,38,1,10,1,4,1,8,32,300,1200,16
SIM,12,1,1,4,39,0,9,1,3,1,8,32,1000,1200,45
SIM,12,1,1,4,40,1,9,0,3,0,8,30,400,2200,35
SIM,12,1,1,4,41,0,7,3,3,1,8,30,1100,200,45
SIM,12,1,1,4,42,1,10,0,4,0,8,28,300,1200,24
SIM,12,1,1,4,43,0,10,0,4,0,8,28,900,300,45
SIM,12,1,1,4,44,1,10,0,4,0,8,24,300,1300,29
SIM,12,1,1,4,45,0,10,3,4,1,8,24,900,1100,45
SIM,12,1,1,4,46,1,10,3,4,1,8,20,300,2000,33
SIM,12,1,1,4,47,0,10,3,4,1,8,20,900,2000,45
SIM,12,1,1,4,48,1,10,3,4,1,8,16,300,2900,33
SIM,12,1,1,4,49,0,7,6,3,2,8,16,1000,300,45
SIM,12,1,1,4,50,1,10,4,4,2,8,13,200,1100,24
SIM,12,1,1,4,51,0,9,4,3,2,8,13,900,1100,45
SIM,12,1,1,4,52,1,9,3,3,1,8,11,300,2000,35
SIM,12,1,1,4,53,0,6,6,2,2,8,11,1100,300,45
SIM,12,1,1,4,54,1,9,4,3,2,8,9,300,1100,30
SIM,12,1,1,4,55,0,6,4,2,2,8,9,1100,500,45
SIM,12,1,1,4,56,1,6,3,2,1,8,8,500,1400,37
SIM,12,1,1,4,57,0,6,17,2,1,8,8,1300,800,45
SIM,12,1,1,4,58,1,9,14,3,0,8,7,200,1800,28
SIM,12,1,1,4,59,0,9,0,3,0,8,7,900,2100,45
SIM,12,1,1,4,60,1,9,0,3,0,8,4,300,3100,31
SIM_END,12,1,1,4,60,0,0
SIM,13,1,1,5,1,0,0,6,0,1,40,40,1000,0,30
SIM,13,1,1,5,2,1,3,6,1,1,40,39,200,800,19
SIM,13,1,1,5,3,0,3,6,1,1,40,39,1100,800,45
SIM,13,1,1,5,4,1,3,6,1,1,40,38,500,1600,39
SIM,13,1,1,5,5,0,0,9,0,2,39,38,1500,200,45
SIM,13,1,1,5,6,1,3,7,1,2,39,38,100,900,32
SIM,13,1,1,5,7,0,0,7,0,2,38,38,1100,300,45
SIM,13,1,1,5,8,1,0,7,0,2,38,38,500,1000,41
SIM,13,1,1,5,9,0,0,10,0,3,37,38,1500,200,45
SIM,13,1,1,5,10,1,3,9,1,2,37,38,100,900,32
SIM,13,1,1,5,11,0,0,9,0,2,36,38,1100,300,45
SIM,13,1,1,5,12,1,0,9,0,2,36,38,500,1000,41
SIM,13,1,1,5,13,0,0,12,0,3,35,38,1500,200,45
SIM,13,1,1,5,14,1,3,10,1,3,35,38,100,800,32
SIM,13,1,1,5,15,0,0,10,0,3,34,38,1100,500,45
SIM,13,1,1,5,16,1,0,10,0,3,34,38,500,1100,41
SIM,13,1,1,5,17,0,0,10,0,3,33,38,1500,1100,45
SIM,13,1,1,5,18,1,3,9,1,2,33,38,100,1800,32
SIM,13,1,1,5,19,0,0,9,0,2,33,38,1100,1800,45
SIM,13,1,1,5,20,1,0,9,0,2,33,38,500,2500,41
SIM,13,1,1,5,21,0,0,12,0,3,31,38,1500,200,45
SIM,13,1,1,5,22,1,3,10,1,3,31,38,100,800,34
SIM,13,1,1,5,23,0,0,10,0,3,29,38,1100,500,45
SIM,13,1,1,5,24,1,0,10,0,3,29,38,500,1100,41
SIM,13,1,1,5,25,0,0,13,0,4,26,38,1500,300,45
SIM,13,1,1,5,26,1,3,11,1,4,26,38,100,800,34
SIM,13,1,1,5,27,0,0,11,0,4,23,38,1100,500,45
SIM,13,1,1,5,28,1,0,11,0,4,23,38,1100,1000,45
SIM,13,1,1,5,29,0,0,11,0,4,19,38,2100,400,45
SIM,13,1,1,5,30,1,3,9,1,3,19,38,400,1100,32
SIM,13,1,1,5,31,0,3,12,1,4,15,38,1300,300,45
SIM,13,1,1,5,32,1,3,10,1,4,15,38,400,900,37
SIM,13,1,1,5,33,0,3,10,1,4,14,38,1300,900,45
SIM,13,1,1,5,34,1,6,7,2,3,14,38,200,1600,34
SIM,13,1,1,5,35,0,6,10,2,4,10,38,1000,200,45
SIM,13,1,1,5,36,1,6,7,2,3,10,38,400,900,37
SIM,13,1,1,5,37,0,6,7,2,3,7,38,1200,300,45
SIM,13,1,1,5,38,1,9,3,3,1,7,38,100,1200,26
SIM,13,1,1,5,39,0,7,6,3,2,6,38,800,100,45
SIM,13,1,1,5,40,1,7,1,3,1,6,38,500,1000,31
SIM,13,1,1,5,41,0,7,1,3,1,6,38,1200,1000,45
SIM,13,1,1,5,42,1,10,0,4,0,6,35,100,2000,14
SIM,13,1,1,5,43,0,9,3,3,1,6,35,800,300,44
SIM,13,1,1,5,44,1,9,3,3,1,6,33,500,1200,38
SIM,13,1,1,5,45,0,7,3,3,1,6,33,1200,300,45
SIM,13,1,1,5,46,1,10,0,4,0,6,31,100,1300,18
SIM,13,1,1,5,47,0,9,3,3,1,6,31,800,200,45
SIM,13,1,1,5,48,1,9,1,3,1,6,29,500,1100,35
SIM,13,1,1,5,49,0,7,1,3,1,6,29,1200,500,45
SIM,13,1,1,5,50,1,10,0,4,0,6,26,100,1500,22
SIM,13,1,1,5,51,0,9,3,3,1,6,26,800,100,45
SIM,13,1,1,5,52,1,9,3,3,1,6,23,500,1000,37
SIM,13,1,1,5,53,0,7,3,3,1,6,23,1200,400,45
SIM,13,1,1,5,54,1,10,1,4,1,6,20,100,1300,22
SIM,13,1,1,5,55,0,7,4,3,2,6,20,800,200,45
SIM,13,1,1,5,56,1,7,3,3,1,6,18,500,1100,37
SIM,13,1,1,5,57,0,6,3,2,1,6,18,1300,500,45
SIM,13,1,1,5,58,1,9,1,3,1,6,16,200,1400,28
SIM,13,1,1,5,59,0,6,4,2,2,6,16,1000,300,45
SIM,13,1,1,5,60,1,6,3,2,1,6,15,400,1200,37
SIM_END,13,1,1,5,60,1,0
SIM,14,1,1,6,1,0,0,6,0,1,40,40,1000,0,30
SIM,14,1,1,6,2,1,3,6,1,1,40,39,200,800,19
SIM,14,1,1,6,3,0,0,9,0,2,39,39,1200,300,45
SIM,14,1,1,6,4,1,0,9,0,2,39,39,300,1000,39
SIM,14,1,1,6,5,0,0,9,0,2,38,39,1300,400,45
SIM,14,1,1,6,6,1,3,7,1,2,38,39,200,1100,34
SIM,14,1,1,6,7,0,3,7,1,2,38,39,1100,1100,45
SIM,14,1,1,6,8,1,3,6,1,1,38,39,500,1900,39
SIM,14,1,1,6,9,0,0,9,0,2,37,39,1500,200,45
SIM,14,1,1,6,10,1,3,7,1,2,37,39,100,900,32
SIM,14,1,1,6,11,0,0,7,0,2,36,39,1100,300,45
SIM,14,1,1,6,12,1,0,7,0,2,36,39,500,1000,41
SIM,14,1,1,6,13,0,0,10,0,3,35,39,1500,200,45
SIM,14,1,1,6,14,1,3,9,1,2,35,39,100,900,32
SIM,14,1,1,6,15,0,0,9,0,2,34,39,1100,300,45
SIM,14,1,1,6,16,1,0,9,0,2,34,39,500,1000,41
SIM,14,1,1,6,17,0,0,12,0,3,33,39,1500,200,45
SIM,14,1,1,6,18,1,3,10,1,3,33,39,100,800,32
SIM,14,1,1,6,19,0,0,10,0,3,32,39,1100,500,45
SIM,14,1,1,6,20,1,0,10,0,3,32,39,500,1100,41
SIM,14,1,1,6,21,0,0,13,0,4,29,39,1500,300,45
SIM,14,1,1,6,22,1,3,12,1,3,29,39,100,900,32
SIM,14,1,1,6,23,0,0,12,0,3,27,39,1100,300,45
SIM,14,1,1,6,24,1,0,12,0,3,27,39,500,900,41
SIM,14,1,1,6,25,0,0,15,0,4,24,39,1500,100,45
SIM,14,1,1,6,26,1,3,13,1,4,24,39,100,600,34
SIM,14,1,1,6,27,0,0,13,0,4,21,39,1100,300,45
SIM,14,1,1,6,28,1,0,13,0,4,21,39,1100,800,45
SIM,14,1,1,6,29,0,0,13,0,4,17,39,2100,500,45
SIM,14,1,1,6,30,1,3,11,1,4,17,39,400,1000,32
SIM,14,1,1,6,31,0,0,11,0,4,14,39,1400,400,45
SIM,14,1,1,6,32,1,0,11,0,4,14,39,1400,900,45
SIM,14,1,1,6,33,0,0,11,0,4,10,39,2400,300,45
SIM,14,1,1,6,34,1,3,9,1,3,10,39,400,1000,30
SIM,14,1,1,6,35,0,3,12,1,4,6,39,1300,200,45
SIM,14,1,1,6,36,1,3,10,1,4,6,39,400,800,37
SIM,14,1,1,6,37,0,3,10,1,4,2,39,1300,500,45
SIM,14,1,1,6,38,1,6,7,2,3,2,39,200,1200,34
SIM,14,1,1,6,39,0,6,7,2,3,1,39,1000,1200,45
SIM,14,1,1,6,40,1,6,4,2,2,1,39,400,2000,35
SIM_END,14,1,1,6,40,1,0
SIM_DONE
### tuned degrade=20
SIM_CONFIG,degrade_favoured_pct=20,only_handicap=1,variants=7,cover_pct=0
SIM,1,0,1,0,1,0,6,0,1,0,40,40,1000,0,30
SIM,1,0,1,0,2,1,9,0,2,0,40,39,200,1000,19
SIM,1,0,1,0,3,0,7,3,2,1,40,39,900,200,45
SIM,1,0,1,0,4,1,7,0,2,0,40,38,300,1200,31
SIM,1,0,1,0,5,0,7,0,2,0,40,38,1000,300,45
SIM,1,0,1,0,6,1,10,0,3,0,40,36,200,1300,27
SIM,1,0,1,0,7,0,9,3,2,1,40,36,900,200,45
SIM,1,0,1,0,8,1,9,0,2,0,40,35,300,1200,36
SIM,1,0,1,0,9,0,9,0,2,0,40,35,1000,300,45
SIM,1,0,1,0,10,1,12,0,3,0,40,33,200,1300,33
SIM,1,0,1,0,11,0,10,3,3,1,40,33,800,200,45
SIM,1,0,1,0,12,1,10,0,3,0,40,33,800,1200,43
SIM,1,0,1,0,13,0,10,0,3,0,40,33,1400,300,45
SIM,1,0,1,0,14,1,13,0,4,0,40,30,300,1300,26
SIM,1,0,1,0,15,0,11,3,4,1,40,30,800,200,45
SIM,1,0,1,0,16,1,11,0,4,0,40,27,500,1200,29
SIM,1,0,1,0,17,0,11,0,4,0,40,27,1000,1200,45
SIM,1,0,1,0,18,1,11,0,4,0,40,23,400,2200,33
SIM,1,0,1,0,19,0,9,3,3,1,40,23,1100,500,45
SIM,1,0,1,0,20,1,12,3,4,1,40,19,300,1400,24
SIM,1,0,1,0,21,0,10,3,4,1,40,19,900,500,45
SIM,1,0,1,0,22,1,10,3,4,1,40,15,300,1400,33
SIM,1,0,1,0,23,0,7,6,3,2,40,15,1000,300,45
SIM,1,0,1,0,24,1,7,6,3,2,40,14,1000,1100,43
SIM,1,0,1,0,25,0,4,6,2,2,40,14,1800,500,45
SIM,1,0,1,0,26,1,4,6,2,2,40,13,1800,1300,43
SIM,1,0,1,0,27,0,0,9,0,3,40,13,2800,200,45
SIM,1,0,1,0,28,1,3,9,1,3,40,12,200,900,22
SIM,1,0,1,0,29,0,0,9,0,3,40,12,1200,300,45
SIM,1,0,1,0,30,1,14,9,0,3,40,12,600,1000,43
SIM,1,0,1,0,31,0,12,12,0,4,38,12,1600,200,45
SIM,1,0,1,0,32,1,0,12,0,4,38,12,1900,800,45
SIM,1,0,1,0,33,0,0,12,0,4,34,12,2900,500,45
SIM,1,0,1,0,34,1,3,12,1,4,34,12,2700,1100,44
SIM,1,0,1,0,35,0,3,12,1,4,30,12,3600,500,45
SIM,1,0,1,0,36,1,17,12,1,4,30,12,3000,1100,43
SIM,1,0,1,0,37,0,17,12,1,4,26,12,3900,500,45
SIM,1,0,1,0,38,1,6,9,2,3,26,12,100,1200,14
SIM,1,0,1,0,39,0,6,12,2,4,22,12,900,100,44
SIM,1,0,1,0,40,1,6,9,2,3,22,12,300,800,36
SIM,1,0,1,0,41,0,6,9,2,3,19,12,1100,500,45
SIM,1,0,1,0,42,1,20,9,2,3,19,12,500,1200,43
SIM,1,0,1,0,43,0,20,12,2,4,15,12,1300,100,45
SIM,1,0,1,0,44,1,9,7,3,3,15,12,200,800,29
SIM,1,0,1,0,45,0,9,7,3,3,12,12,900,500,45
SIM,1,0,1,0,46,1,9,3,3,1,12,12,300,1400,31
SIM,1,0,1,0,47,0,7,6,3,2,11,12,1000,300,45
SIM,1,0,1,0,48,1,10,0,4,0,11,12,200,1300,22
SIM,1,0,1,0,49,0,10,0,4,0,11,12,800,400,45
SIM,1,0,1,0,50,1,10,0,4,0,11,9,500,1400,3
SIM,1,0,1,0,51,0,9,3,3,1,11,9,1200,300,33
SIM,1,0,1,0,52,1,12,1,4,1,11,6,100,1200,13
SIM,1,0,1,0,53,0,10,1,4,1,11,6,700,300,43
SIM,1,0,1,0,54,1,10,0,4,0,11,6,700,1300,41
SIM,1,0,1,0,55,0,9,3,3,1,11,6,1400,200,45
SIM,1,0,1,0,56,1,12,0,4,0,11,4,300,1200,20
SIM,1,0,1,0,57,0,12,0,4,0,11,4,900,300,45
SIM,1,0,1,0,58,1,12,0,4,0,11,3,900,1300,43
SIM,1,0,1,0,59,0,10,3,4,1,11,3,1500,200,45
SIM_END,1,0,1,0,59,0,0
SIM,2,0,1,1,1,0,6,0,1,0,40,40,1000,0,30
SIM,2,0,1,1,2,1,20,0,1,0,40,40,400,1000,28
SIM,2,0,1,1,3,0,18,3,1,1,40,40,1200,200,45
SIM,2,0,1,1,4,1,7,0,2,0,40,39,100,1200,28
SIM,2,0,1,1,5,0,7,0,2,0,40,39,800,300,45
SIM,2,0,1,1,6,1,7,0,2,0,40,38,500,1300,31
SIM,2,0,1,1,7,0,5,3,2,1,40,38,1200,200,45
SIM,2,0,1,1,8,1,5,3,2,1,40,38,1200,1100,43
SIM,2,0,1,1,9,0,4,3,1,1,40,38,2000,500,45
SIM,2,0,1,1,10,1,7,0,2,0,40,37,300,1500,26
SIM,2,0,1,1,11,0,5,3,2,1,40,37,1000,100,45
SIM,2,0,1,1,12,1,5,0,2,0,40,36,400,1100,37
SIM,2,0,1,1,13,0,5,0,2,0,40,36,1100,500,45
SIM,2,0,1,1,14,1,8,0,3,0,40,34,300,1500,29
SIM,2,0,1,1,15,0,7,3,2,1,40,34,1000,100,45
SIM,2,0,1,1,16,1,7,0,2,0,40,33,400,1100,36
SIM,2,0,1,1,17,0,7,0,2,0,40,33,1100,500,45
SIM,2,0,1,1,18,1,10,0,3,0,40,31,300,1500,33
SIM,2,0,1,1,19,0,8,3,3,1,40,31,900,100,45
SIM,2,0,1,1,20,1,8,0,3,0,40,29,300,1100,32
SIM,2,0,1,1,21,0,8,0,3,0,40,29,900,500,45
SIM,2,0,1,1,22,1,11,0,4,0,40,26,100,1500,31
SIM,2,0,1,1,23,0,9,3,3,1,40,26,800,100,45
SIM,2,0,1,1,24,1,9,3,3,1,40,23,500,1000,34
SIM,2,0,1,1,25,0,7,3,3,1,40,23,1200,400,45
SIM,2,0,1,1,26,1,10,1,4,1,40,20,100,1300,22
SIM,2,0,1,1,27,0,7,4,3,2,40,20,800,200,45
SIM,2,0,1,1,28,1,7,3,3,1,40,18,500,1100,37
SIM,2,0,1,1,29,0,6,3,2,1,40,18,1300,500,45
SIM,2,0,1,1,30,1,9,1,3,1,40,16,200,1400,28
SIM,2,0,1,1,31,0,6,4,2,2,40,16,1000,300,45
SIM,2,0,1,1,32,1,6,3,2,1,40,16,1000,1200,43
SIM,2,0,1,1,33,0,4,3,2,1,40,16,1800,300,45
SIM,2,0,1,1,34,1,7,0,3,0,40,15,100,1300,24
SIM,2,0,1,1,35,0,6,3,2,1,40,15,900,200,45
SIM,2,0,1,1,36,1,6,3,2,1,40,14,900,1100,43
SIM,2,0,1,1,37,0,4,3,2,1,40,14,1700,500,45
SIM,2,0,1,1,38,1,7,3,3,1,40,12,300,1400,27
SIM,2,0,1,1,39,0,4,6,2,2,40,12,1100,300,45
SIM,2,0,1,1,40,1,4,4,2,2,40,11,500,1100,36
SIM,2,0,1,1,41,0,3,4,1,2,40,11,1400,500,45
SIM,2,0,1,1,42,1,6,3,2,1,40,10,300,1400,30
SIM,2,0,1,1,43,0,3,6,1,2,40,10,1200,300,45
SIM,2,0,1,1,44,1,3,4,1,2,40,10,300,1100,37
SIM,2,0,1,1,45,0,0,4,0,2,40,10,1300,500,45
SIM,2,0,1,1,46,1,3,3,1,1,40,10,200,1400,32
SIM,2,0,1,1,47,0,0,6,0,2,40,10,1200,300,45
SIM,2,0,1,1,48,1,0,6,0,2,40,10,300,1100,39
SIM,2,0,1,1,49,0,0,6,0,2,39,10,1300,500,45
SIM,2,0,1,1,50,1,3,4,1,2,39,10,200,1300,34
SIM,2,0,1,1,51,0,0,7,0,3,38,10,1200,200,45
SIM,2,0,1,1,52,1,14,7,0,3,38,10,600,900,43
SIM,2,0,1,1,53,0,10,7,0,3,37,10,1600,300,45
SIM,2,0,1,1,54,1,3,6,1,2,37,10,200,1100,28
SIM,2,0,1,1,55,0,1,9,1,3,35,10,1100,300,45
SIM,2,0,1,1,56,1,1,7,1,3,35,10,500,1000,39
SIM,2,0,1,1,57,0,0,7,0,3,33,10,1500,400,45
SIM,2,0,1,1,58,1,14,7,0,3,33,10,900,1100,43
SIM,2,0,1,1,59,0,14,10,0,4,30,10,1900,300,45
SIM,2,0,1,1,60,1,3,9,1,3,30,10,200,1000,28
SIM_END,2,0,1,1,60,0,0
SIM,3,0,1,2,1,0,6,0,1,0,40,40,1000,0,30
SIM,3,0,1,2,2,1,20,0,1,0,40,40,400,1000,28
SIM,3,0,1,2,3,0,18,3,1,1,40,40,1200,200,45
SIM,3,0,1,2,4,1,7,0,2,0,40,39,100,1200,28
SIM,3,0,1,2,5,0,7,0,2,0,40,39,800,300,45
SIM,3,0,1,2,6,1,7,0,2,0,40,38,500,1300,41
SIM,3,0,1,2,7,0,5,3,2,1,40,38,1200,200,45
SIM,3,0,1,2,8,1,8,0,3,0,40,36,100,1200,10
SIM,3,0,1,2,9,0,8,0,3,0,40,36,700,300,40
SIM,3,0,1,2,10,1,8,0,3,0,40,35,700,1300,38
SIM,3,0,1,2,11,0,7,3,2,1,40,35,1400,200,45
SIM,3,0,1,2,12,1,7,0,2,0,40,35,1400,1200,43
SIM,3,0,1,2,13,0,7,0,2,0,40,35,2100,300,45
SIM,3,0,1,2,14,1,10,0,3,0,40,32,100,1300,12
SIM,3,0,1,2,15,0,8,3,3,1,40,32,700,200,42
SIM,3,0,1,2,16,1,8,0,3,0,40,30,400,1200,30
SIM,3,0,1,2,17,0,8,0,3,0,40,30,1000,300,45
SIM,3,0,1,2,18,1,11,0,4,0,40,27,200,1300,28
SIM,3,0,1,2,19,0,10,3,3,1,40,27,800,200,45
SIM,3,0,1,2,20,1,10,0,3,0,40,25,500,1200,35
SIM,3,0,1,2,21,0,10,0,3,0,40,25,1100,300,45
SIM,3,0,1,2,22,1,13,0,4,0,40,22,300,1300,31
SIM,3,0,1,2,23,0,11,3,4,1,40,22,800,200,45
SIM,3,0,1,2,24,1,11,0,4,0,40,19,500,1200,29
SIM,3,0,1,2,25,0,11,0,4,0,40,19,1000,1200,45
SIM,3,0,1,2,26,1,11,0,4,0,40,15,400,2200,33
SIM,3,0,1,2,27,0,9,3,3,1,40,15,1100,500,45
SIM,3,0,1,2,28,1,12,3,4,1,40,11,300,1400,24
SIM,3,0,1,2,29,0,10,3,4,1,40,11,900,500,45
SIM,3,0,1,2,30,1,10,3,4,1,40,7,300,1400,33
SIM,3,0,1,2,31,0,7,6,3,2,40,7,1000,300,45
SIM,3,0,1,2,32,1,10,4,4,2,40,4,200,1100,28
SIM,3,0,1,2,33,0,7,4,3,2,40,4,900,500,45
SIM,3,0,1,2,34,1,7,3,3,1,40,2,300,1400,35
SIM,3,0,1,2,35,0,4,6,2,2,40,2,1100,300,45
SIM_END,3,0,1,2,35,0,0
SIM,4,0,1,3,1,0,6,0,1,0,40,40,1000,0,30
SIM,4,0,1,3,2,1,9,0,2,0,40,39,200,1000,19
SIM,4,0,1,3,3,0,7,3,2,1,40,39,900,200,45
SIM,4,0,1,3,4,1,7,0,2,0,40,38,300,1200,27
SIM,4,0,1,3,5,0,7,0,2,0,40,38,1000,300,45
SIM,4,0,1,3,6,1,10,0,3,0,40,36,200,1300,27
SIM,4,0,1,3,7,0,9,3,2,1,40,36,900,200,45
SIM,4,0,1,3,8,1,9,0,2,0,40,35,300,1200,36
SIM,4,0,1,3,9,0,9,0,2,0,40,35,1000,300,45
SIM,4,0,1,3,10,1,12,0,3,0,40,33,200,1300,33
SIM,4,0,1,3,11,0,10,3,3,1,40,33,800,200,45
SIM,4,0,1,3,12,1,10,0,3,0,40,31,500,1200,34
SIM,4,0,1,3,13,0,10,0,3,0,40,31,1100,300,45
SIM,4,0,1,3,14,1,10,0,3,0,40,30,1100,1300,43
SIM,4,0,1,3,15,0,8,3,3,1,40,30,1700,200,45
SIM,4,0,1,3,16,1,11,0,4,0,40,28,300,1200,27
SIM,4,0,1,3,17,0,11,0,4,0,40,28,800,300,45
SIM,4,0,1,3,18,1,11,0,4,0,40,24,500,1300,29
SIM,4,0,1,3,19,0,9,3,3,1,40,24,1200,500,45
SIM,4,0,1,3,20,1,9,3,3,1,40,23,1200,1400,43
SIM,4,0,1,3,21,0,7,3,3,1,40,23,1900,500,45
SIM,4,0,1,3,22,1,10,3,4,1,40,19,200,1400,18
SIM,4,0,1,3,23,0,7,6,3,2,40,19,900,300,45
SIM,4,0,1,3,24,1,7,6,3,2,40,18,900,1100,43
SIM,4,0,1,3,25,0,4,6,2,2,40,18,1700,500,45
SIM,4,0,1,3,26,1,4,6,2,2,40,17,1700,1300,43
SIM,4,0,1,3,27,0,0,9,0,3,40,17,2700,200,45
SIM,4,0,1,3,28,1,3,7,1,3,40,17,100,900,22
SIM,4,0,1,3,29,0,0,7,0,3,39,17,1100,300,45
SIM,4,0,1,3,30,1,14,7,0,3,39,17,500,1000,43
SIM,4,0,1,3,31,0,12,10,0,4,37,17,1500,200,45
SIM,4,0,1,3,32,1,3,9,1,3,37,17,100,900,31
SIM,4,0,1,3,33,0,1,9,1,3,35,17,1000,300,45
SIM,4,0,1,3,34,1,1,7,1,3,35,17,400,1000,39
SIM,4,0,1,3,35,0,0,10,0,4,32,17,1400,200,45
SIM,4,0,1,3,36,1,3,9,1,3,32,17,300,900,35
SIM,4,0,1,3,37,0,3,9,1,3,29,17,1200,300,45
SIM,4,0,1,3,38,1,3,7,1,3,29,17,300,1000,36
SIM,4,0,1,3,39,0,1,10,1,4,26,17,1200,200,45
SIM,4,0,1,3,40,1,4,7,2,3,26,17,100,900,34
SIM,4,0,1,3,41,0,1,7,1,3,25,17,1000,300,45
SIM,4,0,1,3,42,1,1,6,1,2,25,17,400,1100,39
SIM,4,0,1,3,43,0,0,9,0,3,23,17,1400,300,45
SIM,4,0,1,3,44,1,3,7,1,3,23,17,300,1000,36
SIM,4,0,1,3,45,0,1,7,1,3,21,17,1200,400,45
SIM,4,0,1,3,46,1,1,6,1,2,21,17,1200,1200,43
SIM,4,0,1,3,47,0,0,9,0,3,19,17,2200,100,45
SIM,4,0,1,3,48,1,3,7,1,3,19,17,200,800,30
SIM,4,0,1,3,49,0,1,7,1,3,17,17,1100,500,45
SIM,4,0,1,3,50,1,1,6,1,2,17,17,500,1300,39
SIM,4,0,1,3,51,0,0,9,0,3,15,17,1500,200,45
SIM,4,0,1,3,52,1,3,7,1,3,15,17,100,900,34
SIM,4,0,1,3,53,0,1,7,1,3,13,17,1000,300,45
SIM,4,0,1,3,54,1,1,6,1,2,13,17,1000,1100,43
SIM,4,0,1,3,55,0,0,9,0,3,11,17,2000,300,45
SIM,4,0,1,3,56,1,14,9,0,3,11,17,1400,1000,43
SIM,4,0,1,3,57,0,12,9,0,3,9,17,2400,400,45
SIM,4,0,1,3,58,1,3,7,1,3,9,17,100,1100,25
SIM,4,0,1,3,59,0,0,10,0,4,7,17,1100,300,45
SIM,4,0,1,3,60,1,0,10,0,4,7,17,500,900,41
SIM_END,4,0,1,3,60,1,0
SIM,5,0,1,4,1,0,6,0,1,0,40,40,1000,0,30
SIM,5,0,1,4,2,1,9,0,2,0,40,39,200,1000,19
SIM,5,0,1,4,3,0,7,3,2,1,40,39,900,200,45
SIM,5,0,1,4,4,1,7,0,2,0,40,38,300,1200,19
SIM,5,0,1,4,5,0,7,0,2,0,40,38,1000,300,45
SIM,5,0,1,4,6,1,10,0,3,0,40,36,200,1300,27
SIM,5,0,1,4,7,0,9,3,2,1,40,36,900,200,45
SIM,5,0,1,4,8,1,9,0,2,0,40,35,300,1200,36
SIM,5,0,1,4,9,0,9,0,2,0,40,35,1000,300,45
SIM,5,0,1,4,10,1,12,0,3,0,40,33,200,1300,33
SIM,5,0,1,4,11,0,10,3,3,1,40,33,800,200,45
SIM,5,0,1,4,12,1,10,0,3,0,40,33,800,1200,43
SIM,5,0,1,4,13,0,10,0,3,0,40,33,1400,300,45
SIM,5,0,1,4,14,1,13,0,4,0,40,30,300,1300,26
SIM,5,0,1,4,15,0,11,3,4,1,40,30,800,200,45
SIM,5,0,1,4,16,1,11,0,4,0,40,27,500,1200,29
SIM,5,0,1,4,17,0,11,0,4,0,40,27,1000,1200,45
SIM,5,0,1,4,18,1,11,0,4,0,40,23,400,2200,33
SIM,5,0,1,4,19,0,9,3,3,1,40,23,1100,500,45
SIM,5,0,1,4,20,1,12,3,4,1,40,19,300,1400,24
SIM,5,0,1,4,21,0,10,3,4,1,40,19,900,500,45
SIM,5,0,1,4,22,1,10,3,4,1,40,15,300,1400,33
SIM,5,0,1,4,23,0,7,6,3,2,40,15,1000,300,45
SIM,5,0,1,4,24,1,7,6,3,2,40,14,1000,1100,43
SIM,5,0,1,4,25,0,4,6,2,2,40,14,1800,500,45
SIM,5,0,1,4,26,1,4,6,2,2,40,13,1800,1300,43
SIM,5,0,1,4,27,0,0,9,0,3,40,13,2800,200,45
SIM,5,0,1,4,28,1,3,9,1,3,40,12,200,900,22
SIM,5,0,1,4,29,0,0,9,0,3,40,12,1200,300,45
SIM,5,0,1,4,30,1,0,9,0,3,40,12,300,1000,39
SIM,5,0,1,4,31,0,0,12,0,4,37,12,1300,200,45
SIM,5,0,1,4,32,1,14,12,0,4,37,12,700,800,43
SIM,5,0,1,4,33,0,12,12,0,4,34,12,1700,500,45
SIM,5,0,1,4,34,1,3,10,1,4,34,12,300,1100,32
SIM,5,0,1,4,35,0,3,10,1,4,30,12,1200,500,45
SIM,5,0,1,4,36,1,3,9,1,3,30,12,1200,1200,43
SIM,5,0,1,4,37,0,3,12,1,4,26,12,2100,100,45
SIM,5,0,1,4,38,1,6,9,2,3,26,12,100,800,28
SIM,5,0,1,4,39,0,6,9,2,3,23,12,900,500,45
SIM,5,0,1,4,40,1,20,9,2,3,23,12,300,1200,43
SIM,5,0,1,4,41,0,20,12,2,4,19,12,1100,100,45
SIM,5,0,1,4,42,1,6,12,2,4,19,12,1400,700,45
SIM,5,0,1,4,43,0,6,12,2,4,15,12,2200,400,45
SIM,5,0,1,4,44,1,9,7,3,3,15,12,200,1100,25
SIM,5,0,1,4,45,0,7,10,3,4,12,12,900,300,45
SIM,5,0,1,4,46,1,7,6,3,2,12,12,300,1100,31
SIM,5,0,1,4,47,0,6,6,2,2,11,12,1100,500,45
SIM,5,0,1,4,48,1,9,1,3,1,11,12,300,1400,26
SIM,5,0,1,4,49,0,6,4,2,2,11,12,1100,300,45
SIM,5,0,1,4,50,1,6,3,2,1,11,12,500,1200,37
SIM,5,0,1,4,51,0,4,3,2,1,11,12,1300,300,45
SIM,5,0,1,4,52,1,7,0,3,0,11,11,200,1300,16
SIM,5,0,1,4,53,0,6,3,2,1,11,11,1000,200,45
SIM,5,0,1,4,54,1,6,3,2,1,11,10,1000,1100,43
SIM,5,0,1,4,55,0,4,3,2,1,11,10,1800,500,45
SIM,5,0,1,4,56,1,7,0,3,0,11,9,100,1500,26
SIM,5,0,1,4,57,0,6,3,2,1,11,9,900,100,45
SIM,5,0,1,4,58,1,6,1,2,1,11,8,300,1000,35
SIM,5,0,1,4,59,0,4,1,2,1,11,8,1100,400,45
SIM,5,0,1,4,60,1,4,0,2,0,11,8,1100,1400,43
SIM_END,5,0,1,4,60,0,0
SIM,6,0,1,5,1,0,6,0,1,0,40,40,1000,0,30
SIM,6,0,1,5,2,1,20,0,1,0,40,40,400,1000,28
SIM,6,0,1,5,3,0,20,3,1,1,39,40,1200,200,45
SIM,6,0,1,5,4,1,9,0,2,0,39,39,100,1200,26
SIM,6,0,1,5,5,0,9,0,2,0,39,39,800,300,45
SIM,6,0,1,5,6,1,9,0,2,0,39,38,500,1300,41
SIM,6,0,1,5,7,0,7,3,2,1,39,38,1200,200,45
SIM,6,0,1,5,8,1,10,0,3,0,39,36,100,1200,14
SIM,6,0,1,5,9,0,10,0,3,0,39,36,700,300,44
SIM,6,0,1,5,10,1,10,0,3,0,39,35,700,1300,42
SIM,6,0,1,5,11,0,9,3,2,1,39,35,1400,200,45
SIM,6,0,1,5,12,1,12,0,3,0,39,33,300,1200,28
SIM,6,0,1,5,13,0,12,0,3,0,39,33,900,300,45
SIM,6,0,1,5,14,1,12,0,3,0,39,31,300,1300,33
SIM,6,0,1,5,15,0,10,3,3,1,39,31,900,200,45
SIM,6,0,1,5,16,1,13,0,4,0,39,28,100,1200,22
SIM,6,0,1,5,17,0,13,0,4,0,39,28,600,300,45
SIM,6,0,1,5,18,1,13,0,4,0,39,25,300,1300,35
SIM,6,0,1,5,19,0,12,3,3,1,39,25,900,200,45
SIM,6,0,1,5,20,1,12,3,3,1,39,25,900,1100,43
SIM,6,0,1,5,21,0,10,3,3,1,39,25,1500,500,45
SIM,6,0,1,5,22,1,10,0,3,0,39,25,1500,1500,43
SIM,6,0,1,5,23,0,8,3,3,1,39,25,2100,100,45
SIM,6,0,1,5,24,1,8,0,3,0,39,25,2100,1100,43
SIM,6,0,1,5,25,0,8,0,3,0,39,25,2700,500,45
SIM,6,0,1,5,26,1,11,0,4,0,39,22,100,1500,19
SIM,6,0,1,5,27,0,9,3,3,1,39,22,800,100,45
SIM,6,0,1,5,28,1,9,3,3,1,39,21,800,1000,43
SIM,6,0,1,5,29,0,7,3,3,1,39,21,1500,400,45
SIM,6,0,1,5,30,1,10,0,4,0,39,19,100,1400,19
SIM,6,0,1,5,31,0,9,3,3,1,39,19,800,300,45
SIM,6,0,1,5,32,1,9,0,3,0,39,18,500,1300,37
SIM,6,0,1,5,33,0,9,0,3,0,39,18,1200,400,45
SIM,6,0,1,5,34,1,12,0,4,0,39,14,100,1400,20
SIM,6,0,1,5,35,0,10,3,4,1,39,14,700,300,45
SIM,6,0,1,5,36,1,10,3,4,1,39,10,400,1200,35
SIM,6,0,1,5,37,0,9,3,3,1,39,10,1100,300,45
SIM,6,0,1,5,38,1,12,3,4,1,39,6,300,1200,24
SIM,6,0,1,5,39,0,9,6,3,2,39,6,1000,100,45
SIM,6,0,1,5,40,1,9,6,3,2,39,3,400,900,35
SIM,6,0,1,5,41,0,6,6,2,2,39,3,1200,300,45
SIM,6,0,1,5,42,1,6,6,2,2,39,2,1200,1100,43
SIM,6,0,1,5,43,0,1,9,1,3,39,2,2100,300,45
SIM_END,6,0,1,5,43,0,0
SIM,7,0,1,6,1,0,6,0,1,0,40,40,1000,0,30
SIM,7,0,1,6,2,1,9,0,2,0,40,39,200,1000,19
SIM,7,0,1,6,3,0,7,3,2,1,40,39,900,200,45
SIM,7,0,1,6,4,1,7,3,2,1,40,39,900,1100,23
SIM,7,0,1,6,5,0,6,3,1,1,40,39,1700,500,45
SIM,7,0,1,6,6,1,9,0,2,0,40,38,300,1500,28
SIM,7,0,1,6,7,0,7,3,2,1,40,38,1000,100,45
SIM,7,0,1,6,8,1,7,0,2,0,40,37,400,1100,37
SIM,7,0,1,6,9,0,7,0,2,0,40,37,1100,500,45
SIM,7,0,1,6,10,1,10,0,3,0,40,35,300,1500,27
SIM,7,0,1,6,11,0,9,3,2,1,40,35,1000,100,45
SIM,7,0,1,6,12,1,9,0,2,0,40,34,400,1100,36
SIM,7,0,1,6,13,0,9,0,2,0,40,34,1100,500,45
SIM,7,0,1,6,14,1,12,0,3,0,40,32,300,1500,33
SIM,7,0,1,6,15,0,10,3,3,1,40,32,900,100,45
SIM,7,0,1,6,16,1,10,0,3,0,40,30,300,1100,32
SIM,7,0,1,6,17,0,10,0,3,0,40,30,900,500,45
SIM,7,0,1,6,18,1,13,0,4,0,40,27,100,1500,31
SIM,7,0,1,6,19,0,11,3,4,1,40,27,600,100,45
SIM,7,0,1,6,20,1,11,0,4,0,40,24,300,1100,29
SIM,7,0,1,6,21,0,11,0,4,0,40,24,800,1100,45
SIM,7,0,1,6,22,1,11,0,4,0,40,20,500,2100,35
SIM,7,0,1,6,23,0,9,3,3,1,40,20,1200,400,45
SIM,7,0,1,6,24,1,12,3,4,1,40,16,100,1300,22
SIM,7,0,1,6,25,0,10,3,4,1,40,16,700,400,45
SIM,7,0,1,6,26,1,10,3,4,1,40,12,400,1300,35
SIM,7,0,1,6,27,0,7,6,3,2,40,12,1100,200,45
SIM,7,0,1,6,28,1,10,4,4,2,40,9,300,1000,28
SIM,7,0,1,6,29,0,7,4,3,2,40,9,1000,400,45
SIM,7,0,1,6,30,1,7,3,3,1,40,7,400,1300,35
SIM,7,0,1,6,31,0,4,6,2,2,40,7,1200,200,45
SIM,7,0,1,6,32,1,7,3,3,1,40,6,100,1100,24
SIM,7,0,1,6,33,0,6,3,2,1,40,6,900,500,45
SIM,7,0,1,6,34,1,6,1,2,1,40,5,300,1400,37
SIM,7,0,1,6,35,0,3,4,1,2,40,5,1200,300,45
SIM,7,0,1,6,36,1,6,3,2,1,40,4,100,1200,24
SIM,7,0,1,6,37,0,4,3,2,1,40,4,900,300,45
SIM,7,0,1,6,38,1,4,3,2,1,40,2,300,1200,37
SIM,7,0,1,6,39,0,1,6,1,2,40,2,1200,100,45
SIM_END,7,0,1,6,39,0,0
SIM,8,1,1,0,1,0,0,6,0,1,40,40,1000,0,30
SIM,8,1,1,0,2,1,3,4,1,1,40,40,200,800,19
SIM,8,1,1,0,3,0,0,7,0,2,39,40,1200,300,45
SIM,8,1,1,0,4,1,0,7,0,2,39,40,300,1000,39
SIM,8,1,1,0,5,0,0,7,0,2,38,40,1300,400,45
SIM,8,1,1,0,6,1,3,5,1,2,38,40,200,1100,34
SIM,8,1,1,0,7,0,0,8,0,3,37,40,1200,300,45
SIM,8,1,1,0,8,1,0,8,0,3,37,40,300,900,39
SIM,8,1,1,0,9,0,0,8,0,3,34,40,1300,300,45
SIM,8,1,1,0,10,1,3,7,1,2,34,40,200,1000,34
SIM,8,1,1,0,11,0,0,10,0,3,32,40,1200,200,45
SIM,8,1,1,0,12,1,0,10,0,3,32,40,300,800,39
SIM,8,1,1,0,13,0,0,10,0,3,29,40,1300,500,45
SIM,8,1,1,0,14,1,3,8,1,3,29,40,200,1100,36
SIM,8,1,1,0,15,0,0,8,0,3,29,40,1200,1100,45
SIM,8,1,1,0,16,1,0,8,0,3,29,40,300,1700,39
SIM,8,1,1,0,17,0,0,11,0,4,26,40,1300,300,45
SIM,8,1,1,0,18,1,3,9,1,3,26,40,200,1000,36
SIM,8,1,1,0,19,0,3,9,1,3,23,40,1100,400,45
SIM,8,1,1,0,20,1,3,7,1,3,23,40,500,1100,39
SIM,8,1,1,0,21,0,1,10,1,4,20,40,1400,300,45
SIM,8,1,1,0,22,1,4,7,2,3,20,40,300,1000,30
SIM,8,1,1,0,23,0,3,7,1,3,18,40,1200,400,45
SIM,8,1,1,0,24,1,3,6,1,2,18,40,300,1200,37
SIM,8,1,1,0,25,0,3,9,1,3,15,40,1200,100,45
SIM,8,1,1,0,26,1,6,6,2,2,15,40,100,900,28
SIM,8,1,1,0,27,0,6,6,2,2,14,40,900,900,45
SIM,8,1,1,0,28,1,6,3,2,1,14,40,300,1800,33
SIM,8,1,1,0,29,0,4,6,2,2,13,40,1100,100,45
SIM,8,1,1,0,30,1,7,1,3,1,13,40,300,1000,28
SIM,8,1,1,0,31,0,6,1,2,1,13,40,1100,400,45
SIM,8,1,1,0,32,1,6,0,2,0,13,40,500,1400,37
SIM,8,1,1,0,33,0,4,3,2,1,13,40,1300,300,45
SIM,8,1,1,0,34,1,7,0,3,0,13,39,200,1300,18
SIM,8,1,1,0,35,0,7,0,3,0,13,39,900,400,45
SIM,8,1,1,0,36,1,7,0,3,0,13,37,300,1400,33
SIM,8,1,1,0,37,0,6,3,2,1,13,37,1100,300,45
SIM,8,1,1,0,38,1,9,1,3,1,13,35,300,1200,32
SIM,8,1,1,0,39,0,9,15,3,1,13,35,1000,600,45
SIM,8,1,1,0,40,1,9,14,3,0,13,33,400,1600,35
SIM,8,1,1,0,41,0,7,3,3,1,13,33,1100,200,45
SIM,8,1,1,0,42,1,10,0,4,0,13,31,300,1200,16
SIM,8,1,1,0,43,0,10,0,4,0,13,31,900,300,45
SIM,8,1,1,0,44,1,10,0,4,0,13,27,300,1300,21
SIM,8,1,1,0,45,0,10,3,4,1,13,27,900,1100,45
SIM,8,1,1,0,46,1,10,3,4,1,13,23,300,2000,33
SIM,8,1,1,0,47,0,9,3,3,1,13,23,1000,500,45
SIM,8,1,1,0,48,1,12,3,4,1,13,19,200,1400,24
SIM,8,1,1,0,49,0,9,6,3,2,13,19,900,300,45
SIM,8,1,1,0,50,1,9,6,3,2,13,16,300,1100,35
SIM,8,1,1,0,51,0,9,20,3,2,13,16,1000,500,45
SIM,8,1,1,0,52,1,12,18,4,2,13,13,200,1300,28
SIM,8,1,1,0,53,0,7,7,3,3,13,13,900,200,45
SIM,8,1,1,0,54,1,7,6,3,2,13,11,300,1000,35
SIM,8,1,1,0,55,0,4,6,2,2,13,11,1100,400,45
SIM,8,1,1,0,56,1,7,3,3,1,13,10,300,1300,30
SIM,8,1,1,0,57,0,4,6,2,2,13,10,1100,200,45
SIM,8,1,1,0,58,1,4,4,2,2,13,9,500,1000,35
SIM,8,1,1,0,59,0,1,4,1,2,13,9,1400,400,45
SIM,8,1,1,0,60,1,4,3,2,1,13,8,300,1300,30
SIM_END,8,1,1,0,60,0,0
SIM,9,1,1,1,1,0,0,6,0,1,40,40,1000,0,30
SIM,9,1,1,1,2,1,3,4,1,1,40,40,200,800,19
SIM,9,1,1,1,3,0,0,7,0,2,39,40,1200,300,45
SIM,9,1,1,1,4,1,0,7,0,2,39,40,300,1000,39
SIM,9,1,1,1,5,0,0,7,0,2,38,40,1300,400,45
SIM,9,1,1,1,6,1,3,5,1,2,38,40,200,1100,34
SIM,9,1,1,1,7,0,3,5,1,2,38,40,1100,1100,45
SIM,9,1,1,1,8,1,3,4,1,1,38,40,500,1900,39
SIM,9,1,1,1,9,0,0,7,0,2,37,40,1500,200,45
SIM,9,1,1,1,10,1,3,5,1,2,37,40,100,900,32
SIM,9,1,1,1,11,0,0,5,0,2,36,40,1100,300,45
SIM,9,1,1,1,12,1,0,5,0,2,36,40,500,1000,41
SIM,9,1,1,1,13,0,0,5,0,2,35,40,1500,1000,45
SIM,9,1,1,1,14,1,3,3,1,1,35,40,100,1900,32
SIM,9,1,1,1,15,0,1,6,1,2,34,40,1000,200,45
SIM,9,1,1,1,16,1,1,4,1,2,34,40,400,1000,39
SIM,9,1,1,1,17,0,0,4,0,2,34,40,1400,1000,45
SIM,9,1,1,1,18,1,3,3,1,1,34,40,300,1900,34
SIM,9,1,1,1,19,0,3,3,1,1,33,40,1200,1900,45
SIM,9,1,1,1,20,1,3,1,1,1,33,40,300,2800,35
SIM,9,1,1,1,21,0,1,4,1,2,32,40,1200,200,45
SIM,9,1,1,1,22,1,4,1,2,1,32,40,100,1100,30
SIM,9,1,1,1,23,0,3,1,1,1,32,40,1000,500,45
SIM,9,1,1,1,24,1,3,0,1,0,32,40,400,1500,39
SIM,9,1,1,1,25,0,1,3,1,1,32,40,1300,100,45
SIM,9,1,1,1,26,1,4,0,2,0,32,40,200,1100,30
SIM,9,1,1,1,27,0,4,0,2,0,32,40,1000,500,45
SIM,9,1,1,1,28,1,4,0,2,0,32,39,400,1500,32
SIM,9,1,1,1,29,0,4,14,2,0,32,39,1200,900,45
SIM,9,1,1,1,30,1,7,12,3,0,32,37,100,1900,25
SIM,9,1,1,1,31,0,6,3,2,1,32,37,900,200,45
SIM,9,1,1,1,32,1,6,3,2,1,32,35,300,1100,36
SIM,9,1,1,1,33,0,4,3,2,1,32,35,1100,500,45
SIM,9,1,1,1,34,1,7,3,3,1,32,33,300,1400,33
SIM,9,1,1,1,35,0,4,6,2,2,32,33,1100,300,45
SIM,9,1,1,1,36,1,4,4,2,2,32,32,500,1100,36
SIM,9,1,1,1,37,0,1,4,1,2,32,32,1400,500,45
SIM,9,1,1,1,38,1,4,1,2,1,32,32,300,1400,30
SIM,9,1,1,1,39,0,1,4,1,2,32,32,1200,300,45
SIM,9,1,1,1,40,1,1,3,1,1,32,32,300,1200,37
SIM,9,1,1,1,41,0,0,3,0,1,32,32,1300,300,45
SIM,9,1,1,1,42,1,3,1,1,1,32,32,200,1200,32
SIM,9,1,1,1,43,0,0,4,0,2,32,32,1200,100,45
SIM,9,1,1,1,44,1,0,4,0,2,32,32,300,900,39
SIM,9,1,1,1,45,0,0,4,0,2,31,32,1300,300,45
SIM,9,1,1,1,46,1,3,3,1,1,31,32,200,1200,32
SIM,9,1,1,1,47,0,3,3,1,1,30,32,1100,1200,45
SIM,9,1,1,1,48,1,3,1,1,1,30,32,500,2100,35
SIM,9,1,1,1,49,0,3,1,1,1,29,32,1400,2100,45
SIM,9,1,1,1,50,1,6,0,2,0,29,31,300,3100,22
SIM,9,1,1,1,51,0,4,3,2,1,29,31,1100,200,45
SIM,9,1,1,1,52,1,4,3,2,1,29,29,500,1100,33
SIM,9,1,1,1,53,0,3,3,1,1,29,29,1400,1100,45
SIM,9,1,1,1,54,1,6,3,2,1,29,28,300,2000,33
SIM,9,1,1,1,55,0,3,6,1,2,29,28,1200,300,45
SIM,9,1,1,1,56,1,3,6,1,2,29,27,300,1100,36
SIM,9,1,1,1,57,0,3,20,1,2,29,27,1200,500,45
SIM,9,1,1,1,58,1,6,18,2,2,29,26,100,1300,30
SIM,9,1,1,1,59,0,1,7,1,3,29,26,1000,200,45
SIM,9,1,1,1,60,1,1,6,1,2,29,26,400,1000,39
SIM_END,9,1,1,1,60,0,0
SIM,10,1,1,2,1,0,0,6,0,1,40,40,1000,0,30
SIM,10,1,1,2,2,1,3,6,1,1,40,39,200,800,19
SIM,10,1,1,2,3,0,0,9,0,2,39,39,1200,300,45
SIM,10,1,1,2,4,1,0,9,0,2,39,39,300,1000,39
SIM,10,1,1,2,5,0,0,9,0,2,38,39,1300,1000,45
SIM,10,1,1,2,6,1,3,7,1,2,38,39,200,1700,34
SIM,10,1,1,2,7,0,3,7,1,2,38,39,1100,1700,45
SIM,10,1,1,2,8,1,3,6,1,1,38,39,500,2500,39
SIM,10,1,1,2,9,0,0,9,0,2,37,39,1500,200,45
SIM,10,1,1,2,10,1,3,7,1,2,37,39,100,900,32
SIM,10,1,1,2,11,0,0,7,0,2,36,39,1100,300,45
SIM,10,1,1,2,12,1,0,7,0,2,36,39,500,1000,41
SIM,10,1,1,2,13,0,0,10,0,3,35,39,1500,200,45
SIM,10,1,1,2,14,1,3,9,1,2,35,39,100,900,32
SIM,10,1,1,2,15,0,0,9,0,2,34,39,1100,300,45
SIM,10,1,1,2,16,1,0,9,0,2,34,39,500,1000,41
SIM,10,1,1,2,17,0,0,12,0,3,33,39,1500,200,45
SIM,10,1,1,2,18,1,3,10,1,3,33,39,100,800,32
SIM,10,1,1,2,19,0,3,10,1,3,33,39,1000,800,45
SIM,10,1,1,2,20,1,3,9,1,2,33,39,400,1500,39
SIM,10,1,1,2,21,0,0,12,0,3,31,39,1400,100,45
SIM,10,1,1,2,22,1,3,10,1,3,31,39,300,700,36
SIM,10,1,1,2,23,0,0,10,0,3,29,39,1300,400,45
SIM,10,1,1,2,24,1,0,10,0,3,29,39,400,1000,39
SIM,10,1,1,2,25,0,0,13,0,4,26,39,1400,200,45
SIM,10,1,1,2,26,1,3,12,1,3,26,39,300,800,36
SIM,10,1,1,2,27,0,0,12,0,3,24,39,1300,500,45
SIM,10,1,1,2,28,1,0,12,0,3,24,39,400,1100,39
SIM,10,1,1,2,29,0,0,15,0,4,21,39,1400,300,45
SIM,10,1,1,2,30,1,3,13,1,4,21,39,300,800,36
SIM,10,1,1,2,31,0,0,13,0,4,18,39,1300,500,45
SIM,10,1,1,2,32,1,0,13,0,4,18,39,400,1000,39
SIM,10,1,1,2,33,0,0,13,0,4,15,39,1400,400,45
SIM,10,1,1,2,34,1,3,12,1,3,15,39,300,1000,36
SIM,10,1,1,2,35,0,0,15,0,4,12,39,1300,200,45
SIM,10,1,1,2,36,1,0,15,0,4,12,39,400,700,39
SIM,10,1,1,2,37,0,0,15,0,4,9,39,1400,400,45
SIM,10,1,1,2,38,1,3,13,1,4,9,39,300,900,36
SIM,10,1,1,2,39,0,0,13,0,4,6,39,1300,300,45
SIM,10,1,1,2,40,1,0,13,0,4,6,39,400,800,39
SIM,10,1,1,2,41,0,0,13,0,4,3,39,1400,500,45
SIM,10,1,1,2,42,1,3,12,1,3,3,39,300,1100,36
SIM_END,10,1,1,2,42,1,0
SIM,11,1,1,3,1,0,0,6,0,1,40,40,1000,0,30
SIM,11,1,1,3,2,1,3,6,1,1,40,39,200,800,19
SIM,11,1,1,3,3,0,0,9,0,2,39,39,1200,300,45
SIM,11,1,1,3,4,1,0,9,0,2,39,39,300,1000,39
SIM,11,1,1,3,5,0,0,9,0,2,38,39,1300,400,45
SIM,11,1,1,3,6,1,3,7,1,2,38,39,200,1100,34
SIM,11,1,1,3,7,0,3,7,1,2,38,39,1100,1100,45
SIM,11,1,1,3,8,1,3,6,1,1,38,39,500,1900,39
SIM,11,1,1,3,9,0,0,6,0,1,38,39,1500,1900,45
SIM,11,1,1,3,10,1,3,4,1,1,38,39,100,2700,31
SIM,11,1,1,3,11,0,0,7,0,2,37,39,1100,100,45
SIM,11,1,1,3,12,1,0,7,0,2,37,39,500,800,41
SIM,11,1,1,3,13,0,0,7,0,2,36,39,1500,500,45
SIM,11,1,1,3,14,1,3,5,1,2,36,39,100,1200,32
SIM,11,1,1,3,15,0,0,8,0,3,34,39,1100,100,45
SIM,11,1,1,3,16,1,0,8,0,3,34,39,500,700,41
SIM,11,1,1,3,17,0,0,8,0,3,32,39,1500,400,45
SIM,11,1,1,3,18,1,3,7,1,2,32,39,100,1100,32
SIM,11,1,1,3,19,0,3,7,1,2,32,39,1000,1100,45
SIM,11,1,1,3,20,1,3,5,1,2,32,39,400,1800,39
SIM,11,1,1,3,21,0,0,5,0,2,32,39,1400,1800,45
SIM,11,1,1,3,22,1,3,3,1,1,32,39,300,2700,34
SIM,11,1,1,3,23,0,1,6,1,2,31,39,1200,100,45
SIM,11,1,1,3,24,1,1,4,1,2,31,39,300,900,37
SIM,11,1,1,3,25,0,0,4,0,2,30,39,1300,300,45
SIM,11,1,1,3,26,1,3,3,1,1,30,39,200,1200,34
SIM,11,1,1,3,27,0,3,3,1,1,29,39,1100,1200,45
SIM,11,1,1,3,28,1,3,1,1,1,29,39,500,2100,37
SIM,11,1,1,3,29,0,1,4,1,2,28,39,1400,100,45
SIM,11,1,1,3,30,1,4,1,2,1,28,39,300,1000,32
SIM,11,1,1,3,31,0,3,1,1,1,28,39,1200,400,45
SIM,11,1,1,3,32,1,3,0,1,0,28,39,300,1400,37
SIM,11,1,1,3,33,0,1,3,1,1,28,39,1200,300,45
SIM,11,1,1,3,34,1,4,0,2,0,28,39,100,1300,30
SIM,11,1,1,3,35,0,4,0,2,0,28,39,900,400,45
SIM,11,1,1,3,36,1,4,0,2,0,28,39,300,1400,41
SIM,11,1,1,3,37,0,3,3,1,1,28,39,1200,300,45
SIM,11,1,1,3,38,1,6,0,2,0,28,39,100,1300,32
SIM,11,1,1,3,39,0,6,14,2,0,28,39,900,700,45
SIM,11,1,1,3,40,1,6,14,2,0,28,38,300,1700,27
SIM,11,1,1,3,41,0,4,3,2,1,28,38,1100,300,45
SIM,11,1,1,3,42,1,7,0,3,0,28,37,300,1300,26
SIM,11,1,1,3,43,0,7,0,3,0,28,37,1000,400,45
SIM,11,1,1,3,44,1,7,0,3,0,28,34,400,1400,29
SIM,11,1,1,3,45,0,6,3,2,1,28,34,1200,300,45
SIM,11,1,1,3,46,1,9,3,3,1,28,31,100,1200,24
SIM,11,1,1,3,47,0,7,3,3,1,28,31,800,300,45
SIM,11,1,1,3,48,1,7,3,3,1,28,28,500,1200,37
SIM,11,1,1,3,49,0,4,6,2,2,28,28,1300,100,45
SIM,11,1,1,3,50,1,7,4,3,2,28,26,200,900,28
SIM,11,1,1,3,51,0,4,4,2,2,28,26,1000,300,45
SIM,11,1,1,3,52,1,4,3,2,1,28,25,400,1200,37
SIM,11,1,1,3,53,0,1,6,1,2,28,25,1300,100,45
SIM,11,1,1,3,54,1,4,3,2,1,28,25,200,1000,26
SIM,11,1,1,3,55,0,3,3,1,1,28,25,1100,400,45
SIM,11,1,1,3,56,1,3,1,1,1,28,25,500,1300,39
SIM,11,1,1,3,57,0,0,4,0,2,28,25,1500,200,45
SIM,11,1,1,3,58,1,3,3,1,1,28,25,100,1100,30
SIM,11,1,1,3,59,0,1,3,1,1,28,25,1000,500,45
SIM,11,1,1,3,60,1,1,1,1,1,28,25,400,1400,39
SIM_END,11,1,1,3,60,0,0
SIM,12,1,1,4,1,0,0,6,0,1,40,40,1000,0,30
SIM,12,1,1,4,2,1,3,6,1,1,40,39,200,800,19
SIM,12,1,1,4,3,0,0,9,0,2,39,39,1200,300,45
SIM,12,1,1,4,4,1,0,9,0,2,39,39,300,1000,39
SIM,12,1,1,4,5,0,0,9,0,2,38,39,1300,1000,45
SIM,12,1,1,4,6,1,3,7,1,2,38,39,200,1700,34
SIM,12,1,1,4,7,0,0,10,0,3,37,39,1200,300,45
SIM,12,1,1,4,8,1,0,10,0,3,37,39,300,900,39
SIM,12,1,1,4,9,0,0,10,0,3,36,39,1300,900,45
SIM,12,1,1,4,10,1,3,9,1,2,36,39,200,1600,34
SIM,12,1,1,4,11,0,0,12,0,3,35,39,1200,200,45
SIM,12,1,1,4,12,1,0,12,0,3,35,39,300,800,39
SIM,12,1,1,4,13,0,0,12,0,3,32,39,1300,500,45
SIM,12,1,1,4,14,1,3,10,1,3,32,39,200,1100,36
SIM,12,1,1,4,15,0,0,13,0,4,30,39,1200,300,45
SIM,12,1,1,4,16,1,0,13,0,4,30,39,300,800,39
SIM,12,1,1,4,17,0,0,13,0,4,26,39,1300,500,45
SIM,12,1,1,4,18,1,3,11,1,4,26,39,500,1000,38
SIM,12,1,1,4,19,0,0,11,0,4,26,39,1500,1000,45
SIM,12,1,1,4,20,1,0,11,0,4,26,39,1500,1500,45
SIM,12,1,1,4,21,0,0,11,0,4,25,39,2500,1500,45
SIM,12,1,1,4,22,1,3,9,1,3,25,39,500,2200,30
SIM,12,1,1,4,23,0,3,12,1,4,21,39,1400,200,45
SIM,12,1,1,4,24,1,3,10,1,4,21,39,500,800,37
SIM,12,1,1,4,25,0,3,10,1,4,17,39,1400,500,45
SIM,12,1,1,4,26,1,6,7,2,3,17,39,300,1200,34
SIM,12,1,1,4,27,0,6,10,2,4,13,39,1100,100,45
SIM,12,1,1,4,28,1,6,7,2,3,13,39,500,800,37
SIM,12,1,1,4,29,0,6,7,2,3,12,39,1300,800,45
SIM,12,1,1,4,30,1,9,3,3,1,12,39,200,1700,26
SIM,12,1,1,4,31,0,7,6,3,2,11,39,900,300,45
SIM,12,1,1,4,32,1,7,1,3,1,11,39,300,1200,29
SIM,12,1,1,4,33,0,6,1,2,1,11,39,1100,300,45
SIM,12,1,1,4,34,1,9,0,3,0,11,37,300,1300,26
SIM,12,1,1,4,35,0,9,14,3,0,11,37,1000,700,45
SIM,12,1,1,4,36,1,9,14,3,0,11,35,400,1700,37
SIM,12,1,1,4,37,0,7,3,3,1,11,35,1100,300,45
SIM,12,1,1,4,38,1,10,1,4,1,11,32,300,1200,16
SIM,12,1,1,4,39,0,9,1,3,1,11,32,1000,1200,45
SIM,12,1,1,4,40,1,9,0,3,0,11,30,400,2200,35
SIM,12,1,1,4,41,0,7,3,3,1,11,30,1100,200,45
SIM,12,1,1,4,42,1,10,0,4,0,11,28,300,1200,24
SIM,12,1,1,4,43,0,10,0,4,0,11,28,900,300,45
SIM,12,1,1,4,44,1,10,0,4,0,11,24,300,1300,29
SIM,12,1,1,4,45,0,10,3,4,1,11,24,900,1100,45
SIM,12,1,1,4,46,1,10,3,4,1,11,20,300,2000,33
SIM,12,1,1,4,47,0,10,3,4,1,11,20,900,2000,45
SIM,12,1,1,4,48,1,10,3,4,1,11,16,300,2900,33
SIM,12,1,1,4,49,0,9,3,3,1,11,16,1000,2900,45
SIM,12,1,1,4,50,1,12,3,4,1,11,13,200,3800,31
SIM,12,1,1,4,51,0,12,17,4,1,11,13,800,3200,45
SIM,12,1,1,4,52,1,12,17,4,1,11,9,500,4100,29
SIM,12,1,1,4,53,0,9,6,3,2,11,9,1200,300,45
SIM,12,1,1,4,54,1,12,6,4,2,11,6,100,1100,29
SIM,12,1,1,4,55,0,9,6,3,2,11,6,800,500,45
SIM,12,1,1,4,56,1,9,6,3,2,11,3,500,1300,34
SIM,12,1,1,4,57,0,9,20,3,2,11,3,1200,700,45
SIM_END,12,1,1,4,57,0,0
SIM,13,1,1,5,1,0,0,6,0,1,40,40,1000,0,30
SIM,13,1,1,5,2,1,3,6,1,1,40,39,200,800,19
SIM,13,1,1,5,3,0,3,6,1,1,40,39,1100,800,45
SIM,13,1,1,5,4,1,3,6,1,1,40,38,500,1600,39
SIM,13,1,1,5,5,0,0,9,0,2,39,38,1500,200,45
SIM,13,1,1,5,6,1,3,7,1,2,39,38,100,900,32
SIM,13,1,1,5,7,0,0,7,0,2,38,38,1100,300,45
SIM,13,1,1,5,8,1,0,7,0,2,38,38,500,1000,41
SIM,13,1,1,5,9,0,0,10,0,3,37,38,1500,200,45
SIM,13,1,1,5,10,1,3,9,1,2,37,38,100,900,32
SIM,13,1,1,5,11,0,0,9,0,2,36,38,1100,300,45
SIM,13,1,1,5,12,1,0,9,0,2,36,38,500,1000,41
SIM,13,1,1,5,13,0,0,12,0,3,35,38,1500,200,45
SIM,13,1,1,5,14,1,3,10,1,3,35,38,100,800,32
SIM,13,1,1,5,15,0,0,10,0,3,34,38,1100,500,45
SIM,13,1,1,5,16,1,0,10,0,3,34,38,500,1100,41
SIM,13,1,1,5,17,0,0,10,0,3,33,38,1500,1100,45
SIM,13,1,1,5,18,1,3,9,1,2,33,38,100,1800,32
SIM,13,1,1,5,19,0,0,9,0,2,33,38,1100,1800,45
SIM,13,1,1,5,20,1,0,9,0,2,33,38,500,2500,41
SIM,13,1,1,5,21,0,0,12,0,3,31,38,1500,200,45
SIM,13,1,1,5,22,1,3,10,1,3,31,38,100,800,34
SIM,13,1,1,5,23,0,0,10,0,3,29,38,1100,500,45
SIM,13,1,1,5,24,1,0,10,0,3,29,38,500,1100,41
SIM,13,1,1,5,25,0,0,13,0,4,26,38,1500,300,45
SIM,13,1,1,5,26,1,3,11,1,4,26,38,100,800,34
SIM,13,1,1,5,27,0,0,11,0,4,23,38,1100,500,45
SIM,13,1,1,5,28,1,0,11,0,4,23,38,1100,1000,45
SIM,13,1,1,5,29,0,0,11,0,4,19,38,2100,400,45
SIM,13,1,1,5,30,1,3,9,1,3,19,38,400,1100,32
SIM,13,1,1,5,31,0,3,12,1,4,15,38,1300,300,45
SIM,13,1,1,5,32,1,3,10,1,4,15,38,400,900,37
SIM,13,1,1,5,33,0,3,10,1,4,14,38,1300,900,45
SIM,13,1,1,5,34,1,6,7,2,3,14,38,200,1600,34
SIM,13,1,1,5,35,0,6,10,2,4,10,38,1000,200,45
SIM,13,1,1,5,36,1,6,7,2,3,10,38,400,900,37
SIM,13,1,1,5,37,0,6,7,2,3,9,38,1200,900,45
SIM,13,1,1,5,38,1,9,3,3,1,9,38,100,1800,26
SIM,13,1,1,5,39,0,7,6,3,2,8,38,800,100,45
SIM,13,1,1,5,40,1,7,1,3,1,8,38,500,1000,31
SIM,13,1,1,5,41,0,7,1,3,1,8,38,1200,1000,45
SIM,13,1,1,5,42,1,10,0,4,0,8,35,100,2000,14
SIM,13,1,1,5,43,0,9,3,3,1,8,35,800,300,44
SIM,13,1,1,5,44,1,9,3,3,1,8,33,500,1200,38
SIM,13,1,1,5,45,0,7,3,3,1,8,33,1200,300,45
SIM,13,1,1,5,46,1,10,0,4,0,8,31,100,1300,18
SIM,13,1,1,5,47,0,9,3,3,1,8,31,800,200,45
SIM,13,1,1,5,48,1,9,1,3,1,8,29,500,1100,35
SIM,13,1,1,5,49,0,7,1,3,1,8,29,1200,500,45
SIM,13,1,1,5,50,1,10,0,4,0,8,26,100,1500,22
SIM,13,1,1,5,51,0,9,3,3,1,8,26,800,100,45
SIM,13,1,1,5,52,1,9,3,3,1,8,23,500,1000,37
SIM,13,1,1,5,53,0,7,3,3,1,8,23,1200,400,45
SIM,13,1,1,5,54,1,10,1,4,1,8,20,100,1300,22
SIM,13,1,1,5,55,0,9,1,3,1,8,20,800,1300,45
SIM,13,1,1,5,56,1,9,0,3,0,8,18,500,2300,37
SIM,13,1,1,5,57,0,7,3,3,1,8,18,1200,300,45
SIM,13,1,1,5,58,1,10,0,4,0,8,16,100,1300,22
SIM,13,1,1,5,59,0,10,0,4,0,8,16,700,400,45
SIM,13,1,1,5,60,1,10,0,4,0,8,12,400,1400,31
SIM_END,13,1,1,5,60,1,0
SIM,14,1,1,6,1,0,0,6,0,1,40,40,1000,0,30
SIM,14,1,1,6,2,1,3,6,1,1,40,39,200,800,19
SIM,14,1,1,6,3,0,0,9,0,2,39,39,1200,300,45
SIM,14,1,1,6,4,1,0,9,0,2,39,39,300,1000,39
SIM,14,1,1,6,5,0,0,9,0,2,38,39,1300,400,45
SIM,14,1,1,6,6,1,3,7,1,2,38,39,200,1100,34
SIM,14,1,1,6,7,0,3,7,1,2,38,39,1100,1100,45
SIM,14,1,1,6,8,1,3,6,1,1,38,39,500,1900,39
SIM,14,1,1,6,9,0,0,9,0,2,37,39,1500,200,45
SIM,14,1,1,6,10,1,3,7,1,2,37,39,100,900,32
SIM,14,1,1,6,11,0,0,7,0,2,36,39,1100,300,45
SIM,14,1,1,6,12,1,0,7,0,2,36,39,500,1000,41
SIM,14,1,1,6,13,0,0,10,0,3,35,39,1500,200,45
SIM,14,1,1,6,14,1,3,9,1,2,35,39,100,900,32
SIM,14,1,1,6,15,0,0,9,0,2,34,39,1100,300,45
SIM,14,1,1,6,16,1,0,9,0,2,34,39,500,1000,41
SIM,14,1,1,6,17,0,0,12,0,3,33,39,1500,200,45
SIM,14,1,1,6,18,1,3,10,1,3,33,39,100,800,32
SIM,14,1,1,6,19,0,0,10,0,3,32,39,1100,500,45
SIM,14,1,1,6,20,1,0,10,0,3,32,39,500,1100,41
SIM,14,1,1,6,21,0,0,13,0,4,29,39,1500,300,45
SIM,14,1,1,6,22,1,3,12,1,3,29,39,100,900,32
SIM,14,1,1,6,23,0,0,12,0,3,27,39,1100,300,45
SIM,14,1,1,6,24,1,0,12,0,3,27,39,500,900,41
SIM,14,1,1,6,25,0,0,15,0,4,24,39,1500,100,45
SIM,14,1,1,6,26,1,3,13,1,4,24,39,100,600,34
SIM,14,1,1,6,27,0,0,13,0,4,21,39,1100,300,45
SIM,14,1,1,6,28,1,0,13,0,4,21,39,1100,800,45
SIM,14,1,1,6,29,0,0,13,0,4,17,39,2100,500,45
SIM,14,1,1,6,30,1,3,11,1,4,17,39,400,1000,32
SIM,14,1,1,6,31,0,0,11,0,4,14,39,1400,400,45
SIM,14,1,1,6,32,1,0,11,0,4,14,39,1400,900,45
SIM,14,1,1,6,33,0,0,11,0,4,10,39,2400,300,45
SIM,14,1,1,6,34,1,3,9,1,3,10,39,400,1000,30
SIM,14,1,1,6,35,0,3,12,1,4,6,39,1300,200,45
SIM,14,1,1,6,36,1,3,10,1,4,6,39,400,800,37
SIM,14,1,1,6,37,0,3,10,1,4,2,39,1300,500,45
SIM,14,1,1,6,38,1,6,7,2,3,2,39,200,1200,34
SIM,14,1,1,6,39,0,6,7,2,3,1,39,1000,1200,45
SIM,14,1,1,6,40,1,6,4,2,2,1,39,400,2000,35
SIM_END,14,1,1,6,40,1,0
SIM_DONE
### tuned degrade=25
SIM_CONFIG,degrade_favoured_pct=25,only_handicap=1,variants=7,cover_pct=0
SIM,1,0,1,0,1,0,6,0,1,0,40,40,1000,0,30
SIM,1,0,1,0,2,1,9,0,2,0,40,39,200,1000,19
SIM,1,0,1,0,3,0,7,3,2,1,40,39,900,200,45
SIM,1,0,1,0,4,1,7,0,2,0,40,38,300,1200,31
SIM,1,0,1,0,5,0,7,0,2,0,40,38,1000,300,45
SIM,1,0,1,0,6,1,10,0,3,0,40,36,200,1300,27
SIM,1,0,1,0,7,0,9,3,2,1,40,36,900,200,45
SIM,1,0,1,0,8,1,9,0,2,0,40,35,300,1200,36
SIM,1,0,1,0,9,0,9,0,2,0,40,35,1000,300,45
SIM,1,0,1,0,10,1,12,0,3,0,40,33,200,1300,33
SIM,1,0,1,0,11,0,10,3,3,1,40,33,800,200,45
SIM,1,0,1,0,12,1,10,0,3,0,40,33,800,1200,43
SIM,1,0,1,0,13,0,10,0,3,0,40,33,1400,300,45
SIM,1,0,1,0,14,1,13,0,4,0,40,30,300,1300,26
SIM,1,0,1,0,15,0,11,3,4,1,40,30,800,200,45
SIM,1,0,1,0,16,1,11,0,4,0,40,27,500,1200,29
SIM,1,0,1,0,17,0,11,0,4,0,40,27,1000,1200,45
SIM,1,0,1,0,18,1,11,0,4,0,40,23,400,2200,33
SIM,1,0,1,0,19,0,9,3,3,1,40,23,1100,500,45
SIM,1,0,1,0,20,1,12,3,4,1,40,19,300,1400,24
SIM,1,0,1,0,21,0,10,3,4,1,40,19,900,500,45
SIM,1,0,1,0,22,1,10,3,4,1,40,15,300,1400,33
SIM,1,0,1,0,23,0,7,6,3,2,40,15,1000,300,45
SIM,1,0,1,0,24,1,7,6,3,2,40,14,1000,1100,43
SIM,1,0,1,0,25,0,4,6,2,2,40,14,1800,500,45
SIM,1,0,1,0,26,1,4,6,2,2,40,13,1800,1300,43
SIM,1,0,1,0,27,0,0,9,0,3,40,13,2800,200,45
SIM,1,0,1,0,28,1,3,9,1,3,40,12,200,900,22
SIM,1,0,1,0,29,0,0,9,0,3,40,12,1200,300,45
SIM,1,0,1,0,30,1,14,9,0,3,40,12,600,1000,43
SIM,1,0,1,0,31,0,12,12,0,4,38,12,1600,200,45
SIM,1,0,1,0,32,1,0,12,0,4,38,12,1900,800,45
SIM,1,0,1,0,33,0,0,12,0,4,34,12,2900,500,45
SIM,1,0,1,0,34,1,3,12,1,4,34,12,2700,1100,44
SIM,1,0,1,0,35,0,3,12,1,4,30,12,3600,500,45
SIM,1,0,1,0,36,1,17,12,1,4,30,12,3000,1100,43
SIM,1,0,1,0,37,0,17,12,1,4,26,12,3900,500,45
SIM,1,0,1,0,38,1,6,9,2,3,26,12,100,1200,14
SIM,1,0,1,0,39,0,6,12,2,4,22,12,900,100,44
SIM,1,0,1,0,40,1,20,12,2,4,22,12,300,700,42
SIM,1,0,1,0,41,0,20,12,2,4,18,12,1100,400,45
SIM,1,0,1,0,42,1,6,12,2,4,18,12,1400,1000,45
SIM,1,0,1,0,43,0,6,12,2,4,14,12,2200,400,45
SIM,1,0,1,0,44,1,9,7,3,3,14,12,200,1100,25
SIM,1,0,1,0,45,0,7,10,3,4,11,12,900,300,45
SIM,1,0,1,0,46,1,7,6,3,2,11,12,300,1100,31
SIM,1,0,1,0,47,0,6,6,2,2,10,12,1100,500,45
SIM,1,0,1,0,48,1,9,1,3,1,10,12,300,1400,26
SIM,1,0,1,0,49,0,6,4,2,2,10,12,1100,300,45
SIM,1,0,1,0,50,1,6,3,2,1,10,12,500,1200,37
SIM,1,0,1,0,51,0,4,3,2,1,10,12,1300,300,45
SIM,1,0,1,0,52,1,7,0,3,0,10,11,200,1300,16
SIM,1,0,1,0,53,0,6,3,2,1,10,11,1000,200,45
SIM,1,0,1,0,54,1,6,3,2,1,10,10,1000,1100,43
SIM,1,0,1,0,55,0,4,3,2,1,10,10,1800,500,45
SIM,1,0,1,0,56,1,7,0,3,0,10,9,100,1500,26
SIM,1,0,1,0,57,0,6,3,2,1,10,9,900,100,45
SIM,1,0,1,0,58,1,6,3,2,1,10,8,900,1000,43
SIM,1,0,1,0,59,0,4,3,2,1,10,8,1700,400,45
SIM,1,0,1,0,60,1,7,0,3,0,10,7,300,1400,26
SIM_END,1,0,1,0,60,0,0
SIM,2,0,1,1,1,0,6,0,1,0,40,40,1000,0,30
SIM,2,0,1,1,2,1,20,0,1,0,40,40,400,1000,28
SIM,2,0,1,1,3,0,18,3,1,1,40,40,1200,200,45
SIM,2,0,1,1,4,1,7,0,2,0,40,39,100,1200,28
SIM,2,0,1,1,5,0,7,0,2,0,40,39,800,300,45
SIM,2,0,1,1,6,1,7,0,2,0,40,38,500,1300,31
SIM,2,0,1,1,7,0,5,3,2,1,40,38,1200,200,45
SIM,2,0,1,1,8,1,5,3,2,1,40,38,1200,1100,43
SIM,2,0,1,1,9,0,4,3,1,1,40,38,2000,500,45
SIM,2,0,1,1,10,1,7,0,2,0,40,37,300,1500,26
SIM,2,0,1,1,11,0,5,3,2,1,40,37,1000,100,45
SIM,2,0,1,1,12,1,5,0,2,0,40,36,400,1100,37
SIM,2,0,1,1,13,0,5,0,2,0,40,36,1100,500,45
SIM,2,0,1,1,14,1,8,0,3,0,40,34,300,1500,29
SIM,2,0,1,1,15,0,7,3,2,1,40,34,1000,100,45
SIM,2,0,1,1,16,1,7,0,2,0,40,33,400,1100,36
SIM,2,0,1,1,17,0,7,0,2,0,40,33,1100,500,45
SIM,2,0,1,1,18,1,10,0,3,0,40,31,300,1500,33
SIM,2,0,1,1,19,0,8,3,3,1,40,31,900,100,45
SIM,2,0,1,1,20,1,8,0,3,0,40,29,300,1100,32
SIM,2,0,1,1,21,0,8,0,3,0,40,29,900,500,45
SIM,2,0,1,1,22,1,11,0,4,0,40,26,100,1500,31
SIM,2,0,1,1,23,0,9,3,3,1,40,26,800,100,45
SIM,2,0,1,1,24,1,9,3,3,1,40,23,500,1000,34
SIM,2,0,1,1,25,0,7,3,3,1,40,23,1200,400,45
SIM,2,0,1,1,26,1,10,1,4,1,40,20,100,1300,22
SIM,2,0,1,1,27,0,7,4,3,2,40,20,800,200,45
SIM,2,0,1,1,28,1,7,3,3,1,40,18,500,1100,37
SIM,2,0,1,1,29,0,6,3,2,1,40,18,1300,500,45
SIM,2,0,1,1,30,1,9,1,3,1,40,16,200,1400,28
SIM,2,0,1,1,31,0,6,4,2,2,40,16,1000,300,45
SIM,2,0,1,1,32,1,6,3,2,1,40,16,1000,1200,43
SIM,2,0,1,1,33,0,4,3,2,1,40,16,1800,300,45
SIM,2,0,1,1,34,1,7,0,3,0,40,15,100,1300,24
SIM,2,0,1,1,35,0,6,3,2,1,40,15,900,200,45
SIM,2,0,1,1,36,1,6,3,2,1,40,14,900,1100,43
SIM,2,0,1,1,37,0,4,3,2,1,40,14,1700,500,45
SIM,2,0,1,1,38,1,7,3,3,1,40,12,300,1400,27
SIM,2,0,1,1,39,0,4,6,2,2,40,12,1100,300,45
SIM,2,0,1,1,40,1,4,4,2,2,40,11,500,1100,36
SIM,2,0,1,1,41,0,3,4,1,2,40,11,1400,500,45
SIM,2,0,1,1,42,1,6,3,2,1,40,10,300,1400,30
SIM,2,0,1,1,43,0,3,6,1,2,40,10,1200,300,45
SIM,2,0,1,1,44,1,3,4,1,2,40,10,300,1100,37
SIM,2,0,1,1,45,0,0,4,0,2,40,10,1300,500,45
SIM,2,0,1,1,46,1,3,3,1,1,40,10,200,1400,32
SIM,2,0,1,1,47,0,0,6,0,2,40,10,1200,300,45
SIM,2,0,1,1,48,1,0,6,0,2,40,10,300,1100,39
SIM,2,0,1,1,49,0,0,6,0,2,39,10,1300,500,45
SIM,2,0,1,1,50,1,3,4,1,2,39,10,200,1300,34
SIM,2,0,1,1,51,0,0,7,0,3,38,10,1200,200,45
SIM,2,0,1,1,52,1,14,7,0,3,38,10,600,900,43
SIM,2,0,1,1,53,0,10,7,0,3,37,10,1600,300,45
SIM,2,0,1,1,54,1,3,6,1,2,37,10,200,1100,28
SIM,2,0,1,1,55,0,1,9,1,3,35,10,1100,300,45
SIM,2,0,1,1,56,1,1,7,1,3,35,10,500,1000,39
SIM,2,0,1,1,57,0,0,7,0,3,33,10,1500,400,45
SIM,2,0,1,1,58,1,14,7,0,3,33,10,900,1100,43
SIM,2,0,1,1,59,0,14,10,0,4,30,10,1900,300,45
SIM,2,0,1,1,60,1,3,9,1,3,30,10,200,1000,28
SIM_END,2,0,1,1,60,0,0
SIM,3,0,1,2,1,0,6,0,1,0,40,40,1000,0,30
SIM,3,0,1,2,2,1,20,0,1,0,40,40,400,1000,28
SIM,3,0,1,2,3,0,18,3,1,1,40,40,1200,200,45
SIM,3,0,1,2,4,1,7,0,2,0,40,39,100,1200,28
SIM,3,0,1,2,5,0,7,0,2,0,40,39,800,300,45
SIM,3,0,1,2,6,1,7,0,2,0,40,38,500,1300,41
SIM,3,0,1,2,7,0,5,3,2,1,40,38,1200,200,45
SIM,3,0,1,2,8,1,8,0,3,0,40,36,100,1200,10
SIM,3,0,1,2,9,0,8,0,3,0,40,36,700,300,40
SIM,3,0,1,2,10,1,8,0,3,0,40,35,700,1300,38
SIM,3,0,1,2,11,0,7,3,2,1,40,35,1400,200,45
SIM,3,0,1,2,12,1,7,0,2,0,40,35,1400,1200,43
SIM,3,0,1,2,13,0,7,0,2,0,40,35,2100,300,45
SIM,3,0,1,2,14,1,10,0,3,0,40,32,100,1300,12
SIM,3,0,1,2,15,0,8,3,3,1,40,32,700,200,42
SIM,3,0,1,2,16,1,8,0,3,0,40,30,400,1200,30
SIM,3,0,1,2,17,0,8,0,3,0,40,30,1000,300,45
SIM,3,0,1,2,18,1,11,0,4,0,40,27,200,1300,28
SIM,3,0,1,2,19,0,10,3,3,1,40,27,800,200,45
SIM,3,0,1,2,20,1,10,0,3,0,40,25,500,1200,35
SIM,3,0,1,2,21,0,10,0,3,0,40,25,1100,300,45
SIM,3,0,1,2,22,1,13,0,4,0,40,22,300,1300,31
SIM,3,0,1,2,23,0,11,3,4,1,40,22,800,200,45
SIM,3,0,1,2,24,1,11,0,4,0,40,19,500,1200,29
SIM,3,0,1,2,25,0,11,0,4,0,40,19,1000,1200,45
SIM,3,0,1,2,26,1,11,0,4,0,40,15,400,2200,33
SIM,3,0,1,2,27,0,9,3,3,1,40,15,1100,500,45
SIM,3,0,1,2,28,1,12,3,4,1,40,11,300,1400,24
SIM,3,0,1,2,29,0,10,3,4,1,40,11,900,500,45
SIM,3,0,1,2,30,1,10,3,4,1,40,7,300,1400,33
SIM,3,0,1,2,31,0,7,6,3,2,40,7,1000,300,45
SIM,3,0,1,2,32,1,10,4,4,2,40,4,200,1100,28
SIM,3,0,1,2,33,0,7,4,3,2,40,4,900,500,45
SIM,3,0,1,2,34,1,7,3,3,1,40,2,300,1400,35
SIM,3,0,1,2,35,0,4,6,2,2,40,2,1100,300,45
SIM_END,3,0,1,2,35,0,0
SIM,4,0,1,3,1,0,6,0,1,0,40,40,1000,0,30
SIM,4,0,1,3,2,1,9,0,2,0,40,39,200,1000,19
SIM,4,0,1,3,3,0,7,3,2,1,40,39,900,200,45
SIM,4,0,1,3,4,1,7,3,2,1,40,39,900,1100,35
SIM,4,0,1,3,5,0,6,3,1,1,40,39,1700,500,45
SIM,4,0,1,3,6,1,9,0,2,0,40,38,300,1500,28
SIM,4,0,1,3,7,0,7,3,2,1,40,38,1000,100,45
SIM,4,0,1,3,8,1,7,0,2,0,40,37,400,1100,37
SIM,4,0,1,3,9,0,7,0,2,0,40,37,1100,500,45
SIM,4,0,1,3,10,1,10,0,3,0,40,35,300,1500,27
SIM,4,0,1,3,11,0,9,3,2,1,40,35,1000,100,45
SIM,4,0,1,3,12,1,9,0,2,0,40,34,400,1100,36
SIM,4,0,1,3,13,0,9,0,2,0,40,34,1100,500,45
SIM,4,0,1,3,14,1,9,0,2,0,40,33,1100,1500,43
SIM,4,0,1,3,15,0,7,3,2,1,40,33,1800,100,45
SIM,4,0,1,3,16,1,7,0,2,0,40,33,1800,1100,43
SIM,4,0,1,3,17,0,7,0,2,0,40,33,2500,500,45
SIM,4,0,1,3,18,1,10,0,3,0,40,31,200,1500,23
SIM,4,0,1,3,19,0,8,3,3,1,40,31,800,100,45
SIM,4,0,1,3,20,1,8,0,3,0,40,31,800,1100,43
SIM,4,0,1,3,21,0,8,0,3,0,40,31,1400,500,45
SIM,4,0,1,3,22,1,11,0,4,0,40,28,300,1500,26
SIM,4,0,1,3,23,0,9,3,3,1,40,28,1000,100,45
SIM,4,0,1,3,24,1,9,3,3,1,40,27,1000,1000,43
SIM,4,0,1,3,25,0,7,3,3,1,40,27,1700,400,45
SIM,4,0,1,3,26,1,7,3,3,1,40,26,1700,1300,43
SIM,4,0,1,3,27,0,4,6,2,2,40,26,2500,200,45
SIM,4,0,1,3,28,1,7,3,3,1,40,25,200,1100,14
SIM,4,0,1,3,29,0,6,3,2,1,40,25,1000,500,44
SIM,4,0,1,3,30,1,6,3,2,1,40,24,1000,1400,42
SIM,4,0,1,3,31,0,3,6,1,2,40,24,1900,300,45
SIM,4,0,1,3,32,1,6,4,2,2,40,23,200,1100,26
SIM,4,0,1,3,33,0,3,4,1,2,40,23,1100,500,45
SIM,4,0,1,3,34,1,3,3,1,1,40,23,500,1400,38
SIM,4,0,1,3,35,0,0,6,0,2,40,23,1500,300,45
SIM,4,0,1,3,36,1,3,4,1,2,40,23,100,1100,30
SIM,4,0,1,3,37,0,0,4,0,2,40,23,1100,500,45
SIM,4,0,1,3,38,1,0,4,0,2,40,23,500,1300,41
SIM,4,0,1,3,39,0,0,7,0,3,39,23,1500,200,45
SIM,4,0,1,3,40,1,3,6,1,2,39,23,100,1000,31
SIM,4,0,1,3,41,0,1,6,1,2,38,23,1000,400,45
SIM,4,0,1,3,42,1,1,4,1,2,38,23,400,1200,39
SIM,4,0,1,3,43,0,0,7,0,3,36,23,1400,100,45
SIM,4,0,1,3,44,1,3,6,1,2,36,23,300,900,33
SIM,4,0,1,3,45,0,3,6,1,2,34,23,1200,300,45
SIM,4,0,1,3,46,1,17,6,1,2,34,23,600,1100,43
SIM,4,0,1,3,47,0,15,9,1,3,32,23,1500,300,45
SIM,4,0,1,3,48,1,4,6,2,2,32,23,100,1100,24
SIM,4,0,1,3,49,0,3,6,1,2,31,23,1000,500,45
SIM,4,0,1,3,50,1,3,4,1,2,31,23,400,1300,37
SIM,4,0,1,3,51,0,0,7,0,3,30,23,1400,200,45
SIM,4,0,1,3,52,1,3,6,1,2,30,23,300,1000,35
SIM,4,0,1,3,53,0,1,6,1,2,29,23,1200,400,45
SIM,4,0,1,3,54,1,15,6,1,2,29,23,600,1200,43
SIM,4,0,1,3,55,0,14,9,0,3,27,23,1600,100,45
SIM,4,0,1,3,56,1,0,9,0,3,27,23,1900,800,45
SIM,4,0,1,3,57,0,0,9,0,3,24,23,2900,500,45
SIM,4,0,1,3,58,1,3,7,1,3,24,23,300,1200,26
SIM,4,0,1,3,59,0,1,10,1,4,21,23,1200,100,45
SIM,4,0,1,3,60,1,1,9,1,3,21,23,1200,800,43
SIM_END,4,0,1,3,60,1,0
SIM,5,0,1,4,1,0,6,0,1,0,40,40,1000,0,30
SIM,5,0,1,4,2,1,9,0,2,0,40,39,200,1000,19
SIM,5,0,1,4,3,0,7,3,2,1,40,39,900,200,45
SIM,5,0,1,4,4,1,7,0,2,0,40,38,300,1200,19
SIM,5,0,1,4,5,0,7,0,2,0,40,38,1000,300,45
SIM,5,0,1,4,6,1,10,0,3,0,40,36,200,1300,27
SIM,5,0,1,4,7,0,9,3,2,1,40,36,900,200,45
SIM,5,0,1,4,8,1,9,0,2,0,40,35,300,1200,36
SIM,5,0,1,4,9,0,9,0,2,0,40,35,1000,300,45
SIM,5,0,1,4,10,1,12,0,3,0,40,33,200,1300,33
SIM,5,0,1,4,11,0,10,3,3,1,40,33,800,200,45
SIM,5,0,1,4,12,1,10,0,3,0,40,33,800,1200,43
SIM,5,0,1,4,13,0,10,0,3,0,40,33,1400,300,45
SIM,5,0,1,4,14,1,13,0,4,0,40,30,300,1300,26
SIM,5,0,1,4,15,0,11,3,4,1,40,30,800,200,45
SIM,5,0,1,4,16,1,11,0,4,0,40,30,800,1200,43
SIM,5,0,1,4,17,0,11,0,4,0,40,30,1300,300,45
SIM,5,0,1,4,18,1,11,0,4,0,40,26,400,1300,25
SIM,5,0,1,4,19,0,9,3,3,1,40,26,1100,500,45
SIM,5,0,1,4,20,1,9,3,3,1,40,25,1100,1400,43
SIM,5,0,1,4,21,0,7,3,3,1,40,25,1800,500,45
SIM,5,0,1,4,22,1,10,3,4,1,40,21,100,1400,18
SIM,5,0,1,4,23,0,7,6,3,2,40,21,800,300,45
SIM,5,0,1,4,24,1,7,6,3,2,40,20,800,1100,43
SIM,5,0,1,4,25,0,4,6,2,2,40,20,1600,500,45
SIM,5,0,1,4,26,1,4,6,2,2,40,19,1600,1300,43
SIM,5,0,1,4,27,0,0,9,0,3,40,19,2600,200,45
SIM,5,0,1,4,28,1,3,7,1,3,40,19,300,900,24
SIM,5,0,1,4,29,0,0,7,0,3,39,19,1300,300,45
SIM,5,0,1,4,30,1,0,7,0,3,39,19,400,1000,39
SIM,5,0,1,4,31,0,0,10,0,4,36,19,1400,200,45
SIM,5,0,1,4,32,1,14,10,0,4,36,19,800,800,43
SIM,5,0,1,4,33,0,14,10,0,4,33,19,1800,500,45
SIM,5,0,1,4,34,1,3,9,1,3,33,19,100,1200,30
SIM,5,0,1,4,35,0,1,12,1,4,30,19,1000,100,45
SIM,5,0,1,4,36,1,15,12,1,4,30,19,400,700,43
SIM,5,0,1,4,37,0,12,12,0,4,28,19,1400,400,45
SIM,5,0,1,4,38,1,3,10,1,4,28,19,300,1000,34
SIM,5,0,1,4,39,0,1,10,1,4,25,19,1200,400,45
SIM,5,0,1,4,40,1,1,9,1,3,25,19,1200,1100,43
SIM,5,0,1,4,41,0,0,12,0,4,22,19,2200,300,45
SIM,5,0,1,4,42,1,14,12,0,4,22,19,1600,900,43
SIM,5,0,1,4,43,0,12,12,0,4,19,19,2600,300,45
SIM,5,0,1,4,44,1,0,12,0,4,19,19,2900,900,45
SIM,5,0,1,4,45,0,0,12,0,4,15,19,3900,300,45
SIM,5,0,1,4,46,1,3,10,1,4,15,19,400,900,20
SIM,5,0,1,4,47,0,3,10,1,4,11,19,1300,300,45
SIM,5,0,1,4,48,1,3,9,1,3,11,19,1300,1000,43
SIM,5,0,1,4,49,0,3,12,1,4,7,19,2200,200,45
SIM,5,0,1,4,50,1,6,9,2,3,7,19,200,900,28
SIM,5,0,1,4,51,0,6,9,2,3,4,19,1000,300,45
SIM,5,0,1,4,52,1,6,6,2,2,4,19,400,1100,33
SIM,5,0,1,4,53,0,6,9,2,3,2,19,1200,300,45
SIM,5,0,1,4,54,1,20,9,2,3,2,19,600,1000,43
SIM_END,5,0,1,4,54,1,0
SIM,6,0,1,5,1,0,6,0,1,0,40,40,1000,0,30
SIM,6,0,1,5,2,1,20,0,1,0,40,40,400,1000,28
SIM,6,0,1,5,3,0,20,3,1,1,39,40,1200,200,45
SIM,6,0,1,5,4,1,9,0,2,0,39,39,100,1200,26
SIM,6,0,1,5,5,0,9,0,2,0,39,39,800,300,45
SIM,6,0,1,5,6,1,9,0,2,0,39,38,800,1300,43
SIM,6,0,1,5,7,0,7,3,2,1,39,38,1500,200,45
SIM,6,0,1,5,8,1,10,0,3,0,39,36,100,1200,12
SIM,6,0,1,5,9,0,10,0,3,0,39,36,700,300,42
SIM,6,0,1,5,10,1,10,0,3,0,39,35,700,1300,40
SIM,6,0,1,5,11,0,9,3,2,1,39,35,1400,200,45
SIM,6,0,1,5,12,1,12,0,3,0,39,33,300,1200,28
SIM,6,0,1,5,13,0,12,0,3,0,39,33,900,300,45
SIM,6,0,1,5,14,1,12,0,3,0,39,31,300,1300,33
SIM,6,0,1,5,15,0,10,3,3,1,39,31,900,200,45
SIM,6,0,1,5,16,1,13,0,4,0,39,28,100,1200,22
SIM,6,0,1,5,17,0,13,0,4,0,39,28,600,300,45
SIM,6,0,1,5,18,1,13,0,4,0,39,25,300,1300,35
SIM,6,0,1,5,19,0,12,3,3,1,39,25,900,200,45
SIM,6,0,1,5,20,1,12,3,3,1,39,25,900,1100,43
SIM,6,0,1,5,21,0,10,3,3,1,39,25,1500,500,45
SIM,6,0,1,5,22,1,10,0,3,0,39,25,1500,1500,43
SIM,6,0,1,5,23,0,8,3,3,1,39,25,2100,100,45
SIM,6,0,1,5,24,1,8,0,3,0,39,25,2100,1100,43
SIM,6,0,1,5,25,0,8,0,3,0,39,25,2700,500,45
SIM,6,0,1,5,26,1,11,0,4,0,39,22,100,1500,19
SIM,6,0,1,5,27,0,9,3,3,1,39,22,800,100,45
SIM,6,0,1,5,28,1,9,3,3,1,39,21,800,1000,43
SIM,6,0,1,5,29,0,7,3,3,1,39,21,1500,400,45
SIM,6,0,1,5,30,1,10,0,4,0,39,19,100,1400,19
SIM,6,0,1,5,31,0,9,3,3,1,39,19,800,300,45
SIM,6,0,1,5,32,1,9,0,3,0,39,18,500,1300,37
SIM,6,0,1,5,33,0,9,0,3,0,39,18,1200,400,45
SIM,6,0,1,5,34,1,12,0,4,0,39,14,100,1400,20
SIM,6,0,1,5,35,0,10,3,4,1,39,14,700,300,45
SIM,6,0,1,5,36,1,10,3,4,1,39,10,400,1200,35
SIM,6,0,1,5,37,0,9,3,3,1,39,10,1100,300,45
SIM,6,0,1,5,38,1,12,3,4,1,39,6,300,1200,24
SIM,6,0,1,5,39,0,9,6,3,2,39,6,1000,100,45
SIM,6,0,1,5,40,1,9,6,3,2,39,3,400,900,35
SIM,6,0,1,5,41,0,6,6,2,2,39,3,1200,300,45
SIM,6,0,1,5,42,1,6,6,2,2,39,2,1200,1100,43
SIM,6,0,1,5,43,0,1,9,1,3,39,2,2100,300,45
SIM_END,6,0,1,5,43,0,0
SIM,7,0,1,6,1,0,6,0,1,0,40,40,1000,0,30
SIM,7,0,1,6,2,1,9,0,2,0,40,39,200,1000,19
SIM,7,0,1,6,3,0,7,3,2,1,40,39,900,200,45
SIM,7,0,1,6,4,1,7,3,2,1,40,39,900,1100,23
SIM,7,0,1,6,5,0,6,3,1,1,40,39,1700,500,45
SIM,7,0,1,6,6,1,9,0,2,0,40,38,300,1500,28
SIM,7,0,1,6,7,0,7,3,2,1,40,38,1000,100,45
SIM,7,0,1,6,8,1,7,0,2,0,40,37,400,1100,37
SIM,7,0,1,6,9,0,7,0,2,0,40,37,1100,500,45
SIM,7,0,1,6,10,1,10,0,3,0,40,35,300,1500,27
SIM,7,0,1,6,11,0,9,3,2,1,40,35,1000,100,45
SIM,7,0,1,6,12,1,9,0,2,0,40,34,400,1100,36
SIM,7,0,1,6,13,0,9,0,2,0,40,34,1100,500,45
SIM,7,0,1,6,14,1,12,0,3,0,40,32,300,1500,33
SIM,7,0,1,6,15,0,10,3,3,1,40,32,900,100,45
SIM,7,0,1,6,16,1,10,0,3,0,40,30,300,1100,32
SIM,7,0,1,6,17,0,10,0,3,0,40,30,900,500,45
SIM,7,0,1,6,18,1,13,0,4,0,40,27,100,1500,31
SIM,7,0,1,6,19,0,11,3,4,1,40,27,600,100,45
SIM,7,0,1,6,20,1,11,0,4,0,40,24,300,1100,29
SIM,7,0,1,6,21,0,11,0,4,0,40,24,800,1100,45
SIM,7,0,1,6,22,1,11,0,4,0,40,20,500,2100,35
SIM,7,0,1,6,23,0,9,3,3,1,40,20,1200,400,45
SIM,7,0,1,6,24,1,12,3,4,1,40,16,100,1300,22
SIM,7,0,1,6,25,0,10,3,4,1,40,16,700,400,45
SIM,7,0,1,6,26,1,10,3,4,1,40,15,700,1300,43
SIM,7,0,1,6,27,0,7,6,3,2,40,15,1400,200,45
SIM,7,0,1,6,28,1,10,4,4,2,40,12,300,1000,26
SIM,7,0,1,6,29,0,7,4,3,2,40,12,1000,400,45
SIM,7,0,1,6,30,1,7,3,3,1,40,10,400,1300,35
SIM,7,0,1,6,31,0,4,6,2,2,40,10,1200,200,45
SIM,7,0,1,6,32,1,7,3,3,1,40,9,100,1100,24
SIM,7,0,1,6,33,0,6,3,2,1,40,9,900,500,45
SIM,7,0,1,6,34,1,6,1,2,1,40,8,300,1400,37
SIM,7,0,1,6,35,0,3,4,1,2,40,8,1200,300,45
SIM,7,0,1,6,36,1,6,3,2,1,40,7,100,1200,24
SIM,7,0,1,6,37,0,4,3,2,1,40,7,900,300,45
SIM,7,0,1,6,38,1,4,3,2,1,40,5,300,1200,37
SIM,7,0,1,6,39,0,1,6,1,2,40,5,1200,100,45
SIM,7,0,1,6,40,1,4,4,2,2,40,4,100,900,30
SIM,7,0,1,6,41,0,1,4,1,2,40,4,1000,300,45
SIM,7,0,1,6,42,1,1,3,1,1,40,4,400,1200,39
SIM,7,0,1,6,43,0,0,6,0,2,39,4,1400,100,45
SIM,7,0,1,6,44,1,3,4,1,2,39,4,300,900,34
SIM,7,0,1,6,45,0,1,4,1,2,38,4,1200,300,45
SIM,7,0,1,6,46,1,1,3,1,1,38,4,1200,1200,43
SIM,7,0,1,6,47,0,0,6,0,2,37,4,2200,100,45
SIM,7,0,1,6,48,1,3,4,1,2,37,4,200,900,28
SIM,7,0,1,6,49,0,1,4,1,2,36,4,1100,300,45
SIM,7,0,1,6,50,1,1,3,1,1,36,4,500,1200,39
SIM,7,0,1,6,51,0,0,6,0,2,35,4,1500,100,45
SIM,7,0,1,6,52,1,3,4,1,2,35,4,100,900,34
SIM,7,0,1,6,53,0,1,4,1,2,34,4,1000,300,45
SIM,7,0,1,6,54,1,1,3,1,1,34,4,400,1200,39
SIM,7,0,1,6,55,0,0,6,0,2,33,4,1400,100,45
SIM,7,0,1,6,56,1,3,4,1,2,33,4,300,900,36
SIM,7,0,1,6,57,0,1,4,1,2,32,4,1200,300,45
SIM,7,0,1,6,58,1,1,3,1,1,32,4,300,1200,37
SIM,7,0,1,6,59,0,0,6,0,2,31,4,1300,100,45
SIM,7,0,1,6,60,1,14,6,0,2,31,4,700,900,43
SIM_END,7,0,1,6,60,0,0
SIM,8,1,1,0,1,0,0,6,0,1,40,40,1000,0,30
SIM,8,1,1,0,2,1,3,4,1,1,40,40,200,800,19
SIM,8,1,1,0,3,0,0,7,0,2,39,40,1200,300,45
SIM,8,1,1,0,4,1,0,7,0,2,39,40,300,1000,39
SIM,8,1,1,0,5,0,0,7,0,2,38,40,1300,400,45
SIM,8,1,1,0,6,1,3,5,1,2,38,40,200,1100,34
SIM,8,1,1,0,7,0,0,8,0,3,37,40,1200,300,45
SIM,8,1,1,0,8,1,0,8,0,3,37,40,300,900,39
SIM,8,1,1,0,9,0,0,8,0,3,34,40,1300,300,45
SIM,8,1,1,0,10,1,3,7,1,2,34,40,200,1000,34
SIM,8,1,1,0,11,0,0,10,0,3,32,40,1200,200,45
SIM,8,1,1,0,12,1,0,10,0,3,32,40,300,800,39
SIM,8,1,1,0,13,0,0,10,0,3,29,40,1300,500,45
SIM,8,1,1,0,14,1,3,8,1,3,29,40,200,1100,36
SIM,8,1,1,0,15,0,0,8,0,3,29,40,1200,1100,45
SIM,8,1,1,0,16,1,0,8,0,3,29,40,300,1700,39
SIM,8,1,1,0,17,0,0,11,0,4,26,40,1300,300,45
SIM,8,1,1,0,18,1,3,9,1,3,26,40,200,1000,36
SIM,8,1,1,0,19,0,3,9,1,3,23,40,1100,400,45
SIM,8,1,1,0,20,1,3,7,1,3,23,40,500,1100,39
SIM,8,1,1,0,21,0,1,10,1,4,20,40,1400,300,45
SIM,8,1,1,0,22,1,4,7,2,3,20,40,300,1000,30
SIM,8,1,1,0,23,0,3,7,1,3,18,40,1200,400,45
SIM,8,1,1,0,24,1,3,6,1,2,18,40,300,1200,37
SIM,8,1,1,0,25,0,3,9,1,3,15,40,1200,100,45
SIM,8,1,1,0,26,1,6,6,2,2,15,40,100,900,28
SIM,8,1,1,0,27,0,6,6,2,2,14,40,900,900,45
SIM,8,1,1,0,28,1,6,3,2,1,14,40,300,1800,33
SIM,8,1,1,0,29,0,4,6,2,2,13,40,1100,100,45
SIM,8,1,1,0,30,1,7,1,3,1,13,40,300,1000,28
SIM,8,1,1,0,31,0,6,1,2,1,13,40,1100,400,45
SIM,8,1,1,0,32,1,6,0,2,0,13,40,500,1400,37
SIM,8,1,1,0,33,0,4,3,2,1,13,40,1300,300,45
SIM,8,1,1,0,34,1,7,0,3,0,13,39,200,1300,18
SIM,8,1,1,0,35,0,7,0,3,0,13,39,900,400,45
SIM,8,1,1,0,36,1,7,0,3,0,13,37,300,1400,33
SIM,8,1,1,0,37,0,6,3,2,1,13,37,1100,300,45
SIM,8,1,1,0,38,1,9,1,3,1,13,35,300,1200,32
SIM,8,1,1,0,39,0,9,15,3,1,13,35,1000,600,45
SIM,8,1,1,0,40,1,9,14,3,0,13,33,400,1600,35
SIM,8,1,1,0,41,0,7,3,3,1,13,33,1100,200,45
SIM,8,1,1,0,42,1,10,0,4,0,13,31,300,1200,16
SIM,8,1,1,0,43,0,10,0,4,0,13,31,900,300,45
SIM,8,1,1,0,44,1,10,0,4,0,13,27,300,1300,21
SIM,8,1,1,0,45,0,10,3,4,1,13,27,900,1100,45
SIM,8,1,1,0,46,1,10,3,4,1,13,23,300,2000,33
SIM,8,1,1,0,47,0,9,3,3,1,13,23,1000,500,45
SIM,8,1,1,0,48,1,12,3,4,1,13,19,200,1400,24
SIM,8,1,1,0,49,0,12,17,4,1,13,19,800,800,45
SIM,8,1,1,0,50,1,12,17,4,1,13,15,500,1700,35
SIM,8,1,1,0,51,0,12,3,4,1,13,15,1100,2000,45
SIM,8,1,1,0,52,1,12,3,4,1,13,11,500,2900,33
SIM,8,1,1,0,53,0,9,6,3,2,13,11,1200,300,45
SIM,8,1,1,0,54,1,12,4,4,2,13,8,100,1100,26
SIM,8,1,1,0,55,0,9,4,3,2,13,8,800,500,45
SIM,8,1,1,0,56,1,9,3,3,1,13,6,500,1400,37
SIM,8,1,1,0,57,0,6,6,2,2,13,6,1300,300,45
SIM,8,1,1,0,58,1,9,4,3,2,13,4,200,1100,28
SIM,8,1,1,0,59,0,9,18,3,2,13,4,900,500,45
SIM,8,1,1,0,60,1,9,17,3,1,13,2,300,1400,35
SIM_END,8,1,1,0,60,0,0
SIM,9,1,1,1,1,0,0,6,0,1,40,40,1000,0,30
SIM,9,1,1,1,2,1,3,4,1,1,40,40,200,800,19
SIM,9,1,1,1,3,0,0,7,0,2,39,40,1200,300,45
SIM,9,1,1,1,4,1,0,7,0,2,39,40,300,1000,39
SIM,9,1,1,1,5,0,0,7,0,2,38,40,1300,400,45
SIM,9,1,1,1,6,1,3,5,1,2,38,40,200,1100,34
SIM,9,1,1,1,7,0,3,5,1,2,38,40,1100,1100,45
SIM,9,1,1,1,8,1,3,4,1,1,38,40,500,1900,39
SIM,9,1,1,1,9,0,0,7,0,2,37,40,1500,200,45
SIM,9,1,1,1,10,1,3,5,1,2,37,40,100,900,32
SIM,9,1,1,1,11,0,0,5,0,2,36,40,1100,300,45
SIM,9,1,1,1,12,1,0,5,0,2,36,40,500,1000,41
SIM,9,1,1,1,13,0,0,5,0,2,35,40,1500,1000,45
SIM,9,1,1,1,14,1,3,3,1,1,35,40,100,1900,32
SIM,9,1,1,1,15,0,1,6,1,2,34,40,1000,200,45
SIM,9,1,1,1,16,1,1,4,1,2,34,40,400,1000,39
SIM,9,1,1,1,17,0,0,4,0,2,34,40,1400,1000,45
SIM,9,1,1,1,18,1,3,3,1,1,34,40,300,1900,34
SIM,9,1,1,1,19,0,3,3,1,1,33,40,1200,1900,45
SIM,9,1,1,1,20,1,3,1,1,1,33,40,300,2800,35
SIM,9,1,1,1,21,0,1,4,1,2,32,40,1200,200,45
SIM,9,1,1,1,22,1,4,1,2,1,32,40,100,1100,30
SIM,9,1,1,1,23,0,3,1,1,1,32,40,1000,500,45
SIM,9,1,1,1,24,1,3,0,1,0,32,40,400,1500,39
SIM,9,1,1,1,25,0,1,3,1,1,32,40,1300,100,45
SIM,9,1,1,1,26,1,4,0,2,0,32,40,200,1100,30
SIM,9,1,1,1,27,0,4,0,2,0,32,40,1000,500,45
SIM,9,1,1,1,28,1,4,0,2,0,32,39,400,1500,32
SIM,9,1,1,1,29,0,4,14,2,0,32,39,1200,900,45
SIM,9,1,1,1,30,1,7,12,3,0,32,37,100,1900,25
SIM,9,1,1,1,31,0,6,3,2,1,32,37,900,200,45
SIM,9,1,1,1,32,1,6,3,2,1,32,35,300,1100,36
SIM,9,1,1,1,33,0,4,3,2,1,32,35,1100,500,45
SIM,9,1,1,1,34,1,7,3,3,1,32,33,300,1400,33
SIM,9,1,1,1,35,0,4,6,2,2,32,33,1100,300,45
SIM,9,1,1,1,36,1,4,4,2,2,32,32,500,1100,36
SIM,9,1,1,1,37,0,1,4,1,2,32,32,1400,500,45
SIM,9,1,1,1,38,1,4,1,2,1,32,32,300,1400,30
SIM,9,1,1,1,39,0,1,4,1,2,32,32,1200,300,45
SIM,9,1,1,1,40,1,1,3,1,1,32,32,300,1200,37
SIM,9,1,1,1,41,0,0,3,0,1,32,32,1300,300,45
SIM,9,1,1,1,42,1,3,1,1,1,32,32,200,1200,32
SIM,9,1,1,1,43,0,0,4,0,2,32,32,1200,100,45
SIM,9,1,1,1,44,1,0,4,0,2,32,32,300,900,39
SIM,9,1,1,1,45,0,0,4,0,2,31,32,1300,300,45
SIM,9,1,1,1,46,1,3,3,1,1,31,32,200,1200,32
SIM,9,1,1,1,47,0,3,3,1,1,30,32,1100,1200,45
SIM,9,1,1,1,48,1,3,1,1,1,30,32,500,2100,35
SIM,9,1,1,1,49,0,3,1,1,1,29,32,1400,2100,45
SIM,9,1,1,1,50,1,6,0,2,0,29,31,300,3100,22
SIM,9,1,1,1,51,0,4,3,2,1,29,31,1100,200,45
SIM,9,1,1,1,52,1,4,3,2,1,29,29,500,1100,33
SIM,9,1,1,1,53,0,3,3,1,1,29,29,1400,1100,45
SIM,9,1,1,1,54,1,6,3,2,1,29,28,300,2000,33
SIM,9,1,1,1,55,0,3,6,1,2,29,28,1200,300,45
SIM,9,1,1,1,56,1,3,6,1,2,29,27,300,1100,36
SIM,9,1,1,1,57,0,3,20,1,2,29,27,1200,500,45
SIM,9,1,1,1,58,1,6,18,2,2,29,26,100,1300,30
SIM,9,1,1,1,59,0,1,7,1,3,29,26,1000,200,45
SIM,9,1,1,1,60,1,1,6,1,2,29,26,400,1000,39
SIM_END,9,1,1,1,60,0,0
SIM,10,1,1,2,1,0,0,6,0,1,40,40,1000,0,30
SIM,10,1,1,2,2,1,3,6,1,1,40,39,200,800,19
SIM,10,1,1,2,3,0,0,9,0,2,39,39,1200,300,45
SIM,10,1,1,2,4,1,0,9,0,2,39,39,300,1000,39
SIM,10,1,1,2,5,0,0,9,0,2,38,39,1300,1000,45
SIM,10,1,1,2,6,1,3,7,1,2,38,39,200,1700,34
SIM,10,1,1,2,7,0,3,7,1,2,38,39,1100,1700,45
SIM,10,1,1,2,8,1,3,6,1,1,38,39,500,2500,39
SIM,10,1,1,2,9,0,0,9,0,2,37,39,1500,200,45
SIM,10,1,1,2,10,1,3,7,1,2,37,39,100,900,32
SIM,10,1,1,2,11,0,0,7,0,2,36,39,1100,300,45
SIM,10,1,1,2,12,1,0,7,0,2,36,39,500,1000,41
SIM,10,1,1,2,13,0,0,10,0,3,35,39,1500,200,45
SIM,10,1,1,2,14,1,3,9,1,2,35,39,100,900,32
SIM,10,1,1,2,15,0,0,9,0,2,34,39,1100,300,45
SIM,10,1,1,2,16,1,0,9,0,2,34,39,500,1000,41
SIM,10,1,1,2,17,0,0,9,0,2,33,39,1500,1000,45
SIM,10,1,1,2,18,1,3,7,1,2,33,39,100,1700,32
SIM,10,1,1,2,19,0,0,7,0,2,33,39,1100,1700,45
SIM,10,1,1,2,20,1,0,7,0,2,33,39,500,2400,41
SIM,10,1,1,2,21,0,0,10,0,3,31,39,1500,100,45
SIM,10,1,1,2,22,1,3,8,1,3,31,39,100,700,34
SIM,10,1,1,2,23,0,0,8,0,3,29,39,1100,400,45
SIM,10,1,1,2,24,1,0,8,0,3,29,39,500,1000,41
SIM,10,1,1,2,25,0,0,11,0,4,26,39,1500,200,45
SIM,10,1,1,2,26,1,3,10,1,3,26,39,100,800,34
SIM,10,1,1,2,27,0,0,10,0,3,24,39,1100,500,45
SIM,10,1,1,2,28,1,0,10,0,3,24,39,500,1100,41
SIM,10,1,1,2,29,0,0,10,0,3,23,39,1500,1100,45
SIM,10,1,1,2,30,1,3,8,1,3,23,39,100,1700,33
SIM,10,1,1,2,31,0,0,11,0,4,20,39,1100,300,45
SIM,10,1,1,2,32,1,0,11,0,4,20,39,500,800,41
SIM,10,1,1,2,33,0,0,11,0,4,17,39,1500,500,45
SIM,10,1,1,2,34,1,3,9,1,3,17,39,100,1200,31
SIM,10,1,1,2,35,0,1,12,1,4,14,39,1000,100,45
SIM,10,1,1,2,36,1,1,10,1,4,14,39,400,700,39
SIM,10,1,1,2,37,0,0,10,0,4,11,39,1400,400,45
SIM,10,1,1,2,38,1,3,9,1,3,11,39,300,1100,33
SIM,10,1,1,2,39,0,1,12,1,4,8,39,1200,300,45
SIM,10,1,1,2,40,1,1,10,1,4,8,39,300,900,37
SIM,10,1,1,2,41,0,0,10,0,4,5,39,1300,300,45
SIM,10,1,1,2,42,1,3,9,1,3,5,39,200,1000,33
SIM,10,1,1,2,43,0,1,12,1,4,2,39,1100,200,45
SIM,10,1,1,2,44,1,1,10,1,4,2,39,500,800,39
SIM_END,10,1,1,2,44,1,0
SIM,11,1,1,3,1,0,0,6,0,1,40,40,1000,0,30
SIM,11,1,1,3,2,1,3,6,1,1,40,39,200,800,19
SIM,11,1,1,3,3,0,0,9,0,2,39,39,1200,300,45
SIM,11,1,1,3,4,1,0,9,0,2,39,39,300,1000,39
SIM,11,1,1,3,5,0,0,9,0,2,38,39,1300,400,45
SIM,11,1,1,3,6,1,3,7,1,2,38,39,200,1100,34
SIM,11,1,1,3,7,0,3,7,1,2,38,39,1100,1100,45
SIM,11,1,1,3,8,1,3,6,1,1,38,39,500,1900,39
SIM,11,1,1,3,9,0,0,6,0,1,38,39,1500,1900,45
SIM,11,1,1,3,10,1,3,4,1,1,38,39,100,2700,31
SIM,11,1,1,3,11,0,0,7,0,2,37,39,1100,100,45
SIM,11,1,1,3,12,1,0,7,0,2,37,39,500,800,41
SIM,11,1,1,3,13,0,0,7,0,2,36,39,1500,500,45
SIM,11,1,1,3,14,1,3,5,1,2,36,39,100,1200,32
SIM,11,1,1,3,15,0,0,8,0,3,34,39,1100,100,45
SIM,11,1,1,3,16,1,0,8,0,3,34,39,500,700,41
SIM,11,1,1,3,17,0,0,8,0,3,32,39,1500,400,45
SIM,11,1,1,3,18,1,3,7,1,2,32,39,100,1100,32
SIM,11,1,1,3,19,0,3,7,1,2,32,39,1000,1100,45
SIM,11,1,1,3,20,1,3,5,1,2,32,39,400,1800,39
SIM,11,1,1,3,21,0,0,5,0,2,32,39,1400,1800,45
SIM,11,1,1,3,22,1,3,3,1,1,32,39,300,2700,34
SIM,11,1,1,3,23,0,1,6,1,2,31,39,1200,100,45
SIM,11,1,1,3,24,1,1,4,1,2,31,39,300,900,37
SIM,11,1,1,3,25,0,0,4,0,2,31,39,1300,900,45
SIM,11,1,1,3,26,1,3,3,1,1,31,39,200,1800,34
SIM,11,1,1,3,27,0,3,3,1,1,30,39,1100,1800,45
SIM,11,1,1,3,28,1,3,1,1,1,30,39,500,2700,37
SIM,11,1,1,3,29,0,1,4,1,2,29,39,1400,100,45
SIM,11,1,1,3,30,1,4,1,2,1,29,39,300,1000,32
SIM,11,1,1,3,31,0,3,1,1,1,29,39,1200,400,45
SIM,11,1,1,3,32,1,3,0,1,0,29,39,300,1400,37
SIM,11,1,1,3,33,0,1,3,1,1,29,39,1200,300,45
SIM,11,1,1,3,34,1,4,0,2,0,29,39,100,1300,30
SIM,11,1,1,3,35,0,4,0,2,0,29,39,900,400,45
SIM,11,1,1,3,36,1,4,0,2,0,29,39,300,1400,41
SIM,11,1,1,3,37,0,3,3,1,1,29,39,1200,300,45
SIM,11,1,1,3,38,1,6,0,2,0,29,39,100,1300,32
SIM,11,1,1,3,39,0,6,14,2,0,29,39,900,700,45
SIM,11,1,1,3,40,1,6,14,2,0,29,38,300,1700,27
SIM,11,1,1,3,41,0,4,3,2,1,29,38,1100,300,45
SIM,11,1,1,3,42,1,7,0,3,0,29,37,300,1300,26
SIM,11,1,1,3,43,0,7,0,3,0,29,37,1000,400,45
SIM,11,1,1,3,44,1,7,0,3,0,29,34,400,1400,29
SIM,11,1,1,3,45,0,6,3,2,1,29,34,1200,300,45
SIM,11,1,1,3,46,1,9,3,3,1,29,31,100,1200,24
SIM,11,1,1,3,47,0,7,3,3,1,29,31,800,300,45
SIM,11,1,1,3,48,1,7,3,3,1,29,28,500,1200,37
SIM,11,1,1,3,49,0,4,6,2,2,29,28,1300,100,45
SIM,11,1,1,3,50,1,7,4,3,2,29,26,200,900,28
SIM,11,1,1,3,51,0,4,4,2,2,29,26,1000,300,45
SIM,11,1,1,3,52,1,4,3,2,1,29,25,400,1200,37
SIM,11,1,1,3,53,0,1,6,1,2,29,25,1300,100,45
SIM,11,1,1,3,54,1,4,3,2,1,29,25,200,1000,26
SIM,11,1,1,3,55,0,4,3,2,1,29,25,1000,1000,45
SIM,11,1,1,3,56,1,4,0,2,0,29,25,400,2000,37
SIM,11,1,1,3,57,0,3,3,1,1,29,25,1300,300,45
SIM,11,1,1,3,58,1,6,0,2,0,29,25,200,1300,30
SIM,11,1,1,3,59,0,6,0,2,0,29,25,1000,400,45
SIM,11,1,1,3,60,1,6,0,2,0,29,23,400,1400,33
SIM_END,11,1,1,3,60,0,0
SIM,12,1,1,4,1,0,0,6,0,1,40,40,1000,0,30
SIM,12,1,1,4,2,1,3,6,1,1,40,39,200,800,19
SIM,12,1,1,4,3,0,0,9,0,2,39,39,1200,300,45
SIM,12,1,1,4,4,1,0,9,0,2,39,39,300,1000,39
SIM,12,1,1,4,5,0,0,9,0,2,38,39,1300,1000,45
SIM,12,1,1,4,6,1,3,7,1,2,38,39,200,1700,34
SIM,12,1,1,4,7,0,0,10,0,3,37,39,1200,300,45
SIM,12,1,1,4,8,1,0,10,0,3,37,39,300,900,39
SIM,12,1,1,4,9,0,0,10,0,3,36,39,1300,900,45
SIM,12,1,1,4,10,1,3,9,1,2,36,39,200,1600,34
SIM,12,1,1,4,11,0,0,12,0,3,35,39,1200,200,45
SIM,12,1,1,4,12,1,0,12,0,3,35,39,300,800,39
SIM,12,1,1,4,13,0,0,12,0,3,32,39,1300,500,45
SIM,12,1,1,4,14,1,3,10,1,3,32,39,200,1100,36
SIM,12,1,1,4,15,0,0,13,0,4,30,39,1200,300,45
SIM,12,1,1,4,16,1,0,13,0,4,30,39,300,800,39
SIM,12,1,1,4,17,0,0,13,0,4,26,39,1300,500,45
SIM,12,1,1,4,18,1,3,11,1,4,26,39,500,1000,38
SIM,12,1,1,4,19,0,0,11,0,4,26,39,1500,1000,45
SIM,12,1,1,4,20,1,0,11,0,4,26,39,1500,1500,45
SIM,12,1,1,4,21,0,0,11,0,4,25,39,2500,1500,45
SIM,12,1,1,4,22,1,3,9,1,3,25,39,500,2200,30
SIM,12,1,1,4,23,0,3,12,1,4,21,39,1400,200,45
SIM,12,1,1,4,24,1,3,10,1,4,21,39,500,800,37
SIM,12,1,1,4,25,0,3,10,1,4,17,39,1400,500,45
SIM,12,1,1,4,26,1,6,7,2,3,17,39,300,1200,34
SIM,12,1,1,4,27,0,6,10,2,4,13,39,1100,100,45
SIM,12,1,1,4,28,1,6,7,2,3,13,39,500,800,37
SIM,12,1,1,4,29,0,6,7,2,3,12,39,1300,800,45
SIM,12,1,1,4,30,1,9,3,3,1,12,39,200,1700,26
SIM,12,1,1,4,31,0,7,6,3,2,11,39,900,300,45
SIM,12,1,1,4,32,1,7,1,3,1,11,39,300,1200,29
SIM,12,1,1,4,33,0,6,1,2,1,11,39,1100,300,45
SIM,12,1,1,4,34,1,9,0,3,0,11,37,300,1300,26
SIM,12,1,1,4,35,0,9,14,3,0,11,37,1000,700,45
SIM,12,1,1,4,36,1,9,14,3,0,11,35,400,1700,37
SIM,12,1,1,4,37,0,7,3,3,1,11,35,1100,300,45
SIM,12,1,1,4,38,1,10,1,4,1,11,32,300,1200,16
SIM,12,1,1,4,39,0,9,1,3,1,11,32,1000,1200,45
SIM,12,1,1,4,40,1,9,0,3,0,11,30,400,2200,35
SIM,12,1,1,4,41,0,7,3,3,1,11,30,1100,200,45
SIM,12,1,1,4,42,1,10,0,4,0,11,28,300,1200,24
SIM,12,1,1,4,43,0,10,0,4,0,11,28,900,300,45
SIM,12,1,1,4,44,1,10,0,4,0,11,24,300,1300,29
SIM,12,1,1,4,45,0,10,3,4,1,11,24,900,1100,45
SIM,12,1,1,4,46,1,10,3,4,1,11,20,300,2000,33
SIM,12,1,1,4,47,0,10,3,4,1,11,20,900,2000,45
SIM,12,1,1,4,48,1,10,3,4,1,11,16,300,2900,33
SIM,12,1,1,4,49,0,9,3,3,1,11,16,1000,2900,45
SIM,12,1,1,4,50,1,12,3,4,1,11,13,200,3800,31
SIM,12,1,1,4,51,0,12,17,4,1,11,13,800,3200,45
SIM,12,1,1,4,52,1,12,17,4,1,11,9,500,4100,29
SIM,12,1,1,4,53,0,9,6,3,2,11,9,1200,300,45
SIM,12,1,1,4,54,1,12,6,4,2,11,6,100,1100,29
SIM,12,1,1,4,55,0,9,6,3,2,11,6,800,500,45
SIM,12,1,1,4,56,1,9,6,3,2,11,3,500,1300,34
SIM,12,1,1,4,57,0,9,20,3,2,11,3,1200,700,45
SIM_END,12,1,1,4,57,0,0
SIM,13,1,1,5,1,0,0,6,0,1,40,40,1000,0,30
SIM,13,1,1,5,2,1,3,6,1,1,40,39,200,800,19
SIM,13,1,1,5,3,0,3,6,1,1,40,39,1100,800,45
SIM,13,1,1,5,4,1,3,6,1,1,40,38,500,1600,39
SIM,13,1,1,5,5,0,0,6,0,1,40,38,1500,1600,45
SIM,13,1,1,5,6,1,3,6,1,1,40,37,100,2400,30
SIM,13,1,1,5,7,0,0,9,0,2,39,37,1100,100,45
SIM,13,1,1,5,8,1,0,9,0,2,39,37,500,800,41
SIM,13,1,1,5,9,0,0,9,0,2,38,37,1500,500,45
SIM,13,1,1,5,10,1,3,7,1,2,38,37,100,1200,32
SIM,13,1,1,5,11,0,0,10,0,3,36,37,1100,100,45
SIM,13,1,1,5,12,1,0,10,0,3,36,37,500,700,41
SIM,13,1,1,5,13,0,0,10,0,3,34,37,1500,400,45
SIM,13,1,1,5,14,1,3,9,1,2,34,37,100,1100,32
SIM,13,1,1,5,15,0,0,12,0,3,32,37,1100,300,45
SIM,13,1,1,5,16,1,0,12,0,3,32,37,500,900,41
SIM,13,1,1,5,17,0,0,12,0,3,31,37,1500,900,45
SIM,13,1,1,5,18,1,3,10,1,3,31,37,100,1500,34
SIM,13,1,1,5,19,0,3,10,1,3,31,37,1000,1500,45
SIM,13,1,1,5,20,1,3,9,1,2,31,37,400,2200,39
SIM,13,1,1,5,21,0,0,12,0,3,30,37,1400,200,45
SIM,13,1,1,5,22,1,3,10,1,3,30,37,300,800,35
SIM,13,1,1,5,23,0,0,10,0,3,28,37,1300,500,45
SIM,13,1,1,5,24,1,0,10,0,3,28,37,400,1100,39
SIM,13,1,1,5,25,0,0,13,0,4,25,37,1400,300,45
SIM,13,1,1,5,26,1,3,11,1,4,25,37,300,800,36
SIM,13,1,1,5,27,0,0,11,0,4,22,37,1300,500,45
SIM,13,1,1,5,28,1,0,11,0,4,22,37,400,1000,39
SIM,13,1,1,5,29,0,0,11,0,4,19,37,1400,400,45
SIM,13,1,1,5,30,1,3,10,1,3,19,37,300,1000,36
SIM,13,1,1,5,31,0,0,13,0,4,16,37,1300,200,45
SIM,13,1,1,5,32,1,0,13,0,4,16,37,400,700,39
SIM,13,1,1,5,33,0,0,13,0,4,15,37,1400,700,45
SIM,13,1,1,5,34,1,3,11,1,4,15,37,300,1200,36
SIM,13,1,1,5,35,0,0,11,0,4,12,37,1300,300,45
SIM,13,1,1,5,36,1,0,11,0,4,12,37,400,800,39
SIM,13,1,1,5,37,0,0,11,0,4,11,37,1400,800,45
SIM,13,1,1,5,38,1,3,10,1,3,11,37,300,1400,36
SIM,13,1,1,5,39,0,0,13,0,4,8,37,1300,300,45
SIM,13,1,1,5,40,1,0,13,0,4,8,37,400,800,39
SIM,13,1,1,5,41,0,0,13,0,4,7,37,1400,800,45
SIM,13,1,1,5,42,1,3,11,1,4,7,37,300,1300,36
SIM,13,1,1,5,43,0,0,11,0,4,4,37,1300,400,45
SIM,13,1,1,5,44,1,0,11,0,4,4,37,400,900,39
SIM_END,13,1,1,5,44,1,0
SIM,14,1,1,6,1,0,0,6,0,1,40,40,1000,0,30
SIM,14,1,1,6,2,1,3,6,1,1,40,39,200,800,19
SIM,14,1,1,6,3,0,0,9,0,2,39,39,1200,300,45
SIM,14,1,1,6,4,1,0,9,0,2,39,39,300,1000,39
SIM,14,1,1,6,5,0,0,9,0,2,38,39,1300,400,45
SIM,14,1,1,6,6,1,3,7,1,2,38,39,200,1100,34
SIM,14,1,1,6,7,0,3,7,1,2,38,39,1100,1100,45
SIM,14,1,1,6,8,1,3,6,1,1,38,39,500,1900,39
SIM,14,1,1,6,9,0,0,9,0,2,37,39,1500,200,45
SIM,14,1,1,6,10,1,3,7,1,2,37,39,100,900,32
SIM,14,1,1,6,11,0,0,7,0,2,36,39,1100,300,45
SIM,14,1,1,6,12,1,0,7,0,2,36,39,500,1000,41
SIM,14,1,1,6,13,0,0,10,0,3,35,39,1500,200,45
SIM,14,1,1,6,14,1,3,9,1,2,35,39,100,900,32
SIM,14,1,1,6,15,0,0,9,0,2,34,39,1100,300,45
SIM,14,1,1,6,16,1,0,9,0,2,34,39,500,1000,41
SIM,14,1,1,6,17,0,0,12,0,3,33,39,1500,200,45
SIM,14,1,1,6,18,1,3,10,1,3,33,39,100,800,32
SIM,14,1,1,6,19,0,0,10,0,3,32,39,1100,500,45
SIM,14,1,1,6,20,1,0,10,0,3,32,39,500,1100,41
SIM,14,1,1,6,21,0,0,13,0,4,29,39,1500,300,45
SIM,14,1,1,6,22,1,3,12,1,3,29,39,100,900,32
SIM,14,1,1,6,23,0,0,12,0,3,27,39,1100,300,45
SIM,14,1,1,6,24,1,0,12,0,3,27,39,500,900,41
SIM,14,1,1,6,25,0,0,15,0,4,24,39,1500,100,45
SIM,14,1,1,6,26,1,3,13,1,4,24,39,100,600,34
SIM,14,1,1,6,27,0,0,13,0,4,21,39,1100,300,45
SIM,14,1,1,6,28,1,0,13,0,4,21,39,1100,800,45
SIM,14,1,1,6,29,0,0,13,0,4,17,39,2100,500,45
SIM,14,1,1,6,30,1,3,11,1,4,17,39,400,1000,32
SIM,14,1,1,6,31,0,0,11,0,4,14,39,1400,400,45
SIM,14,1,1,6,32,1,0,11,0,4,14,39,1400,900,45
SIM,14,1,1,6,33,0,0,11,0,4,10,39,2400,300,45
SIM,14,1,1,6,34,1,3,9,1,3,10,39,400,1000,30
SIM,14,1,1,6,35,0,3,12,1,4,6,39,1300,200,45
SIM,14,1,1,6,36,1,3,10,1,4,6,39,400,800,37
SIM,14,1,1,6,37,0,3,10,1,4,2,39,1300,500,45
SIM,14,1,1,6,38,1,6,7,2,3,2,39,200,1200,34
SIM,14,1,1,6,39,0,6,7,2,3,1,39,1000,1200,45
SIM,14,1,1,6,40,1,6,4,2,2,1,39,400,2000,35
SIM_END,14,1,1,6,40,1,0
SIM_DONE
### tuned degrade=30
SIM_CONFIG,degrade_favoured_pct=30,only_handicap=1,variants=7,cover_pct=0
SIM,1,0,1,0,1,0,6,0,1,0,40,40,1000,0,30
SIM,1,0,1,0,2,1,9,0,2,0,40,39,200,1000,19
SIM,1,0,1,0,3,0,7,3,2,1,40,39,900,200,45
SIM,1,0,1,0,4,1,7,0,2,0,40,38,300,1200,31
SIM,1,0,1,0,5,0,7,0,2,0,40,38,1000,300,45
SIM,1,0,1,0,6,1,10,0,3,0,40,36,200,1300,27
SIM,1,0,1,0,7,0,9,3,2,1,40,36,900,200,45
SIM,1,0,1,0,8,1,9,0,2,0,40,35,300,1200,36
SIM,1,0,1,0,9,0,9,0,2,0,40,35,1000,300,45
SIM,1,0,1,0,10,1,12,0,3,0,40,33,200,1300,33
SIM,1,0,1,0,11,0,10,3,3,1,40,33,800,200,45
SIM,1,0,1,0,12,1,10,0,3,0,40,33,800,1200,43
SIM,1,0,1,0,13,0,10,0,3,0,40,33,1400,300,45
SIM,1,0,1,0,14,1,13,0,4,0,40,30,300,1300,26
SIM,1,0,1,0,15,0,11,3,4,1,40,30,800,200,45
SIM,1,0,1,0,16,1,11,0,4,0,40,27,500,1200,29
SIM,1,0,1,0,17,0,11,0,4,0,40,27,1000,1200,45
SIM,1,0,1,0,18,1,11,0,4,0,40,26,1000,2200,43
SIM,1,0,1,0,19,0,9,3,3,1,40,26,1700,500,45
SIM,1,0,1,0,20,1,12,3,4,1,40,22,300,1400,20
SIM,1,0,1,0,21,0,10,3,4,1,40,22,900,500,45
SIM,1,0,1,0,22,1,10,3,4,1,40,18,300,1400,33
SIM,1,0,1,0,23,0,7,6,3,2,40,18,1000,300,45
SIM,1,0,1,0,24,1,7,6,3,2,40,17,1000,1100,43
SIM,1,0,1,0,25,0,4,6,2,2,40,17,1800,500,45
SIM,1,0,1,0,26,1,4,6,2,2,40,16,1800,1300,43
SIM,1,0,1,0,27,0,0,9,0,3,40,16,2800,200,45
SIM,1,0,1,0,28,1,3,9,1,3,40,15,200,900,22
SIM,1,0,1,0,29,0,0,9,0,3,40,15,1200,300,45
SIM,1,0,1,0,30,1,14,9,0,3,40,15,600,1000,43
SIM,1,0,1,0,31,0,12,12,0,4,38,15,1600,200,45
SIM,1,0,1,0,32,1,0,12,0,4,38,15,1900,800,45
SIM,1,0,1,0,33,0,0,12,0,4,34,15,2900,500,45
SIM,1,0,1,0,34,1,3,12,1,4,34,15,2700,1100,44
SIM,1,0,1,0,35,0,3,12,1,4,30,15,3600,500,45
SIM,1,0,1,0,36,1,17,12,1,4,30,15,3000,1100,43
SIM,1,0,1,0,37,0,17,12,1,4,26,15,3900,500,45
SIM,1,0,1,0,38,1,6,9,2,3,26,15,100,1200,14
SIM,1,0,1,0,39,0,6,12,2,4,22,15,900,100,44
SIM,1,0,1,0,40,1,20,12,2,4,22,15,300,700,42
SIM,1,0,1,0,41,0,20,12,2,4,18,15,1100,400,45
SIM,1,0,1,0,42,1,6,12,2,4,18,15,1400,1000,45
SIM,1,0,1,0,43,0,6,12,2,4,14,15,2200,400,45
SIM,1,0,1,0,44,1,9,7,3,3,14,15,200,1100,25
SIM,1,0,1,0,45,0,7,10,3,4,11,15,900,300,45
SIM,1,0,1,0,46,1,7,6,3,2,11,15,300,1100,31
SIM,1,0,1,0,47,0,6,6,2,2,10,15,1100,500,45
SIM,1,0,1,0,48,1,9,1,3,1,10,15,300,1400,26
SIM,1,0,1,0,49,0,6,4,2,2,10,15,1100,300,45
SIM,1,0,1,0,50,1,6,3,2,1,10,15,500,1200,37
SIM,1,0,1,0,51,0,4,3,2,1,10,15,1300,300,45
SIM,1,0,1,0,52,1,18,3,2,1,10,15,700,1200,43
SIM,1,0,1,0,53,0,17,6,1,2,9,15,1600,100,45
SIM,1,0,1,0,54,1,3,6,1,2,9,15,1900,900,45
SIM,1,0,1,0,55,0,3,6,1,2,7,15,2800,300,45
SIM,1,0,1,0,56,1,6,3,2,1,7,15,200,1200,22
SIM,1,0,1,0,57,0,6,6,2,2,5,15,1000,100,45
SIM,1,0,1,0,58,1,20,6,2,2,5,15,400,900,43
SIM,1,0,1,0,59,0,20,6,2,2,3,15,1200,300,45
SIM,1,0,1,0,60,1,9,1,3,1,3,15,100,1200,29
SIM_END,1,0,1,0,60,1,0
SIM,2,0,1,1,1,0,6,0,1,0,40,40,1000,0,30
SIM,2,0,1,1,2,1,20,0,1,0,40,40,400,1000,28
SIM,2,0,1,1,3,0,18,3,1,1,40,40,1200,200,45
SIM,2,0,1,1,4,1,7,0,2,0,40,39,100,1200,28
SIM,2,0,1,1,5,0,7,0,2,0,40,39,800,300,45
SIM,2,0,1,1,6,1,7,0,2,0,40,38,500,1300,31
SIM,2,0,1,1,7,0,5,3,2,1,40,38,1200,200,45
SIM,2,0,1,1,8,1,5,3,2,1,40,38,1200,1100,43
SIM,2,0,1,1,9,0,4,3,1,1,40,38,2000,500,45
SIM,2,0,1,1,10,1,7,0,2,0,40,37,300,1500,26
SIM,2,0,1,1,11,0,5,3,2,1,40,37,1000,100,45
SIM,2,0,1,1,12,1,5,0,2,0,40,36,400,1100,37
SIM,2,0,1,1,13,0,5,0,2,0,40,36,1100,500,45
SIM,2,0,1,1,14,1,8,0,3,0,40,34,300,1500,29
SIM,2,0,1,1,15,0,7,3,2,1,40,34,1000,100,45
SIM,2,0,1,1,16,1,7,0,2,0,40,34,1000,1100,43
SIM,2,0,1,1,17,0,7,0,2,0,40,34,1700,500,45
SIM,2,0,1,1,18,1,10,0,3,0,40,32,300,1500,28
SIM,2,0,1,1,19,0,8,3,3,1,40,32,900,100,45
SIM,2,0,1,1,20,1,8,0,3,0,40,30,300,1100,32
SIM,2,0,1,1,21,0,8,0,3,0,40,30,900,500,45
SIM,2,0,1,1,22,1,11,0,4,0,40,27,100,1500,31
SIM,2,0,1,1,23,0,9,3,3,1,40,27,800,100,45
SIM,2,0,1,1,24,1,9,3,3,1,40,24,500,1000,34
SIM,2,0,1,1,25,0,7,3,3,1,40,24,1200,400,45
SIM,2,0,1,1,26,1,10,1,4,1,40,21,100,1300,22
SIM,2,0,1,1,27,0,7,4,3,2,40,21,800,200,45
SIM,2,0,1,1,28,1,7,3,3,1,40,19,500,1100,37
SIM,2,0,1,1,29,0,6,3,2,1,40,19,1300,500,45
SIM,2,0,1,1,30,1,9,1,3,1,40,17,200,1400,28
SIM,2,0,1,1,31,0,6,4,2,2,40,17,1000,300,45
SIM,2,0,1,1,32,1,6,3,2,1,40,17,1000,1200,43
SIM,2,0,1,1,33,0,4,3,2,1,40,17,1800,300,45
SIM,2,0,1,1,34,1,7,0,3,0,40,16,100,1300,24
SIM,2,0,1,1,35,0,6,3,2,1,40,16,900,200,45
SIM,2,0,1,1,36,1,6,3,2,1,40,15,900,1100,43
SIM,2,0,1,1,37,0,4,3,2,1,40,15,1700,500,45
SIM,2,0,1,1,38,1,7,3,3,1,40,13,300,1400,27
SIM,2,0,1,1,39,0,4,6,2,2,40,13,1100,300,45
SIM,2,0,1,1,40,1,4,4,2,2,40,12,500,1100,36
SIM,2,0,1,1,41,0,3,4,1,2,40,12,1400,500,45
SIM,2,0,1,1,42,1,6,3,2,1,40,11,300,1400,30
SIM,2,0,1,1,43,0,3,6,1,2,40,11,1200,300,45
SIM,2,0,1,1,44,1,3,4,1,2,40,11,300,1100,37
SIM,2,0,1,1,45,0,0,4,0,2,40,11,1300,500,45
SIM,2,0,1,1,46,1,3,3,1,1,40,11,200,1400,32
SIM,2,0,1,1,47,0,0,6,0,2,40,11,1200,300,45
SIM,2,0,1,1,48,1,0,6,0,2,40,11,300,1100,39
SIM,2,0,1,1,49,0,0,6,0,2,39,11,1300,500,45
SIM,2,0,1,1,50,1,3,4,1,2,39,11,200,1300,34
SIM,2,0,1,1,51,0,0,7,0,3,38,11,1200,200,45
SIM,2,0,1,1,52,1,14,7,0,3,38,11,600,900,43
SIM,2,0,1,1,53,0,10,7,0,3,37,11,1600,300,45
SIM,2,0,1,1,54,1,3,6,1,2,37,11,200,1100,28
SIM,2,0,1,1,55,0,1,9,1,3,35,11,1100,300,45
SIM,2,0,1,1,56,1,1,7,1,3,35,11,500,1000,39
SIM,2,0,1,1,57,0,0,7,0,3,33,11,1500,400,45
SIM,2,0,1,1,58,1,14,7,0,3,33,11,900,1100,43
SIM,2,0,1,1,59,0,14,10,0,4,30,11,1900,300,45
SIM,2,0,1,1,60,1,3,9,1,3,30,11,200,1000,28
SIM_END,2,0,1,1,60,0,0
SIM,3,0,1,2,1,0,6,0,1,0,40,40,1000,0,30
SIM,3,0,1,2,2,1,20,0,1,0,40,40,400,1000,28
SIM,3,0,1,2,3,0,18,3,1,1,40,40,1200,200,45
SIM,3,0,1,2,4,1,7,0,2,0,40,39,100,1200,28
SIM,3,0,1,2,5,0,7,0,2,0,40,39,800,300,45
SIM,3,0,1,2,6,1,7,0,2,0,40,38,800,1300,43
SIM,3,0,1,2,7,0,5,3,2,1,40,38,1500,200,45
SIM,3,0,1,2,8,1,5,3,2,1,40,38,1500,1100,31
SIM,3,0,1,2,9,0,4,3,1,1,40,38,2300,500,45
SIM,3,0,1,2,10,1,4,0,1,0,40,38,2300,1500,43
SIM,3,0,1,2,11,0,2,3,1,1,40,38,3100,100,45
SIM,3,0,1,2,12,1,2,0,1,0,40,38,3100,1100,43
SIM,3,0,1,2,13,0,2,0,1,0,40,38,3900,500,45
SIM,3,0,1,2,14,1,5,0,2,0,40,36,100,1500,6
SIM,3,0,1,2,15,0,3,3,1,1,40,36,1000,100,36
SIM,3,0,1,2,16,1,3,3,1,1,40,35,400,1000,30
SIM,3,0,1,2,17,0,1,3,1,1,40,35,1300,400,45
SIM,3,0,1,2,18,1,4,1,2,1,40,34,200,1300,30
SIM,3,0,1,2,19,0,1,4,1,2,40,34,1100,200,45
SIM,3,0,1,2,20,1,1,3,1,1,40,34,500,1100,39
SIM,3,0,1,2,21,0,0,3,0,1,40,34,1500,500,45
SIM,3,0,1,2,22,1,3,1,1,1,40,34,100,1400,30
SIM,3,0,1,2,23,0,0,4,0,2,40,34,1100,300,45
SIM,3,0,1,2,24,1,0,4,0,2,40,34,500,1100,41
SIM,3,0,1,2,25,0,0,4,0,2,40,34,1500,500,45
SIM,3,0,1,2,26,1,3,3,1,1,40,34,100,1400,30
SIM,3,0,1,2,27,0,0,6,0,2,40,34,1100,300,45
SIM,3,0,1,2,28,1,0,6,0,2,40,34,500,1100,41
SIM,3,0,1,2,29,0,0,6,0,2,40,34,1500,500,45
SIM,3,0,1,2,30,1,3,4,1,2,40,34,100,1300,30
SIM,3,0,1,2,31,0,0,7,0,3,39,34,1100,200,45
SIM,3,0,1,2,32,1,0,7,0,3,39,34,500,900,41
SIM,3,0,1,2,33,0,0,7,0,3,38,34,1500,300,45
SIM,3,0,1,2,34,1,3,6,1,2,38,34,100,1100,30
SIM,3,0,1,2,35,0,1,9,1,3,36,34,1000,300,45
SIM,3,0,1,2,36,1,1,7,1,3,36,34,400,1000,39
SIM,3,0,1,2,37,0,0,7,0,3,34,34,1400,400,45
SIM,3,0,1,2,38,1,14,7,0,3,34,34,800,1100,43
SIM,3,0,1,2,39,0,14,10,0,4,31,34,1800,300,45
SIM,3,0,1,2,40,1,3,9,1,3,31,34,100,1000,29
SIM,3,0,1,2,41,0,3,9,1,3,28,34,1000,400,45
SIM,3,0,1,2,42,1,3,7,1,3,28,34,400,1100,38
SIM,3,0,1,2,43,0,1,10,1,4,25,34,1300,300,45
SIM,3,0,1,2,44,1,4,7,2,3,25,34,200,1000,34
SIM,3,0,1,2,45,0,1,7,1,3,24,34,1100,400,45
SIM,3,0,1,2,46,1,1,6,1,2,24,34,500,1200,39
SIM,3,0,1,2,47,0,0,9,0,3,22,34,1500,100,45
SIM,3,0,1,2,48,1,3,7,1,3,22,34,100,800,34
SIM,3,0,1,2,49,0,1,7,1,3,20,34,1000,500,45
SIM,3,0,1,2,50,1,1,6,1,2,20,34,400,1300,39
SIM,3,0,1,2,51,0,0,9,0,3,18,34,1400,200,45
SIM,3,0,1,2,52,1,14,9,0,3,18,34,800,900,43
SIM,3,0,1,2,53,0,12,9,0,3,16,34,1800,300,45
SIM,3,0,1,2,54,1,0,9,0,3,16,34,2100,1000,45
SIM,3,0,1,2,55,0,0,12,0,4,13,34,3100,200,45
SIM,3,0,1,2,56,1,3,10,1,4,13,34,200,800,24
SIM,3,0,1,2,57,0,1,10,1,4,10,34,1100,500,45
SIM,3,0,1,2,58,1,1,9,1,3,10,34,1100,1200,43
SIM,3,0,1,2,59,0,0,12,0,4,7,34,2100,100,45
SIM,3,0,1,2,60,1,14,12,0,4,7,34,1500,700,43
SIM_END,3,0,1,2,60,1,0
SIM,4,0,1,3,1,0,6,0,1,0,40,40,1000,0,30
SIM,4,0,1,3,2,1,9,0,2,0,40,39,200,1000,19
SIM,4,0,1,3,3,0,7,3,2,1,40,39,900,200,45
SIM,4,0,1,3,4,1,7,3,2,1,40,39,900,1100,35
SIM,4,0,1,3,5,0,6,3,1,1,40,39,1700,500,45
SIM,4,0,1,3,6,1,6,0,1,0,40,39,1700,1500,43
SIM,4,0,1,3,7,0,4,3,1,1,40,39,2500,100,45
SIM,4,0,1,3,8,1,7,0,2,0,40,38,200,1100,22
SIM,4,0,1,3,9,0,7,0,2,0,40,38,900,500,45
SIM,4,0,1,3,10,1,7,0,2,0,40,36,300,1500,31
SIM,4,0,1,3,11,0,5,3,2,1,40,36,1000,100,45
SIM,4,0,1,3,12,1,8,0,3,0,40,35,200,1100,33
SIM,4,0,1,3,13,0,8,0,3,0,40,35,800,500,45
SIM,4,0,1,3,14,1,8,0,3,0,40,34,800,1500,43
SIM,4,0,1,3,15,0,6,3,2,1,40,34,1600,100,45
SIM,4,0,1,3,16,1,6,3,2,1,40,33,1600,1000,43
SIM,4,0,1,3,17,0,4,3,2,1,40,33,2400,400,45
SIM,4,0,1,3,18,1,7,0,3,0,40,32,100,1400,15
SIM,4,0,1,3,19,0,6,3,2,1,40,32,900,300,45
SIM,4,0,1,3,20,1,20,3,2,1,40,32,300,1200,43
SIM,4,0,1,3,21,0,18,3,2,1,40,32,1100,300,45
SIM,4,0,1,3,22,1,7,0,3,0,40,31,300,1300,28
SIM,4,0,1,3,23,0,6,3,2,1,40,31,1100,200,45
SIM,4,0,1,3,24,1,6,3,2,1,40,30,1100,1100,43
SIM,4,0,1,3,25,0,4,3,2,1,40,30,1900,500,45
SIM,4,0,1,3,26,1,4,3,2,1,40,29,1900,1400,43
SIM,4,0,1,3,27,0,1,6,1,2,40,29,2800,300,45
SIM,4,0,1,3,28,1,4,3,2,1,40,29,200,1200,20
SIM,4,0,1,3,29,0,3,3,1,1,40,29,1100,300,45
SIM,4,0,1,3,30,1,17,3,1,1,40,29,500,1200,43
SIM,4,0,1,3,31,0,14,6,0,2,40,29,1500,100,45
SIM,4,0,1,3,32,1,3,4,1,2,40,29,100,900,28
SIM,4,0,1,3,33,0,0,4,0,2,40,29,1100,300,45
SIM,4,0,1,3,34,1,0,4,0,2,40,29,500,1100,41
SIM,4,0,1,3,35,0,0,7,0,3,39,29,1500,300,45
SIM,4,0,1,3,36,1,3,6,1,2,39,29,100,1100,30
SIM,4,0,1,3,37,0,3,6,1,2,37,29,1000,500,45
SIM,4,0,1,3,38,1,17,6,1,2,37,29,400,1300,43
SIM,4,0,1,3,39,0,15,9,1,3,35,29,1300,200,45
SIM,4,0,1,3,40,1,4,6,2,2,35,29,200,1000,24
SIM,4,0,1,3,41,0,3,6,1,2,34,29,1100,400,45
SIM,4,0,1,3,42,1,3,4,1,2,34,29,500,1200,37
SIM,4,0,1,3,43,0,0,7,0,3,33,29,1500,100,45
SIM,4,0,1,3,44,1,3,6,1,2,33,29,100,900,32
SIM,4,0,1,3,45,0,1,6,1,2,32,29,1000,300,45
SIM,4,0,1,3,46,1,15,6,1,2,32,29,400,1100,43
SIM,4,0,1,3,47,0,14,9,0,3,30,29,1400,300,45
SIM,4,0,1,3,48,1,3,7,1,3,30,29,300,1000,34
SIM,4,0,1,3,49,0,1,7,1,3,28,29,1200,400,45
SIM,4,0,1,3,50,1,1,6,1,2,28,29,300,1200,37
SIM,4,0,1,3,51,0,0,9,0,3,26,29,1300,100,45
SIM,4,0,1,3,52,1,3,7,1,3,26,29,200,800,36
SIM,4,0,1,3,53,0,1,7,1,3,24,29,1100,500,45
SIM,4,0,1,3,54,1,1,6,1,2,24,29,1100,1300,43
SIM,4,0,1,3,55,0,0,9,0,3,23,29,2100,200,45
SIM,4,0,1,3,56,1,14,9,0,3,23,29,1500,900,43
SIM,4,0,1,3,57,0,14,9,0,3,20,29,2500,300,45
SIM,4,0,1,3,58,1,3,7,1,3,20,29,200,1000,26
SIM,4,0,1,3,59,0,1,10,1,4,17,29,1100,200,45
SIM,4,0,1,3,60,1,1,9,1,3,17,29,1100,900,43
SIM_END,4,0,1,3,60,1,0
SIM,5,0,1,4,1,0,6,0,1,0,40,40,1000,0,30
SIM,5,0,1,4,2,1,20,0,1,0,40,40,400,1000,28
SIM,5,0,1,4,3,0,20,3,1,1,39,40,1200,200,45
SIM,5,0,1,4,4,1,9,0,2,0,39,39,100,1200,28
SIM,5,0,1,4,5,0,9,0,2,0,39,39,800,300,45
SIM,5,0,1,4,6,1,9,0,2,0,39,38,500,1300,41
SIM,5,0,1,4,7,0,7,3,2,1,39,38,1200,200,45
SIM,5,0,1,4,8,1,10,0,3,0,39,36,100,1200,6
SIM,5,0,1,4,9,0,10,0,3,0,39,36,700,300,36
SIM,5,0,1,4,10,1,10,0,3,0,39,34,400,1300,26
SIM,5,0,1,4,11,0,9,3,2,1,39,34,1100,200,45
SIM,5,0,1,4,12,1,9,3,2,1,39,34,1100,1100,43
SIM,5,0,1,4,13,0,7,3,2,1,39,34,1800,500,45
SIM,5,0,1,4,14,1,10,0,3,0,39,32,100,1500,20
SIM,5,0,1,4,15,0,8,3,3,1,39,32,700,100,45
SIM,5,0,1,4,16,1,8,3,3,1,39,32,700,1000,41
SIM,5,0,1,4,17,0,7,3,2,1,39,32,1400,400,45
SIM,5,0,1,4,18,1,10,0,3,0,39,30,300,1400,28
SIM,5,0,1,4,19,0,8,3,3,1,39,30,900,300,45
SIM,5,0,1,4,20,1,8,0,3,0,39,30,900,1300,43
SIM,5,0,1,4,21,0,8,0,3,0,39,30,1500,400,45
SIM,5,0,1,4,22,1,11,0,4,0,39,27,100,1400,23
SIM,5,0,1,4,23,0,9,3,3,1,39,27,800,300,45
SIM,5,0,1,4,24,1,9,3,3,1,39,26,800,1200,43
SIM,5,0,1,4,25,0,7,3,3,1,39,26,1500,300,45
SIM,5,0,1,4,26,1,7,3,3,1,39,25,1500,1200,43
SIM,5,0,1,4,27,0,4,6,2,2,39,25,2300,100,45
SIM,5,0,1,4,28,1,4,6,2,2,39,24,2300,900,43
SIM,5,0,1,4,29,0,1,6,1,2,39,24,3200,300,45
SIM,5,0,1,4,30,1,4,4,2,2,39,23,300,1100,18
SIM,5,0,1,4,31,0,0,7,0,3,39,23,1300,300,45
SIM,5,0,1,4,32,1,14,7,0,3,39,23,700,1000,43
SIM,5,0,1,4,33,0,14,7,0,3,38,23,1700,400,45
SIM,5,0,1,4,34,1,3,6,1,2,38,23,300,1200,29
SIM,5,0,1,4,35,0,0,9,0,3,37,23,1300,100,45
SIM,5,0,1,4,36,1,14,9,0,3,37,23,700,800,43
SIM,5,0,1,4,37,0,12,9,0,3,35,23,1700,500,45
SIM,5,0,1,4,38,1,3,7,1,3,35,23,300,1200,31
SIM,5,0,1,4,39,0,0,10,0,4,33,23,1300,100,45
SIM,5,0,1,4,40,1,14,10,0,4,33,23,700,700,43
SIM,5,0,1,4,41,0,12,10,0,4,31,23,1700,400,45
SIM,5,0,1,4,42,1,0,10,0,4,31,23,2000,1000,45
SIM,5,0,1,4,43,0,0,10,0,4,27,23,3000,400,45
SIM,5,0,1,4,44,1,3,10,1,4,27,23,2800,1000,44
SIM,5,0,1,4,45,0,3,10,1,4,23,23,3700,400,45
SIM,5,0,1,4,46,1,3,9,1,3,23,23,400,1100,21
SIM,5,0,1,4,47,0,3,12,1,4,19,23,1300,300,45
SIM,5,0,1,4,48,1,17,12,1,4,19,23,700,900,43
SIM,5,0,1,4,49,0,17,12,1,4,15,23,1600,300,45
SIM,5,0,1,4,50,1,6,9,2,3,15,23,200,1000,30
SIM,5,0,1,4,51,0,6,12,2,4,11,23,1000,200,45
SIM,5,0,1,4,52,1,6,9,2,3,11,23,400,900,37
SIM,5,0,1,4,53,0,6,9,2,3,8,23,1200,300,45
SIM,5,0,1,4,54,1,20,9,2,3,8,23,600,1000,43
SIM,5,0,1,4,55,0,20,12,2,4,4,23,1400,200,45
SIM,5,0,1,4,56,1,9,7,3,3,4,23,300,900,29
SIM,5,0,1,4,57,0,9,7,3,3,1,23,1000,300,45
SIM,5,0,1,4,58,1,9,3,3,1,1,23,400,1200,31
SIM_END,5,0,1,4,58,1,0
SIM,6,0,1,5,1,0,6,0,1,0,40,40,1000,0,30
SIM,6,0,1,5,2,1,20,0,1,0,40,40,400,1000,28
SIM,6,0,1,5,3,0,20,3,1,1,39,40,1200,200,45
SIM,6,0,1,5,4,1,9,0,2,0,39,39,100,1200,26
SIM,6,0,1,5,5,0,9,0,2,0,39,39,800,300,45
SIM,6,0,1,5,6,1,9,0,2,0,39,38,800,1300,43
SIM,6,0,1,5,7,0,7,3,2,1,39,38,1500,200,45
SIM,6,0,1,5,8,1,10,0,3,0,39,36,100,1200,12
SIM,6,0,1,5,9,0,10,0,3,0,39,36,700,300,42
SIM,6,0,1,5,10,1,10,0,3,0,39,35,700,1300,40
SIM,6,0,1,5,11,0,9,3,2,1,39,35,1400,200,45
SIM,6,0,1,5,12,1,12,0,3,0,39,33,300,1200,28
SIM,6,0,1,5,13,0,12,0,3,0,39,33,900,300,45
SIM,6,0,1,5,14,1,12,0,3,0,39,31,300,1300,33
SIM,6,0,1,5,15,0,10,3,3,1,39,31,900,200,45
SIM,6,0,1,5,16,1,13,0,4,0,39,28,100,1200,22
SIM,6,0,1,5,17,0,13,0,4,0,39,28,600,300,45
SIM,6,0,1,5,18,1,13,0,4,0,39,25,300,1300,35
SIM,6,0,1,5,19,0,12,3,3,1,39,25,900,200,45
SIM,6,0,1,5,20,1,12,3,3,1,39,25,900,1100,43
SIM,6,0,1,5,21,0,10,3,3,1,39,25,1500,500,45
SIM,6,0,1,5,22,1,10,0,3,0,39,25,1500,1500,43
SIM,6,0,1,5,23,0,8,3,3,1,39,25,2100,100,45
SIM,6,0,1,5,24,1,8,0,3,0,39,25,2100,1100,43
SIM,6,0,1,5,25,0,8,0,3,0,39,25,2700,500,45
SIM,6,0,1,5,26,1,11,0,4,0,39,22,100,1500,19
SIM,6,0,1,5,27,0,9,3,3,1,39,22,800,100,45
SIM,6,0,1,5,28,1,9,3,3,1,39,21,800,1000,43
SIM,6,0,1,5,29,0,7,3,3,1,39,21,1500,400,45
SIM,6,0,1,5,30,1,10,0,4,0,39,19,100,1400,19
SIM,6,0,1,5,31,0,9,3,3,1,39,19,800,300,45
SIM,6,0,1,5,32,1,9,0,3,0,39,18,500,1300,37
SIM,6,0,1,5,33,0,9,0,3,0,39,18,1200,400,45
SIM,6,0,1,5,34,1,12,0,4,0,39,14,100,1400,20
SIM,6,0,1,5,35,0,10,3,4,1,39,14,700,300,45
SIM,6,0,1,5,36,1,10,3,4,1,39,10,400,1200,35
SIM,6,0,1,5,37,0,9,3,3,1,39,10,1100,300,45
SIM,6,0,1,5,38,1,12,3,4,1,39,6,300,1200,24
SIM,6,0,1,5,39,0,9,6,3,2,39,6,1000,100,45
SIM,6,0,1,5,40,1,9,6,3,2,39,3,400,900,35
SIM,6,0,1,5,41,0,6,6,2,2,39,3,1200,300,45
SIM,6,0,1,5,42,1,6,6,2,2,39,2,1200,1100,43
SIM,6,0,1,5,43,0,1,9,1,3,39,2,2100,300,45
SIM_END,6,0,1,5,43,0,0
SIM,7,0,1,6,1,0,6,0,1,0,40,40,1000,0,30
SIM,7,0,1,6,2,1,9,0,2,0,40,39,200,1000,19
SIM,7,0,1,6,3,0,7,3,2,1,40,39,900,200,45
SIM,7,0,1,6,4,1,7,3,2,1,40,39,900,1100,23
SIM,7,0,1,6,5,0,6,3,1,1,40,39,1700,500,45
SIM,7,0,1,6,6,1,9,0,2,0,40,38,300,1500,28
SIM,7,0,1,6,7,0,7,3,2,1,40,38,1000,100,45
SIM,7,0,1,6,8,1,7,0,2,0,40,37,400,1100,37
SIM,7,0,1,6,9,0,7,0,2,0,40,37,1100,500,45
SIM,7,0,1,6,10,1,10,0,3,0,40,35,300,1500,27
SIM,7,0,1,6,11,0,9,3,2,1,40,35,1000,100,45
SIM,7,0,1,6,12,1,9,0,2,0,40,34,400,1100,36
SIM,7,0,1,6,13,0,9,0,2,0,40,34,1100,500,45
SIM,7,0,1,6,14,1,12,0,3,0,40,32,300,1500,33
SIM,7,0,1,6,15,0,10,3,3,1,40,32,900,100,45
SIM,7,0,1,6,16,1,10,0,3,0,40,30,300,1100,32
SIM,7,0,1,6,17,0,10,0,3,0,40,30,900,500,45
SIM,7,0,1,6,18,1,13,0,4,0,40,27,100,1500,31
SIM,7,0,1,6,19,0,11,3,4,1,40,27,600,100,45
SIM,7,0,1,6,20,1,11,0,4,0,40,24,300,1100,29
SIM,7,0,1,6,21,0,11,0,4,0,40,24,800,1100,45
SIM,7,0,1,6,22,1,11,0,4,0,40,20,500,2100,35
SIM,7,0,1,6,23,0,9,3,3,1,40,20,1200,400,45
SIM,7,0,1,6,24,1,12,3,4,1,40,16,100,1300,22
SIM,7,0,1,6,25,0,10,3,4,1,40,16,700,400,45
SIM,7,0,1,6,26,1,10,3,4,1,40,15,700,1300,43
SIM,7,0,1,6,27,0,7,6,3,2,40,15,1400,200,45
SIM,7,0,1,6,28,1,10,4,4,2,40,12,300,1000,26
SIM,7,0,1,6,29,0,7,4,3,2,40,12,1000,400,45
SIM,7,0,1,6,30,1,7,3,3,1,40,10,400,1300,35
SIM,7,0,1,6,31,0,4,6,2,2,40,10,1200,200,45
SIM,7,0,1,6,32,1,7,3,3,1,40,9,100,1100,24
SIM,7,0,1,6,33,0,6,3,2,1,40,9,900,500,45
SIM,7,0,1,6,34,1,6,1,2,1,40,8,300,1400,37
SIM,7,0,1,6,35,0,3,4,1,2,40,8,1200,300,45
SIM,7,0,1,6,36,1,6,3,2,1,40,7,100,1200,24
SIM,7,0,1,6,37,0,4,3,2,1,40,7,900,300,45
SIM,7,0,1,6,38,1,4,3,2,1,40,5,300,1200,37
SIM,7,0,1,6,39,0,1,6,1,2,40,5,1200,100,45
SIM,7,0,1,6,40,1,4,4,2,2,40,4,100,900,30
SIM,7,0,1,6,41,0,1,4,1,2,40,4,1000,300,45
SIM,7,0,1,6,42,1,1,3,1,1,40,4,400,1200,39
SIM,7,0,1,6,43,0,0,6,0,2,39,4,1400,100,45
SIM,7,0,1,6,44,1,3,4,1,2,39,4,300,900,34
SIM,7,0,1,6,45,0,1,4,1,2,38,4,1200,300,45
SIM,7,0,1,6,46,1,1,3,1,1,38,4,1200,1200,43
SIM,7,0,1,6,47,0,0,6,0,2,37,4,2200,100,45
SIM,7,0,1,6,48,1,3,4,1,2,37,4,200,900,28
SIM,7,0,1,6,49,0,1,4,1,2,36,4,1100,300,45
SIM,7,0,1,6,50,1,1,3,1,1,36,4,500,1200,39
SIM,7,0,1,6,51,0,0,6,0,2,35,4,1500,100,45
SIM,7,0,1,6,52,1,3,4,1,2,35,4,100,900,34
SIM,7,0,1,6,53,0,1,4,1,2,34,4,1000,300,45
SIM,7,0,1,6,54,1,1,3,1,1,34,4,400,1200,39
SIM,7,0,1,6,55,0,0,6,0,2,33,4,1400,100,45
SIM,7,0,1,6,56,1,3,4,1,2,33,4,300,900,36
SIM,7,0,1,6,57,0,1,4,1,2,32,4,1200,300,45
SIM,7,0,1,6,58,1,1,3,1,1,32,4,300,1200,37
SIM,7,0,1,6,59,0,0,6,0,2,31,4,1300,100,45
SIM,7,0,1,6,60,1,14,6,0,2,31,4,700,900,43
SIM_END,7,0,1,6,60,0,0
SIM,8,1,1,0,1,0,0,6,0,1,40,40,1000,0,30
SIM,8,1,1,0,2,1,3,4,1,1,40,40,200,800,19
SIM,8,1,1,0,3,0,0,7,0,2,39,40,1200,300,45
SIM,8,1,1,0,4,1,0,7,0,2,39,40,300,1000,39
SIM,8,1,1,0,5,0,0,7,0,2,38,40,1300,400,45
SIM,8,1,1,0,6,1,3,5,1,2,38,40,200,1100,34
SIM,8,1,1,0,7,0,0,8,0,3,37,40,1200,300,45
SIM,8,1,1,0,8,1,0,8,0,3,37,40,300,900,39
SIM,8,1,1,0,9,0,0,8,0,3,34,40,1300,300,45
SIM,8,1,1,0,10,1,3,7,1,2,34,40,200,1000,34
SIM,8,1,1,0,11,0,0,10,0,3,32,40,1200,200,45
SIM,8,1,1,0,12,1,0,10,0,3,32,40,300,800,39
SIM,8,1,1,0,13,0,0,10,0,3,29,40,1300,500,45
SIM,8,1,1,0,14,1,3,8,1,3,29,40,200,1100,36
SIM,8,1,1,0,15,0,0,8,0,3,29,40,1200,1100,45
SIM,8,1,1,0,16,1,0,8,0,3,29,40,300,1700,39
SIM,8,1,1,0,17,0,0,11,0,4,26,40,1300,300,45
SIM,8,1,1,0,18,1,3,9,1,3,26,40,200,1000,36
SIM,8,1,1,0,19,0,3,9,1,3,23,40,1100,400,45
SIM,8,1,1,0,20,1,3,7,1,3,23,40,500,1100,39
SIM,8,1,1,0,21,0,1,10,1,4,20,40,1400,300,45
SIM,8,1,1,0,22,1,4,7,2,3,20,40,300,1000,30
SIM,8,1,1,0,23,0,3,7,1,3,18,40,1200,400,45
SIM,8,1,1,0,24,1,3,6,1,2,18,40,300,1200,37
SIM,8,1,1,0,25,0,3,9,1,3,15,40,1200,100,45
SIM,8,1,1,0,26,1,6,6,2,2,15,40,100,900,28
SIM,8,1,1,0,27,0,6,6,2,2,14,40,900,900,45
SIM,8,1,1,0,28,1,6,3,2,1,14,40,300,1800,33
SIM,8,1,1,0,29,0,4,6,2,2,13,40,1100,100,45
SIM,8,1,1,0,30,1,7,1,3,1,13,40,300,1000,28
SIM,8,1,1,0,31,0,6,1,2,1,13,40,1100,400,45
SIM,8,1,1,0,32,1,6,0,2,0,13,40,500,1400,37
SIM,8,1,1,0,33,0,4,3,2,1,13,40,1300,300,45
SIM,8,1,1,0,34,1,7,0,3,0,13,39,200,1300,18
SIM,8,1,1,0,35,0,7,14,3,0,13,39,900,700,45
SIM,8,1,1,0,36,1,7,12,3,0,13,38,300,1700,30
SIM,8,1,1,0,37,0,7,0,3,0,13,38,1000,2000,45
SIM,8,1,1,0,38,1,10,0,4,0,13,35,200,3000,26
SIM,8,1,1,0,39,0,10,14,4,0,13,35,800,2400,45
SIM,8,1,1,0,40,1,10,14,4,0,13,32,500,3400,37
SIM,8,1,1,0,41,0,10,0,4,0,13,32,1100,3700,45
SIM,8,1,1,0,42,1,10,0,4,0,13,28,500,4700,27
SIM,8,1,1,0,43,0,9,3,3,1,13,28,1200,300,45
SIM,8,1,1,0,44,1,12,1,4,1,13,25,100,1200,26
SIM,8,1,1,0,45,0,12,15,4,1,13,25,700,600,45
SIM,8,1,1,0,46,1,12,14,4,0,13,22,400,1600,33
SIM,8,1,1,0,47,0,10,3,4,1,13,22,1000,500,45
SIM,8,1,1,0,48,1,10,3,4,1,13,18,400,1400,33
SIM,8,1,1,0,49,0,9,3,3,1,13,18,1100,1400,45
SIM,8,1,1,0,50,1,12,3,4,1,13,14,300,2300,24
SIM,8,1,1,0,51,0,12,17,4,1,13,14,900,1700,45
SIM,8,1,1,0,52,1,12,17,4,1,13,10,300,2600,33
SIM,8,1,1,0,53,0,9,6,3,2,13,10,1000,300,45
SIM,8,1,1,0,54,1,12,4,4,2,13,7,200,1100,28
SIM,8,1,1,0,55,0,9,4,3,2,13,7,900,500,45
SIM,8,1,1,0,56,1,9,3,3,1,13,5,300,1400,35
SIM,8,1,1,0,57,0,6,6,2,2,13,5,1100,300,45
SIM,8,1,1,0,58,1,9,4,3,2,13,3,300,1100,30
SIM,8,1,1,0,59,0,9,18,3,2,13,3,1000,500,45
SIM,8,1,1,0,60,1,9,17,3,1,13,1,400,1400,35
SIM_END,8,1,1,0,60,0,0
SIM,9,1,1,1,1,0,0,6,0,1,40,40,1000,0,30
SIM,9,1,1,1,2,1,3,4,1,1,40,40,200,800,19
SIM,9,1,1,1,3,0,0,7,0,2,39,40,1200,300,45
SIM,9,1,1,1,4,1,0,7,0,2,39,40,300,1000,39
SIM,9,1,1,1,5,0,0,7,0,2,38,40,1300,400,45
SIM,9,1,1,1,6,1,3,5,1,2,38,40,200,1100,34
SIM,9,1,1,1,7,0,3,5,1,2,38,40,1100,1100,45
SIM,9,1,1,1,8,1,3,4,1,1,38,40,500,1900,39
SIM,9,1,1,1,9,0,0,7,0,2,37,40,1500,200,45
SIM,9,1,1,1,10,1,3,5,1,2,37,40,100,900,32
SIM,9,1,1,1,11,0,0,5,0,2,36,40,1100,300,45
SIM,9,1,1,1,12,1,0,5,0,2,36,40,500,1000,41
SIM,9,1,1,1,13,0,0,5,0,2,35,40,1500,1000,45
SIM,9,1,1,1,14,1,3,3,1,1,35,40,100,1900,32
SIM,9,1,1,1,15,0,1,6,1,2,34,40,1000,200,45
SIM,9,1,1,1,16,1,1,4,1,2,34,40,400,1000,39
SIM,9,1,1,1,17,0,0,4,0,2,34,40,1400,1000,45
SIM,9,1,1,1,18,1,3,3,1,1,34,40,300,1900,34
SIM,9,1,1,1,19,0,3,3,1,1,33,40,1200,1900,45
SIM,9,1,1,1,20,1,3,1,1,1,33,40,300,2800,35
SIM,9,1,1,1,21,0,1,4,1,2,32,40,1200,200,45
SIM,9,1,1,1,22,1,4,1,2,1,32,40,100,1100,30
SIM,9,1,1,1,23,0,3,1,1,1,32,40,1000,500,45
SIM,9,1,1,1,24,1,3,0,1,0,32,40,400,1500,39
SIM,9,1,1,1,25,0,3,14,1,0,32,40,1300,900,45
SIM,9,1,1,1,26,1,6,14,2,0,32,39,200,1900,29
SIM,9,1,1,1,27,0,4,3,2,1,32,39,1000,200,45
SIM,9,1,1,1,28,1,4,1,2,1,32,38,400,1100,36
SIM,9,1,1,1,29,0,3,1,1,1,32,38,1300,1100,45
SIM,9,1,1,1,30,1,6,0,2,0,32,37,200,2100,30
SIM,9,1,1,1,31,0,4,3,2,1,32,37,1000,100,45
SIM,9,1,1,1,32,1,4,1,2,1,32,36,400,1000,37
SIM,9,1,1,1,33,0,3,1,1,1,32,36,1300,400,45
SIM,9,1,1,1,34,1,6,0,2,0,32,35,200,1400,30
SIM,9,1,1,1,35,0,4,3,2,1,32,35,1000,300,45
SIM,9,1,1,1,36,1,4,1,2,1,32,34,400,1200,37
SIM,9,1,1,1,37,0,3,1,1,1,32,34,1300,300,45
SIM,9,1,1,1,38,1,6,0,2,0,32,33,200,1300,30
SIM,9,1,1,1,39,0,4,3,2,1,32,33,1000,200,45
SIM,9,1,1,1,40,1,4,1,2,1,32,32,400,1100,37
SIM,9,1,1,1,41,0,3,1,1,1,32,32,1300,500,45
SIM,9,1,1,1,42,1,6,0,2,0,32,31,200,1500,30
SIM,9,1,1,1,43,0,4,3,2,1,32,31,1000,100,45
SIM,9,1,1,1,44,1,4,1,2,1,32,30,400,1000,37
SIM,9,1,1,1,45,0,3,1,1,1,32,30,1300,400,45
SIM,9,1,1,1,46,1,6,0,2,0,32,29,200,1400,30
SIM,9,1,1,1,47,0,6,14,2,0,32,29,1000,800,45
SIM,9,1,1,1,48,1,6,12,2,0,32,28,400,1800,36
SIM,9,1,1,1,49,0,6,0,2,0,32,28,1200,2100,45
SIM,9,1,1,1,50,1,9,0,3,0,32,25,100,3100,23
SIM,9,1,1,1,51,0,7,3,3,1,32,25,800,200,45
SIM,9,1,1,1,52,1,7,3,3,1,32,22,500,1100,37
SIM,9,1,1,1,53,0,6,3,2,1,32,22,1300,1100,45
SIM,9,1,1,1,54,1,9,3,3,1,32,20,200,2000,31
SIM,9,1,1,1,55,0,6,6,2,2,32,20,1000,300,45
SIM,9,1,1,1,56,1,6,6,2,2,32,18,400,1100,36
SIM,9,1,1,1,57,0,6,20,2,2,32,18,1200,500,45
SIM,9,1,1,1,58,1,9,18,3,2,32,16,100,1300,28
SIM,9,1,1,1,59,0,4,7,2,3,32,16,900,200,45
SIM,9,1,1,1,60,1,4,6,2,2,32,15,300,1000,37
SIM_END,9,1,1,1,60,0,0
SIM,10,1,1,2,1,0,0,6,0,1,40,40,1000,0,30
SIM,10,1,1,2,2,1,3,6,1,1,40,39,200,800,19
SIM,10,1,1,2,3,0,0,9,0,2,39,39,1200,300,45
SIM,10,1,1,2,4,1,0,9,0,2,39,39,300,1000,39
SIM,10,1,1,2,5,0,0,9,0,2,38,39,1300,1000,45
SIM,10,1,1,2,6,1,3,7,1,2,38,39,200,1700,34
SIM,10,1,1,2,7,0,3,7,1,2,38,39,1100,1700,45
SIM,10,1,1,2,8,1,3,6,1,1,38,39,500,2500,39
SIM,10,1,1,2,9,0,0,9,0,2,37,39,1500,200,45
SIM,10,1,1,2,10,1,3,7,1,2,37,39,100,900,32
SIM,10,1,1,2,11,0,0,7,0,2,36,39,1100,300,45
SIM,10,1,1,2,12,1,0,7,0,2,36,39,500,1000,41
SIM,10,1,1,2,13,0,0,10,0,3,35,39,1500,200,45
SIM,10,1,1,2,14,1,3,9,1,2,35,39,100,900,32
SIM,10,1,1,2,15,0,0,9,0,2,34,39,1100,300,45
SIM,10,1,1,2,16,1,0,9,0,2,34,39,500,1000,41
SIM,10,1,1,2,17,0,0,9,0,2,33,39,1500,1000,45
SIM,10,1,1,2,18,1,3,7,1,2,33,39,100,1700,32
SIM,10,1,1,2,19,0,0,7,0,2,33,39,1100,1700,45
SIM,10,1,1,2,20,1,0,7,0,2,33,39,500,2400,41
SIM,10,1,1,2,21,0,0,10,0,3,31,39,1500,100,45
SIM,10,1,1,2,22,1,3,8,1,3,31,39,100,700,34
SIM,10,1,1,2,23,0,0,8,0,3,29,39,1100,400,45
SIM,10,1,1,2,24,1,0,8,0,3,29,39,500,1000,41
SIM,10,1,1,2,25,0,0,11,0,4,26,39,1500,200,45
SIM,10,1,1,2,26,1,3,10,1,3,26,39,100,800,34
SIM,10,1,1,2,27,0,0,10,0,3,24,39,1100,500,45
SIM,10,1,1,2,28,1,0,10,0,3,24,39,500,1100,41
SIM,10,1,1,2,29,0,0,10,0,3,23,39,1500,1100,45
SIM,10,1,1,2,30,1,3,8,1,3,23,39,100,1700,33
SIM,10,1,1,2,31,0,0,11,0,4,20,39,1100,300,45
SIM,10,1,1,2,32,1,0,11,0,4,20,39,500,800,41
SIM,10,1,1,2,33,0,0,11,0,4,17,39,1500,500,45
SIM,10,1,1,2,34,1,3,9,1,3,17,39,100,1200,31
SIM,10,1,1,2,35,0,1,12,1,4,14,39,1000,100,45
SIM,10,1,1,2,36,1,1,10,1,4,14,39,400,700,39
SIM,10,1,1,2,37,0,0,10,0,4,11,39,1400,400,45
SIM,10,1,1,2,38,1,3,9,1,3,11,39,300,1100,33
SIM,10,1,1,2,39,0,1,12,1,4,8,39,1200,300,45
SIM,10,1,1,2,40,1,1,10,1,4,8,39,300,900,37
SIM,10,1,1,2,41,0,0,10,0,4,5,39,1300,300,45
SIM,10,1,1,2,42,1,3,9,1,3,5,39,200,1000,33
SIM,10,1,1,2,43,0,1,12,1,4,2,39,1100,200,45
SIM,10,1,1,2,44,1,1,10,1,4,2,39,500,800,39
SIM_END,10,1,1,2,44,1,0
SIM,11,1,1,3,1,0,0,6,0,1,40,40,1000,0,30
SIM,11,1,1,3,2,1,3,6,1,1,40,39,200,800,19
SIM,11,1,1,3,3,0,0,9,0,2,39,39,1200,300,45
SIM,11,1,1,3,4,1,0,9,0,2,39,39,300,1000,39
SIM,11,1,1,3,5,0,0,9,0,2,38,39,1300,400,45
SIM,11,1,1,3,6,1,3,7,1,2,38,39,200,1100,34
SIM,11,1,1,3,7,0,3,7,1,2,38,39,1100,1100,45
SIM,11,1,1,3,8,1,3,6,1,1,38,39,500,1900,39
SIM,11,1,1,3,9,0,0,6,0,1,38,39,1500,1900,45
SIM,11,1,1,3,10,1,3,4,1,1,38,39,100,2700,31
SIM,11,1,1,3,11,0,0,7,0,2,37,39,1100,100,45
SIM,11,1,1,3,12,1,0,7,0,2,37,39,500,800,41
SIM,11,1,1,3,13,0,0,7,0,2,36,39,1500,500,45
SIM,11,1,1,3,14,1,3,5,1,2,36,39,100,1200,32
SIM,11,1,1,3,15,0,0,8,0,3,34,39,1100,100,45
SIM,11,1,1,3,16,1,0,8,0,3,34,39,500,700,41
SIM,11,1,1,3,17,0,0,8,0,3,32,39,1500,400,45
SIM,11,1,1,3,18,1,3,7,1,2,32,39,100,1100,32
SIM,11,1,1,3,19,0,3,7,1,2,32,39,1000,1100,45
SIM,11,1,1,3,20,1,3,5,1,2,32,39,400,1800,39
SIM,11,1,1,3,21,0,0,5,0,2,32,39,1400,1800,45
SIM,11,1,1,3,22,1,3,3,1,1,32,39,300,2700,34
SIM,11,1,1,3,23,0,3,3,1,1,31,39,1200,2700,45
SIM,11,1,1,3,24,1,3,1,1,1,31,39,300,3600,35
SIM,11,1,1,3,25,0,3,1,1,1,30,39,1200,3600,45
SIM,11,1,1,3,26,1,6,0,2,0,30,38,100,4600,30
SIM,11,1,1,3,27,0,6,14,2,0,30,38,900,4000,45
SIM,11,1,1,3,28,1,6,14,2,0,30,37,300,5000,35
SIM,11,1,1,3,29,0,4,3,2,1,30,37,1100,300,45
SIM,11,1,1,3,30,1,7,0,3,0,30,36,300,1300,26
SIM,11,1,1,3,31,0,7,0,3,0,30,36,1000,400,45
SIM,11,1,1,3,32,1,7,0,3,0,30,33,400,1400,29
SIM,11,1,1,3,33,0,6,3,2,1,30,33,1200,300,45
SIM,11,1,1,3,34,1,9,1,3,1,30,31,100,1200,28
SIM,11,1,1,3,35,0,7,1,3,1,30,31,800,300,45
SIM,11,1,1,3,36,1,7,0,3,0,30,29,500,1300,35
SIM,11,1,1,3,37,0,6,3,2,1,30,29,1300,200,45
SIM,11,1,1,3,38,1,9,3,3,1,30,27,200,1100,31
SIM,11,1,1,3,39,0,9,17,3,1,30,27,900,500,45
SIM,11,1,1,3,40,1,9,17,3,1,30,24,300,1400,32
SIM,11,1,1,3,41,0,6,6,2,2,30,24,1100,300,45
SIM,11,1,1,3,42,1,9,4,3,2,30,22,300,1100,30
SIM,11,1,1,3,43,0,6,4,2,2,30,22,1100,500,45
SIM,11,1,1,3,44,1,6,3,2,1,30,21,500,1400,37
SIM,11,1,1,3,45,0,3,6,1,2,30,21,1400,300,45
SIM,11,1,1,3,46,1,6,4,2,2,30,20,300,1100,30
SIM,11,1,1,3,47,0,3,4,1,2,30,20,1200,500,45
SIM,11,1,1,3,48,1,3,3,1,1,30,20,300,1400,35
SIM,11,1,1,3,49,0,0,6,0,2,30,20,1300,300,45
SIM,11,1,1,3,50,1,3,4,1,2,30,20,200,1100,32
SIM,11,1,1,3,51,0,0,4,0,2,30,20,1200,500,45
SIM,11,1,1,3,52,1,0,4,0,2,30,20,300,1300,39
SIM,11,1,1,3,53,0,0,7,0,3,29,20,1300,200,45
SIM,11,1,1,3,54,1,3,6,1,2,29,20,200,1000,28
SIM,11,1,1,3,55,0,3,6,1,2,28,20,1100,1000,45
SIM,11,1,1,3,56,1,3,4,1,2,28,20,500,1800,39
SIM,11,1,1,3,57,0,0,7,0,3,27,20,1500,100,45
SIM,11,1,1,3,58,1,3,6,1,2,27,20,100,900,30
SIM,11,1,1,3,59,0,1,6,1,2,26,20,1000,300,45
SIM,11,1,1,3,60,1,1,4,1,2,26,20,400,1100,39
SIM_END,11,1,1,3,60,0,0
SIM,12,1,1,4,1,0,0,6,0,1,40,40,1000,0,30
SIM,12,1,1,4,2,1,3,6,1,1,40,39,200,800,19
SIM,12,1,1,4,3,0,0,9,0,2,39,39,1200,300,45
SIM,12,1,1,4,4,1,0,9,0,2,39,39,300,1000,39
SIM,12,1,1,4,5,0,0,9,0,2,38,39,1300,1000,45
SIM,12,1,1,4,6,1,3,7,1,2,38,39,200,1700,34
SIM,12,1,1,4,7,0,0,10,0,3,37,39,1200,300,45
SIM,12,1,1,4,8,1,0,10,0,3,37,39,300,900,39
SIM,12,1,1,4,9,0,0,10,0,3,36,39,1300,900,45
SIM,12,1,1,4,10,1,3,9,1,2,36,39,200,1600,34
SIM,12,1,1,4,11,0,0,12,0,3,35,39,1200,200,45
SIM,12,1,1,4,12,1,0,12,0,3,35,39,300,800,39
SIM,12,1,1,4,13,0,0,12,0,3,32,39,1300,500,45
SIM,12,1,1,4,14,1,3,10,1,3,32,39,200,1100,36
SIM,12,1,1,4,15,0,0,13,0,4,30,39,1200,300,45
SIM,12,1,1,4,16,1,0,13,0,4,30,39,300,800,39
SIM,12,1,1,4,17,0,0,13,0,4,26,39,1300,500,45
SIM,12,1,1,4,18,1,3,11,1,4,26,39,500,1000,38
SIM,12,1,1,4,19,0,0,11,0,4,26,39,1500,1000,45
SIM,12,1,1,4,20,1,0,11,0,4,26,39,1500,1500,45
SIM,12,1,1,4,21,0,0,11,0,4,25,39,2500,1500,45
SIM,12,1,1,4,22,1,3,9,1,3,25,39,500,2200,30
SIM,12,1,1,4,23,0,3,12,1,4,21,39,1400,200,45
SIM,12,1,1,4,24,1,3,10,1,4,21,39,500,800,37
SIM,12,1,1,4,25,0,3,10,1,4,17,39,1400,500,45
SIM,12,1,1,4,26,1,6,7,2,3,17,39,300,1200,34
SIM,12,1,1,4,27,0,6,10,2,4,13,39,1100,100,45
SIM,12,1,1,4,28,1,6,7,2,3,13,39,500,800,37
SIM,12,1,1,4,29,0,6,7,2,3,12,39,1300,800,45
SIM,12,1,1,4,30,1,9,3,3,1,12,39,200,1700,26
SIM,12,1,1,4,31,0,7,6,3,2,11,39,900,300,45
SIM,12,1,1,4,32,1,7,1,3,1,11,39,300,1200,29
SIM,12,1,1,4,33,0,6,1,2,1,11,39,1100,300,45
SIM,12,1,1,4,34,1,9,0,3,0,11,37,300,1300,26
SIM,12,1,1,4,35,0,9,14,3,0,11,37,1000,700,45
SIM,12,1,1,4,36,1,9,14,3,0,11,35,400,1700,37
SIM,12,1,1,4,37,0,7,3,3,1,11,35,1100,300,45
SIM,12,1,1,4,38,1,10,1,4,1,11,32,300,1200,16
SIM,12,1,1,4,39,0,9,1,3,1,11,32,1000,1200,45
SIM,12,1,1,4,40,1,9,0,3,0,11,30,400,2200,35
SIM,12,1,1,4,41,0,7,3,3,1,11,30,1100,200,45
SIM,12,1,1,4,42,1,10,0,4,0,11,28,300,1200,24
SIM,12,1,1,4,43,0,10,0,4,0,11,28,900,300,45
SIM,12,1,1,4,44,1,10,0,4,0,11,24,300,1300,29
SIM,12,1,1,4,45,0,10,3,4,1,11,24,900,1100,45
SIM,12,1,1,4,46,1,10,3,4,1,11,20,300,2000,33
SIM,12,1,1,4,47,0,10,3,4,1,11,20,900,2000,45
SIM,12,1,1,4,48,1,10,3,4,1,11,16,300,2900,33
SIM,12,1,1,4,49,0,9,3,3,1,11,16,1000,2900,45
SIM,12,1,1,4,50,1,12,3,4,1,11,13,200,3800,31
SIM,12,1,1,4,51,0,12,17,4,1,11,13,800,3200,45
SIM,12,1,1,4,52,1,12,17,4,1,11,9,500,4100,29
SIM,12,1,1,4,53,0,9,6,3,2,11,9,1200,300,45
SIM,12,1,1,4,54,1,12,6,4,2,11,6,100,1100,29
SIM,12,1,1,4,55,0,9,6,3,2,11,6,800,500,45
SIM,12,1,1,4,56,1,9,6,3,2,11,3,500,1300,34
SIM,12,1,1,4,57,0,9,20,3,2,11,3,1200,700,45
SIM_END,12,1,1,4,57,0,0
SIM,13,1,1,5,1,0,0,6,0,1,40,40,1000,0,30
SIM,13,1,1,5,2,1,3,6,1,1,40,39,200,800,19
SIM,13,1,1,5,3,0,3,6,1,1,40,39,1100,800,45
SIM,13,1,1,5,4,1,3,6,1,1,40,38,500,1600,39
SIM,13,1,1,5,5,0,0,6,0,1,40,38,1500,1600,45
SIM,13,1,1,5,6,1,3,6,1,1,40,37,100,2400,30
SIM,13,1,1,5,7,0,0,9,0,2,39,37,1100,100,45
SIM,13,1,1,5,8,1,0,9,0,2,39,37,500,800,41
SIM,13,1,1,5,9,0,0,9,0,2,38,37,1500,500,45
SIM,13,1,1,5,10,1,3,7,1,2,38,37,100,1200,32
SIM,13,1,1,5,11,0,0,10,0,3,36,37,1100,100,45
SIM,13,1,1,5,12,1,0,10,0,3,36,37,500,700,41
SIM,13,1,1,5,13,0,0,10,0,3,34,37,1500,400,45
SIM,13,1,1,5,14,1,3,9,1,2,34,37,100,1100,32
SIM,13,1,1,5,15,0,3,9,1,2,34,37,1000,1100,45
SIM,13,1,1,5,16,1,3,7,1,2,34,37,400,1800,39
SIM,13,1,1,5,17,0,0,7,0,2,34,37,1400,1800,45
SIM,13,1,1,5,18,1,3,5,1,2,34,37,300,2500,36
SIM,13,1,1,5,19,0,3,5,1,2,34,37,1200,2500,45
SIM,13,1,1,5,20,1,3,4,1,1,34,37,300,3300,37
SIM,13,1,1,5,21,0,0,7,0,2,33,37,1300,100,45
SIM,13,1,1,5,22,1,3,5,1,2,33,37,200,800,35
SIM,13,1,1,5,23,0,0,5,0,2,32,37,1200,500,45
SIM,13,1,1,5,24,1,0,5,0,2,32,37,300,1200,39
SIM,13,1,1,5,25,0,0,8,0,3,30,37,1300,100,45
SIM,13,1,1,5,26,1,3,6,1,2,30,37,200,900,33
SIM,13,1,1,5,27,0,3,6,1,2,28,37,1100,300,45
SIM,13,1,1,5,28,1,3,4,1,2,28,37,500,1100,38
SIM,13,1,1,5,29,0,1,7,1,3,26,37,1400,300,45
SIM,13,1,1,5,30,1,4,4,2,2,26,37,300,1100,34
SIM,13,1,1,5,31,0,3,4,1,2,26,37,1200,1100,45
SIM,13,1,1,5,32,1,3,3,1,1,26,37,300,2000,37
SIM,13,1,1,5,33,0,3,17,1,1,26,37,1200,1400,45
SIM,13,1,1,5,34,1,6,14,2,0,26,37,100,2400,22
SIM,13,1,1,5,35,0,4,3,2,1,26,37,900,100,45
SIM,13,1,1,5,36,1,4,0,2,0,26,37,300,1100,33
SIM,13,1,1,5,37,0,4,14,2,0,26,37,1100,500,45
SIM,13,1,1,5,38,1,7,12,3,0,26,36,300,1500,30
SIM,13,1,1,5,39,0,6,3,2,1,26,36,1100,100,45
SIM,13,1,1,5,40,1,6,3,2,1,26,34,500,1000,35
SIM,13,1,1,5,41,0,6,17,2,1,26,34,1300,400,45
SIM,13,1,1,5,42,1,9,15,3,1,26,32,200,1300,28
SIM,13,1,1,5,43,0,6,4,2,2,26,32,1000,200,45
SIM,13,1,1,5,44,1,6,3,2,1,26,31,400,1100,37
SIM,13,1,1,5,45,0,4,3,2,1,26,31,1200,500,45
SIM,13,1,1,5,46,1,7,1,3,1,26,29,100,1400,26
SIM,13,1,1,5,47,0,4,4,2,2,26,29,900,300,45
SIM,13,1,1,5,48,1,4,1,2,1,26,29,300,1200,37
SIM,13,1,1,5,49,0,3,1,1,1,26,29,1200,300,45
SIM,13,1,1,5,50,1,6,0,2,0,26,28,100,1300,28
SIM,13,1,1,5,51,0,4,3,2,1,26,28,900,200,45
SIM,13,1,1,5,52,1,4,1,2,1,26,27,300,1100,37
SIM,13,1,1,5,53,0,3,1,1,1,26,27,1200,1100,45
SIM,13,1,1,5,54,1,6,0,2,0,26,26,100,2100,28
SIM,13,1,1,5,55,0,6,14,2,0,26,26,900,1500,45
SIM,13,1,1,5,56,1,6,12,2,0,26,25,300,2500,36
SIM,13,1,1,5,57,0,4,3,2,1,26,25,1100,200,45
SIM,13,1,1,5,58,1,7,1,3,1,26,23,300,1100,29
SIM,13,1,1,5,59,0,6,1,2,1,26,23,1100,500,45
SIM,13,1,1,5,60,1,6,0,2,0,26,22,500,1500,35
SIM_END,13,1,1,5,60,0,0
SIM,14,1,1,6,1,0,0,6,0,1,40,40,1000,0,30
SIM,14,1,1,6,2,1,3,6,1,1,40,39,200,800,19
SIM,14,1,1,6,3,0,0,9,0,2,39,39,1200,300,45
SIM,14,1,1,6,4,1,0,9,0,2,39,39,300,1000,39
SIM,14,1,1,6,5,0,0,9,0,2,38,39,1300,400,45
SIM,14,1,1,6,6,1,3,7,1,2,38,39,200,1100,34
SIM,14,1,1,6,7,0,3,7,1,2,38,39,1100,1100,45
SIM,14,1,1,6,8,1,3,6,1,1,38,39,500,1900,39
SIM,14,1,1,6,9,0,0,9,0,2,37,39,1500,200,45
SIM,14,1,1,6,10,1,3,7,1,2,37,39,100,900,32
SIM,14,1,1,6,11,0,0,7,0,2,36,39,1100,300,45
SIM,14,1,1,6,12,1,0,7,0,2,36,39,500,1000,41
SIM,14,1,1,6,13,0,0,10,0,3,35,39,1500,200,45
SIM,14,1,1,6,14,1,3,9,1,2,35,39,100,900,32
SIM,14,1,1,6,15,0,0,9,0,2,34,39,1100,300,45
SIM,14,1,1,6,16,1,0,9,0,2,34,39,500,1000,41
SIM,14,1,1,6,17,0,0,12,0,3,33,39,1500,200,45
SIM,14,1,1,6,18,1,3,10,1,3,33,39,100,800,32
SIM,14,1,1,6,19,0,0,10,0,3,32,39,1100,500,45
SIM,14,1,1,6,20,1,0,10,0,3,32,39,500,1100,41
SIM,14,1,1,6,21,0,0,13,0,4,29,39,1500,300,45
SIM,14,1,1,6,22,1,3,12,1,3,29,39,100,900,32
SIM,14,1,1,6,23,0,0,12,0,3,27,39,1100,300,45
SIM,14,1,1,6,24,1,0,12,0,3,27,39,500,900,41
SIM,14,1,1,6,25,0,0,15,0,4,24,39,1500,100,45
SIM,14,1,1,6,26,1,3,13,1,4,24,39,100,600,34
SIM,14,1,1,6,27,0,0,13,0,4,21,39,1100,300,45
SIM,14,1,1,6,28,1,0,13,0,4,21,39,1100,800,45
SIM,14,1,1,6,29,0,0,13,0,4,17,39,2100,500,45
SIM,14,1,1,6,30,1,3,11,1,4,17,39,400,1000,32
SIM,14,1,1,6,31,0,0,11,0,4,14,39,1400,400,45
SIM,14,1,1,6,32,1,0,11,0,4,14,39,1400,900,45
SIM,14,1,1,6,33,0,0,11,0,4,10,39,2400,300,45
SIM,14,1,1,6,34,1,3,9,1,3,10,39,400,1000,30
SIM,14,1,1,6,35,0,3,12,1,4,6,39,1300,200,45
SIM,14,1,1,6,36,1,3,10,1,4,6,39,400,800,37
SIM,14,1,1,6,37,0,3,10,1,4,2,39,1300,500,45
SIM,14,1,1,6,38,1,6,7,2,3,2,39,200,1200,34
SIM,14,1,1,6,39,0,6,7,2,3,1,39,1000,1200,45
SIM,14,1,1,6,40,1,6,4,2,2,1,39,400,2000,35
SIM_END,14,1,1,6,40,1,0
SIM_DONE
### tuned degrade=35
SIM_CONFIG,degrade_favoured_pct=35,only_handicap=1,variants=7,cover_pct=0
SIM,1,0,1,0,1,0,6,0,1,0,40,40,1000,0,30
SIM,1,0,1,0,2,1,9,0,2,0,40,39,200,1000,19
SIM,1,0,1,0,3,0,7,3,2,1,40,39,900,200,45
SIM,1,0,1,0,4,1,7,0,2,0,40,38,300,1200,31
SIM,1,0,1,0,5,0,7,0,2,0,40,38,1000,300,45
SIM,1,0,1,0,6,1,10,0,3,0,40,36,200,1300,27
SIM,1,0,1,0,7,0,9,3,2,1,40,36,900,200,45
SIM,1,0,1,0,8,1,9,0,2,0,40,35,300,1200,36
SIM,1,0,1,0,9,0,9,0,2,0,40,35,1000,300,45
SIM,1,0,1,0,10,1,12,0,3,0,40,33,200,1300,33
SIM,1,0,1,0,11,0,10,3,3,1,40,33,800,200,45
SIM,1,0,1,0,12,1,10,0,3,0,40,33,800,1200,43
SIM,1,0,1,0,13,0,10,0,3,0,40,33,1400,300,45
SIM,1,0,1,0,14,1,13,0,4,0,40,30,300,1300,26
SIM,1,0,1,0,15,0,11,3,4,1,40,30,800,200,45
SIM,1,0,1,0,16,1,11,0,4,0,40,27,500,1200,29
SIM,1,0,1,0,17,0,11,0,4,0,40,27,1000,1200,45
SIM,1,0,1,0,18,1,11,0,4,0,40,26,1000,2200,43
SIM,1,0,1,0,19,0,9,3,3,1,40,26,1700,500,45
SIM,1,0,1,0,20,1,12,3,4,1,40,22,300,1400,20
SIM,1,0,1,0,21,0,10,3,4,1,40,22,900,500,45
SIM,1,0,1,0,22,1,10,3,4,1,40,18,300,1400,33
SIM,1,0,1,0,23,0,7,6,3,2,40,18,1000,300,45
SIM,1,0,1,0,24,1,7,6,3,2,40,17,1000,1100,43
SIM,1,0,1,0,25,0,4,6,2,2,40,17,1800,500,45
SIM,1,0,1,0,26,1,4,6,2,2,40,16,1800,1300,43
SIM,1,0,1,0,27,0,0,9,0,3,40,16,2800,200,45
SIM,1,0,1,0,28,1,3,9,1,3,40,15,200,900,22
SIM,1,0,1,0,29,0,0,9,0,3,40,15,1200,300,45
SIM,1,0,1,0,30,1,14,9,0,3,40,15,600,1000,43
SIM,1,0,1,0,31,0,12,12,0,4,38,15,1600,200,45
SIM,1,0,1,0,32,1,0,12,0,4,38,15,1900,800,45
SIM,1,0,1,0,33,0,0,12,0,4,34,15,2900,500,45
SIM,1,0,1,0,34,1,3,12,1,4,34,15,2700,1100,44
SIM,1,0,1,0,35,0,3,12,1,4,30,15,3600,500,45
SIM,1,0,1,0,36,1,17,12,1,4,30,15,3000,1100,43
SIM,1,0,1,0,37,0,17,12,1,4,26,15,3900,500,45
SIM,1,0,1,0,38,1,6,9,2,3,26,15,100,1200,14
SIM,1,0,1,0,39,0,6,12,2,4,22,15,900,100,44
SIM,1,0,1,0,40,1,20,12,2,4,22,15,300,700,42
SIM,1,0,1,0,41,0,20,12,2,4,18,15,1100,400,45
SIM,1,0,1,0,42,1,6,12,2,4,18,15,1400,1000,45
SIM,1,0,1,0,43,0,6,12,2,4,14,15,2200,400,45
SIM,1,0,1,0,44,1,20,12,2,4,14,15,1600,1000,43
SIM,1,0,1,0,45,0,20,12,2,4,10,15,2400,400,45
SIM,1,0,1,0,46,1,9,7,3,3,10,15,100,1100,21
SIM,1,0,1,0,47,0,7,10,3,4,7,15,800,300,45
SIM,1,0,1,0,48,1,7,6,3,2,7,15,500,1100,33
SIM,1,0,1,0,49,0,6,6,2,2,6,15,1300,500,45
SIM,1,0,1,0,50,1,9,1,3,1,6,15,200,1400,24
SIM,1,0,1,0,51,0,6,4,2,2,6,15,1000,300,45
SIM,1,0,1,0,52,1,6,4,2,2,6,15,1000,1100,43
SIM,1,0,1,0,53,0,3,4,1,2,6,15,1900,500,45
SIM,1,0,1,0,54,1,3,4,1,2,6,15,1900,1300,41
SIM,1,0,1,0,55,0,0,7,0,3,5,15,2900,200,45
SIM,1,0,1,0,56,1,3,6,1,2,5,15,300,1000,24
SIM,1,0,1,0,57,0,1,6,1,2,4,15,1200,400,45
SIM,1,0,1,0,58,1,15,6,1,2,4,15,600,1200,43
SIM,1,0,1,0,59,0,14,9,0,3,2,15,1600,100,45
SIM,1,0,1,0,60,1,3,7,1,3,2,15,200,800,32
SIM_END,1,0,1,0,60,1,0
SIM,2,0,1,1,1,0,6,0,1,0,40,40,1000,0,30
SIM,2,0,1,1,2,1,20,0,1,0,40,40,400,1000,28
SIM,2,0,1,1,3,0,18,3,1,1,40,40,1200,200,45
SIM,2,0,1,1,4,1,7,0,2,0,40,39,100,1200,28
SIM,2,0,1,1,5,0,7,0,2,0,40,39,800,300,45
SIM,2,0,1,1,6,1,7,0,2,0,40,38,500,1300,31
SIM,2,0,1,1,7,0,5,3,2,1,40,38,1200,200,45
SIM,2,0,1,1,8,1,5,3,2,1,40,38,1200,1100,43
SIM,2,0,1,1,9,0,4,3,1,1,40,38,2000,500,45
SIM,2,0,1,1,10,1,7,0,2,0,40,37,300,1500,26
SIM,2,0,1,1,11,0,5,3,2,1,40,37,1000,100,45
SIM,2,0,1,1,12,1,5,0,2,0,40,36,400,1100,37
SIM,2,0,1,1,13,0,5,0,2,0,40,36,1100,500,45
SIM,2,0,1,1,14,1,8,0,3,0,40,34,300,1500,29
SIM,2,0,1,1,15,0,7,3,2,1,40,34,1000,100,45
SIM,2,0,1,1,16,1,7,0,2,0,40,34,1000,1100,43
SIM,2,0,1,1,17,0,7,0,2,0,40,34,1700,500,45
SIM,2,0,1,1,18,1,10,0,3,0,40,32,300,1500,28
SIM,2,0,1,1,19,0,8,3,3,1,40,32,900,100,45
SIM,2,0,1,1,20,1,8,0,3,0,40,30,300,1100,32
SIM,2,0,1,1,21,0,8,0,3,0,40,30,900,500,45
SIM,2,0,1,1,22,1,11,0,4,0,40,27,100,1500,31
SIM,2,0,1,1,23,0,9,3,3,1,40,27,800,100,45
SIM,2,0,1,1,24,1,9,3,3,1,40,24,500,1000,34
SIM,2,0,1,1,25,0,7,3,3,1,40,24,1200,400,45
SIM,2,0,1,1,26,1,10,1,4,1,40,21,100,1300,22
SIM,2,0,1,1,27,0,7,4,3,2,40,21,800,200,45
SIM,2,0,1,1,28,1,7,3,3,1,40,19,500,1100,37
SIM,2,0,1,1,29,0,6,3,2,1,40,19,1300,500,45
SIM,2,0,1,1,30,1,6,3,2,1,40,18,1300,1400,43
SIM,2,0,1,1,31,0,3,6,1,2,40,18,2200,300,45
SIM,2,0,1,1,32,1,3,6,1,2,40,17,2200,1100,43
SIM,2,0,1,1,33,0,0,6,0,2,40,17,3200,500,45
SIM,2,0,1,1,34,1,3,6,1,2,40,16,300,1300,20
SIM,2,0,1,1,35,0,0,9,0,3,39,16,1300,200,45
SIM,2,0,1,1,36,1,14,9,0,3,39,16,700,900,43
SIM,2,0,1,1,37,0,14,9,0,3,38,16,1700,300,45
SIM,2,0,1,1,38,1,3,7,1,3,38,16,300,1000,30
SIM,2,0,1,1,39,0,0,10,0,4,36,16,1300,200,45
SIM,2,0,1,1,40,1,0,10,0,4,36,16,400,800,39
SIM,2,0,1,1,41,0,0,10,0,4,33,16,1400,500,45
SIM,2,0,1,1,42,1,3,9,1,3,33,16,300,1200,32
SIM,2,0,1,1,43,0,3,12,1,4,30,16,1200,100,45
SIM,2,0,1,1,44,1,3,10,1,4,30,16,300,700,37
SIM,2,0,1,1,45,0,3,10,1,4,26,16,1200,400,45
SIM,2,0,1,1,46,1,6,7,2,3,26,16,100,1100,34
SIM,2,0,1,1,47,0,6,10,2,4,22,16,900,300,45
SIM,2,0,1,1,48,1,6,7,2,3,22,16,300,1000,37
SIM,2,0,1,1,49,0,6,7,2,3,19,16,1100,400,45
SIM,2,0,1,1,50,1,9,3,3,1,19,16,300,1300,28
SIM,2,0,1,1,51,0,7,6,3,2,18,16,1000,200,45
SIM,2,0,1,1,52,1,21,6,3,2,18,16,400,1000,43
SIM,2,0,1,1,53,0,20,6,2,2,17,16,1200,400,45
SIM,2,0,1,1,54,1,9,1,3,1,17,16,100,1300,24
SIM,2,0,1,1,55,0,6,4,2,2,17,16,900,200,45
SIM,2,0,1,1,56,1,6,3,2,1,17,16,300,1100,37
SIM,2,0,1,1,57,0,4,3,2,1,17,16,1100,500,45
SIM,2,0,1,1,58,1,18,3,2,1,17,16,500,1400,43
SIM,2,0,1,1,59,0,17,6,1,2,16,16,1400,300,45
SIM,2,0,1,1,60,1,6,3,2,1,16,16,300,1200,24
SIM_END,2,0,1,1,60,1,0
SIM,3,0,1,2,1,0,6,0,1,0,40,40,1000,0,30
SIM,3,0,1,2,2,1,20,0,1,0,40,40,400,1000,28
SIM,3,0,1,2,3,0,18,3,1,1,40,40,1200,200,45
SIM,3,0,1,2,4,1,4,3,1,1,40,40,1500,1100,45
SIM,3,0,1,2,5,0,2,3,1,1,40,40,2300,500,45
SIM,3,0,1,2,6,1,2,0,1,0,40,40,2300,1500,43
SIM,3,0,1,2,7,0,0,3,0,1,40,40,3300,100,45
SIM,3,0,1,2,8,1,14,3,0,1,40,40,2700,1000,43
SIM,3,0,1,2,9,0,14,3,0,1,39,40,3700,400,45
SIM,3,0,1,2,10,1,0,3,0,1,39,40,4000,1300,45
SIM,3,0,1,2,11,0,0,6,0,2,38,40,5000,200,45
SIM,3,0,1,2,12,1,14,6,0,2,38,40,4400,1000,43
SIM,3,0,1,2,13,0,14,6,0,2,36,40,5400,400,45
SIM,3,0,1,2,14,1,3,4,1,2,36,40,100,1200,4
SIM,3,0,1,2,15,0,1,7,1,3,34,40,1000,100,34
SIM,3,0,1,2,16,1,1,6,1,2,34,40,400,900,28
SIM,3,0,1,2,17,0,0,6,0,2,33,40,1400,300,45
SIM,3,0,1,2,18,1,3,4,1,2,33,40,300,1100,34
SIM,3,0,1,2,19,0,0,7,0,3,32,40,1300,300,45
SIM,3,0,1,2,20,1,0,7,0,3,32,40,400,1000,39
SIM,3,0,1,2,21,0,0,7,0,3,30,40,1400,400,45
SIM,3,0,1,2,22,1,3,6,1,2,30,40,300,1200,34
SIM,3,0,1,2,23,0,1,9,1,3,28,40,1200,100,45
SIM,3,0,1,2,24,1,15,9,1,3,28,40,600,800,43
SIM,3,0,1,2,25,0,14,9,0,3,26,40,1600,500,45
SIM,3,0,1,2,26,1,3,7,1,3,26,40,200,1200,32
SIM,3,0,1,2,27,0,1,10,1,4,23,40,1100,100,45
SIM,3,0,1,2,28,1,1,9,1,3,23,40,500,800,39
SIM,3,0,1,2,29,0,0,9,0,3,21,40,1500,500,45
SIM,3,0,1,2,30,1,3,7,1,3,21,40,100,1200,34
SIM,3,0,1,2,31,0,0,10,0,4,19,40,1100,100,45
SIM,3,0,1,2,32,1,0,10,0,4,19,40,500,700,41
SIM,3,0,1,2,33,0,0,10,0,4,15,40,1500,400,45
SIM,3,0,1,2,34,1,3,9,1,3,15,40,400,1100,34
SIM,3,0,1,2,35,0,3,12,1,4,12,40,1300,300,45
SIM,3,0,1,2,36,1,3,10,1,4,12,40,400,900,37
SIM,3,0,1,2,37,0,3,10,1,4,8,40,1300,300,45
SIM,3,0,1,2,38,1,3,9,1,3,8,40,1300,1000,43
SIM,3,0,1,2,39,0,3,12,1,4,4,40,2200,200,45
SIM,3,0,1,2,40,1,6,9,2,3,4,40,200,900,28
SIM,3,0,1,2,41,0,6,9,2,3,1,40,1000,300,45
SIM,3,0,1,2,42,1,20,9,2,3,1,40,400,1000,43
SIM_END,3,0,1,2,42,1,0
SIM,4,0,1,3,1,0,6,0,1,0,40,40,1000,0,30
SIM,4,0,1,3,2,1,9,0,2,0,40,39,200,1000,19
SIM,4,0,1,3,3,0,7,3,2,1,40,39,900,200,45
SIM,4,0,1,3,4,1,7,3,2,1,40,39,900,1100,35
SIM,4,0,1,3,5,0,6,3,1,1,40,39,1700,500,45
SIM,4,0,1,3,6,1,6,0,1,0,40,39,1700,1500,43
SIM,4,0,1,3,7,0,4,3,1,1,40,39,2500,100,45
SIM,4,0,1,3,8,1,7,0,2,0,40,38,200,1100,22
SIM,4,0,1,3,9,0,7,0,2,0,40,38,900,500,45
SIM,4,0,1,3,10,1,7,0,2,0,40,36,300,1500,31
SIM,4,0,1,3,11,0,5,3,2,1,40,36,1000,100,45
SIM,4,0,1,3,12,1,8,0,3,0,40,35,200,1100,33
SIM,4,0,1,3,13,0,8,0,3,0,40,35,800,500,45
SIM,4,0,1,3,14,1,8,0,3,0,40,34,800,1500,43
SIM,4,0,1,3,15,0,6,3,2,1,40,34,1600,100,45
SIM,4,0,1,3,16,1,6,3,2,1,40,33,1600,1000,43
SIM,4,0,1,3,17,0,4,3,2,1,40,33,2400,400,45
SIM,4,0,1,3,18,1,7,0,3,0,40,32,100,1400,15
SIM,4,0,1,3,19,0,6,3,2,1,40,32,900,300,45
SIM,4,0,1,3,20,1,20,3,2,1,40,32,300,1200,43
SIM,4,0,1,3,21,0,18,3,2,1,40,32,1100,300,45
SIM,4,0,1,3,22,1,7,0,3,0,40,31,300,1300,28
SIM,4,0,1,3,23,0,6,3,2,1,40,31,1100,200,45
SIM,4,0,1,3,24,1,6,3,2,1,40,30,1100,1100,43
SIM,4,0,1,3,25,0,4,3,2,1,40,30,1900,500,45
SIM,4,0,1,3,26,1,4,3,2,1,40,29,1900,1400,43
SIM,4,0,1,3,27,0,1,6,1,2,40,29,2800,300,45
SIM,4,0,1,3,28,1,4,3,2,1,40,29,200,1200,20
SIM,4,0,1,3,29,0,3,3,1,1,40,29,1100,300,45
SIM,4,0,1,3,30,1,17,3,1,1,40,29,500,1200,43
SIM,4,0,1,3,31,0,14,6,0,2,40,29,1500,100,45
SIM,4,0,1,3,32,1,3,4,1,2,40,29,100,900,28
SIM,4,0,1,3,33,0,0,4,0,2,40,29,1100,300,45
SIM,4,0,1,3,34,1,0,4,0,2,40,29,500,1100,41
SIM,4,0,1,3,35,0,0,7,0,3,39,29,1500,300,45
SIM,4,0,1,3,36,1,3,6,1,2,39,29,100,1100,30
SIM,4,0,1,3,37,0,3,6,1,2,37,29,1000,500,45
SIM,4,0,1,3,38,1,17,6,1,2,37,29,400,1300,43
SIM,4,0,1,3,39,0,15,9,1,3,35,29,1300,200,45
SIM,4,0,1,3,40,1,4,6,2,2,35,29,200,1000,24
SIM,4,0,1,3,41,0,3,6,1,2,34,29,1100,400,45
SIM,4,0,1,3,42,1,3,4,1,2,34,29,500,1200,37
SIM,4,0,1,3,43,0,0,7,0,3,33,29,1500,100,45
SIM,4,0,1,3,44,1,3,6,1,2,33,29,100,900,32
SIM,4,0,1,3,45,0,1,6,1,2,32,29,1000,300,45
SIM,4,0,1,3,46,1,15,6,1,2,32,29,400,1100,43
SIM,4,0,1,3,47,0,14,9,0,3,30,29,1400,300,45
SIM,4,0,1,3,48,1,3,7,1,3,30,29,300,1000,34
SIM,4,0,1,3,49,0,1,7,1,3,28,29,1200,400,45
SIM,4,0,1,3,50,1,1,6,1,2,28,29,300,1200,37
SIM,4,0,1,3,51,0,0,9,0,3,26,29,1300,100,45
SIM,4,0,1,3,52,1,3,7,1,3,26,29,200,800,36
SIM,4,0,1,3,53,0,1,7,1,3,24,29,1100,500,45
SIM,4,0,1,3,54,1,1,6,1,2,24,29,1100,1300,43
SIM,4,0,1,3,55,0,0,9,0,3,23,29,2100,200,45
SIM,4,0,1,3,56,1,14,9,0,3,23,29,1500,900,43
SIM,4,0,1,3,57,0,14,9,0,3,20,29,2500,300,45
SIM,4,0,1,3,58,1,3,7,1,3,20,29,200,1000,26
SIM,4,0,1,3,59,0,1,10,1,4,17,29,1100,200,45
SIM,4,0,1,3,60,1,1,9,1,3,17,29,1100,900,43
SIM_END,4,0,1,3,60,1,0
SIM,5,0,1,4,1,0,6,0,1,0,40,40,1000,0,30
SIM,5,0,1,4,2,1,20,0,1,0,40,40,400,1000,28
SIM,5,0,1,4,3,0,20,3,1,1,39,40,1200,200,45
SIM,5,0,1,4,4,1,9,0,2,0,39,39,100,1200,28
SIM,5,0,1,4,5,0,9,0,2,0,39,39,800,300,45
SIM,5,0,1,4,6,1,9,0,2,0,39,38,500,1300,41
SIM,5,0,1,4,7,0,7,3,2,1,39,38,1200,200,45
SIM,5,0,1,4,8,1,10,0,3,0,39,36,100,1200,6
SIM,5,0,1,4,9,0,10,0,3,0,39,36,700,300,36
SIM,5,0,1,4,10,1,10,0,3,0,39,34,400,1300,26
SIM,5,0,1,4,11,0,9,3,2,1,39,34,1100,200,45
SIM,5,0,1,4,12,1,9,3,2,1,39,34,1100,1100,43
SIM,5,0,1,4,13,0,7,3,2,1,39,34,1800,500,45
SIM,5,0,1,4,14,1,10,0,3,0,39,32,100,1500,20
SIM,5,0,1,4,15,0,8,3,3,1,39,32,700,100,45
SIM,5,0,1,4,16,1,8,3,3,1,39,32,700,1000,41
SIM,5,0,1,4,17,0,7,3,2,1,39,32,1400,400,45
SIM,5,0,1,4,18,1,10,0,3,0,39,30,300,1400,28
SIM,5,0,1,4,19,0,8,3,3,1,39,30,900,300,45
SIM,5,0,1,4,20,1,8,0,3,0,39,30,900,1300,43
SIM,5,0,1,4,21,0,8,0,3,0,39,30,1500,400,45
SIM,5,0,1,4,22,1,11,0,4,0,39,27,100,1400,23
SIM,5,0,1,4,23,0,9,3,3,1,39,27,800,300,45
SIM,5,0,1,4,24,1,9,3,3,1,39,26,800,1200,43
SIM,5,0,1,4,25,0,7,3,3,1,39,26,1500,300,45
SIM,5,0,1,4,26,1,7,3,3,1,39,25,1500,1200,43
SIM,5,0,1,4,27,0,4,6,2,2,39,25,2300,100,45
SIM,5,0,1,4,28,1,4,6,2,2,39,24,2300,900,43
SIM,5,0,1,4,29,0,1,6,1,2,39,24,3200,300,45
SIM,5,0,1,4,30,1,4,4,2,2,39,23,300,1100,18
SIM,5,0,1,4,31,0,0,7,0,3,39,23,1300,300,45
SIM,5,0,1,4,32,1,14,7,0,3,39,23,700,1000,43
SIM,5,0,1,4,33,0,14,7,0,3,38,23,1700,400,45
SIM,5,0,1,4,34,1,0,7,0,3,38,23,2000,1100,45
SIM,5,0,1,4,35,0,0,10,0,4,35,23,3000,300,45
SIM,5,0,1,4,36,1,14,10,0,4,35,23,2400,900,43
SIM,5,0,1,4,37,0,14,10,0,4,32,23,3400,300,45
SIM,5,0,1,4,38,1,3,9,1,3,32,23,200,1000,20
SIM,5,0,1,4,39,0,1,12,1,4,29,23,1100,200,45
SIM,5,0,1,4,40,1,15,12,1,4,29,23,500,800,43
SIM,5,0,1,4,41,0,12,12,0,4,27,23,1500,500,45
SIM,5,0,1,4,42,1,0,12,0,4,27,23,1800,1100,45
SIM,5,0,1,4,43,0,0,12,0,4,23,23,2800,500,45
SIM,5,0,1,4,44,1,3,12,1,4,23,23,2600,1100,44
SIM,5,0,1,4,45,0,3,12,1,4,19,23,3500,500,45
SIM,5,0,1,4,46,1,3,10,1,4,19,23,500,1100,23
SIM,5,0,1,4,47,0,3,10,1,4,15,23,1400,500,45
SIM,5,0,1,4,48,1,3,9,1,3,15,23,1400,1200,43
SIM,5,0,1,4,49,0,3,12,1,4,11,23,2300,100,45
SIM,5,0,1,4,50,1,6,9,2,3,11,23,300,800,28
SIM,5,0,1,4,51,0,6,9,2,3,8,23,1100,500,45
SIM,5,0,1,4,52,1,6,6,2,2,8,23,500,1300,33
SIM,5,0,1,4,53,0,6,9,2,3,6,23,1300,200,45
SIM,5,0,1,4,54,1,20,9,2,3,6,23,700,900,43
SIM,5,0,1,4,55,0,20,9,2,3,3,23,1500,300,45
SIM,5,0,1,4,56,1,9,4,3,2,3,23,100,1100,23
SIM_END,5,0,1,4,56,1,0
SIM,6,0,1,5,1,0,6,0,1,0,40,40,1000,0,30
SIM,6,0,1,5,2,1,20,0,1,0,40,40,400,1000,28
SIM,6,0,1,5,3,0,20,3,1,1,39,40,1200,200,45
SIM,6,0,1,5,4,1,9,0,2,0,39,39,100,1200,26
SIM,6,0,1,5,5,0,9,0,2,0,39,39,800,300,45
SIM,6,0,1,5,6,1,9,0,2,0,39,38,800,1300,43
SIM,6,0,1,5,7,0,7,3,2,1,39,38,1500,200,45
SIM,6,0,1,5,8,1,10,0,3,0,39,36,100,1200,12
SIM,6,0,1,5,9,0,10,0,3,0,39,36,700,300,42
SIM,6,0,1,5,10,1,10,0,3,0,39,35,700,1300,40
SIM,6,0,1,5,11,0,9,3,2,1,39,35,1400,200,45
SIM,6,0,1,5,12,1,12,0,3,0,39,33,300,1200,28
SIM,6,0,1,5,13,0,12,0,3,0,39,33,900,300,45
SIM,6,0,1,5,14,1,12,0,3,0,39,31,300,1300,33
SIM,6,0,1,5,15,0,10,3,3,1,39,31,900,200,45
SIM,6,0,1,5,16,1,13,0,4,0,39,28,100,1200,22
SIM,6,0,1,5,17,0,13,0,4,0,39,28,600,300,45
SIM,6,0,1,5,18,1,13,0,4,0,39,25,300,1300,35
SIM,6,0,1,5,19,0,12,3,3,1,39,25,900,200,45
SIM,6,0,1,5,20,1,12,3,3,1,39,25,900,1100,43
SIM,6,0,1,5,21,0,10,3,3,1,39,25,1500,500,45
SIM,6,0,1,5,22,1,10,0,3,0,39,25,1500,1500,43
SIM,6,0,1,5,23,0,8,3,3,1,39,25,2100,100,45
SIM,6,0,1,5,24,1,8,0,3,0,39,25,2100,1100,43
SIM,6,0,1,5,25,0,8,0,3,0,39,25,2700,500,45
SIM,6,0,1,5,26,1,11,0,4,0,39,22,100,1500,19
SIM,6,0,1,5,27,0,9,3,3,1,39,22,800,100,45
SIM,6,0,1,5,28,1,9,3,3,1,39,21,800,1000,43
SIM,6,0,1,5,29,0,7,3,3,1,39,21,1500,400,45
SIM,6,0,1,5,30,1,10,0,4,0,39,19,100,1400,19
SIM,6,0,1,5,31,0,9,3,3,1,39,19,800,300,45
SIM,6,0,1,5,32,1,9,0,3,0,39,18,500,1300,37
SIM,6,0,1,5,33,0,9,0,3,0,39,18,1200,400,45
SIM,6,0,1,5,34,1,12,0,4,0,39,14,100,1400,20
SIM,6,0,1,5,35,0,10,3,4,1,39,14,700,300,45
SIM,6,0,1,5,36,1,10,3,4,1,39,10,400,1200,35
SIM,6,0,1,5,37,0,9,3,3,1,39,10,1100,300,45
SIM,6,0,1,5,38,1,12,3,4,1,39,6,300,1200,24
SIM,6,0,1,5,39,0,9,6,3,2,39,6,1000,100,45
SIM,6,0,1,5,40,1,9,6,3,2,39,3,400,900,35
SIM,6,0,1,5,41,0,6,6,2,2,39,3,1200,300,45
SIM,6,0,1,5,42,1,6,6,2,2,39,2,1200,1100,43
SIM,6,0,1,5,43,0,1,9,1,3,39,2,2100,300,45
SIM_END,6,0,1,5,43,0,0
SIM,7,0,1,6,1,0,6,0,1,0,40,40,1000,0,30
SIM,7,0,1,6,2,1,9,0,2,0,40,39,200,1000,19
SIM,7,0,1,6,3,0,7,3,2,1,40,39,900,200,45
SIM,7,0,1,6,4,1,7,3,2,1,40,39,900,1100,23
SIM,7,0,1,6,5,0,6,3,1,1,40,39,1700,500,45
SIM,7,0,1,6,6,1,9,0,2,0,40,38,300,1500,28
SIM,7,0,1,6,7,0,7,3,2,1,40,38,1000,100,45
SIM,7,0,1,6,8,1,7,0,2,0,40,37,400,1100,37
SIM,7,0,1,6,9,0,7,0,2,0,40,37,1100,500,45
SIM,7,0,1,6,10,1,10,0,3,0,40,35,300,1500,27
SIM,7,0,1,6,11,0,9,3,2,1,40,35,1000,100,45
SIM,7,0,1,6,12,1,9,0,2,0,40,34,400,1100,36
SIM,7,0,1,6,13,0,9,0,2,0,40,34,1100,500,45
SIM,7,0,1,6,14,1,12,0,3,0,40,32,300,1500,33
SIM,7,0,1,6,15,0,10,3,3,1,40,32,900,100,45
SIM,7,0,1,6,16,1,10,0,3,0,40,30,300,1100,32
SIM,7,0,1,6,17,0,10,0,3,0,40,30,900,500,45
SIM,7,0,1,6,18,1,13,0,4,0,40,27,100,1500,31
SIM,7,0,1,6,19,0,11,3,4,1,40,27,600,100,45
SIM,7,0,1,6,20,1,11,0,4,0,40,24,300,1100,29
SIM,7,0,1,6,21,0,11,0,4,0,40,24,800,1100,45
SIM,7,0,1,6,22,1,11,0,4,0,40,20,500,2100,35
SIM,7,0,1,6,23,0,9,3,3,1,40,20,1200,400,45
SIM,7,0,1,6,24,1,9,3,3,1,40,19,1200,1300,43
SIM,7,0,1,6,25,0,7,3,3,1,40,19,1900,400,45
SIM,7,0,1,6,26,1,7,3,3,1,40,18,1900,1300,43
SIM,7,0,1,6,27,0,4,6,2,2,40,18,2700,200,45
SIM,7,0,1,6,28,1,7,4,3,2,40,16,100,1000,18
SIM,7,0,1,6,29,0,4,4,2,2,40,16,900,400,45
SIM,7,0,1,6,30,1,4,3,2,1,40,15,300,1300,37
SIM,7,0,1,6,31,0,1,6,1,2,40,15,1200,200,45
SIM,7,0,1,6,32,1,4,3,2,1,40,15,100,1100,26
SIM,7,0,1,6,33,0,3,3,1,1,40,15,1000,500,45
SIM,7,0,1,6,34,1,3,1,1,1,40,15,400,1400,39
SIM,7,0,1,6,35,0,0,4,0,2,40,15,1400,300,45
SIM,7,0,1,6,36,1,3,3,1,1,40,15,300,1200,32
SIM,7,0,1,6,37,0,1,3,1,1,40,15,1200,300,45
SIM,7,0,1,6,38,1,1,1,1,1,40,15,300,1200,37
SIM,7,0,1,6,39,0,0,4,0,2,39,15,1300,100,45
SIM,7,0,1,6,40,1,3,3,1,1,39,15,200,1000,28
SIM,7,0,1,6,41,0,3,3,1,1,38,15,1100,400,45
SIM,7,0,1,6,42,1,3,3,1,1,38,14,500,1300,37
SIM,7,0,1,6,43,0,1,6,1,2,37,14,1400,200,45
SIM,7,0,1,6,44,1,4,4,2,2,37,13,300,1000,32
SIM,7,0,1,6,45,0,3,4,1,2,36,13,1200,400,45
SIM,7,0,1,6,46,1,3,3,1,1,36,13,1200,1300,43
SIM,7,0,1,6,47,0,0,6,0,2,36,13,2200,200,45
SIM,7,0,1,6,48,1,3,4,1,2,36,13,200,1000,30
SIM,7,0,1,6,49,0,0,4,0,2,36,13,1200,400,45
SIM,7,0,1,6,50,1,0,4,0,2,36,13,300,1200,39
SIM,7,0,1,6,51,0,0,7,0,3,33,13,1300,100,45
SIM,7,0,1,6,52,1,3,6,1,2,33,13,200,900,34
SIM,7,0,1,6,53,0,3,6,1,2,31,13,1100,300,45
SIM,7,0,1,6,54,1,17,6,1,2,31,13,500,1100,43
SIM,7,0,1,6,55,0,15,9,1,3,29,13,1400,300,45
SIM,7,0,1,6,56,1,4,6,2,2,29,13,300,1100,30
SIM,7,0,1,6,57,0,3,6,1,2,28,13,1200,500,45
SIM,7,0,1,6,58,1,3,4,1,2,28,13,300,1300,35
SIM,7,0,1,6,59,0,1,7,1,3,26,13,1200,200,45
SIM,7,0,1,6,60,1,1,6,1,2,26,13,1200,1000,43
SIM_END,7,0,1,6,60,0,0
SIM,8,1,1,0,1,0,0,6,0,1,40,40,1000,0,30
SIM,8,1,1,0,2,1,3,4,1,1,40,40,200,800,19
SIM,8,1,1,0,3,0,0,7,0,2,39,40,1200,300,45
SIM,8,1,1,0,4,1,0,7,0,2,39,40,300,1000,39
SIM,8,1,1,0,5,0,0,7,0,2,38,40,1300,400,45
SIM,8,1,1,0,6,1,3,5,1,2,38,40,200,1100,34
SIM,8,1,1,0,7,0,0,8,0,3,37,40,1200,300,45
SIM,8,1,1,0,8,1,0,8,0,3,37,40,300,900,39
SIM,8,1,1,0,9,0,0,8,0,3,34,40,1300,300,45
SIM,8,1,1,0,10,1,3,7,1,2,34,40,200,1000,34
SIM,8,1,1,0,11,0,0,10,0,3,32,40,1200,200,45
SIM,8,1,1,0,12,1,0,10,0,3,32,40,300,800,39
SIM,8,1,1,0,13,0,0,10,0,3,29,40,1300,500,45
SIM,8,1,1,0,14,1,3,8,1,3,29,40,200,1100,36
SIM,8,1,1,0,15,0,0,8,0,3,29,40,1200,1100,45
SIM,8,1,1,0,16,1,0,8,0,3,29,40,300,1700,39
SIM,8,1,1,0,17,0,0,11,0,4,26,40,1300,300,45
SIM,8,1,1,0,18,1,3,9,1,3,26,40,200,1000,36
SIM,8,1,1,0,19,0,3,9,1,3,23,40,1100,400,45
SIM,8,1,1,0,20,1,3,7,1,3,23,40,500,1100,39
SIM,8,1,1,0,21,0,1,10,1,4,20,40,1400,300,45
SIM,8,1,1,0,22,1,4,7,2,3,20,40,300,1000,30
SIM,8,1,1,0,23,0,3,7,1,3,18,40,1200,400,45
SIM,8,1,1,0,24,1,3,6,1,2,18,40,300,1200,37
SIM,8,1,1,0,25,0,3,9,1,3,15,40,1200,100,45
SIM,8,1,1,0,26,1,6,6,2,2,15,40,100,900,28
SIM,8,1,1,0,27,0,6,6,2,2,14,40,900,900,45
SIM,8,1,1,0,28,1,6,3,2,1,14,40,300,1800,33
SIM,8,1,1,0,29,0,4,6,2,2,13,40,1100,100,45
SIM,8,1,1,0,30,1,7,1,3,1,13,40,300,1000,28
SIM,8,1,1,0,31,0,6,1,2,1,13,40,1100,400,45
SIM,8,1,1,0,32,1,6,0,2,0,13,40,500,1400,37
SIM,8,1,1,0,33,0,4,3,2,1,13,40,1300,300,45
SIM,8,1,1,0,34,1,7,0,3,0,13,39,200,1300,18
SIM,8,1,1,0,35,0,7,14,3,0,13,39,900,700,45
SIM,8,1,1,0,36,1,7,12,3,0,13,38,300,1700,30
SIM,8,1,1,0,37,0,7,0,3,0,13,38,1000,2000,45
SIM,8,1,1,0,38,1,10,0,4,0,13,35,200,3000,26
SIM,8,1,1,0,39,0,10,14,4,0,13,35,800,2400,45
SIM,8,1,1,0,40,1,10,14,4,0,13,32,500,3400,37
SIM,8,1,1,0,41,0,10,0,4,0,13,32,1100,3700,45
SIM,8,1,1,0,42,1,10,0,4,0,13,28,500,4700,27
SIM,8,1,1,0,43,0,9,3,3,1,13,28,1200,300,45
SIM,8,1,1,0,44,1,12,1,4,1,13,25,100,1200,26
SIM,8,1,1,0,45,0,12,15,4,1,13,25,700,600,45
SIM,8,1,1,0,46,1,12,14,4,0,13,22,400,1600,33
SIM,8,1,1,0,47,0,12,0,4,0,13,22,1000,1900,45
SIM,8,1,1,0,48,1,12,0,4,0,13,18,400,2900,33
SIM,8,1,1,0,49,0,12,3,4,1,13,18,1000,2700,45
SIM,8,1,1,0,50,1,12,3,4,1,13,14,400,3600,33
SIM,8,1,1,0,51,0,12,17,4,1,13,14,1000,3000,45
SIM,8,1,1,0,52,1,12,17,4,1,13,10,400,3900,33
SIM,8,1,1,0,53,0,9,6,3,2,13,10,1100,100,45
SIM,8,1,1,0,54,1,12,4,4,2,13,7,300,900,28
SIM,8,1,1,0,55,0,9,4,3,2,13,7,1000,300,45
SIM,8,1,1,0,56,1,9,3,3,1,13,5,400,1200,35
SIM,8,1,1,0,57,0,6,6,2,2,13,5,1200,100,45
SIM,8,1,1,0,58,1,9,4,3,2,13,3,100,900,28
SIM,8,1,1,0,59,0,9,18,3,2,13,3,800,300,45
SIM,8,1,1,0,60,1,9,17,3,1,13,1,500,1200,37
SIM_END,8,1,1,0,60,0,0
SIM,9,1,1,1,1,0,0,6,0,1,40,40,1000,0,30
SIM,9,1,1,1,2,1,3,4,1,1,40,40,200,800,19
SIM,9,1,1,1,3,0,0,7,0,2,39,40,1200,300,45
SIM,9,1,1,1,4,1,0,7,0,2,39,40,300,1000,39
SIM,9,1,1,1,5,0,0,7,0,2,38,40,1300,400,45
SIM,9,1,1,1,6,1,3,5,1,2,38,40,200,1100,34
SIM,9,1,1,1,7,0,3,5,1,2,38,40,1100,1100,45
SIM,9,1,1,1,8,1,3,4,1,1,38,40,500,1900,39
SIM,9,1,1,1,9,0,0,7,0,2,37,40,1500,200,45
SIM,9,1,1,1,10,1,3,5,1,2,37,40,100,900,32
SIM,9,1,1,1,11,0,0,5,0,2,36,40,1100,300,45
SIM,9,1,1,1,12,1,0,5,0,2,36,40,500,1000,41
SIM,9,1,1,1,13,0,0,5,0,2,35,40,1500,1000,45
SIM,9,1,1,1,14,1,3,3,1,1,35,40,100,1900,32
SIM,9,1,1,1,15,0,1,6,1,2,34,40,1000,200,45
SIM,9,1,1,1,16,1,1,4,1,2,34,40,400,1000,39
SIM,9,1,1,1,17,0,0,4,0,2,34,40,1400,1000,45
SIM,9,1,1,1,18,1,3,3,1,1,34,40,300,1900,34
SIM,9,1,1,1,19,0,3,3,1,1,33,40,1200,1900,45
SIM,9,1,1,1,20,1,3,1,1,1,33,40,300,2800,35
SIM,9,1,1,1,21,0,1,4,1,2,32,40,1200,200,45
SIM,9,1,1,1,22,1,4,1,2,1,32,40,100,1100,30
SIM,9,1,1,1,23,0,3,1,1,1,32,40,1000,500,45
SIM,9,1,1,1,24,1,3,0,1,0,32,40,400,1500,39
SIM,9,1,1,1,25,0,3,14,1,0,32,40,1300,900,45
SIM,9,1,1,1,26,1,6,14,2,0,32,39,200,1900,29
SIM,9,1,1,1,27,0,4,3,2,1,32,39,1000,200,45
SIM,9,1,1,1,28,1,4,1,2,1,32,38,400,1100,36
SIM,9,1,1,1,29,0,3,1,1,1,32,38,1300,1100,45
SIM,9,1,1,1,30,1,6,0,2,0,32,37,200,2100,30
SIM,9,1,1,1,31,0,4,3,2,1,32,37,1000,100,45
SIM,9,1,1,1,32,1,4,1,2,1,32,36,400,1000,37
SIM,9,1,1,1,33,0,3,1,1,1,32,36,1300,400,45
SIM,9,1,1,1,34,1,6,0,2,0,32,35,200,1400,30
SIM,9,1,1,1,35,0,4,3,2,1,32,35,1000,300,45
SIM,9,1,1,1,36,1,4,1,2,1,32,34,400,1200,37
SIM,9,1,1,1,37,0,3,1,1,1,32,34,1300,300,45
SIM,9,1,1,1,38,1,6,0,2,0,32,33,200,1300,30
SIM,9,1,1,1,39,0,4,3,2,1,32,33,1000,200,45
SIM,9,1,1,1,40,1,4,1,2,1,32,32,400,1100,37
SIM,9,1,1,1,41,0,3,1,1,1,32,32,1300,500,45
SIM,9,1,1,1,42,1,6,0,2,0,32,31,200,1500,30
SIM,9,1,1,1,43,0,4,3,2,1,32,31,1000,100,45
SIM,9,1,1,1,44,1,4,1,2,1,32,30,400,1000,37
SIM,9,1,1,1,45,0,3,1,1,1,32,30,1300,400,45
SIM,9,1,1,1,46,1,6,0,2,0,32,29,200,1400,30
SIM,9,1,1,1,47,0,6,14,2,0,32,29,1000,800,45
SIM,9,1,1,1,48,1,6,12,2,0,32,28,400,1800,36
SIM,9,1,1,1,49,0,6,0,2,0,32,28,1200,2100,45
SIM,9,1,1,1,50,1,9,0,3,0,32,25,100,3100,23
SIM,9,1,1,1,51,0,7,3,3,1,32,25,800,200,45
SIM,9,1,1,1,52,1,7,3,3,1,32,22,500,1100,37
SIM,9,1,1,1,53,0,6,3,2,1,32,22,1300,1100,45
SIM,9,1,1,1,54,1,9,3,3,1,32,20,200,2000,31
SIM,9,1,1,1,55,0,6,6,2,2,32,20,1000,300,45
SIM,9,1,1,1,56,1,6,6,2,2,32,18,400,1100,36
SIM,9,1,1,1,57,0,6,20,2,2,32,18,1200,500,45
SIM,9,1,1,1,58,1,9,18,3,2,32,16,100,1300,28
SIM,9,1,1,1,59,0,9,4,3,2,32,16,800,1600,45
SIM,9,1,1,1,60,1,9,3,3,1,32,14,500,2500,35
SIM_END,9,1,1,1,60,0,0
SIM,10,1,1,2,1,0,0,6,0,1,40,40,1000,0,30
SIM,10,1,1,2,2,1,3,6,1,1,40,39,200,800,19
SIM,10,1,1,2,3,0,0,9,0,2,39,39,1200,300,45
SIM,10,1,1,2,4,1,0,9,0,2,39,39,300,1000,39
SIM,10,1,1,2,5,0,0,9,0,2,38,39,1300,1000,45
SIM,10,1,1,2,6,1,3,7,1,2,38,39,200,1700,34
SIM,10,1,1,2,7,0,3,7,1,2,38,39,1100,1700,45
SIM,10,1,1,2,8,1,3,6,1,1,38,39,500,2500,39
SIM,10,1,1,2,9,0,0,9,0,2,37,39,1500,200,45
SIM,10,1,1,2,10,1,3,7,1,2,37,39,100,900,32
SIM,10,1,1,2,11,0,0,7,0,2,36,39,1100,300,45
SIM,10,1,1,2,12,1,0,7,0,2,36,39,500,1000,41
SIM,10,1,1,2,13,0,0,10,0,3,35,39,1500,200,45
SIM,10,1,1,2,14,1,3,9,1,2,35,39,100,900,32
SIM,10,1,1,2,15,0,0,9,0,2,34,39,1100,300,45
SIM,10,1,1,2,16,1,0,9,0,2,34,39,500,1000,41
SIM,10,1,1,2,17,0,0,9,0,2,33,39,1500,1000,45
SIM,10,1,1,2,18,1,3,7,1,2,33,39,100,1700,32
SIM,10,1,1,2,19,0,0,7,0,2,33,39,1100,1700,45
SIM,10,1,1,2,20,1,0,7,0,2,33,39,500,2400,41
SIM,10,1,1,2,21,0,0,7,0,2,32,39,1500,2400,45
SIM,10,1,1,2,22,1,3,5,1,2,32,39,100,3100,32
SIM,10,1,1,2,23,0,0,5,0,2,32,39,1100,3100,45
SIM,10,1,1,2,24,1,0,5,0,2,32,39,500,3800,41
SIM,10,1,1,2,25,0,0,8,0,3,31,39,1500,300,45
SIM,10,1,1,2,26,1,3,6,1,2,31,39,100,1100,31
SIM,10,1,1,2,27,0,1,6,1,2,30,39,1000,500,45
SIM,10,1,1,2,28,1,1,4,1,2,30,39,400,1300,39
SIM,10,1,1,2,29,0,0,4,0,2,30,39,1400,1300,45
SIM,10,1,1,2,30,1,3,3,1,1,30,39,300,2200,33
SIM,10,1,1,2,31,0,1,6,1,2,29,39,1200,200,45
SIM,10,1,1,2,32,1,1,4,1,2,29,39,300,1000,37
SIM,10,1,1,2,33,0,0,4,0,2,28,39,1300,400,45
SIM,10,1,1,2,34,1,3,3,1,1,28,39,200,1300,33
SIM,10,1,1,2,35,0,1,6,1,2,27,39,1100,200,45
SIM,10,1,1,2,36,1,1,4,1,2,27,39,500,1000,39
SIM,10,1,1,2,37,0,0,4,0,2,27,39,1500,1000,45
SIM,10,1,1,2,38,1,3,3,1,1,27,39,100,1900,31
SIM,10,1,1,2,39,0,1,6,1,2,26,39,1000,200,45
SIM,10,1,1,2,40,1,1,4,1,2,26,39,400,1000,39
SIM,10,1,1,2,41,0,0,4,0,2,25,39,1400,400,45
SIM,10,1,1,2,42,1,3,3,1,1,25,39,300,1300,33
SIM,10,1,1,2,43,0,1,6,1,2,24,39,1200,200,45
SIM,10,1,1,2,44,1,1,4,1,2,24,39,300,1000,37
SIM,10,1,1,2,45,0,0,4,0,2,23,39,1300,400,45
SIM,10,1,1,2,46,1,3,3,1,1,23,39,200,1300,33
SIM,10,1,1,2,47,0,3,3,1,1,22,39,1100,1300,45
SIM,10,1,1,2,48,1,3,1,1,1,22,39,500,2200,36
SIM,10,1,1,2,49,0,1,4,1,2,21,39,1400,200,45
SIM,10,1,1,2,50,1,4,1,2,1,21,39,300,1100,30
SIM,10,1,1,2,51,0,3,1,1,1,21,39,1200,1100,45
SIM,10,1,1,2,52,1,3,0,1,0,21,39,300,2100,37
SIM,10,1,1,2,53,0,1,3,1,1,21,39,1200,100,45
SIM,10,1,1,2,54,1,4,0,2,0,21,39,100,1100,30
SIM,10,1,1,2,55,0,4,0,2,0,21,39,900,500,45
SIM,10,1,1,2,56,1,4,0,2,0,21,38,300,1500,32
SIM,10,1,1,2,57,0,3,3,1,1,21,38,1200,100,45
SIM,10,1,1,2,58,1,6,1,2,1,21,37,100,1000,29
SIM,10,1,1,2,59,0,4,1,2,1,21,37,900,400,45
SIM,10,1,1,2,60,1,4,0,2,0,21,36,300,1400,35
SIM_END,10,1,1,2,60,1,0
SIM,11,1,1,3,1,0,0,6,0,1,40,40,1000,0,30
SIM,11,1,1,3,2,1,3,6,1,1,40,39,200,800,19
SIM,11,1,1,3,3,0,0,9,0,2,39,39,1200,300,45
SIM,11,1,1,3,4,1,0,9,0,2,39,39,300,1000,39
SIM,11,1,1,3,5,0,0,9,0,2,38,39,1300,400,45
SIM,11,1,1,3,6,1,3,7,1,2,38,39,200,1100,34
SIM,11,1,1,3,7,0,3,7,1,2,38,39,1100,1100,45
SIM,11,1,1,3,8,1,3,6,1,1,38,39,500,1900,39
SIM,11,1,1,3,9,0,0,6,0,1,38,39,1500,1900,45
SIM,11,1,1,3,10,1,3,4,1,1,38,39,100,2700,31
SIM,11,1,1,3,11,0,0,7,0,2,37,39,1100,100,45
SIM,11,1,1,3,12,1,0,7,0,2,37,39,500,800,41
SIM,11,1,1,3,13,0,0,7,0,2,36,39,1500,500,45
SIM,11,1,1,3,14,1,3,5,1,2,36,39,100,1200,32
SIM,11,1,1,3,15,0,0,8,0,3,34,39,1100,100,45
SIM,11,1,1,3,16,1,0,8,0,3,34,39,500,700,41
SIM,11,1,1,3,17,0,0,8,0,3,33,39,1500,700,45
SIM,11,1,1,3,18,1,3,7,1,2,33,39,100,1400,32
SIM,11,1,1,3,19,0,0,7,0,2,33,39,1100,1400,45
SIM,11,1,1,3,20,1,0,7,0,2,33,39,500,2100,41
SIM,11,1,1,3,21,0,0,7,0,2,32,39,1500,2100,45
SIM,11,1,1,3,22,1,3,5,1,2,32,39,100,2800,34
SIM,11,1,1,3,23,0,3,5,1,2,32,39,1000,2800,45
SIM,11,1,1,3,24,1,3,4,1,1,32,39,400,3600,39
SIM,11,1,1,3,25,0,0,4,0,1,32,39,1400,3600,45
SIM,11,1,1,3,26,1,3,2,1,1,32,39,300,4400,35
SIM,11,1,1,3,27,0,0,2,0,1,32,39,1300,4400,45
SIM,11,1,1,3,28,1,0,2,0,1,32,39,400,5200,39
SIM,11,1,1,3,29,0,0,5,0,2,31,39,1400,200,45
SIM,11,1,1,3,30,1,3,3,1,1,31,39,300,1100,34
SIM,11,1,1,3,31,0,3,3,1,1,30,39,1200,500,45
SIM,11,1,1,3,32,1,3,1,1,1,30,39,300,1400,37
SIM,11,1,1,3,33,0,1,4,1,2,29,39,1200,300,45
SIM,11,1,1,3,34,1,4,1,2,1,29,39,100,1200,32
SIM,11,1,1,3,35,0,3,1,1,1,29,39,1000,300,45
SIM,11,1,1,3,36,1,3,0,1,0,29,39,400,1300,39
SIM,11,1,1,3,37,0,3,14,1,0,29,39,1300,700,45
SIM,11,1,1,3,38,1,6,14,2,0,29,38,200,1700,25
SIM,11,1,1,3,39,0,6,0,2,0,29,38,1000,2000,45
SIM,11,1,1,3,40,1,6,0,2,0,29,36,400,3000,34
SIM,11,1,1,3,41,0,4,3,2,1,29,36,1200,100,45
SIM,11,1,1,3,42,1,7,3,3,1,29,33,100,1000,24
SIM,11,1,1,3,43,0,6,3,2,1,29,33,900,400,45
SIM,11,1,1,3,44,1,6,3,2,1,29,31,300,1300,37
SIM,11,1,1,3,45,0,3,6,1,2,29,31,1200,200,45
SIM,11,1,1,3,46,1,6,4,2,2,29,30,100,1000,30
SIM,11,1,1,3,47,0,3,4,1,2,29,30,1000,400,45
SIM,11,1,1,3,48,1,3,3,1,1,29,30,400,1300,37
SIM,11,1,1,3,49,0,0,6,0,2,29,30,1400,200,45
SIM,11,1,1,3,50,1,3,4,1,2,29,30,300,1000,32
SIM,11,1,1,3,51,0,0,4,0,2,29,30,1300,400,45
SIM,11,1,1,3,52,1,0,4,0,2,29,30,400,1200,39
SIM,11,1,1,3,53,0,0,7,0,3,26,30,1400,100,45
SIM,11,1,1,3,54,1,3,6,1,2,26,30,300,900,36
SIM,11,1,1,3,55,0,3,6,1,2,25,30,1200,900,45
SIM,11,1,1,3,56,1,3,4,1,2,25,30,300,1700,35
SIM,11,1,1,3,57,0,1,7,1,3,23,30,1200,300,45
SIM,11,1,1,3,58,1,4,4,2,2,23,30,100,1100,32
SIM,11,1,1,3,59,0,3,4,1,2,23,30,1000,1100,45
SIM,11,1,1,3,60,1,3,3,1,1,23,30,400,2000,39
SIM_END,11,1,1,3,60,1,0
SIM,12,1,1,4,1,0,0,6,0,1,40,40,1000,0,30
SIM,12,1,1,4,2,1,3,6,1,1,40,39,200,800,19
SIM,12,1,1,4,3,0,0,6,0,1,40,39,1200,800,45
SIM,12,1,1,4,4,1,0,6,0,1,40,39,300,1600,39
SIM,12,1,1,4,5,0,0,20,0,1,40,39,1300,1000,45
SIM,12,1,1,4,6,1,3,20,1,1,40,38,200,1800,32
SIM,12,1,1,4,7,0,0,9,0,2,39,38,1200,100,45
SIM,12,1,1,4,8,1,0,9,0,2,39,38,300,800,39
SIM,12,1,1,4,9,0,0,9,0,2,38,38,1300,800,45
SIM,12,1,1,4,10,1,3,7,1,2,38,38,200,1500,34
SIM,12,1,1,4,11,0,0,10,0,3,36,38,1200,100,45
SIM,12,1,1,4,12,1,0,10,0,3,36,38,300,700,39
SIM,12,1,1,4,13,0,0,10,0,3,34,38,1300,400,45
SIM,12,1,1,4,14,1,3,9,1,2,34,38,200,1100,34
SIM,12,1,1,4,15,0,0,12,0,3,32,38,1200,300,45
SIM,12,1,1,4,16,1,0,12,0,3,32,38,300,900,39
SIM,12,1,1,4,17,0,0,12,0,3,30,38,1300,300,45
SIM,12,1,1,4,18,1,3,10,1,3,30,38,200,900,36
SIM,12,1,1,4,19,0,3,10,1,3,30,38,1100,900,45
SIM,12,1,1,4,20,1,3,9,1,2,30,38,500,1600,39
SIM,12,1,1,4,21,0,0,9,0,2,30,38,1500,1600,45
SIM,12,1,1,4,22,1,3,7,1,2,30,38,100,2300,33
SIM,12,1,1,4,23,0,0,10,0,3,29,38,1100,300,45
SIM,12,1,1,4,24,1,0,10,0,3,29,38,500,900,41
SIM,12,1,1,4,25,0,0,10,0,3,26,38,1500,300,45
SIM,12,1,1,4,26,1,3,8,1,3,26,38,100,900,34
SIM,12,1,1,4,27,0,0,11,0,4,24,38,1100,100,45
SIM,12,1,1,4,28,1,0,11,0,4,24,38,500,600,41
SIM,12,1,1,4,29,0,0,11,0,4,23,38,1500,600,45
SIM,12,1,1,4,30,1,3,9,1,3,23,38,100,1300,34
SIM,12,1,1,4,31,0,1,12,1,4,20,38,1000,200,45
SIM,12,1,1,4,32,1,1,10,1,4,20,38,400,800,39
SIM,12,1,1,4,33,0,0,10,0,4,17,38,1400,500,45
SIM,12,1,1,4,34,1,3,9,1,3,17,38,300,1200,34
SIM,12,1,1,4,35,0,3,9,1,3,16,38,1200,1200,45
SIM,12,1,1,4,36,1,3,7,1,3,16,38,300,1900,37
SIM,12,1,1,4,37,0,3,10,1,4,13,38,1200,200,45
SIM,12,1,1,4,38,1,6,7,2,3,13,38,100,900,32
SIM,12,1,1,4,39,0,6,7,2,3,12,38,900,900,45
SIM,12,1,1,4,40,1,6,4,2,2,12,38,300,1700,34
SIM,12,1,1,4,41,0,3,7,1,3,11,38,1200,300,45
SIM,12,1,1,4,42,1,6,4,2,2,11,38,100,1100,29
SIM,12,1,1,4,43,0,6,4,2,2,10,38,900,1100,45
SIM,12,1,1,4,44,1,6,1,2,1,10,38,300,2000,37
SIM,12,1,1,4,45,0,6,15,2,1,10,38,1100,1400,45
SIM,12,1,1,4,46,1,9,12,3,0,10,38,300,2400,31
SIM,12,1,1,4,47,0,9,0,3,0,10,38,1000,2700,45
SIM,12,1,1,4,48,1,9,0,3,0,10,37,400,3700,33
SIM,12,1,1,4,49,0,9,14,3,0,10,37,1100,3100,45
SIM,12,1,1,4,50,1,12,10,4,0,10,36,300,4100,18
SIM,12,1,1,4,51,0,12,0,4,0,10,36,900,4400,45
SIM,12,1,1,4,52,1,12,0,4,0,10,32,300,5400,25
SIM,12,1,1,4,53,0,10,3,4,1,10,32,900,400,45
SIM,12,1,1,4,54,1,10,3,4,1,10,28,300,1300,33
SIM,12,1,1,4,55,0,9,3,3,1,10,28,1000,1300,45
SIM,12,1,1,4,56,1,12,3,4,1,10,24,200,2200,24
SIM,12,1,1,4,57,0,12,17,4,1,10,24,800,1600,45
SIM,12,1,1,4,58,1,12,17,4,1,10,20,500,2500,35
SIM,12,1,1,4,59,0,12,3,4,1,10,20,1100,2800,45
SIM,12,1,1,4,60,1,12,3,4,1,10,16,500,3700,33
SIM_END,12,1,1,4,60,1,0
SIM,13,1,1,5,1,0,0,6,0,1,40,40,1000,0,30
SIM,13,1,1,5,2,1,3,6,1,1,40,39,200,800,19
SIM,13,1,1,5,3,0,3,6,1,1,40,39,1100,800,45
SIM,13,1,1,5,4,1,3,6,1,1,40,38,500,1600,39
SIM,13,1,1,5,5,0,0,6,0,1,40,38,1500,1600,45
SIM,13,1,1,5,6,1,3,6,1,1,40,37,100,2400,30
SIM,13,1,1,5,7,0,0,9,0,2,39,37,1100,100,45
SIM,13,1,1,5,8,1,0,9,0,2,39,37,500,800,41
SIM,13,1,1,5,9,0,0,9,0,2,38,37,1500,500,45
SIM,13,1,1,5,10,1,3,7,1,2,38,37,100,1200,32
SIM,13,1,1,5,11,0,0,10,0,3,36,37,1100,100,45
SIM,13,1,1,5,12,1,0,10,0,3,36,37,500,700,41
SIM,13,1,1,5,13,0,0,10,0,3,34,37,1500,400,45
SIM,13,1,1,5,14,1,3,9,1,2,34,37,100,1100,32
SIM,13,1,1,5,15,0,3,9,1,2,34,37,1000,1100,45
SIM,13,1,1,5,16,1,3,7,1,2,34,37,400,1800,39
SIM,13,1,1,5,17,0,0,7,0,2,34,37,1400,1800,45
SIM,13,1,1,5,18,1,3,5,1,2,34,37,300,2500,36
SIM,13,1,1,5,19,0,3,5,1,2,34,37,1200,2500,45
SIM,13,1,1,5,20,1,3,4,1,1,34,37,300,3300,37
SIM,13,1,1,5,21,0,0,7,0,2,33,37,1300,100,45
SIM,13,1,1,5,22,1,3,5,1,2,33,37,200,800,35
SIM,13,1,1,5,23,0,0,5,0,2,32,37,1200,500,45
SIM,13,1,1,5,24,1,0,5,0,2,32,37,300,1200,39
SIM,13,1,1,5,25,0,0,8,0,3,30,37,1300,100,45
SIM,13,1,1,5,26,1,3,6,1,2,30,37,200,900,33
SIM,13,1,1,5,27,0,3,6,1,2,28,37,1100,300,45
SIM,13,1,1,5,28,1,3,4,1,2,28,37,500,1100,38
SIM,13,1,1,5,29,0,1,7,1,3,26,37,1400,300,45
SIM,13,1,1,5,30,1,4,4,2,2,26,37,300,1100,34
SIM,13,1,1,5,31,0,3,4,1,2,26,37,1200,1100,45
SIM,13,1,1,5,32,1,3,3,1,1,26,37,300,2000,37
SIM,13,1,1,5,33,0,3,17,1,1,26,37,1200,1400,45
SIM,13,1,1,5,34,1,6,14,2,0,26,37,100,2400,22
SIM,13,1,1,5,35,0,4,3,2,1,26,37,900,100,45
SIM,13,1,1,5,36,1,4,0,2,0,26,37,300,1100,33
SIM,13,1,1,5,37,0,4,14,2,0,26,37,1100,500,45
SIM,13,1,1,5,38,1,7,12,3,0,26,36,300,1500,30
SIM,13,1,1,5,39,0,6,3,2,1,26,36,1100,100,45
SIM,13,1,1,5,40,1,6,3,2,1,26,34,500,1000,35
SIM,13,1,1,5,41,0,6,17,2,1,26,34,1300,400,45
SIM,13,1,1,5,42,1,9,15,3,1,26,32,200,1300,28
SIM,13,1,1,5,43,0,6,4,2,2,26,32,1000,200,45
SIM,13,1,1,5,44,1,6,3,2,1,26,31,400,1100,37
SIM,13,1,1,5,45,0,4,3,2,1,26,31,1200,500,45
SIM,13,1,1,5,46,1,7,1,3,1,26,29,100,1400,26
SIM,13,1,1,5,47,0,4,4,2,2,26,29,900,300,45
SIM,13,1,1,5,48,1,4,1,2,1,26,29,300,1200,37
SIM,13,1,1,5,49,0,3,1,1,1,26,29,1200,300,45
SIM,13,1,1,5,50,1,6,0,2,0,26,28,100,1300,28
SIM,13,1,1,5,51,0,4,3,2,1,26,28,900,200,45
SIM,13,1,1,5,52,1,4,1,2,1,26,27,300,1100,37
SIM,13,1,1,5,53,0,3,1,1,1,26,27,1200,1100,45
SIM,13,1,1,5,54,1,6,0,2,0,26,26,100,2100,28
SIM,13,1,1,5,55,0,6,14,2,0,26,26,900,1500,45
SIM,13,1,1,5,56,1,6,12,2,0,26,25,300,2500,36
SIM,13,1,1,5,57,0,4,3,2,1,26,25,1100,200,45
SIM,13,1,1,5,58,1,7,1,3,1,26,23,300,1100,29
SIM,13,1,1,5,59,0,6,1,2,1,26,23,1100,500,45
SIM,13,1,1,5,60,1,6,0,2,0,26,22,500,1500,35
SIM_END,13,1,1,5,60,0,0
SIM,14,1,1,6,1,0,0,6,0,1,40,40,1000,0,30
SIM,14,1,1,6,2,1,3,6,1,1,40,39,200,800,19
SIM,14,1,1,6,3,0,0,9,0,2,39,39,1200,300,45
SIM,14,1,1,6,4,1,0,9,0,2,39,39,300,1000,39
SIM,14,1,1,6,5,0,0,9,0,2,38,39,1300,400,45
SIM,14,1,1,6,6,1,3,7,1,2,38,39,200,1100,34
SIM,14,1,1,6,7,0,3,7,1,2,38,39,1100,1100,45
SIM,14,1,1,6,8,1,3,6,1,1,38,39,500,1900,39
SIM,14,1,1,6,9,0,0,6,0,1,38,39,1500,1900,45
SIM,14,1,1,6,10,1,3,4,1,1,38,39,100,2700,31
SIM,14,1,1,6,11,0,0,7,0,2,37,39,1100,100,45
SIM,14,1,1,6,12,1,0,7,0,2,37,39,500,800,41
SIM,14,1,1,6,13,0,0,7,0,2,36,39,1500,500,45
SIM,14,1,1,6,14,1,3,5,1,2,36,39,100,1200,32
SIM,14,1,1,6,15,0,0,8,0,3,34,39,1100,100,45
SIM,14,1,1,6,16,1,0,8,0,3,34,39,500,700,41
SIM,14,1,1,6,17,0,0,8,0,3,32,39,1500,400,45
SIM,14,1,1,6,18,1,3,7,1,2,32,39,100,1100,32
SIM,14,1,1,6,19,0,0,10,0,3,30,39,1100,300,45
SIM,14,1,1,6,20,1,0,10,0,3,30,39,500,900,41
SIM,14,1,1,6,21,0,0,10,0,3,28,39,1500,300,45
SIM,14,1,1,6,22,1,3,8,1,3,28,39,100,900,34
SIM,14,1,1,6,23,0,0,11,0,4,25,39,1100,100,45
SIM,14,1,1,6,24,1,0,11,0,4,25,39,500,600,41
SIM,14,1,1,6,25,0,0,11,0,4,22,39,1500,300,45
SIM,14,1,1,6,26,1,3,10,1,3,22,39,100,900,34
SIM,14,1,1,6,27,0,0,13,0,4,19,39,1100,100,45
SIM,14,1,1,6,28,1,0,13,0,4,19,39,500,600,41
SIM,14,1,1,6,29,0,0,13,0,4,16,39,1500,300,45
SIM,14,1,1,6,30,1,3,11,1,4,16,39,100,800,34
SIM,14,1,1,6,31,0,0,11,0,4,13,39,1100,500,45
SIM,14,1,1,6,32,1,0,11,0,4,13,39,500,1000,41
SIM,14,1,1,6,33,0,0,11,0,4,10,39,1500,400,45
SIM,14,1,1,6,34,1,3,10,1,3,10,39,100,1000,34
SIM,14,1,1,6,35,0,0,13,0,4,7,39,1100,200,45
SIM,14,1,1,6,36,1,0,13,0,4,7,39,500,700,41
SIM,14,1,1,6,37,0,0,13,0,4,4,39,1500,400,45
SIM,14,1,1,6,38,1,3,11,1,4,4,39,100,900,34
SIM,14,1,1,6,39,0,3,11,1,4,4,39,1000,900,45
SIM,14,1,1,6,40,1,3,10,1,3,4,39,400,1500,39
SIM,14,1,1,6,41,0,0,13,0,4,1,39,1400,100,45
SIM,14,1,1,6,42,1,3,11,1,4,1,39,300,600,36
SIM_END,14,1,1,6,42,1,0
SIM_DONE
### tuned degrade=40
SIM_CONFIG,degrade_favoured_pct=40,only_handicap=1,variants=7,cover_pct=0
SIM,1,0,1,0,1,0,6,0,1,0,40,40,1000,0,30
SIM,1,0,1,0,2,1,9,0,2,0,40,39,200,1000,19
SIM,1,0,1,0,3,0,7,3,2,1,40,39,900,200,45
SIM,1,0,1,0,4,1,7,0,2,0,40,38,300,1200,31
SIM,1,0,1,0,5,0,7,0,2,0,40,38,1000,300,45
SIM,1,0,1,0,6,1,10,0,3,0,40,36,200,1300,27
SIM,1,0,1,0,7,0,9,3,2,1,40,36,900,200,45
SIM,1,0,1,0,8,1,9,0,2,0,40,35,300,1200,36
SIM,1,0,1,0,9,0,9,0,2,0,40,35,1000,300,45
SIM,1,0,1,0,10,1,12,0,3,0,40,33,200,1300,33
SIM,1,0,1,0,11,0,10,3,3,1,40,33,800,200,45
SIM,1,0,1,0,12,1,10,0,3,0,40,33,800,1200,43
SIM,1,0,1,0,13,0,10,0,3,0,40,33,1400,300,45
SIM,1,0,1,0,14,1,10,0,3,0,40,32,1400,1300,43
SIM,1,0,1,0,15,0,8,3,3,1,40,32,2000,200,45
SIM,1,0,1,0,16,1,11,0,4,0,40,30,300,1200,22
SIM,1,0,1,0,17,0,11,0,4,0,40,30,800,300,45
SIM,1,0,1,0,18,1,11,0,4,0,40,29,800,1300,43
SIM,1,0,1,0,19,0,9,3,3,1,40,29,1500,200,45
SIM,1,0,1,0,20,1,12,1,4,1,40,26,100,1100,17
SIM,1,0,1,0,21,0,10,1,4,1,40,26,700,500,45
SIM,1,0,1,0,22,1,10,0,4,0,40,23,400,1500,31
SIM,1,0,1,0,23,0,9,3,3,1,40,23,1100,400,45
SIM,1,0,1,0,24,1,9,3,3,1,40,22,1100,1300,43
SIM,1,0,1,0,25,0,7,3,3,1,40,22,1800,400,45
SIM,1,0,1,0,26,1,7,3,3,1,40,21,1800,1300,43
SIM,1,0,1,0,27,0,4,6,2,2,40,21,2600,200,45
SIM,1,0,1,0,28,1,7,4,3,2,40,19,300,1000,20
SIM,1,0,1,0,29,0,4,4,2,2,40,19,1100,400,45
SIM,1,0,1,0,30,1,4,3,2,1,40,19,1100,1300,43
SIM,1,0,1,0,31,0,1,6,1,2,40,19,2000,200,45
SIM,1,0,1,0,32,1,15,6,1,2,40,19,1400,1000,43
SIM,1,0,1,0,33,0,14,6,0,2,40,19,2400,400,45
SIM,1,0,1,0,34,1,0,6,0,2,40,19,2700,1200,45
SIM,1,0,1,0,35,0,0,9,0,3,37,19,3700,100,45
SIM,1,0,1,0,36,1,14,9,0,3,37,19,3100,800,43
SIM,1,0,1,0,37,0,14,9,0,3,34,19,4100,500,45
SIM,1,0,1,0,38,1,3,7,1,3,34,19,300,1200,16
SIM,1,0,1,0,39,0,1,10,1,4,31,19,1200,100,45
SIM,1,0,1,0,40,1,1,9,1,3,31,19,1200,800,43
SIM,1,0,1,0,41,0,0,9,0,3,29,19,2200,500,45
SIM,1,0,1,0,42,1,14,9,0,3,29,19,1600,1200,43
SIM,1,0,1,0,43,0,12,12,0,4,27,19,2600,100,45
SIM,1,0,1,0,44,1,0,12,0,4,27,19,2900,700,45
SIM,1,0,1,0,45,0,0,12,0,4,23,19,3900,400,45
SIM,1,0,1,0,46,1,3,10,1,4,23,19,400,1000,20
SIM,1,0,1,0,47,0,3,10,1,4,19,19,1300,400,45
SIM,1,0,1,0,48,1,3,9,1,3,19,19,400,1100,37
SIM,1,0,1,0,49,0,3,12,1,4,15,19,1300,300,45
SIM,1,0,1,0,50,1,6,9,2,3,15,19,200,1000,34
SIM,1,0,1,0,51,0,6,9,2,3,12,19,1000,400,45
SIM,1,0,1,0,52,1,20,9,2,3,12,19,400,1100,43
SIM,1,0,1,0,53,0,20,12,2,4,8,19,1200,300,45
SIM,1,0,1,0,54,1,6,12,2,4,8,19,1500,900,45
SIM,1,0,1,0,55,0,6,12,2,4,4,19,2300,300,45
SIM,1,0,1,0,56,1,9,7,3,3,4,19,300,1000,25
SIM,1,0,1,0,57,0,7,10,3,4,1,19,1000,200,45
SIM,1,0,1,0,58,1,7,9,3,3,1,19,1000,900,43
SIM_END,1,0,1,0,58,1,0
SIM,2,0,1,1,1,0,6,0,1,0,40,40,1000,0,30
SIM,2,0,1,1,2,1,20,0,1,0,40,40,400,1000,28
SIM,2,0,1,1,3,0,18,3,1,1,40,40,1200,200,45
SIM,2,0,1,1,4,1,7,0,2,0,40,39,100,1200,28
SIM,2,0,1,1,5,0,7,0,2,0,40,39,800,300,45
SIM,2,0,1,1,6,1,7,0,2,0,40,38,500,1300,31
SIM,2,0,1,1,7,0,5,3,2,1,40,38,1200,200,45
SIM,2,0,1,1,8,1,5,3,2,1,40,38,1200,1100,43
SIM,2,0,1,1,9,0,4,3,1,1,40,38,2000,500,45
SIM,2,0,1,1,10,1,7,0,2,0,40,37,300,1500,26
SIM,2,0,1,1,11,0,5,3,2,1,40,37,1000,100,45
SIM,2,0,1,1,12,1,5,0,2,0,40,36,400,1100,37
SIM,2,0,1,1,13,0,5,0,2,0,40,36,1100,500,45
SIM,2,0,1,1,14,1,8,0,3,0,40,34,300,1500,29
SIM,2,0,1,1,15,0,7,3,2,1,40,34,1000,100,45
SIM,2,0,1,1,16,1,7,0,2,0,40,34,1000,1100,43
SIM,2,0,1,1,17,0,7,0,2,0,40,34,1700,500,45
SIM,2,0,1,1,18,1,10,0,3,0,40,32,300,1500,28
SIM,2,0,1,1,19,0,8,3,3,1,40,32,900,100,45
SIM,2,0,1,1,20,1,8,0,3,0,40,32,900,1100,43
SIM,2,0,1,1,21,0,8,0,3,0,40,32,1500,500,45
SIM,2,0,1,1,22,1,11,0,4,0,40,29,100,1500,24
SIM,2,0,1,1,23,0,9,3,3,1,40,29,800,100,45
SIM,2,0,1,1,24,1,9,3,3,1,40,26,500,1000,34
SIM,2,0,1,1,25,0,7,3,3,1,40,26,1200,400,45
SIM,2,0,1,1,26,1,10,1,4,1,40,23,100,1300,22
SIM,2,0,1,1,27,0,7,4,3,2,40,23,800,200,45
SIM,2,0,1,1,28,1,7,3,3,1,40,21,500,1100,37
SIM,2,0,1,1,29,0,6,3,2,1,40,21,1300,500,45
SIM,2,0,1,1,30,1,6,3,2,1,40,20,1300,1400,43
SIM,2,0,1,1,31,0,3,6,1,2,40,20,2200,300,45
SIM,2,0,1,1,32,1,3,6,1,2,40,19,2200,1100,43
SIM,2,0,1,1,33,0,0,6,0,2,40,19,3200,500,45
SIM,2,0,1,1,34,1,3,6,1,2,40,18,300,1300,20
SIM,2,0,1,1,35,0,0,9,0,3,39,18,1300,200,45
SIM,2,0,1,1,36,1,14,9,0,3,39,18,700,900,43
SIM,2,0,1,1,37,0,14,9,0,3,38,18,1700,300,45
SIM,2,0,1,1,38,1,3,7,1,3,38,18,300,1000,30
SIM,2,0,1,1,39,0,0,10,0,4,36,18,1300,200,45
SIM,2,0,1,1,40,1,0,10,0,4,36,18,400,800,39
SIM,2,0,1,1,41,0,0,10,0,4,33,18,1400,500,45
SIM,2,0,1,1,42,1,3,9,1,3,33,18,300,1200,32
SIM,2,0,1,1,43,0,3,12,1,4,30,18,1200,100,45
SIM,2,0,1,1,44,1,3,10,1,4,30,18,300,700,37
SIM,2,0,1,1,45,0,3,10,1,4,26,18,1200,400,45
SIM,2,0,1,1,46,1,6,7,2,3,26,18,100,1100,34
SIM,2,0,1,1,47,0,6,10,2,4,22,18,900,300,45
SIM,2,0,1,1,48,1,6,7,2,3,22,18,300,1000,37
SIM,2,0,1,1,49,0,6,7,2,3,19,18,1100,400,45
SIM,2,0,1,1,50,1,9,3,3,1,19,18,300,1300,28
SIM,2,0,1,1,51,0,7,6,3,2,18,18,1000,200,45
SIM,2,0,1,1,52,1,21,6,3,2,18,18,400,1000,43
SIM,2,0,1,1,53,0,20,6,2,2,17,18,1200,400,45
SIM,2,0,1,1,54,1,9,1,3,1,17,18,100,1300,24
SIM,2,0,1,1,55,0,6,4,2,2,17,18,900,200,45
SIM,2,0,1,1,56,1,6,3,2,1,17,18,300,1100,37
SIM,2,0,1,1,57,0,4,3,2,1,17,18,1100,500,45
SIM,2,0,1,1,58,1,18,3,2,1,17,18,500,1400,43
SIM,2,0,1,1,59,0,17,6,1,2,16,18,1400,300,45
SIM,2,0,1,1,60,1,6,3,2,1,16,18,300,1200,24
SIM_END,2,0,1,1,60,1,0
SIM,3,0,1,2,1,0,6,0,1,0,40,40,1000,0,30
SIM,3,0,1,2,2,1,20,0,1,0,40,40,400,1000,28
SIM,3,0,1,2,3,0,18,3,1,1,40,40,1200,200,45
SIM,3,0,1,2,4,1,4,3,1,1,40,40,1500,1100,45
SIM,3,0,1,2,5,0,2,3,1,1,40,40,2300,500,45
SIM,3,0,1,2,6,1,2,0,1,0,40,40,2300,1500,43
SIM,3,0,1,2,7,0,0,3,0,1,40,40,3300,100,45
SIM,3,0,1,2,8,1,14,3,0,1,40,40,2700,1000,43
SIM,3,0,1,2,9,0,14,3,0,1,39,40,3700,400,45
SIM,3,0,1,2,10,1,0,3,0,1,39,40,4000,1300,45
SIM,3,0,1,2,11,0,0,6,0,2,38,40,5000,200,45
SIM,3,0,1,2,12,1,14,6,0,2,38,40,4400,1000,43
SIM,3,0,1,2,13,0,14,6,0,2,36,40,5400,400,45
SIM,3,0,1,2,14,1,3,4,1,2,36,40,100,1200,4
SIM,3,0,1,2,15,0,1,7,1,3,34,40,1000,100,34
SIM,3,0,1,2,16,1,1,6,1,2,34,40,400,900,28
SIM,3,0,1,2,17,0,0,6,0,2,33,40,1400,300,45
SIM,3,0,1,2,18,1,3,4,1,2,33,40,300,1100,34
SIM,3,0,1,2,19,0,0,7,0,3,32,40,1300,300,45
SIM,3,0,1,2,20,1,0,7,0,3,32,40,400,1000,39
SIM,3,0,1,2,21,0,0,7,0,3,30,40,1400,400,45
SIM,3,0,1,2,22,1,3,6,1,2,30,40,300,1200,34
SIM,3,0,1,2,23,0,1,9,1,3,28,40,1200,100,45
SIM,3,0,1,2,24,1,15,9,1,3,28,40,600,800,43
SIM,3,0,1,2,25,0,14,9,0,3,26,40,1600,500,45
SIM,3,0,1,2,26,1,3,7,1,3,26,40,200,1200,32
SIM,3,0,1,2,27,0,1,10,1,4,23,40,1100,100,45
SIM,3,0,1,2,28,1,1,9,1,3,23,40,500,800,39
SIM,3,0,1,2,29,0,0,9,0,3,21,40,1500,500,45
SIM,3,0,1,2,30,1,3,7,1,3,21,40,100,1200,34
SIM,3,0,1,2,31,0,0,10,0,4,19,40,1100,100,45
SIM,3,0,1,2,32,1,0,10,0,4,19,40,500,700,41
SIM,3,0,1,2,33,0,0,10,0,4,15,40,1500,400,45
SIM,3,0,1,2,34,1,3,9,1,3,15,40,400,1100,34
SIM,3,0,1,2,35,0,3,12,1,4,12,40,1300,300,45
SIM,3,0,1,2,36,1,3,10,1,4,12,40,400,900,37
SIM,3,0,1,2,37,0,3,10,1,4,8,40,1300,300,45
SIM,3,0,1,2,38,1,3,9,1,3,8,40,1300,1000,43
SIM,3,0,1,2,39,0,3,12,1,4,4,40,2200,200,45
SIM,3,0,1,2,40,1,6,9,2,3,4,40,200,900,28
SIM,3,0,1,2,41,0,6,9,2,3,1,40,1000,300,45
SIM,3,0,1,2,42,1,20,9,2,3,1,40,400,1000,43
SIM_END,3,0,1,2,42,1,0
SIM,4,0,1,3,1,0,6,0,1,0,40,40,1000,0,30
SIM,4,0,1,3,2,1,9,0,2,0,40,39,200,1000,19
SIM,4,0,1,3,3,0,7,3,2,1,40,39,900,200,45
SIM,4,0,1,3,4,1,7,3,2,1,40,39,900,1100,35
SIM,4,0,1,3,5,0,6,3,1,1,40,39,1700,500,45
SIM,4,0,1,3,6,1,6,0,1,0,40,39,1700,1500,43
SIM,4,0,1,3,7,0,4,3,1,1,40,39,2500,100,45
SIM,4,0,1,3,8,1,7,0,2,0,40,38,200,1100,22
SIM,4,0,1,3,9,0,7,0,2,0,40,38,900,500,45
SIM,4,0,1,3,10,1,7,0,2,0,40,36,300,1500,31
SIM,4,0,1,3,11,0,5,3,2,1,40,36,1000,100,45
SIM,4,0,1,3,12,1,8,0,3,0,40,35,200,1100,33
SIM,4,0,1,3,13,0,8,0,3,0,40,35,800,500,45
SIM,4,0,1,3,14,1,8,0,3,0,40,34,800,1500,43
SIM,4,0,1,3,15,0,6,3,2,1,40,34,1600,100,45
SIM,4,0,1,3,16,1,6,3,2,1,40,33,1600,1000,43
SIM,4,0,1,3,17,0,4,3,2,1,40,33,2400,400,45
SIM,4,0,1,3,18,1,7,0,3,0,40,32,100,1400,15
SIM,4,0,1,3,19,0,6,3,2,1,40,32,900,300,45
SIM,4,0,1,3,20,1,20,3,2,1,40,32,300,1200,43
SIM,4,0,1,3,21,0,18,3,2,1,40,32,1100,300,45
SIM,4,0,1,3,22,1,7,0,3,0,40,31,300,1300,28
SIM,4,0,1,3,23,0,6,3,2,1,40,31,1100,200,45
SIM,4,0,1,3,24,1,6,3,2,1,40,30,1100,1100,43
SIM,4,0,1,3,25,0,4,3,2,1,40,30,1900,500,45
SIM,4,0,1,3,26,1,4,3,2,1,40,29,1900,1400,43
SIM,4,0,1,3,27,0,1,6,1,2,40,29,2800,300,45
SIM,4,0,1,3,28,1,4,3,2,1,40,29,200,1200,20
SIM,4,0,1,3,29,0,3,3,1,1,40,29,1100,300,45
SIM,4,0,1,3,30,1,17,3,1,1,40,29,500,1200,43
SIM,4,0,1,3,31,0,14,6,0,2,40,29,1500,100,45
SIM,4,0,1,3,32,1,3,4,1,2,40,29,100,900,28
SIM,4,0,1,3,33,0,0,4,0,2,40,29,1100,300,45
SIM,4,0,1,3,34,1,0,4,0,2,40,29,500,1100,41
SIM,4,0,1,3,35,0,0,7,0,3,39,29,1500,300,45
SIM,4,0,1,3,36,1,3,6,1,2,39,29,100,1100,30
SIM,4,0,1,3,37,0,3,6,1,2,37,29,1000,500,45
SIM,4,0,1,3,38,1,17,6,1,2,37,29,400,1300,43
SIM,4,0,1,3,39,0,15,9,1,3,35,29,1300,200,45
SIM,4,0,1,3,40,1,4,6,2,2,35,29,200,1000,24
SIM,4,0,1,3,41,0,3,6,1,2,34,29,1100,400,45
SIM,4,0,1,3,42,1,3,4,1,2,34,29,500,1200,37
SIM,4,0,1,3,43,0,0,7,0,3,33,29,1500,100,45
SIM,4,0,1,3,44,1,3,6,1,2,33,29,100,900,32
SIM,4,0,1,3,45,0,1,6,1,2,32,29,1000,300,45
SIM,4,0,1,3,46,1,15,6,1,2,32,29,400,1100,43
SIM,4,0,1,3,47,0,14,9,0,3,30,29,1400,300,45
SIM,4,0,1,3,48,1,3,7,1,3,30,29,300,1000,34
SIM,4,0,1,3,49,0,1,7,1,3,28,29,1200,400,45
SIM,4,0,1,3,50,1,1,6,1,2,28,29,300,1200,37
SIM,4,0,1,3,51,0,0,9,0,3,26,29,1300,100,45
SIM,4,0,1,3,52,1,3,7,1,3,26,29,200,800,36
SIM,4,0,1,3,53,0,1,7,1,3,24,29,1100,500,45
SIM,4,0,1,3,54,1,1,6,1,2,24,29,1100,1300,43
SIM,4,0,1,3,55,0,0,9,0,3,23,29,2100,200,45
SIM,4,0,1,3,56,1,14,9,0,3,23,29,1500,900,43
SIM,4,0,1,3,57,0,14,9,0,3,20,29,2500,300,45
SIM,4,0,1,3,58,1,0,9,0,3,20,29,2800,1000,45
SIM,4,0,1,3,59,0,0,12,0,4,17,29,3800,200,45
SIM,4,0,1,3,60,1,14,12,0,4,17,29,3200,800,43
SIM_END,4,0,1,3,60,1,0
SIM,5,0,1,4,1,0,6,0,1,0,40,40,1000,0,30
SIM,5,0,1,4,2,1,20,0,1,0,40,40,400,1000,28
SIM,5,0,1,4,3,0,20,3,1,1,39,40,1200,200,45
SIM,5,0,1,4,4,1,9,0,2,0,39,39,100,1200,28
SIM,5,0,1,4,5,0,9,0,2,0,39,39,800,300,45
SIM,5,0,1,4,6,1,9,0,2,0,39,38,800,1300,43
SIM,5,0,1,4,7,0,7,3,2,1,39,38,1500,200,45
SIM,5,0,1,4,8,1,10,0,3,0,39,36,100,1200,4
SIM,5,0,1,4,9,0,10,0,3,0,39,36,700,300,34
SIM,5,0,1,4,10,1,10,0,3,0,39,34,400,1300,24
SIM,5,0,1,4,11,0,9,3,2,1,39,34,1100,200,45
SIM,5,0,1,4,12,1,9,3,2,1,39,34,1100,1100,43
SIM,5,0,1,4,13,0,7,3,2,1,39,34,1800,500,45
SIM,5,0,1,4,14,1,10,0,3,0,39,32,100,1500,20
SIM,5,0,1,4,15,0,8,3,3,1,39,32,700,100,45
SIM,5,0,1,4,16,1,8,3,3,1,39,32,700,1000,41
SIM,5,0,1,4,17,0,7,3,2,1,39,32,1400,400,45
SIM,5,0,1,4,18,1,10,0,3,0,39,30,300,1400,28
SIM,5,0,1,4,19,0,8,3,3,1,39,30,900,300,45
SIM,5,0,1,4,20,1,8,0,3,0,39,30,900,1300,43
SIM,5,0,1,4,21,0,8,0,3,0,39,30,1500,400,45
SIM,5,0,1,4,22,1,11,0,4,0,39,27,100,1400,23
SIM,5,0,1,4,23,0,9,3,3,1,39,27,800,300,45
SIM,5,0,1,4,24,1,9,3,3,1,39,26,800,1200,43
SIM,5,0,1,4,25,0,7,3,3,1,39,26,1500,300,45
SIM,5,0,1,4,26,1,7,3,3,1,39,25,1500,1200,43
SIM,5,0,1,4,27,0,4,6,2,2,39,25,2300,100,45
SIM,5,0,1,4,28,1,4,6,2,2,39,24,2300,900,43
SIM,5,0,1,4,29,0,1,6,1,2,39,24,3200,300,45
SIM,5,0,1,4,30,1,4,4,2,2,39,23,300,1100,18
SIM,5,0,1,4,31,0,0,7,0,3,39,23,1300,300,45
SIM,5,0,1,4,32,1,14,7,0,3,39,23,700,1000,43
SIM,5,0,1,4,33,0,14,7,0,3,38,23,1700,400,45
SIM,5,0,1,4,34,1,0,7,0,3,38,23,2000,1100,45
SIM,5,0,1,4,35,0,0,10,0,4,35,23,3000,300,45
SIM,5,0,1,4,36,1,14,10,0,4,35,23,2400,900,43
SIM,5,0,1,4,37,0,14,10,0,4,32,23,3400,300,45
SIM,5,0,1,4,38,1,3,9,1,3,32,23,200,1000,20
SIM,5,0,1,4,39,0,1,12,1,4,29,23,1100,200,45
SIM,5,0,1,4,40,1,15,12,1,4,29,23,500,800,43
SIM,5,0,1,4,41,0,12,12,0,4,27,23,1500,500,45
SIM,5,0,1,4,42,1,0,12,0,4,27,23,1800,1100,45
SIM,5,0,1,4,43,0,0,12,0,4,23,23,2800,500,45
SIM,5,0,1,4,44,1,3,12,1,4,23,23,2600,1100,44
SIM,5,0,1,4,45,0,3,12,1,4,19,23,3500,500,45
SIM,5,0,1,4,46,1,3,10,1,4,19,23,500,1100,23
SIM,5,0,1,4,47,0,3,10,1,4,15,23,1400,500,45
SIM,5,0,1,4,48,1,3,9,1,3,15,23,1400,1200,43
SIM,5,0,1,4,49,0,3,12,1,4,11,23,2300,100,45
SIM,5,0,1,4,50,1,6,9,2,3,11,23,300,800,28
SIM,5,0,1,4,51,0,6,9,2,3,8,23,1100,500,45
SIM,5,0,1,4,52,1,6,6,2,2,8,23,500,1300,33
SIM,5,0,1,4,53,0,6,9,2,3,6,23,1300,200,45
SIM,5,0,1,4,54,1,20,9,2,3,6,23,700,900,43
SIM,5,0,1,4,55,0,20,9,2,3,3,23,1500,300,45
SIM,5,0,1,4,56,1,9,4,3,2,3,23,100,1100,23
SIM_END,5,0,1,4,56,1,0
SIM,6,0,1,5,1,0,6,0,1,0,40,40,1000,0,30
SIM,6,0,1,5,2,1,20,0,1,0,40,40,400,1000,28
SIM,6,0,1,5,3,0,20,3,1,1,39,40,1200,200,45
SIM,6,0,1,5,4,1,6,3,1,1,39,40,1500,1100,45
SIM,6,0,1,5,5,0,6,3,1,1,38,40,2300,500,45
SIM,6,0,1,5,6,1,6,3,1,1,38,40,2300,1400,43
SIM,6,0,1,5,7,0,4,6,1,2,37,40,3100,300,45
SIM,6,0,1,5,8,1,7,1,2,1,37,40,200,1200,20
SIM,6,0,1,5,9,0,7,1,2,1,36,40,900,300,45
SIM,6,0,1,5,10,1,7,0,2,0,36,40,900,1300,43
SIM,6,0,1,5,11,0,5,3,2,1,36,40,1600,200,45
SIM,6,0,1,5,12,1,8,0,3,0,36,39,200,1200,26
SIM,6,0,1,5,13,0,8,0,3,0,36,39,800,300,45
SIM,6,0,1,5,14,1,8,0,3,0,36,38,500,1300,41
SIM,6,0,1,5,15,0,7,3,2,1,36,38,1200,200,45
SIM,6,0,1,5,16,1,10,0,3,0,36,36,100,1200,24
SIM,6,0,1,5,17,0,10,0,3,0,36,36,700,300,45
SIM,6,0,1,5,18,1,10,0,3,0,36,34,400,1300,39
SIM,6,0,1,5,19,0,8,3,3,1,36,34,1000,200,45
SIM,6,0,1,5,20,1,8,3,3,1,36,34,1000,1100,39
SIM,6,0,1,5,21,0,7,3,2,1,36,34,1700,500,45
SIM,6,0,1,5,22,1,7,0,2,0,36,34,1700,1500,43
SIM,6,0,1,5,23,0,5,3,2,1,36,34,2400,100,45
SIM,6,0,1,5,24,1,5,0,2,0,36,34,2400,1100,43
SIM,6,0,1,5,25,0,5,0,2,0,36,34,3100,500,45
SIM,6,0,1,5,26,1,8,0,3,0,36,32,200,1500,13
SIM,6,0,1,5,27,0,6,3,2,1,36,32,1000,100,43
SIM,6,0,1,5,28,1,6,3,2,1,36,31,1000,1000,41
SIM,6,0,1,5,29,0,4,3,2,1,36,31,1800,400,45
SIM,6,0,1,5,30,1,7,0,3,0,36,30,100,1400,19
SIM,6,0,1,5,31,0,6,3,2,1,36,30,900,300,45
SIM,6,0,1,5,32,1,6,0,2,0,36,30,300,1300,37
SIM,6,0,1,5,33,0,6,0,2,0,36,30,1100,400,45
SIM,6,0,1,5,34,1,9,0,3,0,36,27,300,1400,24
SIM,6,0,1,5,35,0,7,3,3,1,36,27,1000,300,45
SIM,6,0,1,5,36,1,7,3,3,1,36,26,1000,1200,43
SIM,6,0,1,5,37,0,6,3,2,1,36,26,1800,300,45
SIM,6,0,1,5,38,1,9,3,3,1,36,23,100,1200,20
SIM,6,0,1,5,39,0,6,6,2,2,36,23,900,100,45
SIM,6,0,1,5,40,1,6,6,2,2,36,21,300,900,37
SIM,6,0,1,5,41,0,3,6,1,2,36,21,1200,300,45
SIM,6,0,1,5,42,1,3,6,1,2,36,20,1200,1100,43
SIM,6,0,1,5,43,0,0,9,0,3,35,20,2200,300,45
SIM,6,0,1,5,44,1,3,7,1,3,35,20,200,1000,28
SIM,6,0,1,5,45,0,3,7,1,3,34,20,1100,400,45
SIM,6,0,1,5,46,1,3,6,1,2,34,20,1100,1200,43
SIM,6,0,1,5,47,0,0,9,0,3,33,20,2100,100,45
SIM,6,0,1,5,48,1,3,7,1,3,33,20,100,800,30
SIM,6,0,1,5,49,0,1,7,1,3,31,20,1000,500,45
SIM,6,0,1,5,50,1,1,6,1,2,31,20,1000,1300,43
SIM,6,0,1,5,51,0,0,9,0,3,30,20,2000,200,45
SIM,6,0,1,5,52,1,14,9,0,3,30,20,1400,900,43
SIM,6,0,1,5,53,0,12,9,0,3,28,20,2400,300,45
SIM,6,0,1,5,54,1,3,7,1,3,28,20,100,1000,25
SIM,6,0,1,5,55,0,0,10,0,4,26,20,1100,200,45
SIM,6,0,1,5,56,1,0,10,0,4,26,20,500,800,41
SIM,6,0,1,5,57,0,0,10,0,4,23,20,1500,500,45
SIM,6,0,1,5,58,1,14,10,0,4,23,20,900,1100,43
SIM,6,0,1,5,59,0,14,10,0,4,20,20,1900,500,45
SIM,6,0,1,5,60,1,0,10,0,4,20,20,2200,1100,45
SIM_END,6,0,1,5,60,1,0
SIM,7,0,1,6,1,0,6,0,1,0,40,40,1000,0,30
SIM,7,0,1,6,2,1,20,0,1,0,40,40,400,1000,28
SIM,7,0,1,6,3,0,20,3,1,1,39,40,1200,200,45
SIM,7,0,1,6,4,1,6,3,1,1,39,40,1500,1100,45
SIM,7,0,1,6,5,0,6,3,1,1,38,40,2300,500,45
SIM,7,0,1,6,6,1,9,0,2,0,38,39,300,1500,22
SIM,7,0,1,6,7,0,7,3,2,1,38,39,1000,100,45
SIM,7,0,1,6,8,1,7,0,2,0,38,38,400,1100,19
SIM,7,0,1,6,9,0,7,0,2,0,38,38,1100,500,45
SIM,7,0,1,6,10,1,10,0,3,0,38,36,300,1500,27
SIM,7,0,1,6,11,0,9,3,2,1,38,36,1000,100,45
SIM,7,0,1,6,12,1,9,0,2,0,38,35,400,1100,36
SIM,7,0,1,6,13,0,9,0,2,0,38,35,1100,500,45
SIM,7,0,1,6,14,1,12,0,3,0,38,33,300,1500,33
SIM,7,0,1,6,15,0,10,3,3,1,38,33,900,100,45
SIM,7,0,1,6,16,1,10,0,3,0,38,31,300,1100,32
SIM,7,0,1,6,17,0,10,0,3,0,38,31,900,500,45
SIM,7,0,1,6,18,1,13,0,4,0,38,28,100,1500,31
SIM,7,0,1,6,19,0,11,3,4,1,38,28,600,100,45
SIM,7,0,1,6,20,1,11,0,4,0,38,25,300,1100,29
SIM,7,0,1,6,21,0,11,0,4,0,38,25,800,1100,45
SIM,7,0,1,6,22,1,11,0,4,0,38,21,500,2100,35
SIM,7,0,1,6,23,0,9,3,3,1,38,21,1200,400,45
SIM,7,0,1,6,24,1,9,3,3,1,38,20,1200,1300,43
SIM,7,0,1,6,25,0,7,3,3,1,38,20,1900,400,45
SIM,7,0,1,6,26,1,7,3,3,1,38,19,1900,1300,43
SIM,7,0,1,6,27,0,4,6,2,2,38,19,2700,200,45
SIM,7,0,1,6,28,1,7,4,3,2,38,17,100,1000,18
SIM,7,0,1,6,29,0,4,4,2,2,38,17,900,400,45
SIM,7,0,1,6,30,1,4,3,2,1,38,16,300,1300,37
SIM,7,0,1,6,31,0,1,6,1,2,38,16,1200,200,45
SIM,7,0,1,6,32,1,4,3,2,1,38,16,100,1100,26
SIM,7,0,1,6,33,0,3,3,1,1,38,16,1000,500,45
SIM,7,0,1,6,34,1,3,1,1,1,38,16,400,1400,39
SIM,7,0,1,6,35,0,0,4,0,2,38,16,1400,300,45
SIM,7,0,1,6,36,1,3,3,1,1,38,16,300,1200,32
SIM,7,0,1,6,37,0,1,3,1,1,38,16,1200,300,45
SIM,7,0,1,6,38,1,1,1,1,1,38,16,300,1200,37
SIM,7,0,1,6,39,0,0,4,0,2,37,16,1300,100,45
SIM,7,0,1,6,40,1,3,3,1,1,37,16,200,1000,28
SIM,7,0,1,6,41,0,3,3,1,1,36,16,1100,400,45
SIM,7,0,1,6,42,1,3,3,1,1,36,15,500,1300,37
SIM,7,0,1,6,43,0,1,6,1,2,35,15,1400,200,45
SIM,7,0,1,6,44,1,4,4,2,2,35,14,300,1000,32
SIM,7,0,1,6,45,0,3,4,1,2,34,14,1200,400,45
SIM,7,0,1,6,46,1,3,3,1,1,34,14,1200,1300,43
SIM,7,0,1,6,47,0,0,6,0,2,34,14,2200,200,45
SIM,7,0,1,6,48,1,3,4,1,2,34,14,200,1000,30
SIM,7,0,1,6,49,0,0,4,0,2,34,14,1200,400,45
SIM,7,0,1,6,50,1,0,4,0,2,34,14,300,1200,39
SIM,7,0,1,6,51,0,0,7,0,3,31,14,1300,100,45
SIM,7,0,1,6,52,1,3,6,1,2,31,14,200,900,34
SIM,7,0,1,6,53,0,3,6,1,2,29,14,1100,300,45
SIM,7,0,1,6,54,1,17,6,1,2,29,14,500,1100,43
SIM,7,0,1,6,55,0,15,9,1,3,27,14,1400,300,45
SIM,7,0,1,6,56,1,4,6,2,2,27,14,300,1100,30
SIM,7,0,1,6,57,0,3,6,1,2,26,14,1200,500,45
SIM,7,0,1,6,58,1,3,4,1,2,26,14,300,1300,35
SIM,7,0,1,6,59,0,1,7,1,3,24,14,1200,200,45
SIM,7,0,1,6,60,1,1,6,1,2,24,14,1200,1000,43
SIM_END,7,0,1,6,60,0,0
SIM,8,1,1,0,1,0,0,6,0,1,40,40,1000,0,30
SIM,8,1,1,0,2,1,3,4,1,1,40,40,200,800,19
SIM,8,1,1,0,3,0,0,7,0,2,39,40,1200,300,45
SIM,8,1,1,0,4,1,0,7,0,2,39,40,300,1000,39
SIM,8,1,1,0,5,0,0,7,0,2,38,40,1300,400,45
SIM,8,1,1,0,6,1,3,5,1,2,38,40,200,1100,34
SIM,8,1,1,0,7,0,0,8,0,3,37,40,1200,300,45
SIM,8,1,1,0,8,1,0,8,0,3,37,40,300,900,39
SIM,8,1,1,0,9,0,0,8,0,3,34,40,1300,300,45
SIM,8,1,1,0,10,1,3,7,1,2,34,40,200,1000,34
SIM,8,1,1,0,11,0,0,10,0,3,32,40,1200,200,45
SIM,8,1,1,0,12,1,0,10,0,3,32,40,300,800,39
SIM,8,1,1,0,13,0,0,10,0,3,29,40,1300,500,45
SIM,8,1,1,0,14,1,3,8,1,3,29,40,200,1100,36
SIM,8,1,1,0,15,0,0,8,0,3,29,40,1200,1100,45
SIM,8,1,1,0,16,1,0,8,0,3,29,40,300,1700,39
SIM,8,1,1,0,17,0,0,11,0,4,26,40,1300,300,45
SIM,8,1,1,0,18,1,3,9,1,3,26,40,200,1000,36
SIM,8,1,1,0,19,0,3,9,1,3,23,40,1100,400,45
SIM,8,1,1,0,20,1,3,7,1,3,23,40,500,1100,39
SIM,8,1,1,0,21,0,1,10,1,4,20,40,1400,300,45
SIM,8,1,1,0,22,1,4,7,2,3,20,40,300,1000,30
SIM,8,1,1,0,23,0,3,7,1,3,18,40,1200,400,45
SIM,8,1,1,0,24,1,3,6,1,2,18,40,300,1200,37
SIM,8,1,1,0,25,0,3,6,1,2,17,40,1200,1200,45
SIM,8,1,1,0,26,1,6,3,2,1,17,40,100,2100,28
SIM,8,1,1,0,27,0,6,3,2,1,16,40,900,2100,45
SIM,8,1,1,0,28,1,6,0,2,0,16,40,300,3100,31
SIM,8,1,1,0,29,0,4,3,2,1,16,40,1100,200,45
SIM,8,1,1,0,30,1,7,0,3,0,16,39,300,1200,28
SIM,8,1,1,0,31,0,7,0,3,0,16,39,1000,300,45
SIM,8,1,1,0,32,1,7,0,3,0,16,38,400,1300,39
SIM,8,1,1,0,33,0,6,3,2,1,16,38,1200,200,45
SIM,8,1,1,0,34,1,9,0,3,0,16,37,100,1200,28
SIM,8,1,1,0,35,0,9,14,3,0,16,37,800,600,45
SIM,8,1,1,0,36,1,9,14,3,0,16,36,500,1600,38
SIM,8,1,1,0,37,0,9,0,3,0,16,36,1200,1900,45
SIM,8,1,1,0,38,1,12,0,4,0,16,33,100,2900,18
SIM,8,1,1,0,39,0,12,14,4,0,16,33,700,2300,45
SIM,8,1,1,0,40,1,12,14,4,0,16,30,400,3300,37
SIM,8,1,1,0,41,0,12,0,4,0,16,30,1000,3600,45
SIM,8,1,1,0,42,1,12,0,4,0,16,26,400,4600,27
SIM,8,1,1,0,43,0,10,3,4,1,16,26,1000,500,45
SIM,8,1,1,0,44,1,10,3,4,1,16,22,400,1400,33
SIM,8,1,1,0,45,0,9,3,3,1,16,22,1100,1400,45
SIM,8,1,1,0,46,1,12,3,4,1,16,18,300,2300,24
SIM,8,1,1,0,47,0,12,17,4,1,16,18,900,1700,45
SIM,8,1,1,0,48,1,12,17,4,1,16,14,300,2600,33
SIM,8,1,1,0,49,0,12,3,4,1,16,14,900,2900,45
SIM,8,1,1,0,50,1,12,3,4,1,16,10,300,3800,33
SIM,8,1,1,0,51,0,12,17,4,1,16,10,900,3200,45
SIM,8,1,1,0,52,1,12,17,4,1,16,6,300,4100,33
SIM,8,1,1,0,53,0,9,6,3,2,16,6,1000,300,45
SIM,8,1,1,0,54,1,12,4,4,2,16,3,200,1100,28
SIM,8,1,1,0,55,0,9,4,3,2,16,3,900,500,45
SIM,8,1,1,0,56,1,9,3,3,1,16,1,300,1400,35
SIM,8,1,1,0,57,0,6,6,2,2,16,1,1100,300,45
SIM_END,8,1,1,0,57,0,0
SIM,9,1,1,1,1,0,0,6,0,1,40,40,1000,0,30
SIM,9,1,1,1,2,1,3,4,1,1,40,40,200,800,19
SIM,9,1,1,1,3,0,0,4,0,1,40,40,1200,800,45
SIM,9,1,1,1,4,1,0,4,0,1,40,40,300,1600,39
SIM,9,1,1,1,5,0,0,7,0,2,39,40,1300,200,45
SIM,9,1,1,1,6,1,3,5,1,2,39,40,200,900,34
SIM,9,1,1,1,7,0,3,5,1,2,39,40,1100,900,45
SIM,9,1,1,1,8,1,3,4,1,1,39,40,500,1700,39
SIM,9,1,1,1,9,0,0,7,0,2,38,40,1500,300,45
SIM,9,1,1,1,10,1,3,5,1,2,38,40,100,1000,32
SIM,9,1,1,1,11,0,0,5,0,2,37,40,1100,400,45
SIM,9,1,1,1,12,1,0,5,0,2,37,40,500,1100,41
SIM,9,1,1,1,13,0,0,5,0,2,36,40,1500,1100,45
SIM,9,1,1,1,14,1,3,3,1,1,36,40,100,2000,32
SIM,9,1,1,1,15,0,1,6,1,2,35,40,1000,300,45
SIM,9,1,1,1,16,1,1,4,1,2,35,40,400,1100,39
SIM,9,1,1,1,17,0,0,4,0,2,35,40,1400,1100,45
SIM,9,1,1,1,18,1,3,3,1,1,35,40,300,2000,34
SIM,9,1,1,1,19,0,3,3,1,1,34,40,1200,2000,45
SIM,9,1,1,1,20,1,3,1,1,1,34,40,300,2900,35
SIM,9,1,1,1,21,0,3,1,1,1,33,40,1200,2900,45
SIM,9,1,1,1,22,1,6,0,2,0,33,39,100,3900,22
SIM,9,1,1,1,23,0,6,14,2,0,33,39,900,3300,45
SIM,9,1,1,1,24,1,6,12,2,0,33,38,300,4300,34
SIM,9,1,1,1,25,0,6,0,2,0,33,38,1100,4600,45
SIM,9,1,1,1,26,1,9,0,3,0,33,36,300,5600,32
SIM,9,1,1,1,27,0,7,3,3,1,33,36,1000,300,45
SIM,9,1,1,1,28,1,7,3,3,1,33,33,400,1200,32
SIM,9,1,1,1,29,0,6,3,2,1,33,33,1200,1200,45
SIM,9,1,1,1,30,1,9,3,3,1,33,30,100,2100,24
SIM,9,1,1,1,31,0,6,6,2,2,33,30,900,100,45
SIM,9,1,1,1,32,1,6,6,2,2,33,28,300,900,37
SIM,9,1,1,1,33,0,3,6,1,2,33,28,1200,300,45
SIM,9,1,1,1,34,1,6,4,2,2,33,27,100,1100,30
SIM,9,1,1,1,35,0,1,7,1,3,33,27,1000,300,45
SIM,9,1,1,1,36,1,1,6,1,2,33,27,400,1100,37
SIM,9,1,1,1,37,0,0,6,0,2,32,27,1400,500,45
SIM,9,1,1,1,38,1,3,4,1,2,32,27,300,1300,34
SIM,9,1,1,1,39,0,0,7,0,3,31,27,1300,200,45
SIM,9,1,1,1,40,1,0,7,0,3,31,27,400,900,39
SIM,9,1,1,1,41,0,0,7,0,3,28,27,1400,300,45
SIM,9,1,1,1,42,1,3,6,1,2,28,27,300,1100,34
SIM,9,1,1,1,43,0,1,9,1,3,26,27,1200,300,45
SIM,9,1,1,1,44,1,1,7,1,3,26,27,300,1000,37
SIM,9,1,1,1,45,0,0,7,0,3,24,27,1300,400,45
SIM,9,1,1,1,46,1,3,6,1,2,24,27,200,1200,34
SIM,9,1,1,1,47,0,3,6,1,2,23,27,1100,1200,45
SIM,9,1,1,1,48,1,3,4,1,2,23,27,500,2000,39
SIM,9,1,1,1,49,0,3,4,1,2,22,27,1400,2000,45
SIM,9,1,1,1,50,1,6,1,2,1,22,27,300,2900,30
SIM,9,1,1,1,51,0,4,4,2,2,21,27,1100,300,45
SIM,9,1,1,1,52,1,4,1,2,1,21,27,500,1200,37
SIM,9,1,1,1,53,0,3,1,1,1,21,27,1400,1200,45
SIM,9,1,1,1,54,1,6,0,2,0,21,26,300,2200,28
SIM,9,1,1,1,55,0,4,3,2,1,21,26,1100,200,45
SIM,9,1,1,1,56,1,4,1,2,1,21,25,500,1100,33
SIM,9,1,1,1,57,0,3,1,1,1,21,25,1400,1100,45
SIM,9,1,1,1,58,1,6,0,2,0,21,24,300,2100,30
SIM,9,1,1,1,59,0,6,14,2,0,21,24,1100,1500,45
SIM,9,1,1,1,60,1,6,12,2,0,21,23,500,2500,36
SIM_END,9,1,1,1,60,1,0
SIM,10,1,1,2,1,0,0,6,0,1,40,40,1000,0,30
SIM,10,1,1,2,2,1,3,6,1,1,40,39,200,800,19
SIM,10,1,1,2,3,0,0,9,0,2,39,39,1200,300,45
SIM,10,1,1,2,4,1,0,9,0,2,39,39,300,1000,39
SIM,10,1,1,2,5,0,0,9,0,2,38,39,1300,1000,45
SIM,10,1,1,2,6,1,3,7,1,2,38,39,200,1700,34
SIM,10,1,1,2,7,0,3,7,1,2,38,39,1100,1700,45
SIM,10,1,1,2,8,1,3,6,1,1,38,39,500,2500,39
SIM,10,1,1,2,9,0,0,9,0,2,37,39,1500,200,45
SIM,10,1,1,2,10,1,3,7,1,2,37,39,100,900,32
SIM,10,1,1,2,11,0,0,7,0,2,36,39,1100,300,45
SIM,10,1,1,2,12,1,0,7,0,2,36,39,500,1000,41
SIM,10,1,1,2,13,0,0,10,0,3,35,39,1500,200,45
SIM,10,1,1,2,14,1,3,9,1,2,35,39,100,900,32
SIM,10,1,1,2,15,0,0,9,0,2,34,39,1100,300,45
SIM,10,1,1,2,16,1,0,9,0,2,34,39,500,1000,41
SIM,10,1,1,2,17,0,0,9,0,2,33,39,1500,1000,45
SIM,10,1,1,2,18,1,3,7,1,2,33,39,100,1700,32
SIM,10,1,1,2,19,0,0,7,0,2,33,39,1100,1700,45
SIM,10,1,1,2,20,1,0,7,0,2,33,39,500,2400,41
SIM,10,1,1,2,21,0,0,7,0,2,32,39,1500,2400,45
SIM,10,1,1,2,22,1,3,5,1,2,32,39,100,3100,32
SIM,10,1,1,2,23,0,0,5,0,2,32,39,1100,3100,45
SIM,10,1,1,2,24,1,0,5,0,2,32,39,500,3800,41
SIM,10,1,1,2,25,0,0,8,0,3,31,39,1500,300,45
SIM,10,1,1,2,26,1,3,6,1,2,31,39,100,1100,31
SIM,10,1,1,2,27,0,1,6,1,2,30,39,1000,500,45
SIM,10,1,1,2,28,1,1,4,1,2,30,39,400,1300,39
SIM,10,1,1,2,29,0,0,4,0,2,30,39,1400,1300,45
SIM,10,1,1,2,30,1,3,3,1,1,30,39,300,2200,33
SIM,10,1,1,2,31,0,1,6,1,2,29,39,1200,200,45
SIM,10,1,1,2,32,1,1,4,1,2,29,39,300,1000,37
SIM,10,1,1,2,33,0,0,4,0,2,29,39,1300,1000,45
SIM,10,1,1,2,34,1,3,3,1,1,29,39,200,1900,33
SIM,10,1,1,2,35,0,1,6,1,2,28,39,1100,200,45
SIM,10,1,1,2,36,1,1,4,1,2,28,39,500,1000,39
SIM,10,1,1,2,37,0,0,4,0,2,28,39,1500,1000,45
SIM,10,1,1,2,38,1,3,3,1,1,28,39,100,1900,31
SIM,10,1,1,2,39,0,1,6,1,2,27,39,1000,200,45
SIM,10,1,1,2,40,1,1,4,1,2,27,39,400,1000,39
SIM,10,1,1,2,41,0,0,4,0,2,26,39,1400,400,45
SIM,10,1,1,2,42,1,3,3,1,1,26,39,300,1300,33
SIM,10,1,1,2,43,0,1,6,1,2,25,39,1200,200,45
SIM,10,1,1,2,44,1,1,4,1,2,25,39,300,1000,37
SIM,10,1,1,2,45,0,0,4,0,2,24,39,1300,400,45
SIM,10,1,1,2,46,1,3,3,1,1,24,39,200,1300,33
SIM,10,1,1,2,47,0,3,3,1,1,23,39,1100,1300,45
SIM,10,1,1,2,48,1,3,1,1,1,23,39,500,2200,36
SIM,10,1,1,2,49,0,1,4,1,2,22,39,1400,200,45
SIM,10,1,1,2,50,1,4,1,2,1,22,39,300,1100,30
SIM,10,1,1,2,51,0,3,1,1,1,22,39,1200,1100,45
SIM,10,1,1,2,52,1,3,0,1,0,22,39,300,2100,37
SIM,10,1,1,2,53,0,1,3,1,1,22,39,1200,100,45
SIM,10,1,1,2,54,1,4,0,2,0,22,39,100,1100,30
SIM,10,1,1,2,55,0,4,0,2,0,22,39,900,500,45
SIM,10,1,1,2,56,1,4,0,2,0,22,38,300,1500,32
SIM,10,1,1,2,57,0,3,3,1,1,22,38,1200,100,45
SIM,10,1,1,2,58,1,6,1,2,1,22,37,100,1000,29
SIM,10,1,1,2,59,0,4,1,2,1,22,37,900,400,45
SIM,10,1,1,2,60,1,4,0,2,0,22,36,300,1400,35
SIM_END,10,1,1,2,60,1,0
SIM,11,1,1,3,1,0,0,6,0,1,40,40,1000,0,30
SIM,11,1,1,3,2,1,3,6,1,1,40,39,200,800,19
SIM,11,1,1,3,3,0,0,9,0,2,39,39,1200,300,45
SIM,11,1,1,3,4,1,0,9,0,2,39,39,300,1000,39
SIM,11,1,1,3,5,0,0,9,0,2,38,39,1300,1000,45
SIM,11,1,1,3,6,1,3,7,1,2,38,39,200,1700,34
SIM,11,1,1,3,7,0,3,7,1,2,38,39,1100,1700,45
SIM,11,1,1,3,8,1,3,6,1,1,38,39,500,2500,39
SIM,11,1,1,3,9,0,0,6,0,1,38,39,1500,2500,45
SIM,11,1,1,3,10,1,3,4,1,1,38,39,100,3300,31
SIM,11,1,1,3,11,0,0,7,0,2,37,39,1100,100,45
SIM,11,1,1,3,12,1,0,7,0,2,37,39,500,800,41
SIM,11,1,1,3,13,0,0,7,0,2,36,39,1500,500,45
SIM,11,1,1,3,14,1,3,5,1,2,36,39,100,1200,32
SIM,11,1,1,3,15,0,0,8,0,3,34,39,1100,100,45
SIM,11,1,1,3,16,1,0,8,0,3,34,39,500,700,41
SIM,11,1,1,3,17,0,0,8,0,3,33,39,1500,700,45
SIM,11,1,1,3,18,1,3,7,1,2,33,39,100,1400,32
SIM,11,1,1,3,19,0,0,7,0,2,33,39,1100,1400,45
SIM,11,1,1,3,20,1,0,7,0,2,33,39,500,2100,41
SIM,11,1,1,3,21,0,0,7,0,2,32,39,1500,2100,45
SIM,11,1,1,3,22,1,3,5,1,2,32,39,100,2800,34
SIM,11,1,1,3,23,0,3,5,1,2,32,39,1000,2800,45
SIM,11,1,1,3,24,1,3,4,1,1,32,39,400,3600,39
SIM,11,1,1,3,25,0,0,4,0,1,32,39,1400,3600,45
SIM,11,1,1,3,26,1,3,2,1,1,32,39,300,4400,35
SIM,11,1,1,3,27,0,0,2,0,1,32,39,1300,4400,45
SIM,11,1,1,3,28,1,0,2,0,1,32,39,400,5200,39
SIM,11,1,1,3,29,0,0,5,0,2,31,39,1400,200,45
SIM,11,1,1,3,30,1,3,3,1,1,31,39,300,1100,34
SIM,11,1,1,3,31,0,3,3,1,1,30,39,1200,500,45
SIM,11,1,1,3,32,1,3,1,1,1,30,39,300,1400,37
SIM,11,1,1,3,33,0,1,4,1,2,29,39,1200,300,45
SIM,11,1,1,3,34,1,4,1,2,1,29,39,100,1200,32
SIM,11,1,1,3,35,0,3,1,1,1,29,39,1000,1200,45
SIM,11,1,1,3,36,1,3,0,1,0,29,39,400,2200,39
SIM,11,1,1,3,37,0,3,14,1,0,29,39,1300,1600,45
SIM,11,1,1,3,38,1,6,14,2,0,29,38,200,2600,25
SIM,11,1,1,3,39,0,6,0,2,0,29,38,1000,2900,45
SIM,11,1,1,3,40,1,6,0,2,0,29,36,400,3900,34
SIM,11,1,1,3,41,0,4,3,2,1,29,36,1200,100,45
SIM,11,1,1,3,42,1,7,3,3,1,29,33,100,1000,24
SIM,11,1,1,3,43,0,6,3,2,1,29,33,900,400,45
SIM,11,1,1,3,44,1,6,3,2,1,29,31,300,1300,37
SIM,11,1,1,3,45,0,3,6,1,2,29,31,1200,200,45
SIM,11,1,1,3,46,1,6,4,2,2,29,30,100,1000,30
SIM,11,1,1,3,47,0,3,4,1,2,29,30,1000,400,45
SIM,11,1,1,3,48,1,3,3,1,1,29,30,400,1300,37
SIM,11,1,1,3,49,0,0,6,0,2,29,30,1400,200,45
SIM,11,1,1,3,50,1,3,4,1,2,29,30,300,1000,32
SIM,11,1,1,3,51,0,0,4,0,2,29,30,1300,400,45
SIM,11,1,1,3,52,1,0,4,0,2,29,30,400,1200,39
SIM,11,1,1,3,53,0,0,18,0,2,29,30,1400,600,45
SIM,11,1,1,3,54,1,3,17,1,1,29,30,300,1500,32
SIM,11,1,1,3,55,0,3,3,1,1,29,30,1200,1800,45
SIM,11,1,1,3,56,1,3,1,1,1,29,30,300,2700,37
SIM,11,1,1,3,57,0,0,4,0,2,29,30,1300,100,45
SIM,11,1,1,3,58,1,3,3,1,1,29,30,200,1000,32
SIM,11,1,1,3,59,0,3,17,1,1,29,30,1100,400,45
SIM,11,1,1,3,60,1,3,15,1,1,29,30,500,1300,39
SIM_END,11,1,1,3,60,1,0
SIM,12,1,1,4,1,0,0,6,0,1,40,40,1000,0,30
SIM,12,1,1,4,2,1,3,6,1,1,40,39,200,800,19
SIM,12,1,1,4,3,0,0,6,0,1,40,39,1200,800,45
SIM,12,1,1,4,4,1,0,6,0,1,40,39,300,1600,39
SIM,12,1,1,4,5,0,0,20,0,1,40,39,1300,1000,45
SIM,12,1,1,4,6,1,3,20,1,1,40,38,200,1800,32
SIM,12,1,1,4,7,0,0,9,0,2,39,38,1200,100,45
SIM,12,1,1,4,8,1,0,9,0,2,39,38,300,800,39
SIM,12,1,1,4,9,0,0,9,0,2,38,38,1300,800,45
SIM,12,1,1,4,10,1,3,7,1,2,38,38,200,1500,34
SIM,12,1,1,4,11,0,0,10,0,3,36,38,1200,100,45
SIM,12,1,1,4,12,1,0,10,0,3,36,38,300,700,39
SIM,12,1,1,4,13,0,0,10,0,3,35,38,1300,700,45
SIM,12,1,1,4,14,1,3,9,1,2,35,38,200,1400,34
SIM,12,1,1,4,15,0,0,12,0,3,33,38,1200,300,45
SIM,12,1,1,4,16,1,0,12,0,3,33,38,300,900,39
SIM,12,1,1,4,17,0,0,12,0,3,31,38,1300,300,45
SIM,12,1,1,4,18,1,3,10,1,3,31,38,200,900,36
SIM,12,1,1,4,19,0,3,10,1,3,31,38,1100,900,45
SIM,12,1,1,4,20,1,3,9,1,2,31,38,500,1600,39
SIM,12,1,1,4,21,0,0,9,0,2,31,38,1500,1600,45
SIM,12,1,1,4,22,1,3,7,1,2,31,38,100,2300,33
SIM,12,1,1,4,23,0,0,10,0,3,30,38,1100,300,45
SIM,12,1,1,4,24,1,0,10,0,3,30,38,500,900,41
SIM,12,1,1,4,25,0,0,10,0,3,27,38,1500,300,45
SIM,12,1,1,4,26,1,3,8,1,3,27,38,100,900,34
SIM,12,1,1,4,27,0,0,8,0,3,27,38,1100,900,45
SIM,12,1,1,4,28,1,0,8,0,3,27,38,500,1500,41
SIM,12,1,1,4,29,0,0,8,0,3,26,38,1500,1500,45
SIM,12,1,1,4,30,1,3,6,1,2,26,38,100,2300,34
SIM,12,1,1,4,31,0,3,9,1,3,24,38,1000,300,45
SIM,12,1,1,4,32,1,3,7,1,3,24,38,400,1000,37
SIM,12,1,1,4,33,0,3,7,1,3,23,38,1300,1000,45
SIM,12,1,1,4,34,1,6,4,2,2,23,38,200,1800,31
SIM,12,1,1,4,35,0,6,4,2,2,22,38,1000,1800,45
SIM,12,1,1,4,36,1,6,1,2,1,22,38,400,2700,35
SIM,12,1,1,4,37,0,4,4,2,2,21,38,1200,100,45
SIM,12,1,1,4,38,1,7,0,3,0,21,38,100,1100,29
SIM,12,1,1,4,39,0,7,14,3,0,21,38,800,500,45
SIM,12,1,1,4,40,1,7,12,3,0,21,37,500,1500,29
SIM,12,1,1,4,41,0,6,3,2,1,21,37,1300,100,45
SIM,12,1,1,4,42,1,9,0,3,0,21,36,200,1100,19
SIM,12,1,1,4,43,0,9,14,3,0,21,36,900,500,45
SIM,12,1,1,4,44,1,9,14,3,0,21,33,300,1500,31
SIM,12,1,1,4,45,0,9,0,3,0,21,33,1000,1800,45
SIM,12,1,1,4,46,1,12,0,4,0,21,30,200,2800,31
SIM,12,1,1,4,47,0,12,14,4,0,21,30,800,2200,45
SIM,12,1,1,4,48,1,12,14,4,0,21,27,500,3200,37
SIM,12,1,1,4,49,0,12,0,4,0,21,27,1100,3500,45
SIM,12,1,1,4,50,1,12,0,4,0,21,23,500,4500,27
SIM,12,1,1,4,51,0,12,3,4,1,21,23,1100,4300,45
SIM,12,1,1,4,52,1,12,3,4,1,21,19,500,5200,33
SIM,12,1,1,4,53,0,10,3,4,1,21,19,1100,400,45
SIM,12,1,1,4,54,1,10,3,4,1,21,15,500,1300,33
SIM,12,1,1,4,55,0,9,3,3,1,21,15,1200,1300,45
SIM,12,1,1,4,56,1,12,3,4,1,21,11,100,2200,22
SIM,12,1,1,4,57,0,12,17,4,1,21,11,700,1600,45
SIM,12,1,1,4,58,1,12,17,4,1,21,7,400,2500,35
SIM,12,1,1,4,59,0,12,3,4,1,21,7,1000,2800,45
SIM,12,1,1,4,60,1,12,3,4,1,21,3,400,3700,33
SIM_END,12,1,1,4,60,0,0
SIM,13,1,1,5,1,0,0,6,0,1,40,40,1000,0,30
SIM,13,1,1,5,2,1,3,6,1,1,40,39,200,800,19
SIM,13,1,1,5,3,0,3,6,1,1,40,39,1100,800,45
SIM,13,1,1,5,4,1,3,6,1,1,40,38,500,1600,39
SIM,13,1,1,5,5,0,0,6,0,1,40,38,1500,1600,45
SIM,13,1,1,5,6,1,3,6,1,1,40,37,100,2400,30
SIM,13,1,1,5,7,0,0,9,0,2,39,37,1100,100,45
SIM,13,1,1,5,8,1,0,9,0,2,39,37,500,800,41
SIM,13,1,1,5,9,0,0,9,0,2,38,37,1500,500,45
SIM,13,1,1,5,10,1,3,7,1,2,38,37,100,1200,32
SIM,13,1,1,5,11,0,0,10,0,3,36,37,1100,100,45
SIM,13,1,1,5,12,1,0,10,0,3,36,37,500,700,41
SIM,13,1,1,5,13,0,0,10,0,3,34,37,1500,400,45
SIM,13,1,1,5,14,1,3,9,1,2,34,37,100,1100,32
SIM,13,1,1,5,15,0,3,9,1,2,34,37,1000,1100,45
SIM,13,1,1,5,16,1,3,7,1,2,34,37,400,1800,39
SIM,13,1,1,5,17,0,0,7,0,2,34,37,1400,1800,45
SIM,13,1,1,5,18,1,3,5,1,2,34,37,300,2500,36
SIM,13,1,1,5,19,0,3,5,1,2,34,37,1200,2500,45
SIM,13,1,1,5,20,1,3,4,1,1,34,37,300,3300,37
SIM,13,1,1,5,21,0,0,7,0,2,33,37,1300,100,45
SIM,13,1,1,5,22,1,3,5,1,2,33,37,200,800,35
SIM,13,1,1,5,23,0,0,5,0,2,32,37,1200,500,45
SIM,13,1,1,5,24,1,0,5,0,2,32,37,300,1200,39
SIM,13,1,1,5,25,0,0,8,0,3,30,37,1300,100,45
SIM,13,1,1,5,26,1,3,6,1,2,30,37,200,900,33
SIM,13,1,1,5,27,0,3,6,1,2,28,37,1100,300,45
SIM,13,1,1,5,28,1,3,4,1,2,28,37,500,1100,38
SIM,13,1,1,5,29,0,1,7,1,3,26,37,1400,300,45
SIM,13,1,1,5,30,1,4,4,2,2,26,37,300,1100,34
SIM,13,1,1,5,31,0,3,4,1,2,26,37,1200,1100,45
SIM,13,1,1,5,32,1,3,3,1,1,26,37,300,2000,37
SIM,13,1,1,5,33,0,3,17,1,1,26,37,1200,1400,45
SIM,13,1,1,5,34,1,6,14,2,0,26,37,100,2400,22
SIM,13,1,1,5,35,0,4,3,2,1,26,37,900,100,45
SIM,13,1,1,5,36,1,4,0,2,0,26,37,300,1100,33
SIM,13,1,1,5,37,0,4,14,2,0,26,37,1100,500,45
SIM,13,1,1,5,38,1,7,12,3,0,26,36,300,1500,30
SIM,13,1,1,5,39,0,6,3,2,1,26,36,1100,100,45
SIM,13,1,1,5,40,1,6,3,2,1,26,34,500,1000,35
SIM,13,1,1,5,41,0,6,17,2,1,26,34,1300,400,45
SIM,13,1,1,5,42,1,9,15,3,1,26,32,200,1300,28
SIM,13,1,1,5,43,0,9,1,3,1,26,32,900,1600,45
SIM,13,1,1,5,44,1,9,0,3,0,26,30,300,2600,31
SIM,13,1,1,5,45,0,7,3,3,1,26,30,1000,300,45
SIM,13,1,1,5,46,1,10,1,4,1,26,27,200,1200,24
SIM,13,1,1,5,47,0,9,1,3,1,26,27,900,300,45
SIM,13,1,1,5,48,1,9,0,3,0,26,25,300,1300,35
SIM,13,1,1,5,49,0,7,3,3,1,26,25,1000,200,45
SIM,13,1,1,5,50,1,10,0,4,0,26,23,200,1200,24
SIM,13,1,1,5,51,0,10,0,4,0,26,23,800,300,45
SIM,13,1,1,5,52,1,10,0,4,0,26,19,500,1300,31
SIM,13,1,1,5,53,0,10,3,4,1,26,19,1100,1100,45
SIM,13,1,1,5,54,1,10,3,4,1,26,15,500,2000,33
SIM,13,1,1,5,55,0,10,3,4,1,26,15,1100,2000,45
SIM,13,1,1,5,56,1,10,3,4,1,26,11,500,2900,33
SIM,13,1,1,5,57,0,7,6,3,2,26,11,1200,300,45
SIM,13,1,1,5,58,1,10,4,4,2,26,8,100,1100,22
SIM,13,1,1,5,59,0,7,4,3,2,26,8,800,500,45
SIM,13,1,1,5,60,1,7,3,3,1,26,6,500,1400,37
SIM_END,13,1,1,5,60,0,0
SIM,14,1,1,6,1,0,0,6,0,1,40,40,1000,0,30
SIM,14,1,1,6,2,1,3,6,1,1,40,39,200,800,19
SIM,14,1,1,6,3,0,0,9,0,2,39,39,1200,300,45
SIM,14,1,1,6,4,1,0,9,0,2,39,39,300,1000,39
SIM,14,1,1,6,5,0,0,9,0,2,38,39,1300,400,45
SIM,14,1,1,6,6,1,3,7,1,2,38,39,200,1100,34
SIM,14,1,1,6,7,0,3,7,1,2,38,39,1100,1100,45
SIM,14,1,1,6,8,1,3,6,1,1,38,39,500,1900,39
SIM,14,1,1,6,9,0,0,6,0,1,38,39,1500,1900,45
SIM,14,1,1,6,10,1,3,4,1,1,38,39,100,2700,31
SIM,14,1,1,6,11,0,0,4,0,1,38,39,1100,2700,45
SIM,14,1,1,6,12,1,0,4,0,1,38,39,500,3500,41
SIM,14,1,1,6,13,0,0,7,0,2,37,39,1500,300,45
SIM,14,1,1,6,14,1,3,5,1,2,37,39,100,1000,32
SIM,14,1,1,6,15,0,0,5,0,2,36,39,1100,400,45
SIM,14,1,1,6,16,1,0,5,0,2,36,39,500,1100,41
SIM,14,1,1,6,17,0,0,8,0,3,34,39,1500,300,45
SIM,14,1,1,6,18,1,3,6,1,2,34,39,100,1100,32
SIM,14,1,1,6,19,0,3,6,1,2,32,39,1000,500,45
SIM,14,1,1,6,20,1,3,4,1,2,32,39,400,1300,39
SIM,14,1,1,6,21,0,1,7,1,3,30,39,1300,200,45
SIM,14,1,1,6,22,1,4,4,2,2,30,39,200,1000,34
SIM,14,1,1,6,23,0,1,4,1,2,30,39,1100,400,45
SIM,14,1,1,6,24,1,1,3,1,1,30,39,500,1300,39
SIM,14,1,1,6,25,0,0,6,0,2,29,39,1500,200,45
SIM,14,1,1,6,26,1,3,4,1,2,29,39,100,1000,34
SIM,14,1,1,6,27,0,1,4,1,2,28,39,1000,400,45
SIM,14,1,1,6,28,1,1,3,1,1,28,39,400,1300,39
SIM,14,1,1,6,29,0,0,6,0,2,27,39,1400,200,45
SIM,14,1,1,6,30,1,3,4,1,2,27,39,300,1000,36
SIM,14,1,1,6,31,0,1,4,1,2,26,39,1200,400,45
SIM,14,1,1,6,32,1,1,3,1,1,26,39,300,1300,37
SIM,14,1,1,6,33,0,0,6,0,2,25,39,1300,200,45
SIM,14,1,1,6,34,1,3,4,1,2,25,39,200,1000,36
SIM,14,1,1,6,35,0,1,4,1,2,24,39,1100,400,45
SIM,14,1,1,6,36,1,1,3,1,1,24,39,500,1300,39
SIM,14,1,1,6,37,0,0,6,0,2,23,39,1500,200,45
SIM,14,1,1,6,38,1,3,4,1,2,23,39,100,1000,34
SIM,14,1,1,6,39,0,3,4,1,2,22,39,1000,1000,45
SIM,14,1,1,6,40,1,3,3,1,1,22,39,400,1900,39
SIM,14,1,1,6,41,0,3,6,1,2,21,39,1300,200,45
SIM,14,1,1,6,42,1,6,3,2,1,21,39,200,1100,24
SIM,14,1,1,6,43,0,6,3,2,1,20,39,1000,500,45
SIM,14,1,1,6,44,1,6,0,2,0,20,39,400,1500,37
SIM,14,1,1,6,45,0,6,14,2,0,20,39,1200,900,45
SIM,14,1,1,6,46,1,9,12,3,0,20,37,100,1900,10
SIM,14,1,1,6,47,0,7,3,3,1,20,37,800,200,40
SIM,14,1,1,6,48,1,7,1,3,1,20,35,500,1100,32
SIM,14,1,1,6,49,0,6,1,2,1,20,35,1300,500,45
SIM,14,1,1,6,50,1,9,0,3,0,20,33,200,1500,27
SIM,14,1,1,6,51,0,7,3,3,1,20,33,900,100,45
SIM,14,1,1,6,52,1,7,1,3,1,20,31,300,1000,35
SIM,14,1,1,6,53,0,6,1,2,1,20,31,1100,400,45
SIM,14,1,1,6,54,1,9,0,3,0,20,29,300,1400,29
SIM,14,1,1,6,55,0,7,3,3,1,20,29,1000,300,45
SIM,14,1,1,6,56,1,7,1,3,1,20,27,400,1200,35
SIM,14,1,1,6,57,0,6,1,2,1,20,27,1200,1200,45
SIM,14,1,1,6,58,1,9,0,3,0,20,25,100,2200,27
SIM,14,1,1,6,59,0,7,3,3,1,20,25,800,200,45
SIM,14,1,1,6,60,1,7,1,3,1,20,23,500,1100,37
SIM_END,14,1,1,6,60,1,0
SIM_DONE
### tuned degrade=50
SIM_CONFIG,degrade_favoured_pct=50,only_handicap=1,variants=7,cover_pct=0
SIM,1,0,1,0,1,0,6,0,1,0,40,40,1000,0,30
SIM,1,0,1,0,2,1,9,0,2,0,40,39,200,1000,19
SIM,1,0,1,0,3,0,7,3,2,1,40,39,900,200,45
SIM,1,0,1,0,4,1,7,0,2,0,40,38,300,1200,31
SIM,1,0,1,0,5,0,7,0,2,0,40,38,1000,300,45
SIM,1,0,1,0,6,1,10,0,3,0,40,36,200,1300,27
SIM,1,0,1,0,7,0,9,3,2,1,40,36,900,200,45
SIM,1,0,1,0,8,1,9,0,2,0,40,35,300,1200,36
SIM,1,0,1,0,9,0,9,0,2,0,40,35,1000,300,45
SIM,1,0,1,0,10,1,12,0,3,0,40,33,200,1300,33
SIM,1,0,1,0,11,0,10,3,3,1,40,33,800,200,45
SIM,1,0,1,0,12,1,10,0,3,0,40,33,800,1200,43
SIM,1,0,1,0,13,0,10,0,3,0,40,33,1400,300,45
SIM,1,0,1,0,14,1,10,0,3,0,40,32,1400,1300,43
SIM,1,0,1,0,15,0,8,3,3,1,40,32,2000,200,45
SIM,1,0,1,0,16,1,11,0,4,0,40,30,300,1200,22
SIM,1,0,1,0,17,0,11,0,4,0,40,30,800,300,45
SIM,1,0,1,0,18,1,11,0,4,0,40,29,800,1300,43
SIM,1,0,1,0,19,0,9,3,3,1,40,29,1500,200,45
SIM,1,0,1,0,20,1,12,1,4,1,40,26,100,1100,17
SIM,1,0,1,0,21,0,10,1,4,1,40,26,700,500,45
SIM,1,0,1,0,22,1,10,0,4,0,40,23,400,1500,31
SIM,1,0,1,0,23,0,9,3,3,1,40,23,1100,400,45
SIM,1,0,1,0,24,1,9,3,3,1,40,22,1100,1300,43
SIM,1,0,1,0,25,0,7,3,3,1,40,22,1800,400,45
SIM,1,0,1,0,26,1,7,3,3,1,40,21,1800,1300,43
SIM,1,0,1,0,27,0,4,6,2,2,40,21,2600,200,45
SIM,1,0,1,0,28,1,7,4,3,2,40,19,300,1000,20
SIM,1,0,1,0,29,0,4,4,2,2,40,19,1100,400,45
SIM,1,0,1,0,30,1,4,3,2,1,40,19,1100,1300,43
SIM,1,0,1,0,31,0,1,6,1,2,40,19,2000,200,45
SIM,1,0,1,0,32,1,15,6,1,2,40,19,1400,1000,43
SIM,1,0,1,0,33,0,14,6,0,2,40,19,2400,400,45
SIM,1,0,1,0,34,1,0,6,0,2,40,19,2700,1200,45
SIM,1,0,1,0,35,0,0,9,0,3,37,19,3700,100,45
SIM,1,0,1,0,36,1,14,9,0,3,37,19,3100,800,43
SIM,1,0,1,0,37,0,14,9,0,3,34,19,4100,500,45
SIM,1,0,1,0,38,1,0,9,0,3,34,19,4400,1200,45
SIM,1,0,1,0,39,0,0,12,0,4,31,19,5400,100,45
SIM,1,0,1,0,40,1,14,12,0,4,31,19,4800,700,43
SIM,1,0,1,0,41,0,14,12,0,4,28,19,5800,400,45
SIM,1,0,1,0,42,1,0,12,0,4,28,19,6100,1000,45
SIM,1,0,1,0,43,0,0,12,0,4,24,19,7100,400,45
SIM,1,0,1,0,44,1,3,12,1,4,24,19,6900,1000,44
SIM,1,0,1,0,45,0,3,12,1,4,20,19,7800,400,45
SIM,1,0,1,0,46,1,3,12,1,4,20,19,1200,1000,1
SIM,1,0,1,0,47,0,3,12,1,4,16,19,2100,400,31
SIM,1,0,1,0,48,1,6,9,2,3,16,19,100,1100,14
SIM,1,0,1,0,49,0,6,12,2,4,12,19,900,300,44
SIM,1,0,1,0,50,1,6,9,2,3,12,19,300,1000,36
SIM,1,0,1,0,51,0,6,9,2,3,9,19,1100,400,45
SIM,1,0,1,0,52,1,20,9,2,3,9,19,500,1100,43
SIM,1,0,1,0,53,0,20,12,2,4,5,19,1300,300,45
SIM,1,0,1,0,54,1,6,12,2,4,5,19,1600,900,45
SIM,1,0,1,0,55,0,6,12,2,4,1,19,2400,300,45
SIM,1,0,1,0,56,1,9,7,3,3,1,19,100,1000,23
SIM_END,1,0,1,0,56,1,0
SIM,2,0,1,1,1,0,6,0,1,0,40,40,1000,0,30
SIM,2,0,1,1,2,1,20,0,1,0,40,40,400,1000,28
SIM,2,0,1,1,3,0,18,3,1,1,40,40,1200,200,45
SIM,2,0,1,1,4,1,7,0,2,0,40,39,100,1200,28
SIM,2,0,1,1,5,0,7,0,2,0,40,39,800,300,45
SIM,2,0,1,1,6,1,7,0,2,0,40,38,500,1300,31
SIM,2,0,1,1,7,0,5,3,2,1,40,38,1200,200,45
SIM,2,0,1,1,8,1,5,3,2,1,40,38,1200,1100,43
SIM,2,0,1,1,9,0,4,3,1,1,40,38,2000,500,45
SIM,2,0,1,1,10,1,7,0,2,0,40,37,300,1500,26
SIM,2,0,1,1,11,0,5,3,2,1,40,37,1000,100,45
SIM,2,0,1,1,12,1,5,0,2,0,40,36,400,1100,37
SIM,2,0,1,1,13,0,5,0,2,0,40,36,1100,500,45
SIM,2,0,1,1,14,1,8,0,3,0,40,34,300,1500,29
SIM,2,0,1,1,15,0,7,3,2,1,40,34,1000,100,45
SIM,2,0,1,1,16,1,7,0,2,0,40,34,1000,1100,43
SIM,2,0,1,1,17,0,7,0,2,0,40,34,1700,500,45
SIM,2,0,1,1,18,1,10,0,3,0,40,32,300,1500,28
SIM,2,0,1,1,19,0,8,3,3,1,40,32,900,100,45
SIM,2,0,1,1,20,1,8,0,3,0,40,32,900,1100,43
SIM,2,0,1,1,21,0,8,0,3,0,40,32,1500,500,45
SIM,2,0,1,1,22,1,11,0,4,0,40,29,100,1500,24
SIM,2,0,1,1,23,0,9,3,3,1,40,29,800,100,45
SIM,2,0,1,1,24,1,9,3,3,1,40,26,500,1000,34
SIM,2,0,1,1,25,0,7,3,3,1,40,26,1200,400,45
SIM,2,0,1,1,26,1,10,1,4,1,40,23,100,1300,22
SIM,2,0,1,1,27,0,7,4,3,2,40,23,800,200,45
SIM,2,0,1,1,28,1,7,3,3,1,40,21,500,1100,37
SIM,2,0,1,1,29,0,6,3,2,1,40,21,1300,500,45
SIM,2,0,1,1,30,1,6,3,2,1,40,20,1300,1400,43
SIM,2,0,1,1,31,0,3,6,1,2,40,20,2200,300,45
SIM,2,0,1,1,32,1,3,6,1,2,40,19,2200,1100,43
SIM,2,0,1,1,33,0,0,6,0,2,40,19,3200,500,45
SIM,2,0,1,1,34,1,14,6,0,2,40,19,2600,1300,43
SIM,2,0,1,1,35,0,14,9,0,3,39,19,3600,200,45
SIM,2,0,1,1,36,1,0,9,0,3,39,19,3900,900,45
SIM,2,0,1,1,37,0,0,9,0,3,38,19,4900,300,45
SIM,2,0,1,1,38,1,14,9,0,3,38,19,4300,1000,43
SIM,2,0,1,1,39,0,12,12,0,4,35,19,5300,200,45
SIM,2,0,1,1,40,1,3,10,1,4,35,19,300,800,7
SIM,2,0,1,1,41,0,1,10,1,4,32,19,1200,500,37
SIM,2,0,1,1,42,1,1,9,1,3,32,19,300,1200,29
SIM,2,0,1,1,43,0,0,12,0,4,29,19,1300,100,45
SIM,2,0,1,1,44,1,3,10,1,4,29,19,200,700,35
SIM,2,0,1,1,45,0,1,10,1,4,26,19,1100,400,45
SIM,2,0,1,1,46,1,1,9,1,3,26,19,500,1100,39
SIM,2,0,1,1,47,0,0,12,0,4,23,19,1500,300,45
SIM,2,0,1,1,48,1,3,10,1,4,23,19,100,900,33
SIM,2,0,1,1,49,0,1,10,1,4,20,19,1000,300,45
SIM,2,0,1,1,50,1,1,9,1,3,20,19,400,1000,39
SIM,2,0,1,1,51,0,0,12,0,4,17,19,1400,200,45
SIM,2,0,1,1,52,1,14,12,0,4,17,19,800,800,43
SIM,2,0,1,1,53,0,12,12,0,4,14,19,1800,500,45
SIM,2,0,1,1,54,1,3,10,1,4,14,19,100,1100,29
SIM,2,0,1,1,55,0,1,10,1,4,11,19,1000,500,45
SIM,2,0,1,1,56,1,1,9,1,3,11,19,400,1200,39
SIM,2,0,1,1,57,0,0,12,0,4,8,19,1400,100,45
SIM,2,0,1,1,58,1,14,12,0,4,8,19,800,700,43
SIM,2,0,1,1,59,0,12,12,0,4,5,19,1800,400,45
SIM,2,0,1,1,60,1,0,12,0,4,5,19,2100,1000,45
SIM_END,2,0,1,1,60,1,0
SIM,3,0,1,2,1,0,6,0,1,0,40,40,1000,0,30
SIM,3,0,1,2,2,1,20,0,1,0,40,40,400,1000,28
SIM,3,0,1,2,3,0,18,3,1,1,40,40,1200,200,45
SIM,3,0,1,2,4,1,4,3,1,1,40,40,1500,1100,45
SIM,3,0,1,2,5,0,2,3,1,1,40,40,2300,500,45
SIM,3,0,1,2,6,1,2,0,1,0,40,40,2300,1500,43
SIM,3,0,1,2,7,0,0,3,0,1,40,40,3300,100,45
SIM,3,0,1,2,8,1,14,3,0,1,40,40,2700,1000,43
SIM,3,0,1,2,9,0,14,3,0,1,39,40,3700,400,45
SIM,3,0,1,2,10,1,0,3,0,1,39,40,4000,1300,45
SIM,3,0,1,2,11,0,0,6,0,2,38,40,5000,200,45
SIM,3,0,1,2,12,1,14,6,0,2,38,40,4400,1000,43
SIM,3,0,1,2,13,0,14,6,0,2,36,40,5400,400,45
SIM,3,0,1,2,14,1,3,4,1,2,36,40,100,1200,4
SIM,3,0,1,2,15,0,1,7,1,3,34,40,1000,100,34
SIM,3,0,1,2,16,1,1,6,1,2,34,40,400,900,28
SIM,3,0,1,2,17,0,0,6,0,2,33,40,1400,300,45
SIM,3,0,1,2,18,1,3,4,1,2,33,40,300,1100,34
SIM,3,0,1,2,19,0,0,7,0,3,32,40,1300,300,45
SIM,3,0,1,2,20,1,0,7,0,3,32,40,400,1000,39
SIM,3,0,1,2,21,0,0,7,0,3,30,40,1400,400,45
SIM,3,0,1,2,22,1,3,6,1,2,30,40,300,1200,34
SIM,3,0,1,2,23,0,1,9,1,3,28,40,1200,100,45
SIM,3,0,1,2,24,1,15,9,1,3,28,40,600,800,43
SIM,3,0,1,2,25,0,14,9,0,3,26,40,1600,500,45
SIM,3,0,1,2,26,1,3,7,1,3,26,40,200,1200,32
SIM,3,0,1,2,27,0,1,10,1,4,23,40,1100,100,45
SIM,3,0,1,2,28,1,1,9,1,3,23,40,500,800,39
SIM,3,0,1,2,29,0,0,9,0,3,21,40,1500,500,45
SIM,3,0,1,2,30,1,3,7,1,3,21,40,100,1200,34
SIM,3,0,1,2,31,0,0,10,0,4,19,40,1100,100,45
SIM,3,0,1,2,32,1,0,10,0,4,19,40,500,700,41
SIM,3,0,1,2,33,0,0,10,0,4,15,40,1500,400,45
SIM,3,0,1,2,34,1,3,9,1,3,15,40,400,1100,34
SIM,3,0,1,2,35,0,3,12,1,4,12,40,1300,300,45
SIM,3,0,1,2,36,1,3,10,1,4,12,40,400,900,37
SIM,3,0,1,2,37,0,3,10,1,4,8,40,1300,300,45
SIM,3,0,1,2,38,1,3,9,1,3,8,40,1300,1000,43
SIM,3,0,1,2,39,0,3,12,1,4,4,40,2200,200,45
SIM,3,0,1,2,40,1,6,9,2,3,4,40,200,900,28
SIM,3,0,1,2,41,0,6,9,2,3,1,40,1000,300,45
SIM,3,0,1,2,42,1,20,9,2,3,1,40,400,1000,43
SIM_END,3,0,1,2,42,1,0
SIM,4,0,1,3,1,0,6,0,1,0,40,40,1000,0,30
SIM,4,0,1,3,2,1,9,0,2,0,40,39,200,1000,19
SIM,4,0,1,3,3,0,7,3,2,1,40,39,900,200,45
SIM,4,0,1,3,4,1,7,3,2,1,40,39,900,1100,35
SIM,4,0,1,3,5,0,6,3,1,1,40,39,1700,500,45
SIM,4,0,1,3,6,1,6,0,1,0,40,39,1700,1500,43
SIM,4,0,1,3,7,0,4,3,1,1,40,39,2500,100,45
SIM,4,0,1,3,8,1,7,0,2,0,40,38,200,1100,22
SIM,4,0,1,3,9,0,7,0,2,0,40,38,900,500,45
SIM,4,0,1,3,10,1,7,0,2,0,40,37,900,1500,43
SIM,4,0,1,3,11,0,5,3,2,1,40,37,1600,100,45
SIM,4,0,1,3,12,1,8,0,3,0,40,36,200,1100,29
SIM,4,0,1,3,13,0,8,0,3,0,40,36,800,500,45
SIM,4,0,1,3,14,1,8,0,3,0,40,35,800,1500,43
SIM,4,0,1,3,15,0,7,3,2,1,40,35,1500,100,45
SIM,4,0,1,3,16,1,7,0,2,0,40,35,1500,1100,43
SIM,4,0,1,3,17,0,7,0,2,0,40,35,2200,500,45
SIM,4,0,1,3,18,1,10,0,3,0,40,33,200,1500,18
SIM,4,0,1,3,19,0,8,3,3,1,40,33,800,100,45
SIM,4,0,1,3,20,1,8,0,3,0,40,33,800,1100,43
SIM,4,0,1,3,21,0,8,0,3,0,40,33,1400,500,45
SIM,4,0,1,3,22,1,11,0,4,0,40,30,300,1500,26
SIM,4,0,1,3,23,0,9,3,3,1,40,30,1000,100,45
SIM,4,0,1,3,24,1,9,3,3,1,40,29,1000,1000,43
SIM,4,0,1,3,25,0,7,3,3,1,40,29,1700,400,45
SIM,4,0,1,3,26,1,7,3,3,1,40,28,1700,1300,43
SIM,4,0,1,3,27,0,4,6,2,2,40,28,2500,200,45
SIM,4,0,1,3,28,1,7,3,3,1,40,27,200,1100,14
SIM,4,0,1,3,29,0,6,3,2,1,40,27,1000,500,44
SIM,4,0,1,3,30,1,6,3,2,1,40,26,1000,1400,42
SIM,4,0,1,3,31,0,3,6,1,2,40,26,1900,300,45
SIM,4,0,1,3,32,1,3,6,1,2,40,25,1900,1100,43
SIM,4,0,1,3,33,0,0,6,0,2,40,25,2900,500,45
SIM,4,0,1,3,34,1,3,6,1,2,40,24,300,1300,22
SIM,4,0,1,3,35,0,0,9,0,3,39,24,1300,200,45
SIM,4,0,1,3,36,1,0,9,0,3,39,24,400,900,39
SIM,4,0,1,3,37,0,0,9,0,3,38,24,1400,300,45
SIM,4,0,1,3,38,1,14,9,0,3,38,24,800,1000,43
SIM,4,0,1,3,39,0,12,12,0,4,35,24,1800,200,45
SIM,4,0,1,3,40,1,0,12,0,4,35,24,2100,800,45
SIM,4,0,1,3,41,0,0,12,0,4,31,24,3100,500,45
SIM,4,0,1,3,42,1,3,10,1,4,31,24,500,1100,26
SIM,4,0,1,3,43,0,3,10,1,4,27,24,1400,500,45
SIM,4,0,1,3,44,1,3,9,1,3,27,24,500,1200,37
SIM,4,0,1,3,45,0,3,12,1,4,23,24,1400,100,45
SIM,4,0,1,3,46,1,17,12,1,4,23,24,800,700,43
SIM,4,0,1,3,47,0,17,12,1,4,19,24,1700,400,45
SIM,4,0,1,3,48,1,6,9,2,3,19,24,300,1100,30
SIM,4,0,1,3,49,0,6,12,2,4,15,24,1100,300,45
SIM,4,0,1,3,50,1,6,9,2,3,15,24,500,1000,37
SIM,4,0,1,3,51,0,6,9,2,3,12,24,1300,400,45
SIM,4,0,1,3,52,1,9,4,3,2,12,24,200,1200,26
SIM,4,0,1,3,53,0,7,7,3,3,10,24,900,100,45
SIM,4,0,1,3,54,1,7,6,3,2,10,24,900,900,43
SIM,4,0,1,3,55,0,6,6,2,2,9,24,1700,300,45
SIM,4,0,1,3,56,1,20,6,2,2,9,24,1100,1100,43
SIM,4,0,1,3,57,0,20,9,2,3,7,24,1900,300,45
SIM,4,0,1,3,58,1,6,9,2,3,7,24,2200,1000,45
SIM,4,0,1,3,59,0,6,9,2,3,4,24,3000,400,45
SIM,4,0,1,3,60,1,20,9,2,3,4,24,2400,1100,43
SIM_END,4,0,1,3,60,1,0
SIM,5,0,1,4,1,0,6,0,1,0,40,40,1000,0,30
SIM,5,0,1,4,2,1,20,0,1,0,40,40,400,1000,28
SIM,5,0,1,4,3,0,20,3,1,1,39,40,1200,200,45
SIM,5,0,1,4,4,1,9,0,2,0,39,39,100,1200,28
SIM,5,0,1,4,5,0,9,0,2,0,39,39,800,300,45
SIM,5,0,1,4,6,1,9,0,2,0,39,38,800,1300,43
SIM,5,0,1,4,7,0,7,3,2,1,39,38,1500,200,45
SIM,5,0,1,4,8,1,7,3,2,1,39,38,1500,1100,27
SIM,5,0,1,4,9,0,6,3,1,1,39,38,2300,500,45
SIM,5,0,1,4,10,1,9,0,2,0,39,37,300,1500,24
SIM,5,0,1,4,11,0,7,3,2,1,39,37,1000,100,45
SIM,5,0,1,4,12,1,7,0,2,0,39,37,1000,1100,43
SIM,5,0,1,4,13,0,7,0,2,0,39,37,1700,500,45
SIM,5,0,1,4,14,1,7,0,2,0,39,36,1700,1500,43
SIM,5,0,1,4,15,0,6,3,1,1,39,36,2500,100,45
SIM,5,0,1,4,16,1,6,0,1,0,39,36,2500,1100,43
SIM,5,0,1,4,17,0,6,0,1,0,39,36,3300,500,45
SIM,5,0,1,4,18,1,9,0,2,0,39,34,100,1500,10
SIM,5,0,1,4,19,0,7,3,2,1,39,34,800,100,40
SIM,5,0,1,4,20,1,7,0,2,0,39,34,800,1100,38
SIM,5,0,1,4,21,0,7,0,2,0,39,34,1500,500,45
SIM,5,0,1,4,22,1,7,0,2,0,39,33,1500,1500,43
SIM,5,0,1,4,23,0,5,3,2,1,39,33,2200,100,45
SIM,5,0,1,4,24,1,5,0,2,0,39,33,2200,1100,43
SIM,5,0,1,4,25,0,5,0,2,0,39,33,2900,500,45
SIM,5,0,1,4,26,1,5,0,2,0,39,32,2900,1500,43
SIM,5,0,1,4,27,0,3,3,1,1,39,32,3800,100,45
SIM,5,0,1,4,28,1,3,3,1,1,39,31,3800,1000,43
SIM,5,0,1,4,29,0,1,3,1,1,39,31,4700,400,45
SIM,5,0,1,4,30,1,4,1,2,1,39,30,300,1300,8
SIM,5,0,1,4,31,0,1,4,1,2,39,30,1200,200,38
SIM,5,0,1,4,32,1,1,3,1,1,39,30,1200,1100,36
SIM,5,0,1,4,33,0,0,3,0,1,39,30,2200,500,45
SIM,5,0,1,4,34,1,14,3,0,1,39,30,1600,1400,43
SIM,5,0,1,4,35,0,14,6,0,2,38,30,2600,300,45
SIM,5,0,1,4,36,1,0,6,0,2,38,30,2900,1100,45
SIM,5,0,1,4,37,0,0,6,0,2,36,30,3900,500,45
SIM,5,0,1,4,38,1,3,4,1,2,36,30,100,1300,18
SIM,5,0,1,4,39,0,3,7,1,3,34,30,1000,200,45
SIM,5,0,1,4,40,1,3,6,1,2,34,30,1000,1000,43
SIM,5,0,1,4,41,0,3,6,1,2,32,30,1900,400,45
SIM,5,0,1,4,42,1,17,6,1,2,32,30,1300,1200,43
SIM,5,0,1,4,43,0,17,9,1,3,29,30,2200,100,45
SIM,5,0,1,4,44,1,3,9,1,3,29,30,2500,800,45
SIM,5,0,1,4,45,0,3,9,1,3,26,30,3400,500,45
SIM,5,0,1,4,46,1,6,6,2,2,26,30,200,1300,20
SIM,5,0,1,4,47,0,6,9,2,3,24,30,1000,200,45
SIM,5,0,1,4,48,1,20,9,2,3,24,30,400,900,43
SIM,5,0,1,4,49,0,20,9,2,3,21,30,1200,300,45
SIM,5,0,1,4,50,1,9,4,3,2,21,30,100,1100,29
SIM,5,0,1,4,51,0,7,7,3,3,19,30,800,300,45
SIM,5,0,1,4,52,1,7,3,3,1,19,30,500,1200,31
SIM,5,0,1,4,53,0,6,3,2,1,19,30,1300,300,45
SIM,5,0,1,4,54,1,20,3,2,1,19,30,700,1200,43
SIM,5,0,1,4,55,0,18,6,2,2,18,30,1500,100,45
SIM,5,0,1,4,56,1,7,1,3,1,18,30,100,1000,24
SIM,5,0,1,4,57,0,6,1,2,1,18,30,900,400,45
SIM,5,0,1,4,58,1,6,0,2,0,18,30,900,1400,43
SIM,5,0,1,4,59,0,4,3,2,1,18,30,1700,300,45
SIM,5,0,1,4,60,1,18,3,2,1,18,30,1100,1200,43
SIM_END,5,0,1,4,60,1,0
SIM,6,0,1,5,1,0,6,0,1,0,40,40,1000,0,30
SIM,6,0,1,5,2,1,20,0,1,0,40,40,400,1000,28
SIM,6,0,1,5,3,0,20,3,1,1,39,40,1200,200,45
SIM,6,0,1,5,4,1,6,3,1,1,39,40,1500,1100,45
SIM,6,0,1,5,5,0,6,3,1,1,38,40,2300,500,45
SIM,6,0,1,5,6,1,6,3,1,1,38,40,2300,1400,43
SIM,6,0,1,5,7,0,4,6,1,2,37,40,3100,300,45
SIM,6,0,1,5,8,1,7,1,2,1,37,40,200,1200,20
SIM,6,0,1,5,9,0,7,1,2,1,36,40,900,300,45
SIM,6,0,1,5,10,1,7,0,2,0,36,40,900,1300,43
SIM,6,0,1,5,11,0,5,3,2,1,36,40,1600,200,45
SIM,6,0,1,5,12,1,8,0,3,0,36,39,200,1200,26
SIM,6,0,1,5,13,0,8,0,3,0,36,39,800,300,45
SIM,6,0,1,5,14,1,8,0,3,0,36,38,500,1300,41
SIM,6,0,1,5,15,0,7,3,2,1,36,38,1200,200,45
SIM,6,0,1,5,16,1,10,0,3,0,36,36,100,1200,24
SIM,6,0,1,5,17,0,10,0,3,0,36,36,700,300,45
SIM,6,0,1,5,18,1,10,0,3,0,36,34,400,1300,39
SIM,6,0,1,5,19,0,8,3,3,1,36,34,1000,200,45
SIM,6,0,1,5,20,1,8,3,3,1,36,34,1000,1100,39
SIM,6,0,1,5,21,0,7,3,2,1,36,34,1700,500,45
SIM,6,0,1,5,22,1,7,0,2,0,36,34,1700,1500,43
SIM,6,0,1,5,23,0,5,3,2,1,36,34,2400,100,45
SIM,6,0,1,5,24,1,5,0,2,0,36,34,2400,1100,43
SIM,6,0,1,5,25,0,5,0,2,0,36,34,3100,500,45
SIM,6,0,1,5,26,1,8,0,3,0,36,32,200,1500,13
SIM,6,0,1,5,27,0,6,3,2,1,36,32,1000,100,43
SIM,6,0,1,5,28,1,6,3,2,1,36,31,1000,1000,41
SIM,6,0,1,5,29,0,4,3,2,1,36,31,1800,400,45
SIM,6,0,1,5,30,1,7,0,3,0,36,30,100,1400,19
SIM,6,0,1,5,31,0,6,3,2,1,36,30,900,300,45
SIM,6,0,1,5,32,1,6,0,2,0,36,30,300,1300,37
SIM,6,0,1,5,33,0,6,0,2,0,36,30,1100,400,45
SIM,6,0,1,5,34,1,20,0,2,0,36,30,500,1400,43
SIM,6,0,1,5,35,0,18,3,2,1,36,30,1300,300,45
SIM,6,0,1,5,36,1,4,3,2,1,36,30,1600,1200,45
SIM,6,0,1,5,37,0,3,3,1,1,36,30,2500,300,45
SIM,6,0,1,5,38,1,6,0,2,0,36,30,200,1300,16
SIM,6,0,1,5,39,0,4,3,2,1,36,30,1000,200,45
SIM,6,0,1,5,40,1,4,1,2,1,36,29,400,1100,37
SIM,6,0,1,5,41,0,3,1,1,1,36,29,1300,500,45
SIM,6,0,1,5,42,1,3,0,1,0,36,29,1300,1500,43
SIM,6,0,1,5,43,0,1,3,1,1,36,29,2200,100,45
SIM,6,0,1,5,44,1,4,0,2,0,36,29,200,1100,20
SIM,6,0,1,5,45,0,4,0,2,0,36,29,1000,500,45
SIM,6,0,1,5,46,1,4,0,2,0,36,28,1000,1500,43
SIM,6,0,1,5,47,0,3,3,1,1,36,28,1900,100,45
SIM,6,0,1,5,48,1,6,3,2,1,36,26,200,1000,26
SIM,6,0,1,5,49,0,4,3,2,1,36,26,1000,400,45
SIM,6,0,1,5,50,1,4,3,2,1,36,25,1000,1300,43
SIM,6,0,1,5,51,0,1,6,1,2,36,25,1900,200,45
SIM,6,0,1,5,52,1,1,6,1,2,36,24,1900,1000,43
SIM,6,0,1,5,53,0,0,6,0,2,36,24,2900,400,45
SIM,6,0,1,5,54,1,3,4,1,2,36,24,300,1200,22
SIM,6,0,1,5,55,0,0,7,0,3,35,24,1300,100,45
SIM,6,0,1,5,56,1,0,7,0,3,35,24,400,800,39
SIM,6,0,1,5,57,0,0,7,0,3,34,24,1400,500,45
SIM,6,0,1,5,58,1,14,7,0,3,34,24,800,1200,43
SIM,6,0,1,5,59,0,12,10,0,4,32,24,1800,100,45
SIM,6,0,1,5,60,1,0,10,0,4,32,24,2100,700,45
SIM_END,6,0,1,5,60,0,0
SIM,7,0,1,6,1,0,6,0,1,0,40,40,1000,0,30
SIM,7,0,1,6,2,1,20,0,1,0,40,40,400,1000,28
SIM,7,0,1,6,3,0,20,3,1,1,39,40,1200,200,45
SIM,7,0,1,6,4,1,6,3,1,1,39,40,1500,1100,45
SIM,7,0,1,6,5,0,6,3,1,1,38,40,2300,500,45
SIM,7,0,1,6,6,1,9,0,2,0,38,39,300,1500,22
SIM,7,0,1,6,7,0,7,3,2,1,38,39,1000,100,45
SIM,7,0,1,6,8,1,7,0,2,0,38,38,400,1100,19
SIM,7,0,1,6,9,0,7,0,2,0,38,38,1100,500,45
SIM,7,0,1,6,10,1,10,0,3,0,38,36,300,1500,27
SIM,7,0,1,6,11,0,9,3,2,1,38,36,1000,100,45
SIM,7,0,1,6,12,1,9,0,2,0,38,35,400,1100,36
SIM,7,0,1,6,13,0,9,0,2,0,38,35,1100,500,45
SIM,7,0,1,6,14,1,9,0,2,0,38,34,1100,1500,43
SIM,7,0,1,6,15,0,7,3,2,1,38,34,1800,100,45
SIM,7,0,1,6,16,1,7,0,2,0,38,34,1800,1100,43
SIM,7,0,1,6,17,0,7,0,2,0,38,34,2500,500,45
SIM,7,0,1,6,18,1,10,0,3,0,38,32,200,1500,23
SIM,7,0,1,6,19,0,8,3,3,1,38,32,800,100,45
SIM,7,0,1,6,20,1,8,0,3,0,38,30,500,1100,34
SIM,7,0,1,6,21,0,8,0,3,0,38,30,1100,500,45
SIM,7,0,1,6,22,1,11,0,4,0,38,27,300,1500,31
SIM,7,0,1,6,23,0,9,3,3,1,38,27,1000,100,45
SIM,7,0,1,6,24,1,9,3,3,1,38,26,1000,1000,43
SIM,7,0,1,6,25,0,7,3,3,1,38,26,1700,400,45
SIM,7,0,1,6,26,1,7,3,3,1,38,25,1700,1300,43
SIM,7,0,1,6,27,0,4,6,2,2,38,25,2500,200,45
SIM,7,0,1,6,28,1,7,3,3,1,38,24,200,1100,14
SIM,7,0,1,6,29,0,6,3,2,1,38,24,1000,500,44
SIM,7,0,1,6,30,1,6,1,2,1,38,23,400,1400,36
SIM,7,0,1,6,31,0,3,4,1,2,38,23,1300,300,45
SIM,7,0,1,6,32,1,6,1,2,1,38,23,200,1200,29
SIM,7,0,1,6,33,0,4,1,2,1,38,23,1000,300,45
SIM,7,0,1,6,34,1,4,0,2,0,38,22,400,1300,36
SIM,7,0,1,6,35,0,3,3,1,1,38,22,1300,200,45
SIM,7,0,1,6,36,1,6,1,2,1,38,21,200,1100,29
SIM,7,0,1,6,37,0,4,1,2,1,38,21,1000,500,45
SIM,7,0,1,6,38,1,4,0,2,0,38,20,400,1500,35
SIM,7,0,1,6,39,0,3,3,1,1,38,20,1300,100,45
SIM,7,0,1,6,40,1,6,1,2,1,38,19,200,1000,30
SIM,7,0,1,6,41,0,4,1,2,1,38,19,1000,400,45
SIM,7,0,1,6,42,1,4,0,2,0,38,18,400,1400,35
SIM,7,0,1,6,43,0,3,3,1,1,38,18,1300,300,45
SIM,7,0,1,6,44,1,6,3,2,1,38,17,200,1200,33
SIM,7,0,1,6,45,0,4,3,2,1,38,17,1000,300,45
SIM,7,0,1,6,46,1,4,3,2,1,38,16,1000,1200,43
SIM,7,0,1,6,47,0,1,6,1,2,38,16,1900,100,45
SIM,7,0,1,6,48,1,4,3,2,1,38,16,200,1000,26
SIM,7,0,1,6,49,0,3,3,1,1,38,16,1100,400,45
SIM,7,0,1,6,50,1,3,1,1,1,38,16,500,1300,37
SIM,7,0,1,6,51,0,0,4,0,2,38,16,1500,200,45
SIM,7,0,1,6,52,1,3,3,1,1,38,16,100,1100,30
SIM,7,0,1,6,53,0,1,3,1,1,38,16,1000,500,45
SIM,7,0,1,6,54,1,15,3,1,1,38,16,400,1400,43
SIM,7,0,1,6,55,0,14,6,0,2,37,16,1400,300,45
SIM,7,0,1,6,56,1,3,4,1,2,37,16,300,1100,32
SIM,7,0,1,6,57,0,1,4,1,2,36,16,1200,500,45
SIM,7,0,1,6,58,1,1,3,1,1,36,16,300,1400,37
SIM,7,0,1,6,59,0,0,6,0,2,35,16,1300,300,45
SIM,7,0,1,6,60,1,14,6,0,2,35,16,700,1100,43
SIM_END,7,0,1,6,60,0,0
SIM,8,1,1,0,1,0,0,6,0,1,40,40,1000,0,30
SIM,8,1,1,0,2,1,3,4,1,1,40,40,200,800,19
SIM,8,1,1,0,3,0,0,7,0,2,39,40,1200,300,45
SIM,8,1,1,0,4,1,0,7,0,2,39,40,300,1000,39
SIM,8,1,1,0,5,0,0,7,0,2,38,40,1300,400,45
SIM,8,1,1,0,6,1,3,5,1,2,38,40,200,1100,34
SIM,8,1,1,0,7,0,3,5,1,2,38,40,1100,1100,45
SIM,8,1,1,0,8,1,3,4,1,1,38,40,500,1900,39
SIM,8,1,1,0,9,0,0,7,0,2,37,40,1500,200,45
SIM,8,1,1,0,10,1,3,5,1,2,37,40,100,900,32
SIM,8,1,1,0,11,0,0,5,0,2,36,40,1100,300,45
SIM,8,1,1,0,12,1,0,5,0,2,36,40,500,1000,41
SIM,8,1,1,0,13,0,0,8,0,3,35,40,1500,200,45
SIM,8,1,1,0,14,1,3,7,1,2,35,40,100,900,32
SIM,8,1,1,0,15,0,3,7,1,2,35,40,1000,900,45
SIM,8,1,1,0,16,1,3,5,1,2,35,40,400,1600,39
SIM,8,1,1,0,17,0,0,8,0,3,34,40,1400,200,45
SIM,8,1,1,0,18,1,3,6,1,2,34,40,300,1000,34
SIM,8,1,1,0,19,0,1,6,1,2,33,40,1200,400,45
SIM,8,1,1,0,20,1,1,4,1,2,33,40,300,1200,37
SIM,8,1,1,0,21,0,0,7,0,3,31,40,1300,100,45
SIM,8,1,1,0,22,1,3,6,1,2,31,40,200,900,34
SIM,8,1,1,0,23,0,3,6,1,2,29,40,1100,300,45
SIM,8,1,1,0,24,1,3,4,1,2,29,40,500,1100,37
SIM,8,1,1,0,25,0,3,4,1,2,28,40,1400,1100,45
SIM,8,1,1,0,26,1,6,1,2,1,28,40,300,2000,34
SIM,8,1,1,0,27,0,6,1,2,1,27,40,1100,2000,45
SIM,8,1,1,0,28,1,6,0,2,0,27,39,500,3000,33
SIM,8,1,1,0,29,0,4,3,2,1,27,39,1300,100,45
SIM,8,1,1,0,30,1,7,0,3,0,27,38,200,1100,20
SIM,8,1,1,0,31,0,7,14,3,0,27,38,900,500,45
SIM,8,1,1,0,32,1,7,10,3,0,27,37,300,1500,33
SIM,8,1,1,0,33,0,6,3,2,1,27,37,1100,100,45
SIM,8,1,1,0,34,1,9,1,3,1,27,35,300,1000,28
SIM,8,1,1,0,35,0,9,15,3,1,27,35,1000,400,45
SIM,8,1,1,0,36,1,9,14,3,0,27,33,400,1400,31
SIM,8,1,1,0,37,0,9,0,3,0,27,33,1100,1700,45
SIM,8,1,1,0,38,1,12,0,4,0,27,30,300,2700,31
SIM,8,1,1,0,39,0,12,14,4,0,27,30,900,2100,45
SIM,8,1,1,0,40,1,12,14,4,0,27,27,300,3100,35
SIM,8,1,1,0,41,0,12,0,4,0,27,27,900,3400,45
SIM,8,1,1,0,42,1,12,0,4,0,27,23,300,4400,27
SIM,8,1,1,0,43,0,10,3,4,1,27,23,900,300,45
SIM,8,1,1,0,44,1,10,3,4,1,27,19,300,1200,33
SIM,8,1,1,0,45,0,9,3,3,1,27,19,1000,1200,45
SIM,8,1,1,0,46,1,12,3,4,1,27,15,200,2100,24
SIM,8,1,1,0,47,0,12,17,4,1,27,15,800,1500,45
SIM,8,1,1,0,48,1,12,17,4,1,27,11,500,2400,35
SIM,8,1,1,0,49,0,12,3,4,1,27,11,1100,2700,45
SIM,8,1,1,0,50,1,12,3,4,1,27,7,500,3600,33
SIM,8,1,1,0,51,0,12,17,4,1,27,7,1100,3000,45
SIM,8,1,1,0,52,1,12,17,4,1,27,3,500,3900,33
SIM,8,1,1,0,53,0,12,3,4,1,27,3,1100,4200,45
SIM_END,8,1,1,0,53,0,0
SIM,9,1,1,1,1,0,0,6,0,1,40,40,1000,0,30
SIM,9,1,1,1,2,1,3,4,1,1,40,40,200,800,19
SIM,9,1,1,1,3,0,0,4,0,1,40,40,1200,800,45
SIM,9,1,1,1,4,1,0,4,0,1,40,40,300,1600,39
SIM,9,1,1,1,5,0,0,7,0,2,39,40,1300,200,45
SIM,9,1,1,1,6,1,3,5,1,2,39,40,200,900,34
SIM,9,1,1,1,7,0,3,5,1,2,39,40,1100,900,45
SIM,9,1,1,1,8,1,3,4,1,1,39,40,500,1700,39
SIM,9,1,1,1,9,0,0,7,0,2,38,40,1500,300,45
SIM,9,1,1,1,10,1,3,5,1,2,38,40,100,1000,32
SIM,9,1,1,1,11,0,0,5,0,2,37,40,1100,400,45
SIM,9,1,1,1,12,1,0,5,0,2,37,40,500,1100,41
SIM,9,1,1,1,13,0,0,5,0,2,36,40,1500,1100,45
SIM,9,1,1,1,14,1,3,3,1,1,36,40,100,2000,32
SIM,9,1,1,1,15,0,1,6,1,2,35,40,1000,300,45
SIM,9,1,1,1,16,1,1,4,1,2,35,40,400,1100,39
SIM,9,1,1,1,17,0,0,4,0,2,35,40,1400,1100,45
SIM,9,1,1,1,18,1,3,3,1,1,35,40,300,2000,34
SIM,9,1,1,1,19,0,3,3,1,1,34,40,1200,2000,45
SIM,9,1,1,1,20,1,3,1,1,1,34,40,300,2900,35
SIM,9,1,1,1,21,0,3,1,1,1,33,40,1200,2900,45
SIM,9,1,1,1,22,1,6,0,2,0,33,39,100,3900,22
SIM,9,1,1,1,23,0,6,14,2,0,33,39,900,3300,45
SIM,9,1,1,1,24,1,6,12,2,0,33,38,300,4300,34
SIM,9,1,1,1,25,0,6,0,2,0,33,38,1100,4600,45
SIM,9,1,1,1,26,1,9,0,3,0,33,36,300,5600,32
SIM,9,1,1,1,27,0,9,14,3,0,33,36,1000,5000,45
SIM,9,1,1,1,28,1,9,14,3,0,33,33,400,6000,32
SIM,9,1,1,1,29,0,9,0,3,0,33,33,1100,6300,45
SIM,9,1,1,1,30,1,12,0,4,0,33,30,300,7300,31
SIM,9,1,1,1,31,0,12,14,4,0,33,30,900,6700,45
SIM,9,1,1,1,32,1,12,14,4,0,33,27,300,7700,35
SIM,9,1,1,1,33,0,12,3,4,1,33,27,900,1200,45
SIM,9,1,1,1,34,1,12,1,4,1,33,24,300,2100,30
SIM,9,1,1,1,35,0,10,1,4,1,33,24,900,300,45
SIM,9,1,1,1,36,1,10,0,4,0,33,21,300,1300,29
SIM,9,1,1,1,37,0,10,3,4,1,33,21,900,1100,45
SIM,9,1,1,1,38,1,10,3,4,1,33,17,300,2000,33
SIM,9,1,1,1,39,0,9,3,3,1,33,17,1000,500,45
SIM,9,1,1,1,40,1,12,3,4,1,33,13,200,1400,24
SIM,9,1,1,1,41,0,9,6,3,2,33,13,900,300,45
SIM,9,1,1,1,42,1,9,6,3,2,33,10,300,1100,35
SIM,9,1,1,1,43,0,9,20,3,2,33,10,1000,500,45
SIM,9,1,1,1,44,1,12,18,4,2,33,7,200,1300,28
SIM,9,1,1,1,45,0,7,7,3,3,33,7,900,200,45
SIM,9,1,1,1,46,1,7,6,3,2,33,5,300,1000,35
SIM,9,1,1,1,47,0,6,6,2,2,33,5,1100,1000,45
SIM,9,1,1,1,48,1,9,3,3,1,33,4,300,1900,30
SIM,9,1,1,1,49,0,9,17,3,1,33,4,1000,1300,45
SIM,9,1,1,1,50,1,9,17,3,1,33,1,400,2200,31
SIM,9,1,1,1,51,0,6,6,2,2,33,1,1200,200,45
SIM_END,9,1,1,1,51,0,0
SIM,10,1,1,2,1,0,0,6,0,1,40,40,1000,0,30
SIM,10,1,1,2,2,1,3,6,1,1,40,39,200,800,19
SIM,10,1,1,2,3,0,0,9,0,2,39,39,1200,300,45
SIM,10,1,1,2,4,1,0,9,0,2,39,39,300,1000,39
SIM,10,1,1,2,5,0,0,9,0,2,38,39,1300,1000,45
SIM,10,1,1,2,6,1,3,7,1,2,38,39,200,1700,34
SIM,10,1,1,2,7,0,3,7,1,2,38,39,1100,1700,45
SIM,10,1,1,2,8,1,3,6,1,1,38,39,500,2500,39
SIM,10,1,1,2,9,0,0,9,0,2,37,39,1500,200,45
SIM,10,1,1,2,10,1,3,7,1,2,37,39,100,900,32
SIM,10,1,1,2,11,0,0,7,0,2,36,39,1100,300,45
SIM,10,1,1,2,12,1,0,7,0,2,36,39,500,1000,41
SIM,10,1,1,2,13,0,0,7,0,2,35,39,1500,1000,45
SIM,10,1,1,2,14,1,3,6,1,1,35,39,100,1800,32
SIM,10,1,1,2,15,0,0,9,0,2,34,39,1100,100,45
SIM,10,1,1,2,16,1,0,9,0,2,34,39,500,800,41
SIM,10,1,1,2,17,0,0,9,0,2,33,39,1500,800,45
SIM,10,1,1,2,18,1,3,7,1,2,33,39,100,1500,32
SIM,10,1,1,2,19,0,0,7,0,2,33,39,1100,1500,45
SIM,10,1,1,2,20,1,0,7,0,2,33,39,500,2200,41
SIM,10,1,1,2,21,0,0,7,0,2,32,39,1500,2200,45
SIM,10,1,1,2,22,1,3,6,1,1,32,39,100,3000,32
SIM,10,1,1,2,23,0,0,6,0,1,32,39,1100,3000,45
SIM,10,1,1,2,24,1,0,6,0,1,32,39,500,3800,41
SIM,10,1,1,2,25,0,0,9,0,2,31,39,1500,300,45
SIM,10,1,1,2,26,1,3,7,1,2,31,39,100,1000,32
SIM,10,1,1,2,27,0,0,7,0,2,30,39,1100,400,45
SIM,10,1,1,2,28,1,0,7,0,2,30,39,500,1100,41
SIM,10,1,1,2,29,0,0,7,0,2,29,39,1500,1100,45
SIM,10,1,1,2,30,1,3,5,1,2,29,39,100,1800,34
SIM,10,1,1,2,31,0,3,5,1,2,29,39,1000,1800,45
SIM,10,1,1,2,32,1,3,4,1,1,29,39,400,2600,39
SIM,10,1,1,2,33,0,0,4,0,1,29,39,1400,2600,45
SIM,10,1,1,2,34,1,3,2,1,1,29,39,300,3400,36
SIM,10,1,1,2,35,0,0,5,0,2,28,39,1300,200,45
SIM,10,1,1,2,36,1,0,5,0,2,28,39,400,900,39
SIM,10,1,1,2,37,0,0,5,0,2,27,39,1400,900,45
SIM,10,1,1,2,38,1,3,3,1,1,27,39,300,1800,36
SIM,10,1,1,2,39,0,3,3,1,1,26,39,1200,1800,45
SIM,10,1,1,2,40,1,3,1,1,1,26,39,300,2700,35
SIM,10,1,1,2,41,0,1,4,1,2,25,39,1200,100,45
SIM,10,1,1,2,42,1,4,1,2,1,25,39,100,1000,32
SIM,10,1,1,2,43,0,3,1,1,1,25,39,1000,400,45
SIM,10,1,1,2,44,1,3,0,1,0,25,39,400,1400,39
SIM,10,1,1,2,45,0,1,3,1,1,25,39,1300,300,45
SIM,10,1,1,2,46,1,4,0,2,0,25,39,200,1300,30
SIM,10,1,1,2,47,0,4,14,2,0,25,39,1000,700,45
SIM,10,1,1,2,48,1,4,14,2,0,25,38,400,1700,27
SIM,10,1,1,2,49,0,3,3,1,1,25,38,1300,300,45
SIM,10,1,1,2,50,1,6,1,2,1,25,37,200,1200,28
SIM,10,1,1,2,51,0,6,15,2,1,25,37,1000,600,45
SIM,10,1,1,2,52,1,6,14,2,0,25,36,400,1600,35
SIM,10,1,1,2,53,0,4,3,2,1,25,36,1200,200,45
SIM,10,1,1,2,54,1,7,3,3,1,25,33,100,1100,24
SIM,10,1,1,2,55,0,6,3,2,1,25,33,900,500,45
SIM,10,1,1,2,56,1,6,3,2,1,25,31,300,1400,37
SIM,10,1,1,2,57,0,3,6,1,2,25,31,1200,300,45
SIM,10,1,1,2,58,1,6,4,2,2,25,30,100,1100,30
SIM,10,1,1,2,59,0,3,4,1,2,25,30,1000,500,45
SIM,10,1,1,2,60,1,3,3,1,1,25,30,400,1400,37
SIM_END,10,1,1,2,60,1,0
SIM,11,1,1,3,1,0,0,6,0,1,40,40,1000,0,30
SIM,11,1,1,3,2,1,3,6,1,1,40,39,200,800,19
SIM,11,1,1,3,3,0,0,6,0,1,40,39,1200,800,45
SIM,11,1,1,3,4,1,0,6,0,1,40,39,300,1600,39
SIM,11,1,1,3,5,0,0,20,0,1,40,39,1300,1000,45
SIM,11,1,1,3,6,1,3,20,1,1,40,38,200,1800,32
SIM,11,1,1,3,7,0,3,6,1,1,40,38,1100,2100,45
SIM,11,1,1,3,8,1,3,6,1,1,40,37,500,2900,39
SIM,11,1,1,3,9,0,0,6,0,1,40,37,1500,2900,45
SIM,11,1,1,3,10,1,3,6,1,1,40,36,100,3700,30
SIM,11,1,1,3,11,0,0,9,0,2,39,36,1100,200,45
SIM,11,1,1,3,12,1,0,9,0,2,39,36,500,900,41
SIM,11,1,1,3,13,0,0,9,0,2,38,36,1500,300,45
SIM,11,1,1,3,14,1,3,7,1,2,38,36,100,1000,32
SIM,11,1,1,3,15,0,3,7,1,2,38,36,1000,1000,45
SIM,11,1,1,3,16,1,3,6,1,1,38,36,400,1800,39
SIM,11,1,1,3,17,0,0,6,0,1,38,36,1400,1800,45
SIM,11,1,1,3,18,1,3,4,1,1,38,36,300,2600,33
SIM,11,1,1,3,19,0,0,4,0,1,38,36,1300,2600,45
SIM,11,1,1,3,20,1,0,4,0,1,38,36,400,3400,39
SIM,11,1,1,3,21,0,0,18,0,1,38,36,1400,2800,45
SIM,11,1,1,3,22,1,3,16,1,1,38,36,300,3600,33
SIM,11,1,1,3,23,0,3,2,1,1,38,36,1200,3900,45
SIM,11,1,1,3,24,1,3,0,1,0,38,36,300,4900,37
SIM,11,1,1,3,25,0,3,14,1,0,38,36,1200,4300,45
SIM,11,1,1,3,26,1,6,14,2,0,38,34,100,5300,20
SIM,11,1,1,3,27,0,6,0,2,0,38,34,900,5600,45
SIM,11,1,1,3,28,1,6,0,2,0,38,32,300,6600,37
SIM,11,1,1,3,29,0,6,3,2,1,38,32,1100,100,45
SIM,11,1,1,3,30,1,9,1,3,1,38,30,300,1000,28
SIM,11,1,1,3,31,0,7,1,3,1,38,30,1000,400,45
SIM,11,1,1,3,32,1,7,0,3,0,38,28,400,1400,35
SIM,11,1,1,3,33,0,6,3,2,1,38,28,1200,300,45
SIM,11,1,1,3,34,1,9,1,3,1,38,26,100,1200,26
SIM,11,1,1,3,35,0,9,15,3,1,38,26,800,600,45
SIM,11,1,1,3,36,1,9,14,3,0,38,24,500,1600,37
SIM,11,1,1,3,37,0,9,0,3,0,38,24,1200,1900,45
SIM,11,1,1,3,38,1,12,0,4,0,38,21,100,2900,28
SIM,11,1,1,3,39,0,12,14,4,0,38,21,700,2300,45
SIM,11,1,1,3,40,1,12,14,4,0,38,18,400,3300,37
SIM,11,1,1,3,41,0,10,3,4,1,38,18,1000,100,45
SIM,11,1,1,3,42,1,10,1,4,1,38,15,400,1000,30
SIM,11,1,1,3,43,0,9,1,3,1,38,15,1100,400,45
SIM,11,1,1,3,44,1,12,0,4,0,38,12,300,1400,24
SIM,11,1,1,3,45,0,10,3,4,1,38,12,900,300,45
SIM,11,1,1,3,46,1,10,1,4,1,38,9,300,1200,33
SIM,11,1,1,3,47,0,9,1,3,1,38,9,1000,300,45
SIM,11,1,1,3,48,1,12,0,4,0,38,6,200,1300,24
SIM,11,1,1,3,49,0,10,3,4,1,38,6,800,200,45
SIM,11,1,1,3,50,1,10,1,4,1,38,3,500,1100,35
SIM,11,1,1,3,51,0,9,1,3,1,38,3,1200,500,45
SIM_END,11,1,1,3,51,0,0
SIM,12,1,1,4,1,0,0,6,0,1,40,40,1000,0,30
SIM,12,1,1,4,2,1,3,6,1,1,40,39,200,800,19
SIM,12,1,1,4,3,0,0,6,0,1,40,39,1200,800,45
SIM,12,1,1,4,4,1,0,6,0,1,40,39,300,1600,39
SIM,12,1,1,4,5,0,0,20,0,1,40,39,1300,1000,45
SIM,12,1,1,4,6,1,3,20,1,1,40,38,200,1800,32
SIM,12,1,1,4,7,0,0,9,0,2,39,38,1200,100,45
SIM,12,1,1,4,8,1,0,9,0,2,39,38,300,800,39
SIM,12,1,1,4,9,0,0,9,0,2,38,38,1300,800,45
SIM,12,1,1,4,10,1,3,7,1,2,38,38,200,1500,34
SIM,12,1,1,4,11,0,3,7,1,2,38,38,1100,1500,45
SIM,12,1,1,4,12,1,3,6,1,1,38,38,500,2300,39
SIM,12,1,1,4,13,0,0,6,0,1,38,38,1500,2300,45
SIM,12,1,1,4,14,1,3,4,1,1,38,38,100,3100,31
SIM,12,1,1,4,15,0,0,7,0,2,37,38,1100,200,45
SIM,12,1,1,4,16,1,0,7,0,2,37,38,500,900,41
SIM,12,1,1,4,17,0,0,7,0,2,36,38,1500,300,45
SIM,12,1,1,4,18,1,3,5,1,2,36,38,100,1000,32
SIM,12,1,1,4,19,0,3,5,1,2,36,38,1000,1000,45
SIM,12,1,1,4,20,1,3,4,1,1,36,38,400,1800,39
SIM,12,1,1,4,21,0,0,4,0,1,36,38,1400,1800,45
SIM,12,1,1,4,22,1,3,2,1,1,36,38,300,2600,34
SIM,12,1,1,4,23,0,0,5,0,2,35,38,1300,300,45
SIM,12,1,1,4,24,1,0,5,0,2,35,38,400,1000,39
SIM,12,1,1,4,25,0,0,5,0,2,34,38,1400,400,45
SIM,12,1,1,4,26,1,3,3,1,1,34,38,300,1300,33
SIM,12,1,1,4,27,0,3,3,1,1,33,38,1200,1300,45
SIM,12,1,1,4,28,1,3,1,1,1,33,38,300,2200,36
SIM,12,1,1,4,29,0,3,1,1,1,32,38,1200,2200,45
SIM,12,1,1,4,30,1,6,0,2,0,32,37,100,3200,22
SIM,12,1,1,4,31,0,4,3,2,1,32,37,900,300,45
SIM,12,1,1,4,32,1,4,3,2,1,32,35,300,1200,33
SIM,12,1,1,4,33,0,3,3,1,1,32,35,1200,1200,45
SIM,12,1,1,4,34,1,6,3,2,1,32,33,100,2100,26
SIM,12,1,1,4,35,0,6,17,2,1,32,33,900,1500,45
SIM,12,1,1,4,36,1,6,17,2,1,32,31,300,2400,37
SIM,12,1,1,4,37,0,6,3,2,1,32,31,1100,2700,45
SIM,12,1,1,4,38,1,9,3,3,1,32,29,300,3600,33
SIM,12,1,1,4,39,0,9,17,3,1,32,29,1000,3000,45
SIM,12,1,1,4,40,1,9,17,3,1,32,26,400,3900,32
SIM,12,1,1,4,41,0,6,6,2,2,32,26,1200,100,45
SIM,12,1,1,4,42,1,9,4,3,2,32,24,100,900,28
SIM,12,1,1,4,43,0,9,18,3,2,32,24,800,300,45
SIM,12,1,1,4,44,1,9,15,3,1,32,23,500,1200,35
SIM,12,1,1,4,45,0,9,1,3,1,32,23,1200,1500,45
SIM,12,1,1,4,46,1,12,0,4,0,32,20,100,2500,22
SIM,12,1,1,4,47,0,12,14,4,0,32,20,700,1900,45
SIM,12,1,1,4,48,1,12,12,4,0,32,17,400,2900,32
SIM,12,1,1,4,49,0,12,0,4,0,32,17,1000,3200,45
SIM,12,1,1,4,50,1,12,0,4,0,32,13,400,4200,32
SIM,12,1,1,4,51,0,12,3,4,1,32,13,1000,4000,45
SIM,12,1,1,4,52,1,12,3,4,1,32,9,400,4900,33
SIM,12,1,1,4,53,0,10,3,4,1,32,9,1000,400,45
SIM,12,1,1,4,54,1,10,3,4,1,32,5,400,1300,33
SIM,12,1,1,4,55,0,9,3,3,1,32,5,1100,1300,45
SIM,12,1,1,4,56,1,12,3,4,1,32,1,300,2200,24
SIM,12,1,1,4,57,0,12,17,4,1,32,1,900,1600,45
SIM_END,12,1,1,4,57,0,0
SIM,13,1,1,5,1,0,0,6,0,1,40,40,1000,0,30
SIM,13,1,1,5,2,1,3,6,1,1,40,39,200,800,19
SIM,13,1,1,5,3,0,3,6,1,1,40,39,1100,800,45
SIM,13,1,1,5,4,1,3,6,1,1,40,38,500,1600,39
SIM,13,1,1,5,5,0,0,6,0,1,40,38,1500,1600,45
SIM,13,1,1,5,6,1,3,6,1,1,40,37,100,2400,30
SIM,13,1,1,5,7,0,0,9,0,2,39,37,1100,100,45
SIM,13,1,1,5,8,1,0,9,0,2,39,37,500,800,41
SIM,13,1,1,5,9,0,0,9,0,2,38,37,1500,500,45
SIM,13,1,1,5,10,1,3,7,1,2,38,37,100,1200,32
SIM,13,1,1,5,11,0,0,10,0,3,36,37,1100,100,45
SIM,13,1,1,5,12,1,0,10,0,3,36,37,500,700,41
SIM,13,1,1,5,13,0,0,10,0,3,34,37,1500,400,45
SIM,13,1,1,5,14,1,3,9,1,2,34,37,100,1100,32
SIM,13,1,1,5,15,0,3,9,1,2,34,37,1000,1100,45
SIM,13,1,1,5,16,1,3,7,1,2,34,37,400,1800,39
SIM,13,1,1,5,17,0,0,7,0,2,34,37,1400,1800,45
SIM,13,1,1,5,18,1,3,5,1,2,34,37,300,2500,36
SIM,13,1,1,5,19,0,3,5,1,2,34,37,1200,2500,45
SIM,13,1,1,5,20,1,3,4,1,1,34,37,300,3300,37
SIM,13,1,1,5,21,0,0,7,0,2,33,37,1300,100,45
SIM,13,1,1,5,22,1,3,5,1,2,33,37,200,800,35
SIM,13,1,1,5,23,0,0,5,0,2,32,37,1200,500,45
SIM,13,1,1,5,24,1,0,5,0,2,32,37,300,1200,39
SIM,13,1,1,5,25,0,0,8,0,3,30,37,1300,100,45
SIM,13,1,1,5,26,1,3,6,1,2,30,37,200,900,33
SIM,13,1,1,5,27,0,3,6,1,2,28,37,1100,300,45
SIM,13,1,1,5,28,1,3,4,1,2,28,37,500,1100,38
SIM,13,1,1,5,29,0,1,7,1,3,26,37,1400,300,45
SIM,13,1,1,5,30,1,4,4,2,2,26,37,300,1100,34
SIM,13,1,1,5,31,0,3,4,1,2,26,37,1200,1100,45
SIM,13,1,1,5,32,1,3,3,1,1,26,37,300,2000,37
SIM,13,1,1,5,33,0,3,17,1,1,26,37,1200,1400,45
SIM,13,1,1,5,34,1,6,14,2,0,26,37,100,2400,22
SIM,13,1,1,5,35,0,6,0,2,0,26,37,900,2700,45
SIM,13,1,1,5,36,1,6,0,2,0,26,36,300,3700,34
SIM,13,1,1,5,37,0,6,14,2,0,26,36,1100,3100,45
SIM,13,1,1,5,38,1,9,14,3,0,26,34,300,4100,30
SIM,13,1,1,5,39,0,7,3,3,1,26,34,1000,300,45
SIM,13,1,1,5,40,1,7,1,3,1,26,32,400,1200,34
SIM,13,1,1,5,41,0,6,1,2,1,26,32,1200,1200,45
SIM,13,1,1,5,42,1,9,0,3,0,26,30,100,2200,28
SIM,13,1,1,5,43,0,9,14,3,0,26,30,800,1600,45
SIM,13,1,1,5,44,1,9,12,3,0,26,28,500,2600,36
SIM,13,1,1,5,45,0,9,0,3,0,26,28,1200,2900,45
SIM,13,1,1,5,46,1,12,0,4,0,26,25,100,3900,28
SIM,13,1,1,5,47,0,10,3,4,1,26,25,700,100,45
SIM,13,1,1,5,48,1,10,1,4,1,26,22,400,1000,32
SIM,13,1,1,5,49,0,9,1,3,1,26,22,1100,400,45
SIM,13,1,1,5,50,1,12,0,4,0,26,19,300,1400,24
SIM,13,1,1,5,51,0,10,3,4,1,26,19,900,300,45
SIM,13,1,1,5,52,1,10,1,4,1,26,16,300,1200,33
SIM,13,1,1,5,53,0,9,1,3,1,26,16,1000,1200,45
SIM,13,1,1,5,54,1,12,0,4,0,26,13,200,2200,24
SIM,13,1,1,5,55,0,12,14,4,0,26,13,800,1600,45
SIM,13,1,1,5,56,1,12,12,4,0,26,10,500,2600,32
SIM,13,1,1,5,57,0,10,3,4,1,26,10,1100,300,45
SIM,13,1,1,5,58,1,10,3,4,1,26,6,500,1200,32
SIM,13,1,1,5,59,0,9,3,3,1,26,6,1200,300,45
SIM,13,1,1,5,60,1,12,3,4,1,26,2,100,1200,22
SIM_END,13,1,1,5,60,0,0
SIM,14,1,1,6,1,0,0,6,0,1,40,40,1000,0,30
SIM,14,1,1,6,2,1,3,6,1,1,40,39,200,800,19
SIM,14,1,1,6,3,0,0,9,0,2,39,39,1200,300,45
SIM,14,1,1,6,4,1,0,9,0,2,39,39,300,1000,39
SIM,14,1,1,6,5,0,0,9,0,2,38,39,1300,400,45
SIM,14,1,1,6,6,1,3,7,1,2,38,39,200,1100,34
SIM,14,1,1,6,7,0,3,7,1,2,38,39,1100,1100,45
SIM,14,1,1,6,8,1,3,6,1,1,38,39,500,1900,39
SIM,14,1,1,6,9,0,0,6,0,1,38,39,1500,1900,45
SIM,14,1,1,6,10,1,3,4,1,1,38,39,100,2700,31
SIM,14,1,1,6,11,0,0,4,0,1,38,39,1100,2700,45
SIM,14,1,1,6,12,1,0,4,0,1,38,39,500,3500,41
SIM,14,1,1,6,13,0,0,7,0,2,37,39,1500,300,45
SIM,14,1,1,6,14,1,3,5,1,2,37,39,100,1000,32
SIM,14,1,1,6,15,0,0,5,0,2,36,39,1100,400,45
SIM,14,1,1,6,16,1,0,5,0,2,36,39,500,1100,41
SIM,14,1,1,6,17,0,0,8,0,3,34,39,1500,300,45
SIM,14,1,1,6,18,1,3,6,1,2,34,39,100,1100,32
SIM,14,1,1,6,19,0,3,6,1,2,32,39,1000,500,45
SIM,14,1,1,6,20,1,3,4,1,2,32,39,400,1300,39
SIM,14,1,1,6,21,0,1,7,1,3,30,39,1300,200,45
SIM,14,1,1,6,22,1,4,4,2,2,30,39,200,1000,34
SIM,14,1,1,6,23,0,1,4,1,2,30,39,1100,400,45
SIM,14,1,1,6,24,1,1,3,1,1,30,39,500,1300,39
SIM,14,1,1,6,25,0,0,6,0,2,29,39,1500,200,45
SIM,14,1,1,6,26,1,3,4,1,2,29,39,100,1000,34
SIM,14,1,1,6,27,0,1,4,1,2,28,39,1000,400,45
SIM,14,1,1,6,28,1,1,3,1,1,28,39,400,1300,39
SIM,14,1,1,6,29,0,0,6,0,2,27,39,1400,200,45
SIM,14,1,1,6,30,1,3,4,1,2,27,39,300,1000,36
SIM,14,1,1,6,31,0,1,4,1,2,26,39,1200,400,45
SIM,14,1,1,6,32,1,1,3,1,1,26,39,300,1300,37
SIM,14,1,1,6,33,0,1,3,1,1,26,39,1200,1300,45
SIM,14,1,1,6,34,1,4,0,2,0,26,39,100,2300,32
SIM,14,1,1,6,35,0,3,3,1,1,26,39,1000,300,45
SIM,14,1,1,6,36,1,3,1,1,1,26,39,400,1200,39
SIM,14,1,1,6,37,0,1,1,1,1,26,39,1300,300,45
SIM,14,1,1,6,38,1,4,0,2,0,26,38,200,1300,30
SIM,14,1,1,6,39,0,4,14,2,0,26,38,1000,700,45
SIM,14,1,1,6,40,1,4,14,2,0,26,37,400,1700,35
SIM,14,1,1,6,41,0,3,3,1,1,26,37,1300,300,45
SIM,14,1,1,6,42,1,6,1,2,1,26,36,200,1200,30
SIM,14,1,1,6,43,0,4,1,2,1,26,36,1000,300,45
SIM,14,1,1,6,44,1,4,0,2,0,26,35,400,1300,35
SIM,14,1,1,6,45,0,4,14,2,0,26,35,1200,700,45
SIM,14,1,1,6,46,1,7,14,3,0,26,32,100,1700,24
SIM,14,1,1,6,47,0,6,3,2,1,26,32,900,300,45
SIM,14,1,1,6,48,1,6,3,2,1,26,30,300,1200,37
SIM,14,1,1,6,49,0,4,3,2,1,26,30,1100,300,45
SIM,14,1,1,6,50,1,7,1,3,1,26,28,300,1200,30
SIM,14,1,1,6,51,0,6,1,2,1,26,28,1100,1200,45
SIM,14,1,1,6,52,1,6,0,2,0,26,27,500,2200,37
SIM,14,1,1,6,53,0,4,3,2,1,26,27,1300,200,45
SIM,14,1,1,6,54,1,7,0,3,0,26,26,200,1200,24
SIM,14,1,1,6,55,0,7,0,3,0,26,26,900,300,45
SIM,14,1,1,6,56,1,7,0,3,0,26,23,300,1300,29
SIM,14,1,1,6,57,0,7,14,3,0,26,23,1000,700,45
SIM,14,1,1,6,58,1,10,12,4,0,26,20,200,1700,28
SIM,14,1,1,6,59,0,9,3,3,1,26,20,900,300,45
SIM,14,1,1,6,60,1,9,3,3,1,26,17,300,1200,34
SIM_END,14,1,1,6,60,0,0
SIM_DONE
