SIM,1,0,0,0,1,0,3,3,1,1,40,40,1000,0,20
SIM,1,0,0,0,2,1,14,3,0,1,40,40,250,950,17
SIM,1,0,0,0,3,0,17,14,1,0,40,40,1200,200,30
SIM,1,0,0,0,4,1,28,17,0,1,40,40,450,1150,27
SIM,1,0,0,0,5,0,31,28,1,0,40,40,1300,400,30
SIM,1,0,0,0,6,1,42,31,0,1,40,40,50,1250,26
SIM,1,0,0,0,7,0,45,42,1,0,40,40,800,0,30
SIM,1,0,0,0,8,1,45,45,1,1,40,40,150,750,25
SIM,1,0,0,0,9,0,51,45,3,1,40,40,550,100,30
SIM,1,0,0,0,10,1,51,48,3,2,40,40,50,550,22
SIM,1,0,0,0,11,0,51,48,3,2,40,40,300,50,30
SIM,1,0,0,0,12,1,51,45,3,1,40,40,150,550,23
SIM,1,0,0,0,13,0,54,45,4,1,40,40,200,400,30
SIM,1,0,0,0,14,1,54,48,4,2,40,36,50,850,8
SIM,1,0,0,0,15,0,54,48,4,2,40,36,250,350,28
SIM,1,0,0,0,16,1,54,45,4,1,40,36,100,850,2
SIM,1,0,0,0,17,0,54,45,4,1,40,36,450,150,22
SIM,1,0,0,0,18,1,54,45,4,1,40,36,50,650,8
SIM,1,0,0,0,19,0,57,45,4,1,40,36,250,150,28
SIM,1,0,0,0,20,1,57,52,4,1,40,36,100,550,21
SIM,1,0,0,0,21,0,57,52,4,1,40,36,300,550,30
SIM,1,0,0,0,22,1,57,52,4,2,40,32,150,750,18
SIM,1,0,0,0,23,0,54,52,3,2,40,32,550,250,30
SIM,1,0,0,0,24,1,54,49,3,1,40,32,50,650,14
SIM,1,0,0,0,25,0,51,49,2,1,40,32,500,250,30
SIM,1,0,0,0,26,1,51,55,2,3,40,32,0,250,27
SIM,1,0,0,0,27,0,40,55,1,3,40,32,500,100,30
SIM,1,0,0,0,28,1,40,52,1,3,40,32,0,250,9
SIM,1,0,0,0,29,0,40,52,1,3,40,32,500,100,29
SIM,1,0,0,0,30,1,40,52,1,3,40,32,350,400,12
SIM,1,0,0,0,31,0,43,52,2,3,40,32,800,0,30
SIM,1,0,0,0,32,1,43,55,2,3,40,32,100,150,9
SIM,1,0,0,0,33,0,40,55,1,3,40,32,700,0,29
SIM,1,0,0,0,34,1,40,56,1,4,40,32,0,100,26
SIM,1,0,0,0,35,0,35,56,1,4,40,32,500,100,30
SIM,1,0,0,0,36,1,35,55,1,3,40,32,0,250,9
SIM,1,0,0,0,37,0,37,55,1,3,40,32,400,100,29
SIM,1,0,0,0,38,1,37,53,1,4,40,32,0,200,8
SIM,1,0,0,0,39,0,33,53,2,4,40,32,300,50,28
SIM,1,0,0,0,40,1,33,50,2,3,40,32,100,200,17
SIM,1,0,0,0,41,0,30,50,2,3,40,32,500,50,30
SIM,1,0,0,0,42,1,30,50,2,3,40,32,0,350,21
SIM,1,0,0,0,43,0,27,50,1,3,40,32,500,0,30
SIM,1,0,0,0,44,1,27,53,1,4,40,32,0,200,27
SIM,1,0,0,0,45,0,26,53,1,4,39,32,600,50,30
SIM,1,0,0,0,46,1,26,53,1,4,39,32,100,250,21
SIM,1,0,0,0,47,0,26,53,1,4,38,32,700,100,30
SIM,1,0,0,0,48,1,26,53,1,4,38,32,0,300,25
SIM,1,0,0,0,49,0,26,53,1,4,37,32,600,150,30
SIM,1,0,0,0,50,1,26,53,1,4,37,32,100,350,23
SIM,1,0,0,0,51,0,33,53,1,4,36,32,600,0,30
SIM,1,0,0,0,52,1,33,56,1,5,36,32,200,100,21
SIM,1,0,0,0,53,0,40,56,3,5,32,32,300,100,30
SIM,1,0,0,0,54,1,40,45,3,2,32,32,150,650,13
SIM,1,0,0,0,55,0,41,45,4,2,32,32,200,0,30
SIM,1,0,0,0,56,1,41,37,4,1,32,32,50,650,2
SIM,1,0,0,0,57,0,44,37,5,1,32,32,50,100,22
SIM,1,0,0,0,58,1,44,41,5,3,32,32,50,350,9
SIM,1,0,0,0,59,0,38,41,3,3,32,32,150,150,29
SIM,1,0,0,0,60,1,38,31,3,2,32,32,0,650,16
SIM,1,0,0,0,61,0,34,31,2,2,32,32,450,0,30
SIM,1,0,0,0,62,1,34,31,2,2,32,32,100,650,20
SIM,1,0,0,0,63,0,38,42,4,1,32,32,400,50,30
SIM,1,0,0,0,64,1,38,42,4,1,32,32,0,650,1
SIM,1,0,0,0,65,0,43,42,4,1,32,32,150,0,21
SIM,1,0,0,0,66,1,43,42,4,1,32,32,0,650,0
SIM,1,0,0,0,67,0,46,42,5,1,32,32,100,250,20
SIM,1,0,0,0,68,1,46,43,5,2,32,32,100,550,1
SIM,1,0,0,0,69,0,40,43,3,2,32,32,350,50,21
SIM,1,0,0,0,70,1,40,37,3,1,32,32,0,550,1
SIM,1,0,0,0,71,0,43,37,4,1,32,32,150,50,21
SIM,1,0,0,0,72,1,43,37,4,1,32,31,0,550,0
SIM,1,0,0,0,73,0,43,37,4,1,32,31,200,50,20
SIM,1,0,0,0,74,1,43,34,4,1,32,31,50,550,6
SIM,1,0,0,0,75,0,43,34,4,1,32,31,250,50,26
SIM,1,0,0,0,76,1,43,31,4,1,32,31,100,650,1
SIM,1,0,0,0,77,0,43,31,4,1,32,31,300,150,21
SIM,1,0,0,0,78,1,43,31,4,1,32,30,150,750,9
SIM,1,0,0,0,79,0,43,31,4,1,32,30,350,50,29
SIM,1,0,0,0,80,1,43,31,4,1,32,29,0,650,18
SIM,1,0,0,0,81,0,46,31,5,1,32,29,100,150,30
SIM,1,0,0,0,82,1,46,38,5,1,32,27,100,650,12
SIM,1,0,0,0,83,0,43,38,4,1,32,27,250,250,30
SIM,1,0,0,0,84,1,43,39,4,3,32,26,100,350,14
SIM,1,0,0,0,85,0,37,39,3,3,32,26,350,150,30
SIM,1,0,0,0,86,1,37,37,3,2,32,26,0,650,12
SIM,1,0,0,0,87,0,38,37,4,2,32,26,150,250,30
SIM,1,0,0,0,88,1,38,34,4,1,32,26,0,850,0
SIM,1,0,0,0,89,0,38,34,4,1,32,26,150,150,20
SIM,1,0,0,0,90,1,38,28,4,0,32,25,0,950,5
SIM,1,0,0,0,91,0,41,28,5,0,32,25,100,250,25
SIM,1,0,0,0,92,1,41,33,5,1,32,23,100,750,16
SIM,1,0,0,0,93,0,37,33,4,1,32,23,400,250,30
SIM,1,0,0,0,94,1,37,38,4,2,32,22,50,450,7
SIM,1,0,0,0,95,0,35,38,4,2,32,22,550,100,27
SIM,1,0,0,0,96,1,35,45,4,5,32,21,50,0,15
SIM,1,0,0,0,97,0,24,45,1,5,32,21,800,0,30
SIM,1,0,0,0,98,1,24,45,1,5,32,21,150,0,28
SIM,1,0,0,0,99,0,29,45,2,5,28,21,700,0,30
SIM,1,0,0,0,100,1,40,42,1,4,28,21,100,50,24
SIM,1,0,0,0,101,0,40,42,1,4,28,21,700,50,30
SIM,1,0,0,0,102,1,40,39,1,3,28,21,50,150,20
SIM,1,0,0,0,103,0,40,39,1,3,27,21,700,0,30
SIM,1,0,0,0,104,1,40,42,1,4,27,21,50,50,9
SIM,1,0,0,0,105,0,38,42,2,4,26,21,500,50,29
SIM,1,0,0,0,106,1,38,39,2,3,26,21,0,200,18
SIM,1,0,0,0,107,0,34,39,2,3,26,21,550,50,30
SIM,1,0,0,0,108,1,34,37,2,3,26,21,50,450,14
SIM,1,0,0,0,109,0,34,37,2,3,26,21,450,100,30
SIM,1,0,0,0,110,1,34,37,2,3,26,21,100,450,16
SIM,1,0,0,0,111,0,38,37,4,3,26,21,350,100,30
SIM,1,0,0,0,112,1,38,35,4,3,26,21,0,450,2
SIM,1,0,0,0,113,0,40,35,4,3,26,21,400,300,22
SIM,1,0,0,0,114,1,40,30,4,3,26,21,50,900,1
SIM,1,0,0,0,115,0,46,41,6,2,25,21,300,150,21
SIM,1,0,0,0,116,1,46,40,6,1,25,21,150,900,0
SIM,1,0,0,0,117,0,49,40,7,1,25,21,350,50,20
SIM,1,0,0,0,118,1,49,43,7,2,25,21,350,600,0
SIM,1,0,0,0,119,0,47,43,7,2,25,21,550,100,20
SIM,1,0,0,0,120,1,47,41,7,2,25,20,50,500,0
SIM,1,0,0,0,121,0,43,41,5,2,25,20,400,0,20
SIM,1,0,0,0,122,1,43,40,5,1,25,20,50,500,1
SIM,1,0,0,0,123,0,49,40,7,1,25,20,150,0,21
SIM,1,0,0,0,124,1,49,40,7,1,25,20,150,500,0
SIM,1,0,0,0,125,0,46,40,6,1,25,20,450,0,20
SIM,1,0,0,0,126,1,46,40,6,1,25,20,450,500,0
SIM,1,0,0,0,127,0,43,40,5,1,25,20,950,0,20
SIM,1,0,0,0,128,1,54,41,4,2,25,20,0,300,0
SIM,1,0,0,0,129,0,54,41,4,2,25,20,550,150,20
SIM,1,0,0,0,130,1,54,47,4,4,25,20,50,200,11
SIM,1,0,0,0,131,0,45,47,1,4,25,20,650,50,30
SIM,1,0,0,0,132,1,45,50,1,5,25,20,0,50,28
SIM,1,0,0,0,133,0,51,50,3,5,21,20,350,50,30
SIM,1,0,0,0,134,1,51,47,3,4,21,20,350,100,13
SIM,1,0,0,0,135,0,48,47,2,4,21,20,750,100,30
SIM,1,0,0,0,136,1,48,46,2,3,21,20,100,350,12
SIM,1,0,0,0,137,0,48,46,2,3,21,20,650,0,30
SIM,1,0,0,0,138,1,48,52,2,5,21,20,0,100,11
SIM,1,0,0,0,139,0,45,52,3,5,20,20,350,100,30
SIM,1,0,0,0,140,1,45,49,3,4,20,20,150,300,8
SIM,1,0,0,0,141,0,45,49,3,4,20,20,450,150,28
SIM,1,0,0,0,142,1,45,47,3,4,20,20,100,500,12
SIM,1,0,0,0,143,0,48,47,4,4,20,20,350,0,30
SIM,1,0,0,0,144,1,48,43,4,2,20,20,0,600,1
SIM,1,0,0,0,145,0,54,43,6,2,20,20,100,100,21
SIM,1,0,0,0,146,1,54,41,6,2,20,20,100,550,0
SIM,1,0,0,0,147,0,51,41,5,2,20,20,300,50,20
SIM,1,0,0,0,148,1,51,41,5,2,20,20,150,500,0
SIM,1,0,0,0,149,0,51,41,5,2,20,20,350,0,20
SIM,1,0,0,0,150,1,51,41,5,2,20,20,0,300,5
SIM,1,0,0,0,151,0,51,41,5,2,20,20,200,150,25
SIM,1,0,0,0,152,1,51,42,5,3,20,20,50,400,2
SIM,1,0,0,0,153,0,48,42,4,3,20,20,500,50,22
SIM,1,0,0,0,154,1,48,48,4,5,20,20,0,150,19
SIM,1,0,0,0,155,0,42,48,2,5,20,20,550,0,30
SIM,1,0,0,0,156,1,42,51,2,6,20,20,50,50,16
SIM,1,0,0,0,157,0,36,51,2,6,20,20,450,50,30
SIM,1,0,0,0,158,1,36,50,2,5,20,20,100,300,16
SIM,1,0,0,0,159,0,42,50,4,5,20,20,350,150,30
SIM,1,0,0,0,160,1,42,48,4,5,20,20,150,400,10
SIM,2,0,0,1,1,1,9,9,2,2,40,40,0,1000,0
SIM,2,0,0,1,2,0,6,20,2,1,40,40,750,250,20
SIM,2,0,0,1,3,1,17,20,1,2,40,40,0,1000,15
SIM,2,0,0,1,4,0,17,31,1,1,40,40,950,250,30
SIM,2,0,0,1,5,1,28,34,0,2,40,40,200,900,27
SIM,2,0,0,1,6,0,31,45,1,1,39,40,1050,150,30
SIM,2,0,0,1,7,1,42,48,0,2,39,40,50,700,27
SIM,2,0,0,1,8,0,48,48,1,2,38,40,650,50,30
SIM,2,0,0,1,9,1,48,51,1,3,38,40,150,450,29
SIM,2,0,0,1,10,0,45,51,1,3,38,40,650,100,30
SIM,2,0,0,1,11,1,45,60,1,6,38,40,150,150,29
SIM,2,0,0,1,12,0,48,60,2,6,34,40,450,0,30
SIM,2,0,0,1,13,1,48,60,2,6,34,40,450,50,24
SIM,2,0,0,1,14,0,48,60,2,6,30,40,750,50,30
SIM,2,0,0,1,15,1,48,57,2,5,30,40,50,300,23
SIM,2,0,0,1,16,0,45,57,1,5,30,40,550,150,30
SIM,2,0,0,1,17,1,45,60,1,6,30,40,150,350,29
SIM,2,0,0,1,18,0,59,60,3,6,29,40,150,0,30
SIM,2,0,0,1,19,1,59,60,3,6,29,40,150,200,23
SIM,2,0,0,1,20,0,59,60,3,6,28,40,150,50,30
SIM,2,0,0,1,21,1,59,57,3,5,28,40,150,300,14
SIM,2,0,0,1,22,0,59,57,3,5,27,40,150,150,30
SIM,2,0,0,1,23,1,59,54,3,4,27,40,150,450,26
SIM,2,0,0,1,24,0,57,54,3,4,26,40,150,100,30
SIM,2,0,0,1,25,1,57,54,3,4,26,40,150,400,26
SIM,2,0,0,1,26,0,55,54,3,4,25,40,150,50,30
SIM,2,0,0,1,27,1,55,54,3,4,25,40,150,350,26
SIM,2,0,0,1,28,0,53,54,3,4,24,40,150,0,30
SIM,2,0,0,1,29,1,53,54,3,4,24,40,150,300,22
SIM,2,0,0,1,30,0,51,54,3,4,23,40,150,150,30
SIM,2,0,0,1,31,1,51,51,3,3,23,40,150,550,26
SIM,2,0,0,1,32,0,49,51,2,3,23,40,450,50,30
SIM,2,0,0,1,33,1,49,48,2,2,23,40,100,500,26
SIM,2,0,0,1,34,0,52,48,4,2,23,40,250,0,30
SIM,2,0,0,1,35,1,52,46,4,2,23,40,100,450,2
SIM,2,0,0,1,36,0,52,46,4,2,23,40,300,100,22
SIM,2,0,0,1,37,1,52,54,4,4,23,40,150,250,17
SIM,2,0,0,1,38,0,47,54,3,4,23,40,400,100,30
SIM,2,0,0,1,39,1,47,54,3,4,23,40,0,300,14
SIM,2,0,0,1,40,0,49,54,2,4,23,40,300,150,30
SIM,2,0,0,1,41,1,49,54,2,4,23,40,150,350,17
SIM,2,0,0,1,42,0,40,54,2,4,23,40,600,0,30
SIM,2,0,0,1,43,1,40,60,2,6,23,40,100,50,12
SIM,2,0,0,1,44,0,34,60,1,6,22,40,700,50,30
SIM,2,0,0,1,45,1,34,57,1,5,22,40,200,200,25
SIM,2,0,0,1,46,0,31,57,1,5,18,40,800,50,30
SIM,2,0,0,1,47,1,31,57,1,5,18,40,100,200,23
SIM,2,0,0,1,48,0,31,57,1,5,14,40,700,50,30
SIM,2,0,0,1,49,1,31,57,1,5,14,40,0,350,25
SIM,2,0,0,1,50,0,38,57,1,5,14,40,500,0,30
SIM,2,0,0,1,51,1,38,60,1,6,14,40,0,200,24
SIM,2,0,0,1,52,0,42,60,2,6,13,40,200,50,30
SIM,2,0,0,1,53,1,42,57,2,5,13,40,200,350,26
SIM,2,0,0,1,54,0,41,57,2,5,13,40,500,0,30
SIM,2,0,0,1,55,1,41,57,2,5,13,40,500,250,24
SIM,2,0,0,1,56,0,38,57,1,5,13,40,1000,100,30
SIM,2,0,0,1,57,1,38,57,1,5,13,40,300,350,27
SIM,2,0,0,1,58,0,32,57,1,5,12,40,800,0,30
SIM,2,0,0,1,59,1,32,60,1,6,12,40,100,200,27
SIM,2,0,0,1,60,0,38,60,1,6,12,40,600,50,30
SIM,2,0,0,1,61,1,38,60,1,6,12,40,600,250,25
SIM,2,0,0,1,62,0,42,60,2,6,11,40,800,100,30
SIM,2,0,0,1,63,1,42,57,2,5,11,40,150,550,18
SIM,2,0,0,1,64,0,45,57,3,5,11,40,300,50,30
SIM,2,0,0,1,65,1,45,51,3,3,11,40,150,600,0
SIM,2,0,0,1,66,0,51,51,5,3,11,40,50,100,20
SIM,2,0,0,1,67,1,51,48,5,2,11,40,50,550,0
SIM,2,0,0,1,68,0,48,48,4,2,11,40,0,50,20
SIM,2,0,0,1,69,1,48,48,4,2,11,40,0,350,0
SIM,2,0,0,1,70,0,41,48,2,2,11,40,300,0,20
SIM,2,0,0,1,71,1,41,54,2,4,11,40,150,150,5
SIM,2,0,0,1,72,0,34,54,2,4,11,40,700,0,25
SIM,2,0,0,1,73,1,45,54,1,4,11,40,100,150,11
SIM,2,0,0,1,74,0,36,54,0,4,10,40,900,0,30
SIM,2,0,0,1,75,1,36,57,0,5,10,40,200,100,29
SIM,2,0,0,1,76,0,28,57,0,5,6,40,1000,100,30
SIM,2,0,0,1,77,1,28,57,0,5,6,40,300,200,29
SIM,3,0,0,2,1,0,9,9,2,2,40,40,1000,0,20
SIM,3,0,0,2,2,1,20,6,1,2,40,40,250,750,13
SIM,3,0,0,2,3,0,20,17,2,1,40,40,1000,0,30
SIM,3,0,0,2,4,1,31,17,1,1,40,40,250,950,25
SIM,3,0,0,2,5,0,34,28,2,0,40,40,900,200,30
SIM,3,0,0,2,6,1,45,31,1,1,40,39,150,1050,15
SIM,3,0,0,2,7,0,48,42,2,0,40,39,700,50,30
SIM,3,0,0,2,8,1,48,48,2,1,40,38,50,650,17
SIM,3,0,0,2,9,0,51,48,3,1,40,38,450,250,30
SIM,3,0,0,2,10,1,51,54,3,2,40,37,100,550,13
SIM,3,0,0,2,11,0,57,54,5,2,40,37,200,150,30
SIM,3,0,0,2,12,1,57,54,5,2,40,35,50,450,0
SIM,3,0,0,2,13,0,57,54,5,2,40,35,200,50,20
SIM,3,0,0,2,14,1,57,54,5,2,40,34,50,350,6
SIM,3,0,0,2,15,0,57,54,5,2,40,34,200,350,26
SIM,3,0,0,2,16,1,57,48,5,1,40,33,50,850,5
SIM,3,0,0,2,17,0,60,48,6,1,40,33,150,150,25
SIM,3,0,0,2,18,1,60,48,6,1,40,32,0,650,1
SIM,3,0,0,2,19,0,63,48,7,1,40,32,50,650,21
SIM,3,0,0,2,20,1,63,52,7,2,40,31,50,850,0
SIM,3,0,0,2,21,0,60,52,6,2,40,31,150,150,20
SIM,3,0,0,2,22,1,60,46,6,2,40,30,0,350,15
SIM,3,0,0,2,23,0,60,46,6,2,40,30,100,350,30
SIM,3,0,0,2,24,1,60,54,6,3,40,29,100,350,1
SIM,3,0,0,2,25,0,51,54,3,3,40,29,500,350,21
SIM,3,0,0,2,26,1,51,54,3,3,40,28,0,350,16
SIM,3,0,0,2,27,0,42,54,0,3,40,28,700,0,30
SIM,3,0,0,2,28,1,42,60,0,5,40,28,50,0,28
SIM,3,0,0,2,29,0,48,60,2,5,40,28,500,0,30
SIM,3,0,0,2,30,1,48,57,2,4,40,28,0,0,22
SIM,3,0,0,2,31,0,45,57,1,4,40,28,500,0,30
SIM,3,0,0,2,32,1,45,51,1,3,40,28,0,100,13
SIM,3,0,0,2,33,0,38,51,1,3,40,28,500,100,30
SIM,3,0,0,2,34,1,38,48,1,2,40,28,0,300,17
SIM,3,0,0,2,35,0,33,48,1,2,40,28,500,150,30
SIM,3,0,0,2,36,1,33,45,1,3,40,28,0,300,21
SIM,3,0,0,2,37,0,31,45,1,3,40,28,600,150,30
SIM,3,0,0,2,38,1,31,44,1,3,40,28,100,550,23
SIM,3,0,0,2,39,0,31,44,1,3,40,28,700,50,30
SIM,3,0,0,2,40,1,31,41,1,2,40,28,50,500,20
SIM,3,0,0,2,41,0,34,41,2,2,40,28,600,0,30
SIM,3,0,0,2,42,1,45,41,1,2,40,28,0,300,20
SIM,3,0,0,2,43,0,45,41,1,2,36,28,600,150,30
SIM,3,0,0,2,44,1,45,44,1,3,36,28,100,400,17
SIM,3,0,0,2,45,0,42,44,0,3,36,28,800,50,30
SIM,3,0,0,2,46,1,42,50,0,5,36,28,100,150,29
SIM,3,0,0,2,47,0,40,50,1,5,36,28,600,0,30
SIM,3,0,0,2,48,1,40,50,1,5,36,28,600,150,26
SIM,3,0,0,2,49,0,42,50,1,5,36,28,1000,0,30
SIM,3,0,0,2,50,1,42,50,1,5,36,28,100,300,26
SIM,3,0,0,2,51,0,38,50,1,5,36,28,600,150,30
SIM,3,0,0,2,52,1,38,50,1,5,36,28,200,450,27
SIM,3,0,0,2,53,0,42,50,3,5,36,28,300,100,30
SIM,3,0,0,2,54,1,42,47,3,4,36,28,100,400,17
SIM,3,0,0,2,55,0,40,47,3,4,35,28,400,50,30
SIM,3,0,0,2,56,1,40,47,3,4,35,28,0,300,8
SIM,3,0,0,2,57,0,43,47,3,4,34,28,300,150,28
SIM,3,0,0,2,58,1,43,42,3,3,34,28,100,500,5
SIM,3,0,0,2,59,0,43,42,3,3,33,28,400,0,25
SIM,3,0,0,2,60,1,43,34,3,1,33,28,0,500,6
SIM,3,0,0,2,61,0,46,34,3,1,33,28,200,0,26
SIM,3,0,0,2,62,1,46,31,3,1,33,28,50,600,3
SIM,3,0,0,2,63,0,43,31,3,1,33,28,400,100,23
SIM,3,0,0,2,64,1,43,31,3,1,33,28,400,700,0
SIM,3,0,0,2,65,0,37,31,2,1,33,28,950,200,20
SIM,3,0,0,2,66,1,48,31,1,1,33,28,0,800,10
SIM,3,0,0,2,67,0,48,31,2,1,33,28,650,150,30
SIM,3,0,0,2,68,1,48,35,2,3,33,28,0,500,3
SIM,3,0,0,2,69,0,45,35,1,3,33,28,650,0,23
SIM,3,0,0,2,70,1,45,38,1,4,33,28,0,150,10
SIM,3,0,0,2,71,0,48,38,2,4,29,28,450,0,30
SIM,3,0,0,2,72,1,48,43,2,5,29,28,100,100,15
SIM,3,0,0,2,73,0,45,43,3,5,29,28,450,100,30
SIM,3,0,0,2,74,1,45,38,3,4,29,28,50,400,0
SIM,3,0,0,2,75,0,45,38,2,4,29,28,350,50,20
SIM,3,0,0,2,76,1,45,40,2,4,29,28,0,450,0
SIM,3,0,0,2,77,0,45,40,3,4,29,28,350,100,20
SIM,3,0,0,2,78,1,45,43,3,5,29,28,0,550,1
SIM,3,0,0,2,79,0,49,43,5,5,29,28,200,50,21
SIM,3,0,0,2,80,1,49,37,5,3,29,28,50,650,0
SIM,3,0,0,2,81,0,51,48,5,2,29,28,400,50,20
SIM,3,0,0,2,82,1,51,48,5,2,29,28,50,600,2
SIM,3,0,0,2,83,0,54,48,6,2,29,28,300,100,22
SIM,3,0,0,2,84,1,54,43,6,1,29,28,150,750,2
SIM,3,0,0,2,85,0,57,43,7,1,29,28,350,100,22
SIM,3,0,0,2,86,1,57,46,7,2,29,27,0,550,0
SIM,3,0,0,2,87,0,60,46,8,2,29,27,100,50,20
SIM,3,0,0,2,88,1,60,46,8,2,29,26,100,500,1
SIM,3,0,0,2,89,0,57,46,7,2,29,26,250,0,21
SIM,3,0,0,2,90,1,57,47,7,3,29,23,100,250,2
SIM,3,0,0,2,91,0,54,47,6,3,29,23,350,100,22
SIM,3,0,0,2,92,1,54,52,6,4,29,21,0,300,1
SIM,3,0,0,2,93,0,54,52,6,4,29,21,250,150,21
SIM,3,0,0,2,94,1,54,53,6,5,29,19,100,300,0
SIM,3,0,0,2,95,0,51,53,5,5,29,19,450,150,20
SIM,3,0,0,2,96,1,51,55,5,5,29,18,100,450,0
SIM,3,0,0,2,97,0,54,55,6,5,29,18,400,100,20
SIM,3,0,0,2,98,1,54,59,6,7,29,17,50,250,0
SIM,3,0,0,2,99,0,55,59,7,7,29,17,250,100,20
SIM,3,0,0,2,100,1,55,59,7,7,29,16,100,250,0
SIM,3,0,0,2,101,0,54,59,6,7,29,16,400,100,20
SIM,3,0,0,2,102,1,54,59,6,7,29,16,0,250,0
SIM,3,0,0,2,103,0,55,59,6,7,29,16,200,100,20
SIM,3,0,0,2,104,1,55,59,6,7,29,16,50,250,0
SIM,3,0,0,2,105,0,54,59,5,7,29,16,300,100,20
SIM,3,0,0,2,106,1,54,58,5,6,29,16,150,450,0
SIM,3,0,0,2,107,0,55,58,6,6,29,16,350,100,20
SIM,3,0,0,2,108,1,55,59,6,7,29,16,0,350,11
SIM,3,0,0,2,109,0,60,59,7,7,29,16,100,0,30
SIM,3,0,0,2,110,1,60,61,7,7,29,16,100,200,0
SIM,3,0,0,2,111,0,55,61,6,7,29,16,250,50,20
SIM,3,0,0,2,112,1,55,59,6,7,29,16,100,300,11
SIM,3,0,0,2,113,0,54,59,6,7,29,16,400,150,30
SIM,3,0,0,2,114,1,54,61,6,7,29,16,50,400,2
SIM,3,0,0,2,115,0,56,61,8,7,29,16,200,50,22
SIM,3,0,0,2,116,1,56,65,8,9,29,16,50,150,0
SIM,3,0,0,2,117,0,55,65,7,9,29,16,250,0,20
SIM,3,0,0,2,118,1,55,65,7,9,29,16,100,100,3
SIM,3,0,0,2,119,0,53,65,7,9,29,16,350,100,23
SIM,3,0,0,2,120,1,53,62,7,8,29,16,0,300,0
SIM,3,0,0,2,121,0,56,62,8,8,29,16,150,150,20
SIM,3,0,0,2,122,1,56,61,8,7,29,16,0,450,0
SIM,3,0,0,2,123,0,58,61,8,7,29,16,150,100,20
SIM,3,0,0,2,124,1,58,62,8,8,29,16,0,300,0
SIM,3,0,0,2,125,0,58,62,8,8,29,16,200,150,20
SIM,3,0,0,2,126,1,58,62,8,8,29,16,50,400,1
SIM,3,0,0,2,127,0,59,62,9,8,29,16,200,50,21
SIM,3,0,0,2,128,1,59,65,9,9,29,16,50,200,2
SIM,3,0,0,2,129,0,59,65,9,9,29,16,250,50,22
SIM,3,0,0,2,130,1,59,67,9,9,29,16,100,250,16
SIM,3,0,0,2,131,0,61,67,9,9,29,16,300,100,30
SIM,3,0,0,2,132,1,61,68,9,10,29,16,150,250,15
SIM,3,0,0,2,133,0,62,68,10,10,29,16,300,250,30
SIM,3,0,0,2,134,1,62,67,10,9,29,16,300,450,27
SIM,3,0,0,2,135,0,61,67,9,9,29,16,500,300,30
SIM,3,0,0,2,136,1,61,68,9,10,29,16,0,450,26
SIM,3,0,0,2,137,0,61,68,9,10,29,16,200,450,30
SIM,3,0,0,2,138,1,61,67,9,9,29,16,200,650,0
SIM,3,0,0,2,139,0,62,67,10,9,29,16,200,150,20
SIM,3,0,0,2,140,1,62,62,10,8,29,16,200,400,0
SIM,3,0,0,2,141,0,61,62,9,8,29,16,250,250,20
SIM,3,0,0,2,142,1,61,64,9,8,29,16,100,350,0
SIM,3,0,0,2,143,0,59,64,9,8,29,16,150,0,20
SIM,3,0,0,2,144,1,59,65,9,9,29,16,0,50,0
SIM,3,0,0,2,145,0,58,65,8,9,29,16,250,50,20
SIM,3,0,0,2,146,1,58,64,8,8,29,16,100,150,0
SIM,3,0,0,2,147,0,56,64,8,8,29,16,350,0,20
SIM,3,0,0,2,148,1,56,65,8,9,29,16,0,50,0
SIM,3,0,0,2,149,0,58,65,8,9,29,16,250,50,20
SIM,3,0,0,2,150,1,58,65,8,9,29,16,100,100,1
SIM,3,0,0,2,151,0,56,65,8,9,29,16,350,100,21
SIM,3,0,0,2,152,1,56,63,8,9,29,16,0,150,0
SIM,3,0,0,2,153,0,58,63,8,9,29,16,200,0,20
SIM,3,0,0,2,154,1,58,63,8,9,29,16,50,50,2
SIM,3,0,0,2,155,0,56,63,8,9,29,16,250,50,22
SIM,3,0,0,2,156,1,56,61,8,7,29,16,250,350,0
SIM,3,0,0,2,157,0,55,61,7,7,29,16,500,0,20
SIM,3,0,0,2,158,1,55,64,7,8,29,16,0,200,0
SIM,3,0,0,2,159,0,53,64,7,8,29,16,250,50,20
SIM,3,0,0,2,160,1,53,63,7,9,29,16,100,200,12
SIM,4,0,0,3,1,1,9,9,2,2,40,40,0,1000,0
SIM,4,0,0,3,2,0,6,9,1,2,40,40,800,1000,20
SIM,4,0,0,3,3,1,6,6,1,1,40,40,800,1800,0
SIM,4,0,0,3,4,0,6,6,1,1,39,40,1600,1800,20
SIM,4,0,0,3,5,1,6,6,1,1,39,39,1600,2600,16
SIM,4,0,0,3,6,0,6,6,1,1,38,39,2400,2600,30
SIM,4,0,0,3,7,1,6,6,1,1,38,38,2400,3400,28
SIM,4,0,0,3,8,0,6,6,1,1,37,38,3200,3400,30
SIM,4,0,0,3,9,1,6,6,1,1,37,37,3200,4200,28
SIM,4,0,0,3,10,0,6,6,1,1,36,37,4000,4200,30
SIM,4,0,0,3,11,1,6,6,1,1,36,36,4000,5000,28
SIM,4,0,0,3,12,0,6,6,1,1,35,36,4800,5000,30
SIM,4,0,0,3,13,1,6,6,1,1,35,35,4800,5800,28
SIM,4,0,0,3,14,0,6,6,1,1,34,35,5600,5800,30
SIM,4,0,0,3,15,1,6,6,1,1,34,34,5600,6600,28
SIM,4,0,0,3,16,0,6,6,1,1,33,34,6400,6600,30
SIM,4,0,0,3,17,1,6,6,1,1,33,33,6400,7400,28
SIM,4,0,0,3,18,0,6,6,1,1,32,33,7200,7400,30
SIM,4,0,0,3,19,1,6,6,1,1,32,32,7200,8200,28
SIM,4,0,0,3,20,0,6,6,1,1,31,32,8000,8200,30
SIM,4,0,0,3,21,1,6,6,1,1,31,31,8000,9000,28
SIM,4,0,0,3,22,0,6,6,1,1,30,31,8800,9000,30
SIM,4,0,0,3,23,1,6,6,1,1,30,30,8800,9800,28
SIM,4,0,0,3,24,0,6,6,1,1,29,30,9600,9800,30
SIM,4,0,0,3,25,1,6,6,1,1,29,29,9600,10600,28
SIM,4,0,0,3,26,0,6,6,1,1,28,29,10400,10600,30
SIM,4,0,0,3,27,1,6,6,1,1,28,28,10400,11400,28
SIM,4,0,0,3,28,0,6,6,1,1,27,28,11200,11400,30
SIM,4,0,0,3,29,1,6,6,1,1,27,27,11200,12200,28
SIM,4,0,0,3,30,0,6,6,1,1,26,27,12000,12200,30
SIM,4,0,0,3,31,1,6,6,1,1,26,26,12000,13000,28
SIM,4,0,0,3,32,0,6,6,1,1,25,26,12800,13000,30
SIM,4,0,0,3,33,1,6,6,1,1,25,25,12800,13800,28
SIM,4,0,0,3,34,0,6,6,1,1,24,25,13600,13800,30
SIM,4,0,0,3,35,1,6,6,1,1,24,24,13600,14600,28
SIM,4,0,0,3,36,0,6,6,1,1,23,24,14400,14600,30
SIM,4,0,0,3,37,1,6,6,1,1,23,23,14400,15400,28
SIM,4,0,0,3,38,0,6,6,1,1,22,23,15200,15400,30
SIM,4,0,0,3,39,1,6,6,1,1,22,22,15200,16200,28
SIM,4,0,0,3,40,0,6,6,1,1,21,22,16000,16200,30
SIM,4,0,0,3,41,1,6,6,1,1,21,21,16000,17000,28
SIM,4,0,0,3,42,0,6,6,1,1,20,21,16800,17000,30
SIM,4,0,0,3,43,1,6,6,1,1,20,20,16800,17800,28
SIM,4,0,0,3,44,0,6,6,1,1,19,20,17600,17800,30
SIM,4,0,0,3,45,1,6,6,1,1,19,19,17600,18600,28
SIM,4,0,0,3,46,0,6,6,1,1,18,19,18400,18600,30
SIM,4,0,0,3,47,1,6,6,1,1,18,18,18400,19400,28
SIM,4,0,0,3,48,0,6,6,1,1,17,18,19200,19400,30
SIM,4,0,0,3,49,1,6,6,1,1,17,17,19200,20200,28
SIM,4,0,0,3,50,0,6,6,1,1,16,17,20000,20200,30
SIM,4,0,0,3,51,1,6,6,1,1,16,16,20000,21000,28
SIM,4,0,0,3,52,0,6,6,1,1,15,16,20800,21000,30
SIM,4,0,0,3,53,1,6,6,1,1,15,15,20800,21800,28
SIM,4,0,0,3,54,0,6,6,1,1,14,15,21600,21800,30
SIM,4,0,0,3,55,1,6,6,1,1,14,14,21600,22600,28
SIM,4,0,0,3,56,0,6,6,1,1,13,14,22400,22600,30
SIM,4,0,0,3,57,1,6,6,1,1,13,13,22400,23400,28
SIM,4,0,0,3,58,0,6,6,1,1,12,13,23200,23400,30
SIM,4,0,0,3,59,1,6,6,1,1,12,12,23200,24200,28
SIM,4,0,0,3,60,0,6,6,1,1,11,12,24000,24200,30
SIM,4,0,0,3,61,1,6,6,1,1,11,11,24000,25000,28
SIM,4,0,0,3,62,0,6,6,1,1,10,11,24800,25000,30
SIM,4,0,0,3,63,1,6,6,1,1,10,10,24800,25800,28
SIM,4,0,0,3,64,0,6,6,1,1,9,10,25600,25800,30
SIM,4,0,0,3,65,1,6,6,1,1,9,9,25600,26600,28
SIM,4,0,0,3,66,0,6,6,1,1,8,9,26400,26600,30
SIM,4,0,0,3,67,1,6,6,1,1,8,8,26400,27400,28
SIM,4,0,0,3,68,0,6,6,1,1,7,8,27200,27400,30
SIM,4,0,0,3,69,1,6,6,1,1,7,7,27200,28200,28
SIM,4,0,0,3,70,0,6,6,1,1,6,7,28000,28200,30
SIM,4,0,0,3,71,1,6,6,1,1,6,6,28000,29000,28
SIM,4,0,0,3,72,0,6,6,1,1,5,6,28800,29000,30
SIM,4,0,0,3,73,1,6,6,1,1,5,5,28800,29800,28
SIM,4,0,0,3,74,0,6,6,1,1,4,5,29600,29800,30
SIM,4,0,0,3,75,1,6,6,1,1,4,4,29600,30600,28
SIM,4,0,0,3,76,0,6,6,1,1,3,4,30400,30600,30
SIM,4,0,0,3,77,1,6,6,1,1,3,3,30400,31400,28
SIM,4,0,0,3,78,0,6,6,1,1,2,3,31200,31400,30
SIM,4,0,0,3,79,1,6,6,1,1,2,2,31200,32200,28
SIM,4,0,0,3,80,0,6,6,1,1,1,2,32000,32200,30
SIM,4,0,0,3,81,1,6,6,1,1,1,1,32000,33000,28
SIM,5,0,0,4,1,0,9,9,2,2,40,40,1000,0,20
SIM,5,0,0,4,2,1,20,6,1,2,40,40,250,750,9
SIM,5,0,0,4,3,0,20,17,2,1,40,40,1000,150,29
SIM,5,0,0,4,4,1,31,14,1,0,40,40,250,1150,24
SIM,5,0,0,4,5,0,34,14,2,0,40,40,900,1150,30
SIM,5,0,0,4,6,1,45,14,1,0,40,39,150,2050,23
SIM,5,0,0,4,7,0,48,14,2,0,40,39,700,1550,30
SIM,5,0,0,4,8,1,48,14,2,0,40,38,50,2450,21
SIM,5,0,0,4,9,0,51,14,3,0,40,38,450,2450,30
SIM,5,0,0,4,10,1,51,17,3,1,40,37,50,3150,12
SIM,5,0,0,4,11,0,57,17,4,1,40,37,250,2500,30
SIM,5,0,0,4,12,1,57,17,4,1,40,37,100,3350,13
SIM,5,0,0,4,13,0,60,28,5,0,40,37,250,2750,30
SIM,5,0,0,4,14,1,60,28,5,1,40,33,100,3450,17
SIM,5,0,0,4,15,0,60,28,5,1,40,33,400,2950,30
SIM,5,0,0,4,16,1,60,25,5,0,40,33,0,3750,16
SIM,5,0,0,4,17,0,66,25,6,0,40,33,100,3050,30
SIM,5,0,0,4,18,1,66,25,6,1,40,33,100,3650,22
SIM,5,0,0,4,19,0,63,25,5,1,40,33,250,3150,30
SIM,5,0,0,4,20,1,63,29,5,1,40,33,100,3650,19
SIM,5,0,0,4,21,0,63,29,5,1,40,33,250,2950,30
SIM,5,0,0,4,22,1,63,29,5,2,40,32,100,3250,16
SIM,5,0,0,4,23,0,57,29,4,2,40,32,450,2750,30
SIM,5,0,0,4,24,1,57,27,4,2,40,32,100,3150,8
SIM,5,0,0,4,25,0,57,27,4,2,40,32,400,3150,28
SIM,5,0,0,4,26,1,57,27,4,2,40,31,50,3550,1
SIM,5,0,0,4,27,0,54,27,4,2,40,31,500,2900,21
SIM,5,0,0,4,28,1,54,28,4,3,40,31,0,3250,2
SIM,5,0,0,4,29,0,48,39,2,2,40,31,600,2500,22
SIM,5,0,0,4,30,1,48,45,2,4,40,31,100,2650,20
SIM,5,0,0,4,31,0,45,56,1,3,40,31,600,1400,30
SIM,5,0,0,4,32,1,45,56,1,3,40,31,100,1650,27
SIM,5,0,0,4,33,0,45,56,1,3,40,31,600,1000,30
SIM,5,0,0,4,34,1,45,59,1,4,40,31,100,950,17
SIM,5,0,0,4,35,0,45,59,1,4,40,31,600,950,30
SIM,5,0,0,4,36,1,45,59,1,4,40,31,100,750,25
SIM,5,0,0,4,37,0,39,59,1,4,40,31,600,100,30
SIM,5,0,0,4,38,1,39,61,1,4,40,31,100,50,13
SIM,5,0,0,4,39,0,33,61,1,4,40,31,600,50,30
SIM,5,0,0,4,40,1,33,61,1,4,40,31,600,0,18
SIM,5,0,0,4,41,0,25,61,1,4,40,31,1200,0,30
SIM,5,0,0,4,42,1,25,58,1,3,40,31,0,0,16
SIM,5,0,0,4,43,0,22,58,0,3,37,31,800,0,30
SIM,5,0,0,4,44,1,22,58,0,3,37,31,800,0,30
SIM,5,0,0,4,45,0,35,58,2,3,30,31,1100,0,30
SIM,5,0,0,4,46,1,35,52,2,1,30,31,100,400,18
SIM,5,0,0,4,47,0,32,52,1,1,30,31,600,50,30
SIM,5,0,0,4,48,1,32,53,1,3,30,31,600,300,25
SIM,5,0,0,4,49,0,36,53,3,3,27,31,700,150,30
SIM,5,0,0,4,50,1,36,45,3,1,27,31,50,800,2
SIM,5,0,0,4,51,0,39,45,4,1,27,31,100,150,22
SIM,5,0,0,4,52,1,39,39,4,1,27,27,100,800,1
SIM,5,0,0,4,53,0,42,39,5,1,27,27,0,100,21
SIM,5,0,0,4,54,1,42,31,5,1,27,27,0,700,1
SIM,5,0,0,4,55,0,39,31,4,1,27,27,50,50,21
SIM,5,0,0,4,56,1,39,41,4,2,27,23,50,500,1
SIM,5,0,0,4,57,0,36,41,3,2,27,23,300,0,21
SIM,5,0,0,4,58,1,36,36,3,2,27,23,150,300,3
SIM,5,0,0,4,59,0,33,36,2,2,27,23,600,150,23
SIM,5,0,0,4,60,1,44,37,1,3,27,23,0,500,19
SIM,5,0,0,4,61,0,36,37,0,3,27,23,800,0,30
SIM,5,0,0,4,62,1,36,37,0,3,27,23,150,350,28
SIM,5,0,0,4,63,0,33,37,1,3,27,23,800,350,30
SIM,5,0,0,4,64,1,33,40,1,4,27,23,100,500,20
SIM,5,0,0,4,65,0,31,40,1,4,27,23,700,0,30
SIM,5,0,0,4,66,1,31,37,1,3,27,23,200,350,23
SIM,5,0,0,4,67,0,22,37,0,3,27,23,1000,0,30
SIM,5,0,0,4,68,1,22,46,0,6,27,23,300,0,29
SIM,5,0,0,4,69,0,25,46,1,6,19,23,900,0,30
SIM,5,0,0,4,70,1,25,43,1,5,19,23,200,200,27
SIM,5,0,0,4,71,0,32,43,1,5,19,23,700,50,30
SIM,5,0,0,4,72,1,32,43,1,5,19,23,50,400,23
SIM,5,0,0,4,73,0,45,43,3,5,19,23,200,250,30
SIM,5,0,0,4,74,1,45,40,3,4,19,23,50,650,5
SIM,5,0,0,4,75,0,48,51,4,3,19,23,0,50,25
SIM,5,0,0,4,76,1,48,42,4,0,19,23,0,850,4
SIM,5,0,0,4,77,0,48,42,4,0,19,23,0,0,24
SIM,5,0,0,4,78,1,48,37,4,2,19,23,0,550,5
SIM,5,0,0,4,79,0,46,37,4,2,19,23,0,50,25
SIM,5,0,0,4,80,1,46,31,4,1,19,23,0,650,5
SIM,5,0,0,4,81,0,43,31,3,1,19,23,150,0,25
SIM,5,0,0,4,82,1,43,34,3,2,19,23,0,550,4
SIM,5,0,0,4,83,0,45,34,3,2,19,23,150,50,24
SIM,5,0,0,4,84,1,45,31,3,1,19,23,0,650,4
SIM,5,0,0,4,85,0,45,31,3,1,19,23,150,150,24
SIM,5,0,0,4,86,1,45,31,3,1,19,20,0,750,1
SIM,5,0,0,4,87,0,45,31,3,1,19,20,150,250,21
SIM,5,0,0,4,88,1,45,31,3,1,19,17,0,850,11
SIM,5,0,0,4,89,0,45,31,3,1,19,17,150,350,30
SIM,5,0,0,4,90,1,45,31,3,1,19,14,0,950,20
SIM,5,0,0,4,91,0,45,31,3,1,19,14,150,450,30
SIM,5,0,0,4,92,1,45,31,3,1,19,11,0,1050,20
SIM,5,0,0,4,93,0,45,31,3,1,19,11,150,550,30
SIM,5,0,0,4,94,1,45,31,3,1,19,8,0,1150,20
SIM,5,0,0,4,95,0,45,31,3,1,19,8,150,650,30
SIM,5,0,0,4,96,1,45,31,3,1,19,5,0,1250,20
SIM,5,0,0,4,97,0,45,31,3,1,19,5,150,750,30
SIM,5,0,0,4,98,1,45,31,3,1,19,2,0,1350,20
SIM,5,0,0,4,99,0,45,31,3,1,19,2,150,850,30
SIM,6,0,0,5,1,1,9,9,2,2,40,40,0,1000,0
SIM,6,0,0,5,2,0,6,20,2,1,40,40,750,250,20
SIM,6,0,0,5,3,1,17,20,1,2,40,40,0,1000,15
SIM,6,0,0,5,4,0,17,31,1,1,40,40,950,250,30
SIM,6,0,0,5,5,1,28,34,0,2,40,40,200,900,27
SIM,6,0,0,5,6,0,31,45,1,1,39,40,1050,150,30
SIM,6,0,0,5,7,1,42,48,0,2,39,40,50,700,27
SIM,6,0,0,5,8,0,48,48,1,2,38,40,650,50,30
SIM,6,0,0,5,9,1,48,48,1,2,38,40,150,500,21
SIM,6,0,0,5,10,0,48,48,1,2,37,40,650,0,30
SIM,6,0,0,5,11,1,48,48,1,2,37,40,150,300,27
SIM,6,0,0,5,12,0,45,48,1,2,36,40,650,150,30
SIM,6,0,0,5,13,1,45,51,1,3,36,40,0,400,12
SIM,6,0,0,5,14,0,48,51,2,3,32,40,450,0,30
SIM,6,0,0,5,15,1,48,54,2,3,32,40,50,250,8
SIM,6,0,0,5,16,0,51,54,2,3,32,40,350,100,28
SIM,6,0,0,5,17,1,51,51,2,3,32,40,150,350,1
SIM,6,0,0,5,18,0,48,51,2,3,32,40,550,0,21
SIM,6,0,0,5,19,1,48,52,2,4,32,40,50,300,10
SIM,6,0,0,5,20,0,43,52,1,4,32,40,550,150,30
SIM,6,0,0,5,21,1,43,52,1,4,32,40,50,500,27
SIM,6,0,0,5,22,0,45,52,1,4,32,40,550,0,30
SIM,6,0,0,5,23,1,45,49,1,3,32,40,50,400,21
SIM,6,0,0,5,24,0,45,49,1,3,32,40,550,50,30
SIM,6,0,0,5,25,1,45,57,1,5,32,40,50,300,21
SIM,6,0,0,5,26,0,45,57,1,5,32,40,550,150,30
SIM,6,0,0,5,27,1,45,57,1,5,32,40,50,400,27
SIM,6,0,0,5,28,0,45,57,1,5,32,40,550,400,30
SIM,6,0,0,5,29,1,45,54,1,4,32,40,50,700,25
SIM,6,0,0,5,30,0,45,54,1,4,31,40,550,200,30
SIM,6,0,0,5,31,1,45,51,1,3,31,40,550,600,26
SIM,6,0,0,5,32,0,45,51,1,3,31,40,1050,100,30
SIM,6,0,0,5,33,1,45,51,1,3,31,40,350,350,23
SIM,6,0,0,5,34,0,42,51,0,3,27,40,1050,0,30
SIM,6,0,0,5,35,1,42,60,0,6,27,40,350,0,29
SIM,6,0,0,5,36,0,52,60,1,6,19,40,750,0,30
SIM,6,0,0,5,37,1,52,57,1,5,19,40,50,100,24
SIM,6,0,0,5,38,0,56,57,2,5,14,40,150,100,30
SIM,6,0,0,5,39,1,56,51,2,3,14,40,150,500,23
SIM,6,0,0,5,40,0,62,51,2,3,14,40,250,0,30
SIM,6,0,0,5,41,1,62,45,2,1,14,40,50,500,16
SIM,6,0,0,5,42,0,59,45,3,1,14,40,50,0,30
SIM,6,0,0,5,43,1,59,45,3,1,14,40,50,500,0
SIM,6,0,0,5,44,0,55,45,2,1,14,40,350,0,20
SIM,6,0,0,5,45,1,55,43,2,1,14,40,200,500,0
SIM,6,0,0,5,46,0,55,43,2,1,14,40,550,0,20
SIM,6,0,0,5,47,1,55,43,2,1,14,40,50,500,6
SIM,6,0,0,5,48,0,52,43,1,1,14,40,450,0,26
SIM,6,0,0,5,49,1,52,43,1,1,14,40,100,500,16
SIM,6,0,0,5,50,0,55,43,4,1,14,40,150,0,30
SIM,6,0,0,5,51,1,55,43,4,1,14,40,0,500,1
SIM,6,0,0,5,52,0,55,43,4,1,14,40,50,0,21
SIM,6,0,0,5,53,1,55,38,4,1,14,39,50,500,6
SIM,6,0,0,5,54,0,52,38,3,1,14,39,200,0,26
SIM,6,0,0,5,55,1,52,33,3,1,14,39,50,500,15
SIM,6,0,0,5,56,0,52,33,3,1,14,39,350,0,30
SIM,6,0,0,5,57,1,52,34,3,2,14,39,0,400,16
SIM,6,0,0,5,58,0,52,34,3,2,14,39,250,0,30
SIM,6,0,0,5,59,1,52,38,3,3,14,39,100,200,3
SIM,6,0,0,5,60,0,45,38,1,3,14,39,750,50,23
SIM,6,0,0,5,61,1,45,41,1,4,14,39,100,200,16
SIM,6,0,0,5,62,0,45,41,1,4,10,39,750,50,30
SIM,6,0,0,5,63,1,45,44,1,5,10,39,50,150,22
SIM,6,0,0,5,64,0,39,44,1,5,10,39,550,0,30
SIM,6,0,0,5,65,1,39,44,1,5,10,39,50,100,23
SIM,6,0,0,5,66,0,40,44,1,5,10,39,450,100,30
SIM,6,0,0,5,67,1,40,41,1,4,10,39,450,250,25
SIM,6,0,0,5,68,0,38,41,2,4,6,39,750,100,30
SIM,6,0,0,5,69,1,38,40,2,3,6,39,50,450,15
SIM,6,0,0,5,70,0,32,40,1,3,6,39,550,100,30
SIM,6,0,0,5,71,1,32,43,1,4,6,39,50,500,27
SIM,6,0,0,5,72,0,38,43,1,4,6,39,550,0,30
SIM,6,0,0,5,73,1,38,40,1,3,6,39,150,450,27
SIM,6,0,0,5,74,0,47,40,3,3,4,39,250,100,30
SIM,6,0,0,5,75,1,47,37,3,3,4,39,100,550,15
SIM,7,0,0,6,1,0,9,9,2,2,40,40,1000,0,20
SIM,7,0,0,6,2,1,20,6,1,2,40,40,250,750,9
SIM,7,0,0,6,3,0,20,17,2,1,40,40,1000,0,29
SIM,7,0,0,6,4,1,31,17,1,1,40,40,250,950,24
SIM,7,0,0,6,5,0,34,28,2,0,40,40,900,200,30
SIM,7,0,0,6,6,1,45,31,1,1,40,39,150,1050,19
SIM,7,0,0,6,7,0,48,42,2,0,40,39,700,50,30
SIM,7,0,0,6,8,1,48,48,2,1,40,38,50,650,21
SIM,7,0,0,6,9,0,51,48,3,1,40,38,450,150,30
SIM,7,0,0,6,10,1,51,45,3,1,40,38,100,650,13
SIM,7,0,0,6,11,0,60,45,6,1,40,38,150,150,30
SIM,7,0,0,6,12,1,60,48,6,2,40,34,0,450,1
SIM,7,0,0,6,13,0,60,48,6,2,40,34,50,450,21
SIM,7,0,0,6,14,1,60,48,6,2,40,30,50,750,15
SIM,7,0,0,6,15,0,57,48,5,2,40,30,300,50,30
SIM,7,0,0,6,16,1,57,45,5,1,40,29,150,550,9
SIM,7,0,0,6,17,0,60,45,6,1,40,29,350,150,29
SIM,7,0,0,6,18,1,60,61,6,3,40,27,0,150,0
SIM,7,0,0,6,19,0,60,61,6,3,40,27,200,150,20
SIM,7,0,0,6,20,1,60,61,6,3,40,26,50,150,0
SIM,7,0,0,6,21,0,57,61,5,3,40,26,300,150,20
SIM,7,0,0,6,22,1,57,59,5,3,40,25,150,150,4
SIM,7,0,0,6,23,0,54,59,4,3,40,25,500,150,24
SIM,7,0,0,6,24,1,54,59,4,3,40,24,0,150,1
SIM,7,0,0,6,25,0,48,59,2,3,40,24,450,150,21
SIM,7,0,0,6,26,1,48,59,2,3,40,23,100,150,12
SIM,7,0,0,6,27,0,51,59,3,3,40,23,450,0,30
SIM,7,0,0,6,28,1,51,56,3,3,40,23,100,150,1
SIM,7,0,0,6,29,0,54,56,4,3,40,23,400,0,21
SIM,7,0,0,6,30,1,54,54,4,3,40,23,50,150,0
SIM,7,0,0,6,31,0,57,54,5,3,40,23,300,150,20
SIM,7,0,0,6,32,1,57,48,5,2,40,23,150,600,7
SIM,7,0,0,6,33,0,60,48,6,2,40,23,350,100,27
SIM,7,0,0,6,34,1,60,45,6,1,40,23,0,600,1
SIM,7,0,0,6,35,0,66,45,8,1,40,23,50,100,21
SIM,7,0,0,6,36,1,66,46,8,2,40,23,50,400,0
SIM,7,0,0,6,37,0,63,46,7,2,40,23,200,400,20
SIM,7,0,0,6,38,1,63,44,7,2,40,23,50,700,6
SIM,7,0,0,6,39,0,63,44,7,2,40,23,350,50,26
SIM,7,0,0,6,40,1,63,45,7,3,40,23,0,300,1
SIM,7,0,0,6,41,0,66,45,8,3,40,23,250,150,21
SIM,7,0,0,6,42,1,66,50,8,4,40,23,100,350,1
SIM,7,0,0,6,43,0,66,50,8,4,40,23,400,0,21
SIM,7,0,0,6,44,1,66,56,8,6,40,23,50,50,1
SIM,7,0,0,6,45,0,67,56,9,6,40,23,250,50,21
SIM,7,0,0,6,46,1,67,54,9,6,40,23,100,100,0
SIM,7,0,0,6,47,0,66,54,8,6,40,23,350,100,20
SIM,7,0,0,6,48,1,66,53,8,5,40,23,0,200,0
SIM,7,0,0,6,49,0,67,53,9,5,40,23,150,50,20
SIM,7,0,0,6,50,1,67,52,9,6,40,23,0,100,0
SIM,7,0,0,6,51,0,66,52,8,6,40,23,200,100,20
SIM,7,0,0,6,52,1,66,50,8,4,40,23,50,400,0
SIM,7,0,0,6,53,0,67,50,9,4,40,23,200,50,20
SIM,7,0,0,6,54,1,67,52,9,6,40,23,50,200,0
SIM,7,0,0,6,55,0,67,52,9,6,40,23,200,50,20
SIM,7,0,0,6,56,1,67,53,9,5,40,23,50,300,0
SIM,7,0,0,6,57,0,69,53,9,5,40,23,250,150,20
SIM,7,0,0,6,58,1,69,54,9,6,40,23,100,350,0
SIM,7,0,0,6,59,0,70,54,10,6,40,23,250,0,20
SIM,7,0,0,6,60,1,70,59,10,7,40,23,250,100,1
SIM,7,0,0,6,61,0,69,59,9,7,40,23,450,100,21
SIM,7,0,0,6,62,1,69,57,9,7,40,23,300,200,0
SIM,7,0,0,6,63,0,70,57,10,7,40,23,450,50,20
SIM,7,0,0,6,64,1,70,59,10,7,40,23,450,150,0
SIM,7,0,0,6,65,0,67,59,9,7,40,23,650,0,20
SIM,7,0,0,6,66,1,67,60,9,8,40,23,150,50,13
SIM,7,0,0,6,67,0,64,60,8,8,40,23,400,50,30
SIM,7,0,0,6,68,1,64,59,8,7,40,23,250,200,8
SIM,7,0,0,6,69,0,69,59,9,7,40,23,300,50,28
SIM,7,0,0,6,70,1,69,57,9,7,40,23,150,200,0
SIM,7,0,0,6,71,0,70,57,10,7,40,23,150,50,20
SIM,7,0,0,6,72,1,70,56,10,6,40,23,150,300,0
SIM,7,0,0,6,73,0,70,56,10,6,40,23,150,150,20
SIM,7,0,0,6,74,1,70,54,10,6,40,23,150,400,0
SIM,7,0,0,6,75,0,70,54,10,6,40,23,150,50,20
SIM,7,0,0,6,76,1,70,56,10,6,40,23,150,250,1
SIM,7,0,0,6,77,0,69,56,9,6,40,23,250,100,21
SIM,7,0,0,6,78,1,69,56,9,6,40,23,100,300,0
SIM,7,0,0,6,79,0,70,56,10,6,40,23,150,150,20
SIM,7,0,0,6,80,1,70,56,10,6,40,23,150,350,0
SIM,7,0,0,6,81,0,69,56,9,6,40,23,250,0,20
SIM,7,0,0,6,82,1,69,59,9,7,40,23,100,100,0
SIM,7,0,0,6,83,0,69,59,9,7,40,23,200,100,20
SIM,7,0,0,6,84,1,69,56,9,6,40,23,50,250,3
SIM,7,0,0,6,85,0,69,56,9,6,40,23,150,100,23
SIM,7,0,0,6,86,1,69,56,9,6,40,23,0,250,0
SIM,7,0,0,6,87,0,69,56,9,6,40,23,100,100,20
SIM,7,0,0,6,88,1,69,56,9,6,40,23,100,250,0
SIM,7,0,0,6,89,0,66,56,8,6,40,23,250,100,20
SIM,7,0,0,6,90,1,66,56,8,6,40,23,100,250,0
SIM,7,0,0,6,91,0,66,56,8,6,40,23,250,100,20
SIM,7,0,0,6,92,1,66,56,8,6,40,23,100,250,1
SIM,7,0,0,6,93,0,66,56,8,6,40,23,400,100,21
SIM,7,0,0,6,94,1,66,59,8,7,40,23,50,200,0
SIM,7,0,0,6,95,0,72,59,10,7,38,23,200,50,20
SIM,7,0,0,6,96,1,72,62,10,8,38,23,200,100,0
SIM,7,0,0,6,97,0,72,62,10,8,36,23,350,100,20
SIM,7,0,0,6,98,1,72,62,10,8,36,23,350,150,0
SIM,7,0,0,6,99,0,72,62,10,8,34,23,500,0,20
SIM,7,0,0,6,100,1,72,65,10,9,34,23,500,0,0
SIM,7,0,0,6,101,0,72,65,10,9,32,23,650,0,20
SIM,7,0,0,6,102,1,72,65,10,9,32,23,650,0,0
SIM,7,0,0,6,103,0,72,65,10,9,30,23,800,0,20
SIM,7,0,0,6,104,1,72,65,10,9,30,23,800,0,0
SIM,7,0,0,6,105,0,72,65,10,9,28,23,950,0,20
SIM,7,0,0,6,106,1,72,65,10,9,28,23,950,0,1
SIM,7,0,0,6,107,0,72,65,10,9,26,23,1100,0,21
SIM,7,0,0,6,108,1,72,65,10,9,26,23,1100,0,0
SIM,7,0,0,6,109,0,72,65,10,9,24,23,1250,0,20
SIM,7,0,0,6,110,1,72,65,10,9,24,23,1250,0,1
SIM,7,0,0,6,111,0,72,65,10,9,22,23,1400,0,21
SIM,7,0,0,6,112,1,72,65,10,9,22,23,1400,0,0
SIM,7,0,0,6,113,0,72,65,10,9,20,23,1550,0,20
SIM,7,0,0,6,114,1,72,65,10,9,20,23,1550,0,1
SIM,7,0,0,6,115,0,72,65,10,9,18,23,1700,0,21
SIM,7,0,0,6,116,1,72,65,10,9,18,23,1700,0,0
SIM,7,0,0,6,117,0,72,65,10,9,16,23,1850,0,20
SIM,7,0,0,6,118,1,72,65,10,9,16,23,1850,0,1
SIM,7,0,0,6,119,0,72,65,10,9,14,23,2000,0,21
SIM,7,0,0,6,120,1,72,65,10,9,14,23,2000,0,0
SIM,7,0,0,6,121,0,72,65,10,9,12,23,2150,0,20
SIM,7,0,0,6,122,1,72,65,10,9,12,23,2150,0,1
SIM,7,0,0,6,123,0,72,65,10,9,10,23,2300,0,21
SIM,7,0,0,6,124,1,72,65,10,9,10,23,2300,0,0
SIM,7,0,0,6,125,0,72,65,10,9,8,23,2450,0,20
SIM,7,0,0,6,126,1,72,65,10,9,8,23,2450,0,1
SIM,7,0,0,6,127,0,72,65,10,9,6,23,2600,0,21
SIM,7,0,0,6,128,1,72,65,10,9,6,23,2600,0,0
SIM,7,0,0,6,129,0,72,65,10,9,4,23,2750,0,20
SIM,7,0,0,6,130,1,72,65,10,9,4,23,2750,0,1
SIM,7,0,0,6,131,0,72,65,10,9,2,23,2900,0,21
SIM,7,0,0,6,132,1,72,65,10,9,2,23,2900,0,0
SIM,8,0,0,7,1,1,9,9,2,2,40,40,0,1000,0
SIM,8,0,0,7,2,0,6,20,2,1,40,40,750,250,20
SIM,8,0,0,7,3,1,17,20,1,2,40,40,0,1000,15
SIM,8,0,0,7,4,0,17,31,1,1,40,40,950,250,30
SIM,8,0,0,7,5,1,28,34,0,2,40,40,200,900,27
SIM,8,0,0,7,6,0,31,45,1,1,39,40,1050,150,30
SIM,8,0,0,7,7,1,42,48,0,2,39,40,50,700,27
SIM,8,0,0,7,8,0,48,48,1,2,38,40,650,50,30
SIM,8,0,0,7,9,1,48,51,1,3,38,40,250,450,29
SIM,8,0,0,7,10,0,54,51,2,3,37,40,550,100,30
SIM,8,0,0,7,11,1,54,57,2,5,37,40,150,200,25
SIM,8,0,0,7,12,0,54,57,2,5,36,40,450,50,30
SIM,8,0,0,7,13,1,54,57,2,5,36,40,50,300,23
SIM,8,0,0,7,14,0,60,57,3,5,34,40,150,150,30
SIM,8,0,0,7,15,1,60,54,3,4,34,40,150,450,20
SIM,8,0,0,7,16,0,60,54,3,4,32,40,250,100,30
SIM,8,0,0,7,17,1,60,54,3,4,32,40,250,350,22
SIM,8,0,0,7,18,0,60,54,3,4,30,40,350,0,30
SIM,8,0,0,7,19,1,60,54,3,4,30,40,0,350,22
SIM,8,0,0,7,20,0,64,54,5,4,29,40,0,0,30
SIM,8,0,0,7,21,1,64,54,5,4,29,40,0,350,1
SIM,8,0,0,7,22,0,60,54,4,4,28,40,150,0,21
SIM,8,0,0,7,23,1,60,55,4,5,28,40,0,300,15
SIM,8,0,0,7,24,0,60,55,4,5,27,40,200,150,30
SIM,8,0,0,7,25,1,60,55,4,5,27,40,50,500,26
SIM,8,0,0,7,26,0,61,55,5,5,26,40,200,0,30
SIM,8,0,0,7,27,1,61,52,5,4,26,40,50,400,25
SIM,8,0,0,7,28,0,63,52,5,4,25,40,200,50,30
SIM,8,0,0,7,29,1,63,60,5,6,25,40,50,200,25
SIM,8,0,0,7,30,0,63,60,5,6,24,40,200,50,30
SIM,8,0,0,7,31,1,63,60,5,6,24,40,50,200,9
SIM,8,0,0,7,32,0,61,60,5,6,23,40,200,50,29
SIM,8,0,0,7,33,1,61,60,5,6,23,40,50,200,23
SIM,8,0,0,7,34,0,63,60,5,6,22,40,200,50,30
SIM,8,0,0,7,35,1,63,60,5,6,22,40,50,200,26
SIM,8,0,0,7,36,0,61,60,5,6,21,40,200,50,30
SIM,8,0,0,7,37,1,61,60,5,6,21,40,50,200,14
SIM,8,0,0,7,38,0,60,60,4,6,20,40,250,50,30
SIM,8,0,0,7,39,1,60,60,4,6,20,40,50,200,14
SIM,8,0,0,7,40,0,57,60,4,6,18,40,350,50,30
SIM,8,0,0,7,41,1,57,61,4,7,18,40,0,150,16
SIM,8,0,0,7,42,0,60,61,5,7,16,40,250,0,30
SIM,8,0,0,7,43,1,60,63,5,7,16,40,100,250,2
SIM,8,0,0,7,44,0,63,63,6,7,14,40,300,100,22
SIM,8,0,0,7,45,1,63,64,6,8,14,40,150,300,19
SIM,8,0,0,7,46,0,66,64,7,8,12,40,300,150,30
SIM,8,0,0,7,47,1,66,66,7,8,12,40,150,350,27
SIM,8,0,0,7,48,0,69,66,8,8,10,40,250,0,30
SIM,8,0,0,7,49,1,69,70,8,10,10,40,100,50,26
SIM,8,0,0,7,50,0,72,70,9,10,8,40,150,50,30
SIM,8,0,0,7,51,1,72,68,9,10,8,40,0,100,16
SIM,8,0,0,7,52,0,75,68,10,10,6,40,0,100,30
SIM,8,0,0,7,53,1,75,66,10,10,6,40,0,150,0
SIM,8,0,0,7,54,0,75,66,10,10,4,40,0,150,20
SIM,8,0,0,7,55,1,75,64,10,10,4,40,0,200,0
SIM,8,0,0,7,56,0,73,64,10,10,2,40,0,200,20
SIM,8,0,0,7,57,1,73,62,10,10,2,40,0,250,1
SIM,9,0,0,8,1,0,9,9,2,2,40,40,1000,0,20
SIM,9,0,0,8,2,1,20,6,1,2,40,40,250,750,13
SIM,9,0,0,8,3,0,20,17,2,1,40,40,1000,0,30
SIM,9,0,0,8,4,1,31,17,1,1,40,40,250,950,25
SIM,9,0,0,8,5,0,34,28,2,0,40,40,900,200,30
SIM,9,0,0,8,6,1,45,31,1,1,40,39,150,1050,11
SIM,9,0,0,8,7,0,48,42,2,0,40,39,700,50,30
SIM,9,0,0,8,8,1,48,48,2,1,40,38,50,650,19
SIM,9,0,0,8,9,0,48,48,2,1,40,38,650,0,30
SIM,9,0,0,8,10,1,48,51,2,2,40,38,0,450,20
SIM,9,0,0,8,11,0,51,51,3,2,40,38,400,100,30
SIM,9,0,0,8,12,1,51,54,3,4,40,38,50,400,22
SIM,9,0,0,8,13,0,57,54,5,4,39,38,300,50,30
SIM,9,0,0,8,14,1,57,55,5,5,39,38,150,250,11
SIM,9,0,0,8,15,0,55,55,5,5,38,38,400,100,30
SIM,9,0,0,8,16,1,55,54,5,4,38,38,50,450,24
SIM,9,0,0,8,17,0,58,54,6,4,38,38,200,100,30
SIM,9,0,0,8,18,1,58,54,6,4,38,38,50,400,2
SIM,9,0,0,8,19,0,57,54,5,4,38,38,400,50,22
SIM,9,0,0,8,20,1,57,57,5,5,38,38,50,400,0
SIM,9,0,0,8,21,0,59,57,7,5,38,38,250,50,20
SIM,9,0,0,8,22,1,59,61,7,7,38,37,100,250,1
SIM,9,0,0,8,23,0,57,61,7,7,38,37,350,100,21
SIM,9,0,0,8,24,1,57,61,7,7,38,37,0,350,1
SIM,9,0,0,8,25,0,60,61,8,7,38,37,200,0,21
SIM,9,0,0,8,26,1,60,66,8,8,38,37,50,150,0
SIM,9,0,0,8,27,0,60,66,8,8,38,37,250,0,20
SIM,9,0,0,8,28,1,60,66,8,8,38,37,100,150,0
SIM,9,0,0,8,29,0,58,66,8,8,38,37,300,0,20
SIM,9,0,0,8,30,1,58,66,8,8,38,37,150,150,0
SIM,9,0,0,8,31,0,57,66,7,8,38,37,400,0,20
SIM,9,0,0,8,32,1,57,66,7,8,38,37,50,150,0
SIM,9,0,0,8,33,0,58,66,8,8,38,37,200,0,20
SIM,9,0,0,8,34,1,58,66,8,8,38,37,50,200,0
SIM,9,0,0,8,35,0,58,66,8,8,38,37,250,50,20
SIM,9,0,0,8,36,1,58,65,8,9,38,37,100,200,11
SIM,9,0,0,8,37,0,58,65,8,9,38,37,300,50,30
SIM,9,0,0,8,38,1,58,66,8,8,38,37,150,300,4
SIM,9,0,0,8,39,0,60,66,8,8,38,37,400,150,24
SIM,9,0,0,8,40,1,60,67,8,9,38,37,50,350,8
SIM,9,0,0,8,41,0,64,67,10,9,38,37,150,200,28
SIM,9,0,0,8,42,1,64,67,10,9,38,37,150,400,1
SIM,9,0,0,8,43,0,63,67,9,9,38,37,300,250,21
SIM,9,0,0,8,44,1,63,67,9,9,38,37,150,450,0
SIM,9,0,0,8,45,0,64,67,10,9,38,37,250,300,20
SIM,9,0,0,8,46,1,64,67,10,9,38,37,250,550,0
SIM,9,0,0,8,47,0,64,67,10,9,38,37,350,50,20
SIM,9,0,0,8,48,1,64,64,10,8,38,37,350,350,0
SIM,9,0,0,8,49,0,64,64,10,8,38,37,450,200,20
SIM,9,0,0,8,50,1,64,67,10,9,38,37,450,300,0
SIM,9,0,0,8,51,0,61,67,9,9,38,37,600,150,20
SIM,9,0,0,8,52,1,61,67,9,9,38,37,100,250,0
SIM,9,0,0,8,53,0,58,67,8,9,38,37,300,100,20
SIM,9,0,0,8,54,1,58,67,8,9,38,37,150,200,14
SIM,9,0,0,8,55,0,61,67,9,9,38,37,150,50,30
SIM,9,0,0,8,56,1,61,64,9,8,38,37,0,200,8
SIM,9,0,0,8,57,0,61,64,9,8,38,37,0,50,28
SIM,9,0,0,8,58,1,61,61,9,7,38,37,0,250,12
SIM,9,0,0,8,59,0,58,61,8,7,38,37,50,100,30
SIM,9,0,0,8,60,1,58,60,8,6,38,37,50,500,5
SIM,9,0,0,8,61,0,58,60,8,6,38,37,100,0,25
SIM,9,0,0,8,62,1,58,54,8,4,38,37,100,500,11
SIM,9,0,0,8,63,0,58,54,8,4,38,37,150,0,30
SIM,9,0,0,8,64,1,58,54,8,4,38,37,0,350,0
SIM,9,0,0,8,65,0,58,54,8,4,38,37,50,150,20
SIM,9,0,0,8,66,1,58,57,8,5,38,36,50,400,1
SIM,9,0,0,8,67,0,54,57,6,5,38,36,250,0,21
SIM,9,0,0,8,68,1,54,58,6,5,38,36,100,150,0
SIM,9,0,0,8,69,0,51,58,5,5,38,36,400,150,20
SIM,9,0,0,8,70,1,51,52,5,4,38,36,50,500,1
SIM,9,0,0,8,71,0,54,52,6,4,38,36,250,0,21
SIM,9,0,0,8,72,1,54,47,6,3,38,36,100,400,0
SIM,9,0,0,8,73,0,54,47,6,3,38,36,300,400,20
SIM,9,0,0,8,74,1,54,48,6,2,38,36,150,850,0
SIM,9,0,0,8,75,0,54,48,6,2,38,36,350,350,20
SIM,9,0,0,8,76,1,54,43,6,1,38,36,0,1000,0
SIM,9,0,0,8,77,0,60,43,8,1,38,36,50,0,20
SIM,9,0,0,8,78,1,60,45,8,1,38,32,50,500,0
SIM,9,0,0,8,79,0,57,45,7,1,38,32,300,0,20
SIM,9,0,0,8,80,1,57,51,7,3,38,32,150,100,1
SIM,9,0,0,8,81,0,54,51,6,3,38,32,450,100,21
SIM,9,0,0,8,82,1,54,51,6,3,38,32,100,200,0
SIM,9,0,0,8,83,0,54,51,6,3,38,32,350,50,20
SIM,9,0,0,8,84,1,54,48,6,4,38,32,0,100,0
SIM,9,0,0,8,85,0,51,48,5,4,38,32,350,100,20
SIM,9,0,0,8,86,1,51,46,5,2,38,32,200,550,0
SIM,9,0,0,8,87,0,51,46,5,2,38,32,600,50,20
SIM,9,0,0,8,88,1,51,44,5,2,38,32,100,500,1
SIM,9,0,0,8,89,0,48,44,4,2,38,32,600,0,21
SIM,9,0,0,8,90,1,48,47,4,3,38,32,100,250,0
SIM,9,0,0,8,91,0,45,47,3,3,38,32,500,100,20
SIM,9,0,0,8,92,1,45,50,3,4,38,32,0,300,9
SIM,9,0,0,8,93,0,42,50,2,4,38,32,450,150,29
SIM,9,0,0,8,94,1,42,50,2,4,38,32,100,500,22
SIM,9,0,0,8,95,0,48,50,4,4,38,32,250,0,30
SIM,9,0,0,8,96,1,48,43,4,1,38,32,100,650,0
SIM,9,0,0,8,97,0,51,43,5,1,38,32,200,150,20
SIM,9,0,0,8,98,1,51,43,5,1,38,28,200,650,0
SIM,9,0,0,8,99,0,48,43,4,1,38,28,400,650,20
SIM,9,0,0,8,100,1,48,43,4,1,38,28,0,1150,0
SIM,9,0,0,8,101,0,51,43,4,1,38,28,200,0,20
SIM,9,0,0,8,102,1,51,37,4,1,38,28,200,650,0
SIM,9,0,0,8,103,0,51,37,4,1,38,28,400,650,20
SIM,9,0,0,8,104,1,51,40,4,2,38,28,400,950,0
SIM,9,0,0,8,105,0,45,40,2,2,38,28,850,100,20
SIM,9,0,0,8,106,1,45,43,2,3,38,28,0,450,0
SIM,9,0,0,8,107,0,43,43,3,3,38,28,500,100,20
SIM,9,0,0,8,108,1,43,50,3,6,38,28,0,100,6
SIM,9,0,0,8,109,0,39,50,1,6,38,28,500,100,26
SIM,9,0,0,8,110,1,39,47,1,5,38,28,500,150,22
SIM,9,0,0,8,111,0,37,47,1,5,38,28,1000,0,30
SIM,9,0,0,8,112,1,37,47,1,5,38,28,300,100,23
SIM,9,0,0,8,113,0,26,47,0,5,38,28,1100,100,30
SIM,9,0,0,8,114,1,26,47,0,5,38,28,400,200,29
SIM,9,0,0,8,115,0,36,47,1,5,29,28,900,50,30
SIM,9,0,0,8,116,1,36,47,1,5,29,28,200,150,24
SIM,9,0,0,8,117,0,46,47,2,5,20,28,400,0,30
SIM,9,0,0,8,118,1,46,44,2,4,20,28,400,300,23
SIM,9,0,0,8,119,0,56,44,3,4,15,28,300,150,30
SIM,9,0,0,8,120,1,56,40,3,2,15,28,150,700,8
SIM,9,0,0,8,121,0,59,40,4,2,14,28,0,50,28
SIM,9,0,0,8,122,1,59,37,4,1,14,28,0,700,1
SIM,9,0,0,8,123,0,59,37,4,1,14,28,0,50,21
SIM,9,0,0,8,124,1,59,40,4,2,14,28,0,500,1
SIM,9,0,0,8,125,0,56,40,3,2,14,28,0,0,21
SIM,9,0,0,8,126,1,56,37,3,1,14,28,0,500,5
SIM,9,0,0,8,127,0,50,37,3,1,14,28,0,0,25
SIM,9,0,0,8,128,1,50,32,3,1,14,25,0,500,7
SIM,9,0,0,8,129,0,46,32,2,1,14,25,200,100,27
SIM,9,0,0,8,130,1,46,29,2,1,14,25,50,700,16
SIM,9,0,0,8,131,0,43,29,3,1,14,25,200,200,30
SIM,9,0,0,8,132,1,43,26,3,0,14,22,50,1000,6
SIM,9,0,0,8,133,0,46,26,4,0,14,22,150,300,26
SIM,9,0,0,8,134,1,46,24,4,1,14,19,0,900,12
SIM,9,0,0,8,135,0,46,24,4,1,14,19,100,400,30
SIM,9,0,0,8,136,1,46,31,4,1,14,16,100,900,16
SIM,9,0,0,8,137,0,43,31,3,1,14,16,250,200,30
SIM,9,0,0,8,138,1,43,34,3,2,14,10,100,500,25
SIM,9,0,0,8,139,0,36,34,3,2,14,10,500,0,30
SIM,9,0,0,8,140,1,36,41,3,2,14,10,0,200,22
SIM,9,0,0,8,141,0,30,41,1,2,14,10,500,200,30
SIM,9,0,0,8,142,1,30,44,1,3,14,7,0,200,27
SIM,9,0,0,8,143,0,29,44,1,3,11,7,600,50,30
SIM,9,0,0,8,144,1,29,44,1,3,11,7,100,200,1
SIM,9,0,0,8,145,0,29,44,1,3,8,7,700,50,21
SIM,9,0,0,8,146,1,29,41,1,4,8,7,0,150,16
SIM,9,0,0,8,147,0,29,41,1,4,8,7,600,0,30
SIM,9,0,0,8,148,1,29,41,1,4,8,7,100,100,13
SIM,9,0,0,8,149,0,31,41,1,4,8,7,600,100,30
SIM,9,0,0,8,150,1,31,37,1,3,8,7,200,500,27
SIM,9,0,0,8,151,0,40,37,3,3,5,7,300,0,30
SIM,9,0,0,8,152,1,40,26,3,1,5,7,100,500,10
SIM,9,0,0,8,153,0,40,26,3,1,5,7,300,0,30
SIM,9,0,0,8,154,1,40,24,3,1,5,7,150,600,0
SIM,9,0,0,8,155,0,37,24,3,1,5,7,500,100,20
SIM,9,0,0,8,156,1,37,24,3,1,5,7,0,700,0
SIM,9,0,0,8,157,0,34,24,2,1,5,7,400,50,20
SIM,9,0,0,8,158,1,34,27,2,2,5,7,50,600,1
SIM,9,0,0,8,159,0,40,38,4,1,5,7,200,0,21
SIM,9,0,0,8,160,1,40,38,4,1,5,4,50,600,2
SIM,10,0,0,9,1,1,9,9,2,2,40,40,0,1000,0
SIM,10,0,0,9,2,0,6,20,2,1,40,40,750,250,20
SIM,10,0,0,9,3,1,17,20,1,2,40,40,0,1000,15
SIM,10,0,0,9,4,0,17,31,1,1,40,40,950,250,30
SIM,10,0,0,9,5,1,28,34,0,2,40,40,200,900,27
SIM,10,0,0,9,6,0,31,45,1,1,39,40,1050,150,30
SIM,10,0,0,9,7,1,42,48,0,2,39,40,50,700,27
SIM,10,0,0,9,8,0,48,48,1,2,38,40,650,50,30
SIM,10,0,0,9,9,1,48,48,1,2,38,40,0,650,20
SIM,10,0,0,9,10,0,51,48,2,2,38,40,450,0,30
SIM,10,0,0,9,11,1,51,51,2,3,38,40,100,400,26
SIM,10,0,0,9,12,0,57,51,4,3,38,40,250,50,30
SIM,10,0,0,9,13,1,57,52,4,4,38,40,100,350,0
SIM,10,0,0,9,14,0,55,52,4,4,38,40,300,0,20
SIM,10,0,0,9,15,1,55,54,4,4,38,40,150,300,1
SIM,10,0,0,9,16,0,54,54,3,4,38,40,550,150,21
SIM,10,0,0,9,17,1,54,54,3,4,38,40,50,450,10
SIM,10,0,0,9,18,0,49,54,2,4,38,40,500,100,30
SIM,10,0,0,9,19,1,49,57,2,5,38,40,0,350,23
SIM,10,0,0,9,20,0,49,57,2,5,38,40,300,0,30
SIM,10,0,0,9,21,1,49,57,2,5,38,40,150,200,21
SIM,10,0,0,9,22,0,47,57,3,5,38,40,400,50,30
SIM,10,0,0,9,23,1,47,54,3,4,38,40,400,400,15
SIM,10,0,0,9,24,0,44,54,2,4,38,40,850,50,30
SIM,10,0,0,9,25,1,44,57,2,5,38,40,150,300,27
SIM,10,0,0,9,26,0,40,57,0,5,38,40,850,150,30
SIM,10,0,0,9,27,1,40,60,0,6,38,40,150,350,29
SIM,10,0,0,9,28,0,50,60,1,6,33,40,550,0,30
SIM,10,0,0,9,29,1,50,63,1,7,33,40,50,250,24
SIM,10,0,0,9,30,0,60,63,2,7,32,40,150,100,30
SIM,10,0,0,9,31,1,60,60,2,6,32,40,0,450,13
SIM,10,0,0,9,32,0,64,60,4,6,32,40,0,100,30
SIM,10,0,0,9,33,1,64,57,4,5,32,40,0,500,1
SIM,10,0,0,9,34,0,62,57,4,5,32,40,0,0,21
SIM,10,0,0,9,35,1,62,48,4,2,32,40,0,600,15
SIM,10,0,0,9,36,0,62,48,4,2,32,40,0,100,30
SIM,10,0,0,9,37,1,62,45,4,1,32,40,0,600,1
SIM,10,0,0,9,38,0,59,45,3,1,32,40,0,100,21
SIM,10,0,0,9,39,1,59,39,3,1,32,40,0,600,2
SIM,10,0,0,9,40,0,56,39,2,1,32,40,100,200,22
SIM,10,0,0,9,41,1,56,40,2,2,32,40,100,500,12
SIM,10,0,0,9,42,0,50,40,1,2,32,40,500,0,30
SIM,10,0,0,9,43,1,50,37,1,1,32,40,0,500,27
SIM,10,0,0,9,44,0,47,37,1,1,32,40,400,100,30
SIM,10,0,0,9,45,1,47,37,1,2,32,40,50,500,23
SIM,10,0,0,9,46,0,49,37,3,2,32,40,400,0,30
SIM,10,0,0,9,47,1,49,31,3,1,32,40,0,600,2
SIM,10,0,0,9,48,0,52,31,3,1,32,40,250,100,22
SIM,10,0,0,9,49,1,52,31,3,1,32,40,100,700,5
SIM,10,0,0,9,50,0,52,31,3,1,32,40,500,0,25
SIM,10,0,0,9,51,1,52,31,3,1,32,40,0,600,0
SIM,10,0,0,9,52,0,49,31,2,1,32,40,450,100,20
SIM,10,0,0,9,53,1,49,38,2,1,32,40,50,600,12
SIM,10,0,0,9,54,0,55,38,3,1,32,40,150,200,30
SIM,10,0,0,9,55,1,55,35,3,3,32,40,0,300,3
SIM,10,0,0,9,56,0,44,35,2,3,32,40,450,150,23
SIM,10,0,0,9,57,1,44,37,2,3,32,40,50,500,3
SIM,10,0,0,9,58,0,46,37,1,3,32,40,550,0,23
SIM,10,0,0,9,59,1,46,34,1,2,32,40,50,400,14
SIM,10,0,0,9,60,0,40,34,0,2,32,40,750,400,30
SIM,10,0,0,9,61,1,40,37,0,3,32,40,50,600,28
SIM,10,0,0,9,62,0,46,37,2,3,24,40,450,600,30
SIM,10,0,0,9,63,1,46,32,2,2,24,40,450,1000,8
SIM,10,0,0,9,64,0,43,32,1,2,24,40,950,0,28
SIM,10,0,0,9,65,1,43,26,1,1,24,40,250,600,15
SIM,10,0,0,9,66,0,40,26,0,1,24,40,950,450,30
SIM,10,0,0,9,67,1,40,35,0,4,24,40,250,600,29
SIM,10,0,0,9,68,0,50,46,1,3,16,40,650,0,30
SIM,10,0,0,9,69,1,50,43,1,2,16,40,650,400,16
SIM,10,0,0,9,70,0,54,43,2,2,12,40,750,50,30
SIM,10,0,0,9,71,1,54,45,2,2,12,40,100,600,6
SIM,10,0,0,9,72,0,55,45,3,2,12,40,150,100,26
SIM,10,0,0,9,73,1,55,37,3,1,12,40,0,750,6
SIM,10,0,0,9,74,0,61,37,5,1,12,40,0,50,26
SIM,10,0,0,9,75,1,61,32,5,1,12,40,0,550,1
SIM,10,0,0,9,76,0,58,32,4,1,12,40,0,50,21
SIM,10,0,0,9,77,1,58,35,4,1,12,40,0,550,1
SIM,10,0,0,9,78,0,55,35,3,1,12,40,50,150,21
SIM,10,0,0,9,79,1,55,34,3,3,12,40,50,250,11
SIM,10,0,0,9,80,0,44,34,1,3,12,40,450,50,30
SIM,10,0,0,9,81,1,44,34,1,3,12,40,100,250,26
SIM,10,0,0,9,82,0,45,34,3,3,12,40,350,50,30
SIM,10,0,0,9,83,1,45,33,3,3,12,40,0,350,6
SIM,10,0,0,9,84,0,43,33,3,3,12,40,500,0,26
SIM,10,0,0,9,85,1,43,37,3,5,12,40,0,150,3
SIM,10,0,0,9,86,0,35,37,1,5,12,40,650,0,23
SIM,10,0,0,9,87,1,35,40,1,6,12,40,0,100,21
SIM,10,0,0,9,88,0,40,40,2,6,12,40,450,100,30
SIM,10,0,0,9,89,1,40,34,2,5,12,40,100,400,21
SIM,10,0,0,9,90,0,44,34,4,5,12,40,400,250,30
SIM,10,0,0,9,91,1,44,30,4,5,12,40,0,600,10
SIM,10,0,0,9,92,0,49,41,4,4,12,40,150,0,30
SIM,10,0,0,9,93,1,49,32,4,2,12,40,0,750,8
SIM,10,0,0,9,94,0,50,45,5,1,12,40,100,0,28
SIM,10,0,0,9,95,1,50,43,5,1,12,40,100,750,1
SIM,10,0,0,9,96,0,50,43,5,1,12,40,200,100,21
SIM,10,0,0,9,97,1,50,38,5,1,12,40,50,750,8
SIM,10,0,0,9,98,0,53,38,6,1,12,40,100,200,28
SIM,10,0,0,9,99,1,53,42,6,3,12,40,100,450,5
SIM,10,0,0,9,100,0,44,42,4,3,12,40,400,100,25
SIM,10,0,0,9,101,1,44,43,4,4,12,40,50,250,19
SIM,10,0,0,9,102,0,44,43,4,4,12,40,350,100,30
SIM,10,0,0,9,103,1,44,41,4,4,12,40,0,400,1
SIM,10,0,0,9,104,0,46,41,4,4,12,40,400,50,21
SIM,10,0,0,9,105,1,46,43,4,5,12,40,50,400,7
SIM,10,0,0,9,106,0,49,43,5,5,12,40,350,250,27
SIM,10,0,0,9,107,1,49,41,5,5,12,40,0,650,2
SIM,10,0,0,9,108,0,53,41,7,5,12,40,150,0,22
SIM,10,0,0,9,109,1,53,38,7,4,12,40,0,500,6
SIM,10,0,0,9,110,0,56,38,8,4,12,40,100,0,26
SIM,10,0,0,9,111,1,56,35,8,3,12,40,100,400,0
SIM,10,0,0,9,112,0,53,35,7,3,12,40,250,50,20
SIM,10,0,0,9,113,1,53,39,7,5,12,40,100,150,0
SIM,10,0,0,9,114,0,50,39,6,5,12,40,400,0,20
SIM,10,0,0,9,115,1,50,39,6,5,12,40,50,250,10
SIM,10,0,0,9,116,0,52,39,6,5,12,40,350,100,30
SIM,10,0,0,9,117,1,52,39,6,5,12,40,0,500,0
SIM,10,0,0,9,118,0,56,39,8,5,12,40,150,0,20
SIM,10,0,0,9,119,1,56,34,8,4,12,40,0,500,1
SIM,10,0,0,9,120,0,59,34,9,4,12,40,100,0,21
SIM,10,0,0,9,121,1,59,33,9,3,12,40,100,400,0
SIM,10,0,0,9,122,0,56,33,8,3,12,40,300,50,20
SIM,10,0,0,9,123,1,56,38,8,6,12,40,150,100,0
SIM,10,0,0,9,124,0,55,38,7,6,12,40,450,100,20
SIM,10,0,0,9,125,1,55,37,7,5,12,40,100,200,0
SIM,10,0,0,9,126,0,53,37,7,5,12,40,350,50,20
SIM,10,0,0,9,127,1,53,39,7,5,12,40,0,300,0
SIM,10,0,0,9,128,0,55,39,7,5,12,40,250,150,20
SIM,10,0,0,9,129,1,55,40,7,6,12,40,100,350,0
SIM,10,0,0,9,130,0,53,40,7,6,12,40,400,0,20
SIM,10,0,0,9,131,1,53,45,7,7,12,40,250,250,0
SIM,10,0,0,9,132,0,55,45,7,7,12,40,550,100,20
SIM,10,0,0,9,133,1,55,46,7,8,12,40,50,300,12
SIM,10,0,0,9,134,0,52,46,6,8,12,40,450,150,30
SIM,10,0,0,9,135,1,52,49,6,9,12,40,100,300,15
SIM,10,0,0,9,136,0,58,49,8,9,12,40,200,150,30
SIM,10,0,0,9,137,1,58,49,8,9,12,40,50,350,0
SIM,10,0,0,9,138,0,59,49,9,9,12,40,100,200,20
SIM,10,0,0,9,139,1,59,48,9,8,12,40,100,500,0
SIM,10,0,0,9,140,0,59,48,9,8,12,40,150,0,20
SIM,10,0,0,9,141,1,59,43,9,7,12,40,0,350,0
SIM,10,0,0,9,142,0,62,43,10,7,12,40,0,0,20
SIM,10,0,0,9,143,1,62,48,10,8,12,40,0,100,1
SIM,10,0,0,9,144,0,58,48,8,8,12,40,250,100,21
SIM,10,0,0,9,145,1,58,46,8,8,12,40,100,200,12
SIM,10,0,0,9,146,0,56,46,8,8,12,40,350,50,30
SIM,10,0,0,9,147,1,56,48,8,8,12,40,0,200,26
SIM,10,0,0,9,148,0,56,48,10,8,12,40,200,50,30
SIM,10,0,0,9,149,1,56,48,10,8,12,40,200,350,0
SIM,10,0,0,9,150,0,56,48,10,8,12,40,400,0,20
SIM,10,0,0,9,151,1,56,50,10,10,12,40,400,150,0
SIM,10,0,0,9,152,0,55,50,9,10,12,40,700,150,20
SIM,10,0,0,9,153,1,66,49,8,9,12,40,100,350,0
SIM,10,0,0,9,154,0,64,49,8,9,12,40,450,200,20
SIM,10,0,0,9,155,1,64,50,8,10,12,40,450,350,18
SIM,10,0,0,9,156,0,63,50,7,10,12,40,800,350,30
SIM,10,0,0,9,157,1,63,50,7,10,12,40,150,500,1
SIM,10,0,0,9,158,0,64,50,8,10,12,40,450,500,21
SIM,10,0,0,9,159,1,64,50,8,10,12,40,300,650,1
SIM,10,0,0,9,160,0,69,50,9,10,12,40,400,650,21
SIM,11,0,0,10,1,0,9,9,2,2,40,40,1000,0,20
SIM,11,0,0,10,2,1,9,6,2,1,40,40,1000,800,0
SIM,11,0,0,10,3,0,6,6,1,1,40,40,1800,800,20
SIM,11,0,0,10,4,1,6,6,1,1,40,39,1800,1600,14
SIM,11,0,0,10,5,0,6,6,1,1,39,39,2600,1600,30
SIM,11,0,0,10,6,1,6,6,1,1,39,38,2600,2400,28
SIM,11,0,0,10,7,0,6,6,1,1,38,38,3400,2400,30
SIM,11,0,0,10,8,1,6,6,1,1,38,37,3400,3200,28
SIM,11,0,0,10,9,0,6,6,1,1,37,37,4200,3200,30
SIM,11,0,0,10,10,1,6,6,1,1,37,36,4200,4000,28
SIM,11,0,0,10,11,0,6,6,1,1,36,36,5000,4000,30
SIM,11,0,0,10,12,1,6,6,1,1,36,35,5000,4800,28
SIM,11,0,0,10,13,0,6,6,1,1,35,35,5800,4800,30
SIM,11,0,0,10,14,1,6,6,1,1,35,34,5800,5600,28
SIM,11,0,0,10,15,0,6,6,1,1,34,34,6600,5600,30
SIM,11,0,0,10,16,1,6,6,1,1,34,33,6600,6400,28
SIM,11,0,0,10,17,0,6,6,1,1,33,33,7400,6400,30
SIM,11,0,0,10,18,1,6,6,1,1,33,32,7400,7200,28
SIM,11,0,0,10,19,0,6,6,1,1,32,32,8200,7200,30
SIM,11,0,0,10,20,1,6,6,1,1,32,31,8200,8000,28
SIM,11,0,0,10,21,0,6,6,1,1,31,31,9000,8000,30
SIM,11,0,0,10,22,1,6,6,1,1,31,30,9000,8800,28
SIM,11,0,0,10,23,0,6,6,1,1,30,30,9800,8800,30
SIM,11,0,0,10,24,1,6,6,1,1,30,29,9800,9600,28
SIM,11,0,0,10,25,0,6,6,1,1,29,29,10600,9600,30
SIM,11,0,0,10,26,1,6,6,1,1,29,28,10600,10400,28
SIM,11,0,0,10,27,0,6,6,1,1,28,28,11400,10400,30
SIM,11,0,0,10,28,1,6,6,1,1,28,27,11400,11200,28
SIM,11,0,0,10,29,0,6,6,1,1,27,27,12200,11200,30
SIM,11,0,0,10,30,1,6,6,1,1,27,26,12200,12000,28
SIM,11,0,0,10,31,0,6,6,1,1,26,26,13000,12000,30
SIM,11,0,0,10,32,1,6,6,1,1,26,25,13000,12800,28
SIM,11,0,0,10,33,0,6,6,1,1,25,25,13800,12800,30
SIM,11,0,0,10,34,1,6,6,1,1,25,24,13800,13600,28
SIM,11,0,0,10,35,0,6,6,1,1,24,24,14600,13600,30
SIM,11,0,0,10,36,1,6,6,1,1,24,23,14600,14400,28
SIM,11,0,0,10,37,0,6,6,1,1,23,23,15400,14400,30
SIM,11,0,0,10,38,1,6,6,1,1,23,22,15400,15200,28
SIM,11,0,0,10,39,0,6,6,1,1,22,22,16200,15200,30
SIM,11,0,0,10,40,1,6,6,1,1,22,21,16200,16000,28
SIM,11,0,0,10,41,0,6,6,1,1,21,21,17000,16000,30
SIM,11,0,0,10,42,1,6,6,1,1,21,20,17000,16800,28
SIM,11,0,0,10,43,0,6,6,1,1,20,20,17800,16800,30
SIM,11,0,0,10,44,1,6,6,1,1,20,19,17800,17600,28
SIM,11,0,0,10,45,0,6,6,1,1,19,19,18600,17600,30
SIM,11,0,0,10,46,1,6,6,1,1,19,18,18600,18400,28
SIM,11,0,0,10,47,0,6,6,1,1,18,18,19400,18400,30
SIM,11,0,0,10,48,1,6,6,1,1,18,17,19400,19200,28
SIM,11,0,0,10,49,0,6,6,1,1,17,17,20200,19200,30
SIM,11,0,0,10,50,1,6,6,1,1,17,16,20200,20000,28
SIM,11,0,0,10,51,0,6,6,1,1,16,16,21000,20000,30
SIM,11,0,0,10,52,1,6,6,1,1,16,15,21000,20800,28
SIM,11,0,0,10,53,0,6,6,1,1,15,15,21800,20800,30
SIM,11,0,0,10,54,1,6,6,1,1,15,14,21800,21600,28
SIM,11,0,0,10,55,0,6,6,1,1,14,14,22600,21600,30
SIM,11,0,0,10,56,1,6,6,1,1,14,13,22600,22400,28
SIM,11,0,0,10,57,0,6,6,1,1,13,13,23400,22400,30
SIM,11,0,0,10,58,1,6,6,1,1,13,12,23400,23200,28
SIM,11,0,0,10,59,0,6,6,1,1,12,12,24200,23200,30
SIM,11,0,0,10,60,1,6,6,1,1,12,11,24200,24000,28
SIM,11,0,0,10,61,0,6,6,1,1,11,11,25000,24000,30
SIM,11,0,0,10,62,1,6,6,1,1,11,10,25000,24800,28
SIM,11,0,0,10,63,0,6,6,1,1,10,10,25800,24800,30
SIM,11,0,0,10,64,1,6,6,1,1,10,9,25800,25600,28
SIM,11,0,0,10,65,0,6,6,1,1,9,9,26600,25600,30
SIM,11,0,0,10,66,1,6,6,1,1,9,8,26600,26400,28
SIM,11,0,0,10,67,0,6,6,1,1,8,8,27400,26400,30
SIM,11,0,0,10,68,1,6,6,1,1,8,7,27400,27200,28
SIM,11,0,0,10,69,0,6,6,1,1,7,7,28200,27200,30
SIM,11,0,0,10,70,1,6,6,1,1,7,6,28200,28000,28
SIM,11,0,0,10,71,0,6,6,1,1,6,6,29000,28000,30
SIM,11,0,0,10,72,1,6,6,1,1,6,5,29000,28800,28
SIM,11,0,0,10,73,0,6,6,1,1,5,5,29800,28800,30
SIM,11,0,0,10,74,1,6,6,1,1,5,4,29800,29600,28
SIM,11,0,0,10,75,0,6,6,1,1,4,4,30600,29600,30
SIM,11,0,0,10,76,1,6,6,1,1,4,3,30600,30400,28
SIM,11,0,0,10,77,0,6,6,1,1,3,3,31400,30400,30
SIM,11,0,0,10,78,1,6,6,1,1,3,2,31400,31200,28
SIM,11,0,0,10,79,0,6,6,1,1,2,2,32200,31200,30
SIM,11,0,0,10,80,1,6,6,1,1,2,1,32200,32000,28
SIM,11,0,0,10,81,0,6,6,1,1,1,1,33000,32000,30
SIM,12,0,0,11,1,1,9,9,2,2,40,40,0,1000,0
SIM,12,0,0,11,2,0,6,9,1,2,40,40,800,1000,20
SIM,12,0,0,11,3,1,6,6,1,1,40,40,800,1800,4
SIM,12,0,0,11,4,0,6,6,1,1,39,40,1600,1800,24
SIM,12,0,0,11,5,1,6,6,1,1,39,39,1600,2600,20
SIM,12,0,0,11,6,0,6,6,1,1,38,39,2400,2600,30
SIM,12,0,0,11,7,1,6,6,1,1,38,38,2400,3400,28
SIM,12,0,0,11,8,0,6,6,1,1,37,38,3200,3400,30
SIM,12,0,0,11,9,1,6,6,1,1,37,37,3200,4200,28
SIM,12,0,0,11,10,0,6,6,1,1,36,37,4000,4200,30
SIM,12,0,0,11,11,1,6,6,1,1,36,36,4000,5000,28
SIM,12,0,0,11,12,0,6,6,1,1,35,36,4800,5000,30
SIM,12,0,0,11,13,1,6,6,1,1,35,35,4800,5800,28
SIM,12,0,0,11,14,0,6,6,1,1,34,35,5600,5800,30
SIM,12,0,0,11,15,1,6,6,1,1,34,34,5600,6600,28
SIM,12,0,0,11,16,0,6,6,1,1,33,34,6400,6600,30
SIM,12,0,0,11,17,1,6,6,1,1,33,33,6400,7400,28
SIM,12,0,0,11,18,0,6,6,1,1,32,33,7200,7400,30
SIM,12,0,0,11,19,1,6,6,1,1,32,32,7200,8200,28
SIM,12,0,0,11,20,0,6,6,1,1,31,32,8000,8200,30
SIM,12,0,0,11,21,1,6,6,1,1,31,31,8000,9000,28
SIM,12,0,0,11,22,0,6,6,1,1,30,31,8800,9000,30
SIM,12,0,0,11,23,1,6,6,1,1,30,30,8800,9800,28
SIM,12,0,0,11,24,0,6,6,1,1,29,30,9600,9800,30
SIM,12,0,0,11,25,1,6,6,1,1,29,29,9600,10600,28
SIM,12,0,0,11,26,0,6,6,1,1,28,29,10400,10600,30
SIM,12,0,0,11,27,1,6,6,1,1,28,28,10400,11400,28
SIM,12,0,0,11,28,0,6,6,1,1,27,28,11200,11400,30
SIM,12,0,0,11,29,1,6,6,1,1,27,27,11200,12200,28
SIM,12,0,0,11,30,0,6,6,1,1,26,27,12000,12200,30
SIM,12,0,0,11,31,1,6,6,1,1,26,26,12000,13000,28
SIM,12,0,0,11,32,0,6,6,1,1,25,26,12800,13000,30
SIM,12,0,0,11,33,1,6,6,1,1,25,25,12800,13800,28
SIM,12,0,0,11,34,0,6,6,1,1,24,25,13600,13800,30
SIM,12,0,0,11,35,1,6,6,1,1,24,24,13600,14600,28
SIM,12,0,0,11,36,0,6,6,1,1,23,24,14400,14600,30
SIM,12,0,0,11,37,1,6,6,1,1,23,23,14400,15400,28
SIM,12,0,0,11,38,0,6,6,1,1,22,23,15200,15400,30
SIM,12,0,0,11,39,1,6,6,1,1,22,22,15200,16200,28
SIM,12,0,0,11,40,0,6,6,1,1,21,22,16000,16200,30
SIM,12,0,0,11,41,1,6,6,1,1,21,21,16000,17000,28
SIM,12,0,0,11,42,0,6,6,1,1,20,21,16800,17000,30
SIM,12,0,0,11,43,1,6,6,1,1,20,20,16800,17800,28
SIM,12,0,0,11,44,0,6,6,1,1,19,20,17600,17800,30
SIM,12,0,0,11,45,1,6,6,1,1,19,19,17600,18600,28
SIM,12,0,0,11,46,0,6,6,1,1,18,19,18400,18600,30
SIM,12,0,0,11,47,1,6,6,1,1,18,18,18400,19400,28
SIM,12,0,0,11,48,0,6,6,1,1,17,18,19200,19400,30
SIM,12,0,0,11,49,1,6,6,1,1,17,17,19200,20200,28
SIM,12,0,0,11,50,0,6,6,1,1,16,17,20000,20200,30
SIM,12,0,0,11,51,1,6,6,1,1,16,16,20000,21000,28
SIM,12,0,0,11,52,0,6,6,1,1,15,16,20800,21000,30
SIM,12,0,0,11,53,1,6,6,1,1,15,15,20800,21800,28
SIM,12,0,0,11,54,0,6,6,1,1,14,15,21600,21800,30
SIM,12,0,0,11,55,1,6,6,1,1,14,14,21600,22600,28
SIM,12,0,0,11,56,0,6,6,1,1,13,14,22400,22600,30
SIM,12,0,0,11,57,1,6,6,1,1,13,13,22400,23400,28
SIM,12,0,0,11,58,0,6,6,1,1,12,13,23200,23400,30
SIM,12,0,0,11,59,1,6,6,1,1,12,12,23200,24200,28
SIM,12,0,0,11,60,0,6,6,1,1,11,12,24000,24200,30
SIM,12,0,0,11,61,1,6,6,1,1,11,11,24000,25000,28
SIM,12,0,0,11,62,0,6,6,1,1,10,11,24800,25000,30
SIM,12,0,0,11,63,1,6,6,1,1,10,10,24800,25800,28
SIM,12,0,0,11,64,0,6,6,1,1,9,10,25600,25800,30
SIM,12,0,0,11,65,1,6,6,1,1,9,9,25600,26600,28
SIM,12,0,0,11,66,0,6,6,1,1,8,9,26400,26600,30
SIM,12,0,0,11,67,1,6,6,1,1,8,8,26400,27400,28
SIM,12,0,0,11,68,0,6,6,1,1,7,8,27200,27400,30
SIM,12,0,0,11,69,1,6,6,1,1,7,7,27200,28200,28
SIM,12,0,0,11,70,0,6,6,1,1,6,7,28000,28200,30
SIM,12,0,0,11,71,1,6,6,1,1,6,6,28000,29000,28
SIM,12,0,0,11,72,0,6,6,1,1,5,6,28800,29000,30
SIM,12,0,0,11,73,1,6,6,1,1,5,5,28800,29800,28
SIM,12,0,0,11,74,0,6,6,1,1,4,5,29600,29800,30
SIM,12,0,0,11,75,1,6,6,1,1,4,4,29600,30600,28
SIM,12,0,0,11,76,0,6,6,1,1,3,4,30400,30600,30
SIM,12,0,0,11,77,1,6,6,1,1,3,3,30400,31400,28
SIM,12,0,0,11,78,0,6,6,1,1,2,3,31200,31400,30
SIM,12,0,0,11,79,1,6,6,1,1,2,2,31200,32200,28
SIM,12,0,0,11,80,0,6,6,1,1,1,2,32000,32200,30
SIM,12,0,0,11,81,1,6,6,1,1,1,1,32000,33000,28
SIM,13,0,1,0,1,0,9,3,2,1,40,40,1000,0,20
SIM,13,0,1,0,2,1,20,3,1,1,40,40,250,950,3
SIM,13,0,1,0,3,0,23,14,2,0,40,40,1000,350,23
SIM,13,0,1,0,4,1,34,14,1,0,40,39,250,1350,16
SIM,13,0,1,0,5,0,37,14,2,0,40,39,900,1350,30
SIM,13,0,1,0,6,1,48,14,1,0,40,38,150,2250,25
SIM,13,0,1,0,7,0,51,14,2,0,40,38,700,1550,30
SIM,13,0,1,0,8,1,51,14,2,0,40,37,50,2450,17
SIM,13,0,1,0,9,0,54,14,3,0,40,37,450,2450,30
SIM,13,0,1,0,10,1,54,24,3,1,40,36,50,3050,27
SIM,13,0,1,0,11,0,60,24,4,1,40,36,100,2350,30
SIM,13,0,1,0,12,1,60,18,4,1,40,35,100,2950,2
SIM,13,0,1,0,13,0,57,18,3,1,40,35,350,2950,22
SIM,13,0,1,0,14,1,57,25,3,2,40,34,0,3250,3
SIM,13,0,1,0,15,0,55,25,4,2,40,34,150,2550,23
SIM,13,0,1,0,16,1,55,19,4,1,40,34,0,3150,4
SIM,13,0,1,0,17,0,57,19,4,1,40,34,300,3150,24
SIM,13,0,1,0,18,1,57,27,4,2,40,33,150,3450,9
SIM,13,0,1,0,19,0,54,27,3,2,40,33,500,2950,29
SIM,13,0,1,0,20,1,54,24,3,1,40,32,0,3550,20
SIM,13,0,1,0,21,0,51,24,2,1,40,32,450,3550,30
SIM,13,0,1,0,22,1,51,27,2,2,40,31,100,3950,13
SIM,13,0,1,0,23,0,51,27,3,2,40,31,450,3300,30
SIM,13,0,1,0,24,1,51,25,3,2,40,31,100,3850,3
SIM,13,0,1,0,25,0,54,36,4,1,40,31,350,3250,23
SIM,13,0,1,0,26,1,54,35,4,2,40,27,0,3650,1
SIM,13,0,1,0,27,0,54,35,4,2,40,27,400,3000,21
SIM,13,0,1,0,28,1,54,35,4,2,40,27,400,3450,0
SIM,13,0,1,0,29,0,51,46,3,1,40,27,850,2200,20
SIM,13,0,1,0,30,1,51,52,3,3,40,25,0,2450,10
SIM,13,0,1,0,31,0,51,52,3,3,40,25,450,1800,30
SIM,13,0,1,0,32,1,51,55,3,4,40,25,100,1900,3
SIM,13,0,1,0,33,0,57,55,5,4,40,25,300,750,23
SIM,13,0,1,0,34,1,57,55,5,4,40,25,150,850,1
SIM,13,0,1,0,35,0,54,55,4,4,40,25,500,200,21
SIM,13,0,1,0,36,1,54,61,4,6,40,25,0,0,0
SIM,13,0,1,0,37,0,45,61,1,6,40,25,650,0,20
SIM,13,0,1,0,38,1,45,64,1,7,40,25,650,0,17
SIM,13,0,1,0,39,0,39,64,1,7,40,25,1150,0,30
SIM,13,0,1,0,40,1,39,61,1,6,40,25,650,0,25
SIM,13,0,1,0,41,0,36,61,0,6,40,25,1350,0,30
SIM,13,0,1,0,42,1,36,61,0,6,40,25,650,0,29
SIM,13,0,1,0,43,0,39,61,1,6,32,25,1150,0,30
SIM,13,0,1,0,44,1,39,58,1,5,32,25,450,0,25
SIM,13,0,1,0,45,0,46,58,1,5,28,25,850,0,30
SIM,13,0,1,0,46,1,46,55,1,4,28,25,150,100,24
SIM,13,0,1,0,47,0,51,55,2,4,24,25,250,100,30
SIM,13,0,1,0,48,1,51,49,2,2,24,25,50,450,4
SIM,13,0,1,0,49,0,59,49,4,2,24,25,0,100,24
SIM,13,0,1,0,50,1,59,41,4,2,24,25,0,650,9
SIM,13,0,1,0,51,0,57,41,4,2,24,25,0,0,29
SIM,13,0,1,0,52,1,57,38,4,1,24,25,0,650,1
SIM,13,0,1,0,53,0,57,38,4,1,24,25,0,0,21
SIM,13,0,1,0,54,1,57,41,4,2,24,25,0,450,1
SIM,13,0,1,0,55,0,54,41,3,2,24,25,0,50,21
SIM,13,0,1,0,56,1,54,39,3,2,24,25,0,350,12
SIM,13,0,1,0,57,0,46,39,2,2,24,25,100,150,30
SIM,13,0,1,0,58,1,46,34,2,2,24,25,100,550,23
SIM,13,0,1,0,59,0,41,34,1,2,24,25,500,50,30
SIM,13,0,1,0,60,1,41,30,1,2,24,25,0,550,27
SIM,13,0,1,0,61,0,36,30,1,2,24,25,400,50,30
SIM,13,0,1,0,62,1,36,30,1,2,24,25,50,450,14
SIM,13,0,1,0,63,0,36,30,4,2,24,25,200,100,30
SIM,13,0,1,0,64,1,36,30,4,3,24,25,50,550,0
SIM,13,0,1,0,65,0,33,30,4,3,24,25,450,50,20
SIM,13,0,1,0,66,1,33,25,4,2,24,25,100,600,0
SIM,13,0,1,0,67,0,36,36,5,1,24,25,450,0,20
SIM,13,0,1,0,68,1,36,38,5,1,24,25,100,600,0
SIM,13,0,1,0,69,0,39,38,6,1,24,25,350,100,20
SIM,13,0,1,0,70,1,39,33,6,0,24,25,0,800,0
SIM,13,0,1,0,71,0,45,33,8,0,24,25,100,100,20
SIM,13,0,1,0,72,1,45,26,8,1,24,25,100,600,7
SIM,13,0,1,0,73,0,44,26,7,1,24,25,400,100,27
SIM,13,0,1,0,74,1,44,31,7,1,24,25,0,500,2
SIM,13,0,1,0,75,0,47,31,7,1,24,25,150,0,22
SIM,13,0,1,0,76,1,47,29,7,2,24,23,0,300,6
SIM,13,0,1,0,77,0,44,29,6,2,24,23,250,150,26
SIM,13,0,1,0,78,1,44,32,6,3,24,21,100,400,4
SIM,13,0,1,0,79,0,41,32,5,3,24,21,400,0,24
SIM,13,0,1,0,80,1,41,35,5,3,24,19,50,250,1
SIM,13,0,1,0,81,0,41,35,5,3,24,19,350,50,21
SIM,13,0,1,0,82,1,41,35,5,3,24,18,350,250,0
SIM,13,0,1,0,83,0,33,35,3,3,24,18,800,100,20
SIM,13,0,1,0,84,1,33,35,3,3,24,18,800,350,0
SIM,13,0,1,0,85,0,27,35,2,3,24,18,1300,150,20
SIM,13,0,1,0,86,1,27,35,2,3,24,18,100,350,2
SIM,13,0,1,0,87,0,21,35,2,3,24,18,700,150,22
SIM,13,0,1,0,88,1,21,33,2,3,24,18,700,350,14
SIM,13,0,1,0,89,0,17,33,1,3,24,18,1400,0,30
SIM,13,0,1,0,90,1,17,34,1,4,24,18,750,350,16
SIM,13,0,1,0,91,0,17,34,1,4,23,18,1600,200,30
SIM,13,0,1,0,92,1,28,37,0,5,23,18,1000,500,28
SIM,13,0,1,0,93,0,31,37,1,5,21,18,1700,0,30
SIM,13,0,1,0,94,1,31,34,1,4,21,18,1200,350,25
SIM,13,0,1,0,95,0,28,34,0,4,19,18,2000,0,30
SIM,13,0,1,0,96,1,28,43,0,7,19,18,1300,0,29
SIM,13,0,1,0,97,0,25,43,1,7,16,18,1900,0,30
SIM,13,0,1,0,98,1,25,37,1,6,16,18,1400,200,25
SIM,13,0,1,0,99,0,32,37,1,6,14,18,1900,50,30
SIM,13,0,1,0,100,1,32,37,1,6,14,18,1250,400,26
SIM,13,0,1,0,101,0,36,37,3,6,12,18,1500,50,30
SIM,13,0,1,0,102,1,47,37,2,6,12,18,250,450,22
SIM,13,0,1,0,103,0,51,37,4,6,11,18,300,100,30
SIM,13,0,1,0,104,1,51,34,4,5,11,18,150,600,20
SIM,13,0,1,0,105,0,56,45,5,4,11,18,50,0,30
SIM,13,0,1,0,106,1,56,36,5,1,11,18,50,750,0
SIM,13,0,1,0,107,0,56,36,5,1,11,18,0,100,20
SIM,13,0,1,0,108,1,56,34,5,2,11,18,0,800,0
SIM,13,0,1,0,109,0,56,45,5,1,11,18,0,50,20
SIM,13,0,1,0,110,1,56,48,5,2,11,18,0,600,0
SIM,13,0,1,0,111,0,53,48,4,2,11,18,0,100,20
SIM,13,0,1,0,112,1,53,42,4,0,11,18,0,800,0
SIM,13,0,1,0,113,0,53,42,4,0,11,18,0,100,20
SIM,13,0,1,0,114,1,53,34,4,1,11,18,0,600,2
SIM,13,0,1,0,115,0,50,34,3,1,11,18,150,100,22
SIM,13,0,1,0,116,1,50,41,3,1,11,18,0,500,5
SIM,13,0,1,0,117,0,50,41,3,1,11,18,150,500,25
SIM,13,0,1,0,118,1,50,36,3,2,11,18,0,800,1
SIM,13,0,1,0,119,0,47,36,2,2,11,18,350,300,21
SIM,13,0,1,0,120,1,47,33,2,1,11,18,0,800,0
SIM,13,0,1,0,121,0,50,33,3,1,11,18,250,100,20
SIM,13,0,1,0,122,1,50,29,3,2,11,18,100,400,0
SIM,13,0,1,0,123,0,47,29,2,2,11,18,450,400,20
SIM,13,0,1,0,124,1,47,25,2,2,11,18,50,800,4
SIM,13,0,1,0,125,0,44,25,2,2,11,18,250,300,24
SIM,13,0,1,0,126,1,44,22,2,1,11,18,100,900,3
SIM,13,0,1,0,127,0,42,22,3,1,11,18,250,750,23
SIM,13,0,1,0,128,1,42,20,3,2,11,18,100,1400,1
SIM,13,0,1,0,129,0,42,31,3,1,11,18,250,150,21
SIM,13,0,1,0,130,1,42,31,3,1,11,15,100,1000,0
SIM,13,0,1,0,131,0,45,42,4,0,11,15,200,400,20
SIM,13,0,1,0,132,1,45,45,4,1,11,12,50,1000,1
SIM,13,0,1,0,133,0,48,45,5,1,11,12,100,0,21
SIM,13,0,1,0,134,1,48,45,5,1,11,9,100,500,3
SIM,13,0,1,0,135,0,48,45,5,1,11,9,150,100,23
SIM,13,0,1,0,136,1,48,57,5,4,11,6,0,0,20
SIM,13,0,1,0,137,0,39,57,3,4,11,6,300,0,30
SIM,13,0,1,0,138,1,39,54,3,3,11,6,150,100,0
SIM,13,0,1,0,139,0,36,54,2,3,11,6,750,100,20
SIM,13,0,1,0,140,1,36,54,2,3,11,6,100,200,0
SIM,13,0,1,0,141,0,33,54,1,3,11,6,750,50,20
SIM,13,0,1,0,142,1,33,57,1,4,11,6,100,100,11
SIM,13,0,1,0,143,0,36,57,2,4,7,6,550,100,30
SIM,13,0,1,0,144,1,36,54,2,3,7,6,50,350,10
SIM,13,0,1,0,145,0,36,54,2,3,7,6,350,0,30
SIM,13,0,1,0,146,1,36,51,2,3,7,6,0,350,2
SIM,13,0,1,0,147,0,43,51,5,3,7,6,0,0,22
SIM,13,0,1,0,148,1,43,51,5,3,7,2,0,350,0
SIM,13,0,1,0,149,0,42,51,4,3,7,2,150,150,20
SIM,14,0,1,1,1,0,9,3,2,1,40,40,1000,0,20
SIM,14,0,1,1,2,1,20,3,1,1,40,39,250,950,5
SIM,14,0,1,1,3,0,23,14,2,0,40,39,1000,350,25
SIM,14,0,1,1,4,1,34,14,1,0,40,38,250,1350,20
SIM,14,0,1,1,5,0,37,14,2,0,40,38,900,1350,30
SIM,14,0,1,1,6,1,48,14,1,0,40,37,150,2250,25
SIM,14,0,1,1,7,0,51,14,2,0,40,37,700,1750,30
SIM,14,0,1,1,8,1,51,14,2,0,40,36,50,2650,21
SIM,14,0,1,1,9,0,54,14,3,0,40,36,450,2650,30
SIM,14,0,1,1,10,1,54,17,3,1,40,35,50,3350,12
SIM,14,0,1,1,11,0,57,17,4,1,40,35,250,2700,30
SIM,14,0,1,1,12,1,57,17,4,1,40,35,100,3550,3
SIM,14,0,1,1,13,0,60,28,5,0,40,35,250,2950,23
SIM,14,0,1,1,14,1,60,28,5,1,40,31,100,3650,11
SIM,14,0,1,1,15,0,60,28,5,1,40,31,400,3150,30
SIM,14,0,1,1,16,1,60,25,5,0,40,31,0,3950,20
SIM,14,0,1,1,17,0,66,25,6,0,40,31,100,3250,30
SIM,14,0,1,1,18,1,66,25,6,1,40,31,100,3850,26
SIM,14,0,1,1,19,0,60,25,5,1,40,31,400,3350,30
SIM,14,0,1,1,20,1,60,32,5,1,40,31,0,3850,17
SIM,14,0,1,1,21,0,63,32,5,1,40,31,150,3150,30
SIM,14,0,1,1,22,1,63,32,5,2,40,30,0,3450,25
SIM,14,0,1,1,23,0,60,32,4,2,40,30,200,2750,30
SIM,14,0,1,1,24,1,60,36,4,2,40,30,50,2950,4
SIM,14,0,1,1,25,0,57,36,3,2,40,30,300,2250,24
SIM,14,0,1,1,26,1,57,42,3,2,40,30,150,2450,0
SIM,14,0,1,1,27,0,52,42,3,2,40,30,400,1750,20
SIM,14,0,1,1,28,1,52,46,3,3,40,30,50,1650,1
SIM,14,0,1,1,29,0,49,46,3,3,40,30,400,950,21
SIM,14,0,1,1,30,1,49,54,3,4,40,29,50,550,0
SIM,14,0,1,1,31,0,44,54,3,4,40,29,400,50,20
SIM,14,0,1,1,32,1,44,61,3,5,40,29,50,0,3
SIM,14,0,1,1,33,0,43,61,2,5,40,29,600,0,23
SIM,14,0,1,1,34,1,43,62,2,6,40,29,100,0,15
SIM,14,0,1,1,35,0,35,62,1,6,40,29,700,0,30
SIM,14,0,1,1,36,1,35,60,1,6,40,29,0,0,27
SIM,14,0,1,1,37,0,21,60,1,6,40,29,600,0,30
SIM,14,0,1,1,38,1,21,56,1,5,40,29,100,0,23
SIM,14,0,1,1,39,0,14,56,0,5,37,29,1000,0,30
SIM,14,0,1,1,40,1,14,56,0,5,37,29,1000,0,30
SIM,14,0,1,1,41,0,17,56,1,5,31,29,1700,0,30
SIM,14,0,1,1,42,1,17,52,1,4,31,29,1200,0,17
SIM,14,0,1,1,43,0,14,52,0,4,28,29,2100,0,30
SIM,14,0,1,1,44,1,14,52,0,4,28,29,2100,0,30
SIM,14,0,1,1,45,0,17,52,1,4,18,29,2800,0,30
SIM,14,0,1,1,46,1,17,49,1,3,18,29,2300,0,21
SIM,14,0,1,1,47,0,14,49,0,3,15,29,3200,0,30
SIM,14,0,1,1,48,1,14,49,0,3,15,29,3200,0,30
SIM,14,0,1,1,49,0,17,49,1,3,6,29,3900,0,30
SIM,14,0,1,1,50,1,17,43,1,3,6,29,3200,0,25
SIM,15,0,1,2,1,0,9,3,2,1,40,40,1000,0,20
SIM,15,0,1,2,2,1,20,3,1,1,40,40,250,950,3
SIM,15,0,1,2,3,0,23,14,2,0,40,40,1000,350,23
SIM,15,0,1,2,4,1,34,14,1,0,40,39,250,1350,16
SIM,15,0,1,2,5,0,37,14,2,0,40,39,900,1350,30
SIM,15,0,1,2,6,1,48,14,1,0,40,38,150,2250,25
SIM,15,0,1,2,7,0,51,14,2,0,40,38,700,1550,30
SIM,15,0,1,2,8,1,51,14,2,0,40,37,50,2450,17
SIM,15,0,1,2,9,0,54,14,3,0,40,37,450,2450,30
SIM,15,0,1,2,10,1,54,24,3,1,40,36,50,3050,27
SIM,15,0,1,2,11,0,60,24,4,1,40,36,100,2350,30
SIM,15,0,1,2,12,1,60,18,4,1,40,35,100,2950,2
SIM,15,0,1,2,13,0,57,18,3,1,40,35,350,2950,22
SIM,15,0,1,2,14,1,57,25,3,2,40,34,0,3250,3
SIM,15,0,1,2,15,0,55,25,4,2,40,34,150,2550,23
SIM,15,0,1,2,16,1,55,19,4,1,40,34,0,3150,4
SIM,15,0,1,2,17,0,57,19,4,1,40,34,300,3150,24
SIM,15,0,1,2,18,1,57,27,4,2,40,33,150,3450,9
SIM,15,0,1,2,19,0,54,27,3,2,40,33,500,2950,29
SIM,15,0,1,2,20,1,54,24,3,1,40,32,0,3550,20
SIM,15,0,1,2,21,0,51,24,2,1,40,32,450,3550,30
SIM,15,0,1,2,22,1,51,27,2,2,40,31,100,3950,13
SIM,15,0,1,2,23,0,51,27,3,2,40,31,450,3300,30
SIM,15,0,1,2,24,1,51,25,3,2,40,31,100,3850,3
SIM,15,0,1,2,25,0,54,36,4,1,40,31,350,3250,23
SIM,15,0,1,2,26,1,54,35,4,2,40,27,0,3650,1
SIM,15,0,1,2,27,0,54,35,4,2,40,27,400,3000,21
SIM,15,0,1,2,28,1,54,35,4,2,40,27,400,3450,0
SIM,15,0,1,2,29,0,51,46,3,1,40,27,850,2200,20
SIM,15,0,1,2,30,1,51,52,3,3,40,25,0,2450,10
SIM,15,0,1,2,31,0,51,52,3,3,40,25,450,1800,30
SIM,15,0,1,2,32,1,51,55,3,4,40,25,100,1900,3
SIM,15,0,1,2,33,0,57,55,5,4,40,25,300,750,23
SIM,15,0,1,2,34,1,57,55,5,4,40,25,150,850,1
SIM,15,0,1,2,35,0,54,55,4,4,40,25,500,200,21
SIM,15,0,1,2,36,1,54,61,4,6,40,25,0,0,0
SIM,15,0,1,2,37,0,45,61,1,6,40,25,650,0,20
SIM,15,0,1,2,38,1,45,64,1,7,40,25,650,0,17
SIM,15,0,1,2,39,0,39,64,1,7,40,25,1150,0,30
SIM,15,0,1,2,40,1,39,61,1,6,40,25,650,0,25
SIM,15,0,1,2,41,0,36,61,0,6,40,25,1350,0,30
SIM,15,0,1,2,42,1,36,61,0,6,40,25,650,0,29
SIM,15,0,1,2,43,0,39,61,1,6,32,25,1150,0,30
SIM,15,0,1,2,44,1,39,58,1,5,32,25,450,0,25
SIM,15,0,1,2,45,0,46,58,1,5,28,25,850,0,30
SIM,15,0,1,2,46,1,46,55,1,4,28,25,150,100,24
SIM,15,0,1,2,47,0,51,55,2,4,24,25,250,100,30
SIM,15,0,1,2,48,1,51,49,2,2,24,25,50,450,4
SIM,15,0,1,2,49,0,59,49,4,2,24,25,0,100,24
SIM,15,0,1,2,50,1,59,41,4,2,24,25,0,650,9
SIM,15,0,1,2,51,0,57,41,4,2,24,25,0,0,29
SIM,15,0,1,2,52,1,57,38,4,1,24,25,0,650,1
SIM,15,0,1,2,53,0,57,38,4,1,24,25,0,0,21
SIM,15,0,1,2,54,1,57,41,4,2,24,25,0,450,1
SIM,15,0,1,2,55,0,54,41,3,2,24,25,0,50,21
SIM,15,0,1,2,56,1,54,39,3,2,24,25,0,350,12
SIM,15,0,1,2,57,0,46,39,2,2,24,25,100,150,30
SIM,15,0,1,2,58,1,46,34,2,2,24,25,100,550,23
SIM,15,0,1,2,59,0,41,34,1,2,24,25,500,50,30
SIM,15,0,1,2,60,1,41,30,1,2,24,25,0,550,27
SIM,15,0,1,2,61,0,36,30,1,2,24,25,400,50,30
SIM,15,0,1,2,62,1,36,30,1,2,24,25,50,450,14
SIM,15,0,1,2,63,0,36,30,4,2,24,25,200,100,30
SIM,15,0,1,2,64,1,36,30,4,3,24,25,50,550,0
SIM,15,0,1,2,65,0,33,30,4,3,24,25,450,50,20
SIM,15,0,1,2,66,1,33,25,4,2,24,25,100,600,0
SIM,15,0,1,2,67,0,36,36,5,1,24,25,450,0,20
SIM,15,0,1,2,68,1,36,38,5,1,24,25,100,600,0
SIM,15,0,1,2,69,0,39,38,6,1,24,25,350,100,20
SIM,15,0,1,2,70,1,39,33,6,0,24,25,0,800,0
SIM,15,0,1,2,71,0,45,33,8,0,24,25,100,100,20
SIM,15,0,1,2,72,1,45,26,8,1,24,25,100,600,7
SIM,15,0,1,2,73,0,44,26,7,1,24,25,400,100,27
SIM,15,0,1,2,74,1,44,31,7,1,24,25,0,500,2
SIM,15,0,1,2,75,0,47,31,7,1,24,25,150,0,22
SIM,15,0,1,2,76,1,47,29,7,2,24,23,0,300,6
SIM,15,0,1,2,77,0,44,29,6,2,24,23,250,150,26
SIM,15,0,1,2,78,1,44,32,6,3,24,21,100,400,4
SIM,15,0,1,2,79,0,41,32,5,3,24,21,400,0,24
SIM,15,0,1,2,80,1,41,35,5,3,24,19,50,250,1
SIM,15,0,1,2,81,0,41,35,5,3,24,19,350,50,21
SIM,15,0,1,2,82,1,41,35,5,3,24,18,350,250,0
SIM,15,0,1,2,83,0,33,35,3,3,24,18,800,100,20
SIM,15,0,1,2,84,1,33,35,3,3,24,18,800,350,0
SIM,15,0,1,2,85,0,27,35,2,3,24,18,1300,150,20
SIM,15,0,1,2,86,1,27,35,2,3,24,18,100,350,2
SIM,15,0,1,2,87,0,21,35,2,3,24,18,700,150,22
SIM,15,0,1,2,88,1,21,33,2,3,24,18,700,350,14
SIM,15,0,1,2,89,0,17,33,1,3,24,18,1400,0,30
SIM,15,0,1,2,90,1,17,34,1,4,24,18,750,350,16
SIM,15,0,1,2,91,0,17,34,1,4,23,18,1600,200,30
SIM,15,0,1,2,92,1,28,37,0,5,23,18,1000,500,28
SIM,15,0,1,2,93,0,31,37,1,5,21,18,1700,0,30
SIM,15,0,1,2,94,1,31,34,1,4,21,18,1200,350,25
SIM,15,0,1,2,95,0,28,34,0,4,19,18,2000,0,30
SIM,15,0,1,2,96,1,28,43,0,7,19,18,1300,0,29
SIM,15,0,1,2,97,0,25,43,1,7,16,18,1900,0,30
SIM,15,0,1,2,98,1,25,37,1,6,16,18,1400,200,25
SIM,15,0,1,2,99,0,32,37,1,6,14,18,1900,50,30
SIM,15,0,1,2,100,1,32,37,1,6,14,18,1250,400,26
SIM,15,0,1,2,101,0,36,37,3,6,12,18,1500,50,30
SIM,15,0,1,2,102,1,47,37,2,6,12,18,250,450,22
SIM,15,0,1,2,103,0,51,37,4,6,11,18,300,100,30
SIM,15,0,1,2,104,1,51,34,4,5,11,18,150,600,20
SIM,15,0,1,2,105,0,56,45,5,4,11,18,50,0,30
SIM,15,0,1,2,106,1,56,36,5,1,11,18,50,750,0
SIM,15,0,1,2,107,0,56,36,5,1,11,18,0,100,20
SIM,15,0,1,2,108,1,56,34,5,2,11,18,0,800,0
SIM,15,0,1,2,109,0,56,45,5,1,11,18,0,50,20
SIM,15,0,1,2,110,1,56,48,5,2,11,18,0,600,0
SIM,15,0,1,2,111,0,53,48,4,2,11,18,0,100,20
SIM,15,0,1,2,112,1,53,42,4,0,11,18,0,800,0
SIM,15,0,1,2,113,0,53,42,4,0,11,18,0,100,20
SIM,15,0,1,2,114,1,53,34,4,1,11,18,0,600,2
SIM,15,0,1,2,115,0,50,34,3,1,11,18,150,100,22
SIM,15,0,1,2,116,1,50,41,3,1,11,18,0,500,5
SIM,15,0,1,2,117,0,50,41,3,1,11,18,150,500,25
SIM,15,0,1,2,118,1,50,36,3,2,11,18,0,800,1
SIM,15,0,1,2,119,0,47,36,2,2,11,18,350,300,21
SIM,15,0,1,2,120,1,47,33,2,1,11,18,0,800,0
SIM,15,0,1,2,121,0,50,33,3,1,11,18,250,100,20
SIM,15,0,1,2,122,1,50,29,3,2,11,18,100,400,0
SIM,15,0,1,2,123,0,47,29,2,2,11,18,450,400,20
SIM,15,0,1,2,124,1,47,25,2,2,11,18,50,800,4
SIM,15,0,1,2,125,0,44,25,2,2,11,18,250,300,24
SIM,15,0,1,2,126,1,44,22,2,1,11,18,100,900,3
SIM,15,0,1,2,127,0,42,22,3,1,11,18,250,750,23
SIM,15,0,1,2,128,1,42,20,3,2,11,18,100,1400,1
SIM,15,0,1,2,129,0,42,31,3,1,11,18,250,150,21
SIM,15,0,1,2,130,1,42,31,3,1,11,15,100,1000,0
SIM,15,0,1,2,131,0,45,42,4,0,11,15,200,400,20
SIM,15,0,1,2,132,1,45,45,4,1,11,12,50,1000,1
SIM,15,0,1,2,133,0,48,45,5,1,11,12,100,0,21
SIM,15,0,1,2,134,1,48,45,5,1,11,9,100,500,3
SIM,15,0,1,2,135,0,48,45,5,1,11,9,150,100,23
SIM,15,0,1,2,136,1,48,57,5,4,11,6,0,0,20
SIM,15,0,1,2,137,0,39,57,3,4,11,6,300,0,30
SIM,15,0,1,2,138,1,39,54,3,3,11,6,150,100,0
SIM,15,0,1,2,139,0,36,54,2,3,11,6,750,100,20
SIM,15,0,1,2,140,1,36,54,2,3,11,6,100,200,0
SIM,15,0,1,2,141,0,33,54,1,3,11,6,750,50,20
SIM,15,0,1,2,142,1,33,57,1,4,11,6,100,100,11
SIM,15,0,1,2,143,0,36,57,2,4,7,6,550,100,30
SIM,15,0,1,2,144,1,36,54,2,3,7,6,50,350,10
SIM,15,0,1,2,145,0,36,54,2,3,7,6,350,0,30
SIM,15,0,1,2,146,1,36,51,2,3,7,6,0,350,2
SIM,15,0,1,2,147,0,43,51,5,3,7,6,0,0,22
SIM,15,0,1,2,148,1,43,51,5,3,7,2,0,350,0
SIM,15,0,1,2,149,0,42,51,4,3,7,2,150,150,20
SIM,16,1,1,0,1,0,3,9,1,2,40,40,1000,0,20
SIM,16,1,1,0,2,1,14,9,0,2,40,40,250,750,17
SIM,16,1,1,0,3,0,17,20,1,1,40,40,1200,0,30
SIM,16,1,1,0,4,1,28,23,0,2,40,40,600,750,28
SIM,16,1,1,0,5,0,25,34,0,1,40,40,1500,0,30
SIM,16,1,1,0,6,1,25,37,0,2,40,40,1000,650,29
SIM,16,1,1,0,7,0,22,48,0,1,40,40,1800,50,30
SIM,16,1,1,0,8,1,22,48,0,1,40,40,1100,650,29
SIM,16,1,1,0,9,0,22,48,1,1,40,40,1700,0,30
SIM,16,1,1,0,10,1,22,45,1,1,40,40,1050,650,16
SIM,16,1,1,0,11,0,35,45,3,1,40,40,1300,0,30
SIM,16,1,1,0,12,1,46,42,2,2,40,40,50,450,16
SIM,16,1,1,0,13,0,49,42,3,2,40,40,300,100,30
SIM,16,1,1,0,14,1,49,45,3,3,40,40,150,450,1
SIM,16,1,1,0,15,0,50,45,4,3,40,40,100,100,21
SIM,16,1,1,0,16,1,50,42,4,2,40,40,100,650,0
SIM,16,1,1,0,17,0,48,42,4,2,40,40,50,150,20
SIM,16,1,1,0,18,1,48,36,4,0,40,40,50,850,1
SIM,16,1,1,0,19,0,48,36,4,0,40,40,0,150,21
SIM,16,1,1,0,20,1,48,31,4,1,40,36,0,750,6
SIM,16,1,1,0,21,0,45,31,3,1,40,36,150,50,26
SIM,16,1,1,0,22,1,45,38,3,1,40,33,0,550,1
SIM,16,1,1,0,23,0,47,38,3,1,40,33,150,550,21
SIM,16,1,1,0,24,1,47,48,3,2,40,26,0,750,12
SIM,16,1,1,0,25,0,44,48,2,2,40,26,350,250,30
SIM,16,1,1,0,26,1,44,48,2,2,40,23,0,450,19
SIM,16,1,1,0,27,0,42,48,3,2,40,23,250,50,30
SIM,16,1,1,0,28,1,42,55,3,4,40,20,100,0,10
SIM,16,1,1,0,29,0,36,55,1,4,40,20,750,0,30
SIM,16,1,1,0,30,1,36,55,1,4,40,20,250,0,22
SIM,16,1,1,0,31,0,25,55,0,4,40,20,1050,0,30
SIM,16,1,1,0,32,1,25,55,0,4,40,20,350,0,29
SIM,16,1,1,0,33,0,25,55,1,4,36,20,950,0,30
SIM,16,1,1,0,34,1,25,52,1,3,36,20,450,0,21
SIM,16,1,1,0,35,0,27,52,1,3,36,20,950,0,30
SIM,16,1,1,0,36,1,27,47,1,3,36,20,250,0,24
SIM,16,1,1,0,37,0,19,47,2,3,36,20,650,0,30
SIM,16,1,1,0,38,1,19,36,2,1,36,20,0,500,14
SIM,16,1,1,0,39,0,20,36,2,1,36,20,650,0,30
SIM,16,1,1,0,40,1,31,30,1,1,36,20,50,500,20
SIM,16,1,1,0,41,0,31,30,1,1,36,20,750,0,30
SIM,16,1,1,0,42,1,31,31,1,1,36,20,100,600,26
SIM,16,1,1,0,43,0,31,31,1,1,36,20,850,100,30
SIM,16,1,1,0,44,1,42,34,0,2,36,20,250,500,28
SIM,16,1,1,0,45,0,45,34,1,2,32,20,850,0,30
SIM,16,1,1,0,46,1,45,34,1,2,32,20,150,400,25
SIM,16,1,1,0,47,0,36,34,0,2,32,20,850,0,30
SIM,16,1,1,0,48,1,36,43,0,4,32,20,150,0,29
SIM,16,1,1,0,49,0,38,43,1,4,32,20,650,0,30
SIM,16,1,1,0,50,1,38,40,1,3,32,20,150,200,9
SIM,16,1,1,0,51,0,38,40,1,3,31,20,650,50,29
SIM,16,1,1,0,52,1,38,40,1,3,31,20,150,400,8
SIM,16,1,1,0,53,0,35,40,2,3,30,20,450,50,28
SIM,16,1,1,0,54,1,35,37,2,3,30,20,100,650,16
SIM,16,1,1,0,55,0,42,48,5,2,30,20,50,50,30
SIM,16,1,1,0,56,1,42,36,5,0,30,20,50,850,0
SIM,16,1,1,0,57,0,42,36,5,0,30,20,0,200,20
SIM,16,1,1,0,58,1,42,31,5,1,30,20,0,950,3
SIM,16,1,1,0,59,0,42,42,5,0,30,20,0,200,23
SIM,16,1,1,0,60,1,42,48,5,2,30,12,0,750,0
SIM,16,1,1,0,61,0,41,48,4,2,30,12,150,50,20
SIM,16,1,1,0,62,1,41,42,4,0,30,12,0,750,0
SIM,16,1,1,0,63,0,44,42,5,0,30,12,100,50,20
SIM,16,1,1,0,64,1,44,52,5,1,30,7,100,450,2
SIM,16,1,1,0,65,0,41,52,4,1,30,7,300,50,22
SIM,17,1,1,1,1,0,3,9,1,2,40,40,1000,0,20
SIM,17,1,1,1,2,1,14,9,0,2,40,40,250,750,17
SIM,17,1,1,1,3,0,17,20,1,1,39,40,1200,0,30
SIM,17,1,1,1,4,1,28,23,0,2,39,40,600,750,28
SIM,17,1,1,1,5,0,28,34,0,1,38,40,1500,0,30
SIM,17,1,1,1,6,1,28,37,0,2,38,40,1000,650,29
SIM,17,1,1,1,7,0,28,48,0,1,37,40,1800,50,30
SIM,17,1,1,1,8,1,28,48,0,1,37,40,1100,650,29
SIM,17,1,1,1,9,0,31,48,1,1,36,40,1700,0,30
SIM,17,1,1,1,10,1,31,45,1,1,36,40,1050,650,16
SIM,17,1,1,1,11,0,44,45,3,1,36,40,1300,0,30
SIM,17,1,1,1,12,1,55,48,2,2,36,40,50,450,4
SIM,17,1,1,1,13,0,58,48,3,2,36,40,300,100,24
SIM,17,1,1,1,14,1,58,51,3,3,36,40,150,450,2
SIM,17,1,1,1,15,0,59,51,4,3,36,40,250,100,22
SIM,17,1,1,1,16,1,59,54,4,4,36,40,100,500,1
SIM,17,1,1,1,17,0,59,54,4,4,36,40,200,0,21
SIM,17,1,1,1,18,1,59,48,4,2,36,40,50,550,1
SIM,17,1,1,1,19,0,61,48,4,2,36,40,300,50,21
SIM,17,1,1,1,20,1,61,48,4,2,36,40,150,500,3
SIM,17,1,1,1,21,0,61,48,4,2,36,40,400,0,23
SIM,17,1,1,1,22,1,61,48,4,2,36,40,50,300,4
SIM,17,1,1,1,23,0,58,48,5,2,36,40,200,150,24
SIM,17,1,1,1,24,1,58,49,5,3,36,40,50,400,6
SIM,17,1,1,1,25,0,54,49,4,3,36,40,500,50,26
SIM,17,1,1,1,26,1,54,54,4,4,36,40,0,350,1
SIM,17,1,1,1,27,0,51,54,3,4,36,40,500,0,21
SIM,17,1,1,1,28,1,51,58,3,6,36,40,0,150,18
SIM,17,1,1,1,29,0,49,58,3,6,36,40,350,0,30
SIM,17,1,1,1,30,1,49,57,3,5,36,40,0,200,22
SIM,17,1,1,1,31,0,52,57,4,5,36,40,150,50,30
SIM,17,1,1,1,32,1,52,52,4,4,36,40,0,350,10
SIM,17,1,1,1,33,0,51,52,3,4,36,40,350,200,30
SIM,17,1,1,1,34,1,51,51,3,3,36,40,0,600,1
SIM,17,1,1,1,35,0,54,51,4,3,36,40,250,100,21
SIM,17,1,1,1,36,1,54,45,4,1,36,40,100,750,0
SIM,17,1,1,1,37,0,57,45,5,1,36,40,300,100,20
SIM,17,1,1,1,38,1,57,46,5,2,36,39,150,550,0
SIM,17,1,1,1,39,0,57,46,5,2,36,39,400,50,20
SIM,17,1,1,1,40,1,57,44,5,2,36,39,50,350,1
SIM,17,1,1,1,41,0,57,44,5,2,36,39,400,0,21
SIM,17,1,1,1,42,1,57,51,5,5,36,39,50,0,0
SIM,17,1,1,1,43,0,54,51,4,5,36,39,450,0,20
SIM,17,1,1,1,44,1,54,48,4,4,36,39,50,150,0
SIM,17,1,1,1,45,0,52,48,3,4,36,39,350,0,20
SIM,17,1,1,1,46,1,52,47,3,3,36,39,0,400,0
SIM,17,1,1,1,47,0,55,47,4,3,36,39,250,50,20
SIM,17,1,1,1,48,1,55,47,4,3,36,39,100,400,0
SIM,17,1,1,1,49,0,54,47,3,3,36,39,500,50,20
SIM,17,1,1,1,50,1,54,50,3,4,36,39,0,350,2
SIM,17,1,1,1,51,0,49,50,2,4,36,39,450,0,22
SIM,17,1,1,1,52,1,49,53,2,5,36,39,100,250,18
SIM,17,1,1,1,53,0,54,53,4,5,36,39,400,100,30
SIM,17,1,1,1,54,1,54,51,4,5,36,39,50,350,13
SIM,17,1,1,1,55,0,55,51,5,5,36,39,300,0,30
SIM,17,1,1,1,56,1,55,53,5,5,36,39,150,400,12
SIM,17,1,1,1,57,0,57,53,5,5,36,39,550,50,30
SIM,17,1,1,1,58,1,57,57,5,7,36,39,50,300,1
SIM,17,1,1,1,59,0,55,57,5,7,35,39,450,150,21
SIM,17,1,1,1,60,1,55,59,5,7,35,39,100,400,17
SIM,17,1,1,1,61,0,63,59,7,7,34,39,200,50,30
SIM,17,1,1,1,62,1,63,59,7,7,34,39,50,300,12
SIM,17,1,1,1,63,0,63,59,7,7,34,39,200,150,30
SIM,17,1,1,1,64,1,63,57,7,7,34,39,50,400,5
SIM,17,1,1,1,65,0,63,57,7,7,34,39,250,50,25
SIM,17,1,1,1,66,1,63,60,7,8,34,39,100,200,0
SIM,17,1,1,1,67,0,63,60,7,8,34,39,450,50,20
SIM,17,1,1,1,68,1,63,63,7,9,34,39,100,150,17
SIM,17,1,1,1,69,0,64,63,8,9,34,39,350,0,30
SIM,17,1,1,1,70,1,64,65,8,9,34,39,0,150,4
SIM,17,1,1,1,71,0,67,65,9,9,34,39,150,0,24
SIM,17,1,1,1,72,1,67,65,9,9,34,39,0,200,7
SIM,17,1,1,1,73,0,69,65,9,9,34,39,200,50,27
SIM,17,1,1,1,74,1,69,66,9,10,34,39,50,200,1
SIM,17,1,1,1,75,0,70,66,10,10,34,39,200,200,21
SIM,17,1,1,1,76,1,70,65,10,9,34,39,200,450,0
SIM,17,1,1,1,77,0,70,65,10,9,34,39,350,300,20
SIM,17,1,1,1,78,1,70,66,10,10,34,39,350,500,0
SIM,17,1,1,1,79,0,70,66,10,10,34,39,500,500,20
SIM,17,1,1,1,80,1,70,65,10,9,34,39,500,750,0
SIM,17,1,1,1,81,0,70,65,10,9,34,39,650,250,20
SIM,17,1,1,1,82,1,70,63,10,9,34,39,650,500,0
SIM,17,1,1,1,83,0,70,63,10,9,34,39,800,500,20
SIM,17,1,1,1,84,1,70,65,10,9,34,39,800,600,0
SIM,17,1,1,1,85,0,67,65,9,9,34,39,1000,100,20
SIM,17,1,1,1,86,1,67,63,9,9,34,39,500,200,0
SIM,17,1,1,1,87,0,66,63,8,9,34,39,800,200,20
SIM,17,1,1,1,88,1,66,66,8,10,34,39,300,100,0
SIM,17,1,1,1,89,0,63,66,7,10,34,39,500,100,20
SIM,17,1,1,1,90,1,63,63,7,9,34,39,0,50,0
SIM,17,1,1,1,91,0,60,63,6,9,34,39,100,50,20
SIM,17,1,1,1,92,1,60,57,6,7,34,39,100,100,12
SIM,17,1,1,1,93,0,60,57,6,7,34,39,50,100,30
SIM,17,1,1,1,94,1,60,50,6,4,34,39,50,450,8
SIM,17,1,1,1,95,0,57,50,5,4,34,39,50,100,28
SIM,17,1,1,1,96,1,57,50,5,4,34,39,50,400,0
SIM,17,1,1,1,97,0,52,50,4,4,34,39,250,0,20
SIM,17,1,1,1,98,1,52,50,4,3,34,39,100,250,14
SIM,17,1,1,1,99,0,52,50,4,3,34,39,450,50,30
SIM,17,1,1,1,100,1,52,50,4,3,34,39,100,250,12
SIM,17,1,1,1,101,0,52,50,4,3,34,39,550,100,30
SIM,17,1,1,1,102,1,52,51,4,4,34,39,50,250,12
SIM,17,1,1,1,103,0,45,51,1,4,34,39,650,100,30
SIM,17,1,1,1,104,1,45,52,1,5,34,39,150,200,27
SIM,17,1,1,1,105,0,39,52,1,5,34,39,650,50,30
SIM,17,1,1,1,106,1,39,53,1,5,34,39,150,300,21
SIM,17,1,1,1,107,0,39,53,1,5,33,39,650,150,30
SIM,17,1,1,1,108,1,39,53,1,5,33,39,500,400,25
SIM,17,1,1,1,109,0,42,53,2,5,32,39,950,0,30
SIM,17,1,1,1,110,1,42,56,2,5,32,39,100,250,6
SIM,17,1,1,1,111,0,45,56,3,5,31,39,450,100,26
SIM,17,1,1,1,112,1,45,54,3,5,31,39,100,350,13
SIM,17,1,1,1,113,0,51,54,5,5,30,39,200,0,30
SIM,17,1,1,1,114,1,51,53,5,4,30,39,50,300,1
SIM,17,1,1,1,115,0,49,53,5,4,30,39,200,150,21
SIM,17,1,1,1,116,1,49,47,5,3,30,39,50,650,0
SIM,17,1,1,1,117,0,51,47,5,3,30,39,200,0,20
SIM,17,1,1,1,118,1,51,44,5,2,30,39,200,550,0
SIM,17,1,1,1,119,0,49,44,5,2,30,39,350,550,20
SIM,17,1,1,1,120,1,49,41,5,1,30,39,0,1050,0
SIM,17,1,1,1,121,0,52,41,6,1,30,39,50,550,20
SIM,17,1,1,1,122,1,52,38,6,0,30,39,50,1250,0
SIM,17,1,1,1,123,0,52,38,6,0,30,39,100,550,20
SIM,17,1,1,1,124,1,52,35,6,1,30,35,100,1050,1
SIM,17,1,1,1,125,0,49,35,5,1,30,35,200,350,21
SIM,17,1,1,1,126,1,49,40,5,1,30,31,50,750,0
SIM,17,1,1,1,127,0,49,40,5,1,30,31,300,50,20
SIM,17,1,1,1,128,1,49,48,5,2,30,27,150,150,0
SIM,17,1,1,1,129,0,46,48,4,2,30,27,600,0,20
SIM,17,1,1,1,130,1,46,61,4,4,30,26,100,0,0
SIM,17,1,1,1,131,0,39,61,1,4,30,26,750,0,20
SIM,17,1,1,1,132,1,39,61,1,4,30,26,100,0,18
SIM,17,1,1,1,133,0,42,61,2,4,30,26,550,0,30
SIM,17,1,1,1,134,1,42,58,2,3,30,26,50,0,15
SIM,17,1,1,1,135,0,39,58,1,3,30,26,550,0,30
SIM,17,1,1,1,136,1,39,54,1,3,30,26,50,0,5
SIM,17,1,1,1,137,0,34,54,1,3,30,26,550,0,25
SIM,17,1,1,1,138,1,34,48,1,3,30,26,50,0,8
SIM,17,1,1,1,139,0,31,48,1,3,30,26,650,0,28
SIM,17,1,1,1,140,1,31,44,1,2,30,26,150,200,11
SIM,17,1,1,1,141,0,31,44,1,2,27,26,750,50,30
SIM,17,1,1,1,142,1,31,41,1,3,27,26,250,200,21
SIM,17,1,1,1,143,0,31,41,1,3,24,26,850,50,30
SIM,17,1,1,1,144,1,31,41,1,3,24,26,150,200,17
SIM,17,1,1,1,145,0,26,41,1,3,24,26,750,50,30
SIM,17,1,1,1,146,1,26,41,1,3,24,26,250,200,17
SIM,17,1,1,1,147,0,28,41,1,3,24,26,750,50,30
SIM,17,1,1,1,148,1,28,41,1,3,24,26,50,200,24
SIM,17,1,1,1,149,0,27,41,2,3,21,26,450,50,30
SIM,17,1,1,1,150,1,27,37,2,2,21,26,50,500,20
SIM,17,1,1,1,151,0,30,37,2,2,21,26,450,0,30
SIM,17,1,1,1,152,1,30,31,2,1,21,26,50,500,17
SIM,17,1,1,1,153,0,36,31,3,1,18,26,250,0,30
SIM,17,1,1,1,154,1,36,27,3,1,18,26,100,600,0
SIM,17,1,1,1,155,0,33,27,3,1,18,26,450,100,20
SIM,17,1,1,1,156,1,33,27,3,1,18,26,300,700,0
SIM,17,1,1,1,157,0,33,27,3,1,18,26,650,50,20
SIM,17,1,1,1,158,1,44,27,2,2,18,26,50,600,5
SIM,17,1,1,1,159,0,38,38,1,1,18,26,650,0,25
SIM,17,1,1,1,160,1,38,38,1,1,18,26,0,600,18
SIM,18,1,1,2,1,0,3,9,1,2,40,40,1000,0,20
SIM,18,1,1,2,2,1,14,9,0,2,40,40,250,750,17
SIM,18,1,1,2,3,0,17,20,1,1,40,40,1200,0,30
SIM,18,1,1,2,4,1,28,23,0,2,40,40,600,750,28
SIM,18,1,1,2,5,0,25,34,0,1,40,40,1500,0,30
SIM,18,1,1,2,6,1,25,37,0,2,40,40,1000,650,29
SIM,18,1,1,2,7,0,22,48,0,1,40,40,1800,50,30
SIM,18,1,1,2,8,1,22,48,0,1,40,40,1100,650,29
SIM,18,1,1,2,9,0,22,48,1,1,40,40,1700,0,30
SIM,18,1,1,2,10,1,22,45,1,1,40,40,1050,650,16
SIM,18,1,1,2,11,0,35,45,3,1,40,40,1300,0,30
SIM,18,1,1,2,12,1,46,48,2,2,40,40,50,450,2
SIM,18,1,1,2,13,0,47,48,4,2,40,40,200,100,22
SIM,18,1,1,2,14,1,47,45,4,3,40,40,50,450,0
SIM,18,1,1,2,15,0,45,45,4,3,40,40,250,100,20
SIM,18,1,1,2,16,1,45,45,4,3,40,40,100,450,0
SIM,18,1,1,2,17,0,43,45,4,3,40,40,450,100,20
SIM,18,1,1,2,18,1,43,48,4,4,40,40,100,500,3
SIM,18,1,1,2,19,0,46,48,5,4,40,40,350,0,23
SIM,18,1,1,2,20,1,46,43,5,3,40,40,0,500,1
SIM,18,1,1,2,21,0,51,43,6,3,40,40,150,0,21
SIM,18,1,1,2,22,1,51,38,6,4,40,40,0,400,4
SIM,18,1,1,2,23,0,49,38,6,4,40,40,200,50,24
SIM,18,1,1,2,24,1,49,43,6,5,40,40,50,350,4
SIM,18,1,1,2,25,0,46,43,5,5,40,40,300,0,24
SIM,18,1,1,2,26,1,46,44,5,6,40,40,150,350,1
SIM,18,1,1,2,27,0,45,44,4,6,40,40,450,150,21
SIM,18,1,1,2,28,1,45,43,4,5,40,40,100,500,12
SIM,18,1,1,2,29,0,45,43,4,5,40,40,350,0,30
SIM,18,1,1,2,30,1,45,37,4,3,40,40,0,550,13
SIM,18,1,1,2,31,0,48,37,5,3,40,40,200,150,30
SIM,18,1,1,2,32,1,48,41,5,4,40,40,50,400,0
SIM,18,1,1,2,33,0,45,41,4,4,40,40,350,50,20
SIM,18,1,1,2,34,1,45,43,4,4,40,40,0,450,0
SIM,18,1,1,2,35,0,46,43,5,4,40,40,250,100,20
SIM,18,1,1,2,36,1,46,46,5,5,40,40,100,450,2
SIM,18,1,1,2,37,0,44,46,5,5,40,40,350,100,22
SIM,18,1,1,2,38,1,44,47,5,6,40,40,0,350,0
SIM,18,1,1,2,39,0,46,47,5,6,40,40,200,0,20
SIM,18,1,1,2,40,1,46,47,5,6,40,40,50,200,0
SIM,18,1,1,2,41,0,42,47,5,6,40,40,300,50,20
SIM,18,1,1,2,42,1,42,45,5,6,40,40,150,300,0
SIM,18,1,1,2,43,0,38,45,4,6,40,40,700,150,20
SIM,18,1,1,2,44,1,49,47,3,6,40,40,100,400,15
SIM,18,1,1,2,45,0,45,47,1,6,40,40,850,400,30
SIM,18,1,1,2,46,1,45,47,1,6,40,40,0,650,27
SIM,18,1,1,2,47,0,48,58,2,5,39,40,550,50,30
SIM,18,1,1,2,48,1,48,56,2,5,39,40,50,350,8
SIM,18,1,1,2,49,0,48,56,2,5,37,40,500,200,28
SIM,18,1,1,2,50,1,48,56,2,5,37,40,0,450,23
SIM,18,1,1,2,51,0,48,56,2,5,36,40,450,100,30
SIM,18,1,1,2,52,1,48,58,2,6,36,40,100,400,26
SIM,18,1,1,2,53,0,55,58,5,6,35,40,200,50,30
SIM,18,1,1,2,54,1,55,57,5,5,35,40,50,400,3
SIM,18,1,1,2,55,0,57,57,5,5,35,40,150,50,23
SIM,18,1,1,2,56,1,57,55,5,5,35,40,0,400,4
SIM,18,1,1,2,57,0,57,55,5,5,35,40,250,50,24
SIM,18,1,1,2,58,1,57,57,5,5,35,40,100,400,2
SIM,18,1,1,2,59,0,58,57,6,5,35,40,300,50,22
SIM,18,1,1,2,60,1,58,58,6,6,35,40,150,350,1
SIM,18,1,1,2,61,0,58,58,6,6,35,40,500,0,21
SIM,18,1,1,2,62,1,58,63,6,7,35,40,0,200,18
SIM,18,1,1,2,63,0,54,63,4,7,35,40,450,50,30
SIM,18,1,1,2,64,1,54,64,4,8,35,40,100,200,26
SIM,18,1,1,2,65,0,60,64,6,8,34,40,300,50,30
SIM,18,1,1,2,66,1,60,63,6,7,34,40,150,300,4
SIM,18,1,1,2,67,0,60,63,6,7,34,40,400,150,24
SIM,18,1,1,2,68,1,60,63,6,7,34,40,50,400,20
SIM,18,1,1,2,69,0,63,63,7,7,34,40,350,50,30
SIM,18,1,1,2,70,1,63,67,7,9,34,40,0,150,11
SIM,18,1,1,2,71,0,69,67,9,9,32,40,150,0,30
SIM,18,1,1,2,72,1,69,67,9,9,32,40,0,150,10
SIM,18,1,1,2,73,0,70,67,10,9,31,40,100,0,30
SIM,18,1,1,2,74,1,70,67,10,9,31,40,100,200,26
SIM,18,1,1,2,75,0,69,67,9,9,31,40,250,50,30
SIM,18,1,1,2,76,1,69,67,9,9,31,40,100,250,9
SIM,18,1,1,2,77,0,70,67,10,9,31,40,200,100,29
SIM,18,1,1,2,78,1,70,69,10,9,31,40,200,300,24
SIM,18,1,1,2,79,0,69,69,9,9,31,40,350,150,30
SIM,18,1,1,2,80,1,69,69,9,9,31,40,200,350,6
SIM,18,1,1,2,81,0,70,69,10,9,31,40,300,200,26
SIM,18,1,1,2,82,1,70,68,10,10,31,40,300,350,19
SIM,18,1,1,2,83,0,69,68,9,10,31,40,450,350,30
SIM,18,1,1,2,84,1,69,65,9,9,31,40,300,550,18
SIM,18,1,1,2,85,0,72,65,10,9,31,40,400,50,30
SIM,18,1,1,2,86,1,72,62,10,8,31,40,400,300,3
SIM,18,1,1,2,87,0,70,62,10,8,31,40,500,150,23
SIM,18,1,1,2,88,1,70,65,10,9,31,40,500,200,11
SIM,18,1,1,2,89,0,66,65,8,9,31,40,750,50,30
SIM,18,1,1,2,90,1,66,66,8,10,31,40,100,50,23
SIM,18,1,1,2,91,0,64,66,8,10,31,40,400,50,30
SIM,18,1,1,2,92,1,64,66,8,10,31,40,250,50,12
SIM,18,1,1,2,93,0,66,66,8,10,31,40,400,50,30
SIM,18,1,1,2,94,1,66,63,8,9,31,40,50,100,14
SIM,18,1,1,2,95,0,67,63,9,9,31,40,100,100,30
SIM,18,1,1,2,96,1,67,59,9,7,31,40,100,400,0
SIM,18,1,1,2,97,0,66,59,8,7,31,40,200,50,20
SIM,18,1,1,2,98,1,66,60,8,8,31,40,50,250,1
SIM,18,1,1,2,99,0,66,60,8,8,31,40,200,100,21
SIM,18,1,1,2,100,1,66,60,8,8,31,40,50,350,13
SIM,18,1,1,2,101,0,67,60,9,8,31,40,150,0,30
SIM,18,1,1,2,102,1,67,63,9,9,31,40,0,200,14
SIM,18,1,1,2,103,0,69,63,9,9,31,40,250,50,30
SIM,18,1,1,2,104,1,69,66,9,10,31,40,100,200,29
SIM,18,1,1,2,105,0,70,66,10,10,31,40,300,200,30
SIM,18,1,1,2,106,1,70,66,10,10,31,40,300,350,27
SIM,18,1,1,2,107,0,69,66,9,10,31,40,550,350,30
SIM,18,1,1,2,108,1,69,66,9,10,31,40,50,500,29
SIM,18,1,1,2,109,0,67,66,9,10,31,40,300,500,30
SIM,18,1,1,2,110,1,67,66,9,10,31,40,300,650,30
SIM,18,1,1,2,111,0,69,66,9,10,31,40,400,650,30
SIM,18,1,1,2,112,1,69,63,9,9,31,40,250,850,16
SIM,18,1,1,2,113,0,70,63,10,9,31,40,300,350,30
SIM,18,1,1,2,114,1,70,60,10,8,31,40,300,600,10
SIM,18,1,1,2,115,0,69,60,9,8,31,40,400,450,30
SIM,18,1,1,2,116,1,69,63,9,9,31,40,250,500,23
SIM,18,1,1,2,117,0,67,63,9,9,31,40,350,0,30
SIM,18,1,1,2,118,1,67,60,9,8,31,40,200,250,25
SIM,18,1,1,2,119,0,69,60,9,8,31,40,300,250,30
SIM,18,1,1,2,120,1,69,60,9,8,31,40,150,350,24
SIM,18,1,1,2,121,0,67,60,9,8,31,40,250,350,30
SIM,18,1,1,2,122,1,67,57,9,7,31,40,100,650,25
SIM,18,1,1,2,123,0,69,57,9,7,31,40,200,150,30
SIM,18,1,1,2,124,1,69,54,9,6,31,40,50,500,2
SIM,18,1,1,2,125,0,70,54,10,6,31,40,100,500,22
SIM,18,1,1,2,126,1,70,54,10,6,31,40,100,750,1
SIM,18,1,1,2,127,0,67,54,9,6,31,40,200,50,21
SIM,18,1,1,2,128,1,67,51,9,5,31,40,200,350,0
SIM,18,1,1,2,129,0,64,51,8,5,31,40,350,150,20
SIM,18,1,1,2,130,1,64,61,8,6,31,40,350,100,2
SIM,18,1,1,2,131,0,57,61,5,6,31,40,800,100,22
SIM,18,1,1,2,132,1,57,61,5,6,31,40,100,50,19
SIM,18,1,1,2,133,0,52,61,4,6,31,40,550,50,30
SIM,18,1,1,2,134,1,52,59,4,6,31,40,50,0,26
SIM,18,1,1,2,135,0,51,59,3,6,31,40,400,0,30
SIM,18,1,1,2,136,1,51,55,3,4,31,40,50,50,14
SIM,18,1,1,2,137,0,54,55,4,4,31,40,300,50,30
SIM,18,1,1,2,138,1,54,48,4,3,31,40,150,300,1
SIM,18,1,1,2,139,0,52,48,4,3,31,40,450,150,21
SIM,18,1,1,2,140,1,52,46,4,3,31,40,100,450,5
SIM,18,1,1,2,141,0,55,46,5,3,31,40,300,100,25
SIM,18,1,1,2,142,1,55,45,5,4,31,40,150,400,2
SIM,18,1,1,2,143,0,54,45,4,4,31,40,600,50,22
SIM,18,1,1,2,144,1,54,49,4,6,31,40,100,200,8
SIM,18,1,1,2,145,0,49,49,3,6,30,40,650,50,28
SIM,18,1,1,2,146,1,49,52,3,7,30,40,0,150,26
SIM,18,1,1,2,147,0,54,52,4,7,29,40,350,0,30
SIM,18,1,1,2,148,1,54,52,4,7,29,40,0,150,16
SIM,18,1,1,2,149,0,58,52,6,7,29,40,50,0,30
SIM,18,1,1,2,150,1,58,49,6,6,29,40,50,200,0
SIM,18,1,1,2,151,0,54,49,4,6,29,40,350,50,20
SIM,18,1,1,2,152,1,54,49,4,6,29,39,150,250,11
SIM,18,1,1,2,153,0,52,49,4,6,29,39,400,100,30
SIM,18,1,1,2,154,1,52,47,4,6,29,38,0,350,19
SIM,18,1,1,2,155,0,55,47,4,6,29,38,150,0,30
SIM,18,1,1,2,156,1,55,47,4,6,29,37,150,200,22
SIM,18,1,1,2,157,0,49,47,3,6,29,37,500,50,30
SIM,18,1,1,2,158,1,49,47,3,6,29,36,0,250,11
SIM,18,1,1,2,159,0,46,47,2,6,29,36,550,100,30
SIM,18,1,1,2,160,1,46,50,2,7,29,35,50,250,27
SIM,19,0,2,0,1,0,15,3,3,1,40,40,1000,0,20
SIM,19,0,2,0,2,1,15,0,3,0,40,40,1000,1000,0
SIM,19,0,2,0,3,0,15,0,3,0,40,40,1550,1000,20
SIM,19,0,2,0,4,1,26,0,2,0,40,39,800,2000,3
SIM,19,0,2,0,5,0,29,0,3,0,40,39,1350,2000,23
SIM,19,0,2,0,6,1,40,0,2,0,40,37,600,3000,14
SIM,19,0,2,0,7,0,43,0,3,0,40,37,1050,3000,30
SIM,19,0,2,0,8,1,54,0,2,0,40,35,100,4000,22
SIM,19,0,2,0,9,0,60,0,4,0,40,35,350,4000,30
SIM,19,0,2,0,10,1,60,0,4,0,40,32,0,5000,3
SIM,19,0,2,0,11,0,66,0,6,0,40,32,0,5000,23
SIM,19,0,2,0,12,1,66,0,6,0,40,29,0,6000,4
SIM,19,0,2,0,13,0,66,0,6,0,40,29,0,6000,24
SIM,19,0,2,0,14,1,66,0,6,0,40,26,0,7000,18
SIM,19,0,2,0,15,0,66,0,6,0,40,26,0,7000,30
SIM,19,0,2,0,16,1,66,0,6,0,40,23,0,8000,24
SIM,19,0,2,0,17,0,66,0,6,0,40,23,0,8000,30
SIM,19,0,2,0,18,1,66,0,6,0,40,20,0,9000,24
SIM,19,0,2,0,19,0,66,0,6,0,40,20,0,9000,30
SIM,19,0,2,0,20,1,66,0,6,0,40,17,0,10000,24
SIM,19,0,2,0,21,0,66,0,6,0,40,17,0,10000,30
SIM,19,0,2,0,22,1,66,0,6,0,40,14,0,11000,24
SIM,19,0,2,0,23,0,66,0,6,0,40,14,0,11000,30
SIM,19,0,2,0,24,1,66,0,6,0,40,11,0,12000,24
SIM,19,0,2,0,25,0,66,0,6,0,40,11,0,12000,30
SIM,19,0,2,0,26,1,66,0,6,0,40,8,0,13000,24
SIM,19,0,2,0,27,0,66,0,6,0,40,8,0,13000,30
SIM,19,0,2,0,28,1,66,0,6,0,40,5,0,14000,24
SIM,19,0,2,0,29,0,66,0,6,0,40,5,0,14000,30
SIM,19,0,2,0,30,1,66,0,6,0,40,2,0,15000,24
SIM,19,0,2,0,31,0,66,0,6,0,40,2,0,15000,30
SIM,20,0,2,1,1,0,15,3,3,1,40,40,1000,0,20
SIM,20,0,2,1,2,1,26,3,2,1,40,39,250,950,1
SIM,20,0,2,1,3,0,29,14,3,0,40,39,800,350,21
SIM,20,0,2,1,4,1,40,14,2,0,40,37,50,1350,10
SIM,20,0,2,1,5,0,43,14,3,0,40,37,500,1350,30
SIM,20,0,2,1,6,1,43,14,3,0,40,35,0,2250,10
SIM,20,0,2,1,7,0,43,14,3,0,40,35,350,1550,30
SIM,20,0,2,1,8,1,43,14,3,0,40,33,0,2450,24
SIM,20,0,2,1,9,0,52,14,6,0,40,33,0,2450,30
SIM,20,0,2,1,10,1,52,24,6,1,40,31,0,3050,0
SIM,20,0,2,1,11,0,49,24,5,1,40,31,50,2350,20
SIM,20,0,2,1,12,1,49,18,5,1,40,28,50,2950,2
SIM,20,0,2,1,13,0,46,18,4,1,40,28,200,2950,22
SIM,20,0,2,1,14,1,46,24,4,1,40,26,50,3550,12
SIM,20,0,2,1,15,0,46,24,4,1,40,26,200,2850,30
SIM,20,0,2,1,16,1,46,18,4,1,40,24,50,3450,14
SIM,20,0,2,1,17,0,46,18,4,1,40,24,200,3450,30
SIM,20,0,2,1,18,1,46,24,4,1,40,22,50,4050,12
SIM,20,0,2,1,19,0,46,24,4,1,40,22,200,3350,30
SIM,20,0,2,1,20,1,46,18,4,1,40,20,50,3950,14
SIM,20,0,2,1,21,0,46,18,4,1,40,20,200,3950,30
SIM,20,0,2,1,22,1,46,24,4,1,40,18,50,4550,12
SIM,20,0,2,1,23,0,46,24,4,1,40,18,200,3850,30
SIM,20,0,2,1,24,1,46,18,4,1,40,16,50,4450,14
SIM,20,0,2,1,25,0,46,18,4,1,40,16,200,4450,30
SIM,20,0,2,1,26,1,46,24,4,1,40,14,50,5050,12
SIM,20,0,2,1,27,0,46,24,4,1,40,14,200,4350,30
SIM,20,0,2,1,28,1,46,18,4,1,40,12,50,4950,14
SIM,20,0,2,1,29,0,46,18,4,1,40,12,200,4950,30
SIM,20,0,2,1,30,1,46,24,4,1,40,10,50,5550,12
SIM,20,0,2,1,31,0,46,24,4,1,40,10,200,4850,30
SIM,20,0,2,1,32,1,46,18,4,1,40,8,50,5450,14
SIM,20,0,2,1,33,0,46,18,4,1,40,8,200,5450,30
SIM,20,0,2,1,34,1,46,24,4,1,40,6,50,6050,12
SIM,20,0,2,1,35,0,46,24,4,1,40,6,200,5350,30
SIM,20,0,2,1,36,1,46,18,4,1,40,4,50,5950,14
SIM,20,0,2,1,37,0,46,18,4,1,40,4,200,5950,30
SIM,21,0,2,2,1,0,15,3,3,1,40,40,1000,0,20
SIM,21,0,2,2,2,1,15,0,3,0,40,40,1000,1000,0
SIM,21,0,2,2,3,0,15,0,3,0,40,40,1550,1000,20
SIM,21,0,2,2,4,1,26,0,2,0,40,39,800,2000,3
SIM,21,0,2,2,5,0,29,0,3,0,40,39,1350,2000,23
SIM,21,0,2,2,6,1,40,0,2,0,40,37,600,3000,14
SIM,21,0,2,2,7,0,43,0,3,0,40,37,1050,3000,30
SIM,21,0,2,2,8,1,54,0,2,0,40,35,100,4000,22
SIM,21,0,2,2,9,0,60,0,4,0,40,35,350,4000,30
SIM,21,0,2,2,10,1,60,0,4,0,40,32,0,5000,3
SIM,21,0,2,2,11,0,66,0,6,0,40,32,0,5000,23
SIM,21,0,2,2,12,1,66,0,6,0,40,29,0,6000,4
SIM,21,0,2,2,13,0,66,0,6,0,40,29,0,6000,24
SIM,21,0,2,2,14,1,66,0,6,0,40,26,0,7000,18
SIM,21,0,2,2,15,0,66,0,6,0,40,26,0,7000,30
SIM,21,0,2,2,16,1,66,0,6,0,40,23,0,8000,24
SIM,21,0,2,2,17,0,66,0,6,0,40,23,0,8000,30
SIM,21,0,2,2,18,1,66,0,6,0,40,20,0,9000,24
SIM,21,0,2,2,19,0,66,0,6,0,40,20,0,9000,30
SIM,21,0,2,2,20,1,66,0,6,0,40,17,0,10000,24
SIM,21,0,2,2,21,0,66,0,6,0,40,17,0,10000,30
SIM,21,0,2,2,22,1,66,0,6,0,40,14,0,11000,24
SIM,21,0,2,2,23,0,66,0,6,0,40,14,0,11000,30
SIM,21,0,2,2,24,1,66,0,6,0,40,11,0,12000,24
SIM,21,0,2,2,25,0,66,0,6,0,40,11,0,12000,30
SIM,21,0,2,2,26,1,66,0,6,0,40,8,0,13000,24
SIM,21,0,2,2,27,0,66,0,6,0,40,8,0,13000,30
SIM,21,0,2,2,28,1,66,0,6,0,40,5,0,14000,24
SIM,21,0,2,2,29,0,66,0,6,0,40,5,0,14000,30
SIM,21,0,2,2,30,1,66,0,6,0,40,2,0,15000,24
SIM,21,0,2,2,31,0,66,0,6,0,40,2,0,15000,30
SIM,22,1,2,0,1,0,3,15,1,3,40,40,1000,0,20
SIM,22,1,2,0,2,1,14,15,0,3,40,40,250,550,17
SIM,22,1,2,0,3,0,17,15,1,3,40,40,1200,550,30
SIM,22,1,2,0,4,1,28,15,0,3,40,40,600,1100,28
SIM,22,1,2,0,5,0,28,26,0,2,38,40,1500,350,30
SIM,22,1,2,0,6,1,28,29,0,3,38,40,800,900,29
SIM,22,1,2,0,7,0,25,40,0,2,37,40,1600,150,30
SIM,22,1,2,0,8,1,25,43,0,3,37,40,900,600,29
SIM,22,1,2,0,9,0,32,54,1,2,36,40,1400,0,30
SIM,22,1,2,0,10,1,32,49,1,2,36,40,700,400,15
SIM,22,1,2,0,11,0,36,49,2,2,36,40,900,50,30
SIM,22,1,2,0,12,1,36,49,2,3,36,40,200,400,25
SIM,22,1,2,0,13,0,41,49,3,3,36,40,100,50,30
SIM,22,1,2,0,14,1,41,48,3,2,36,40,100,600,12
SIM,22,1,2,0,15,0,49,48,4,2,36,40,0,100,30
SIM,22,1,2,0,16,1,49,37,4,0,36,40,0,800,0
SIM,22,1,2,0,17,0,49,37,4,0,36,40,0,100,20
SIM,22,1,2,0,18,1,49,30,4,1,36,40,0,600,1
SIM,22,1,2,0,19,0,44,30,4,1,36,40,0,100,21
SIM,22,1,2,0,20,1,44,14,4,0,36,40,0,1000,1
SIM,22,1,2,0,21,0,44,14,4,0,36,40,0,1000,21
SIM,22,1,2,0,22,1,44,17,4,1,36,34,0,1700,2
SIM,22,1,2,0,23,0,39,17,3,1,36,34,0,1200,22
SIM,22,1,2,0,24,1,39,14,3,0,36,31,0,2100,15
SIM,22,1,2,0,25,0,39,14,3,0,36,31,0,2100,30
SIM,22,1,2,0,26,1,39,17,3,1,36,22,0,2800,6
SIM,22,1,2,0,27,0,33,17,3,1,36,22,0,2100,26
SIM,22,1,2,0,28,1,33,14,3,0,36,16,0,3000,20
SIM,22,1,2,0,29,0,33,14,3,0,36,16,0,3000,30
SIM,22,1,2,0,30,1,33,24,3,1,36,7,0,3600,24
SIM,22,1,2,0,31,0,31,24,2,1,36,7,300,3100,30
SIM,22,1,2,0,32,1,31,24,2,1,36,1,150,3700,25
SIM,22,1,2,0,33,0,29,24,3,1,36,1,400,3700,30
SIM,23,1,2,1,1,0,3,15,1,3,40,40,1000,0,20
SIM,23,1,2,1,2,1,14,15,0,3,40,40,250,550,17
SIM,23,1,2,1,3,0,17,15,1,3,39,40,1200,400,30
SIM,23,1,2,1,4,1,28,18,0,4,39,40,600,900,28
SIM,23,1,2,1,5,0,28,29,0,3,37,40,1500,150,30
SIM,23,1,2,1,6,1,28,32,0,4,37,40,800,650,29
SIM,23,1,2,1,7,0,28,43,0,3,35,40,1600,50,30
SIM,23,1,2,1,8,1,28,43,0,3,35,40,900,500,29
SIM,23,1,2,1,9,0,38,43,1,3,33,40,1400,0,30
SIM,23,1,2,1,10,1,38,38,1,3,33,40,700,350,24
SIM,23,1,2,1,11,0,45,38,2,3,32,40,900,0,30
SIM,23,1,2,1,12,1,45,43,2,4,32,40,200,250,25
SIM,23,1,2,1,13,0,50,43,3,4,32,40,100,100,30
SIM,23,1,2,1,14,1,50,35,3,3,32,40,100,450,0
SIM,23,1,2,1,15,0,52,35,3,3,32,40,0,100,20
SIM,23,1,2,1,16,1,52,37,3,3,32,40,0,550,16
SIM,23,1,2,1,17,0,50,37,3,3,28,40,0,50,30
SIM,23,1,2,1,18,1,50,28,3,0,28,40,0,850,6
SIM,23,1,2,1,19,0,50,28,3,0,28,40,0,200,26
SIM,23,1,2,1,20,1,50,34,3,2,28,40,0,750,2
SIM,23,1,2,1,21,0,45,45,2,1,28,40,200,0,22
SIM,23,1,2,1,22,1,45,48,2,2,28,40,50,550,1
SIM,23,1,2,1,23,0,42,48,3,2,28,40,200,50,21
SIM,23,1,2,1,24,1,42,42,3,0,28,40,50,750,2
SIM,23,1,2,1,25,0,45,42,4,0,28,40,150,100,22
SIM,23,1,2,1,26,1,45,48,4,2,28,37,0,550,0
SIM,23,1,2,1,27,0,45,48,4,2,28,37,100,50,20
SIM,23,1,2,1,28,1,45,45,4,1,28,37,100,550,6
SIM,23,1,2,1,29,0,42,45,3,1,28,37,250,150,26
SIM,23,1,2,1,30,1,42,51,3,2,28,34,100,450,18
SIM,23,1,2,1,31,0,41,51,2,2,28,34,550,50,30
SIM,23,1,2,1,32,1,41,54,2,2,28,34,50,350,14
SIM,23,1,2,1,33,0,35,54,1,2,28,34,550,150,30
SIM,23,1,2,1,34,1,35,52,1,3,28,34,50,350,27
SIM,23,1,2,1,35,0,31,52,1,3,28,34,650,0,30
SIM,23,1,2,1,36,1,31,52,1,4,28,34,0,250,20
SIM,23,1,2,1,37,0,34,52,2,4,27,34,550,100,30
SIM,23,1,2,1,38,1,34,52,2,4,27,34,50,400,10
SIM,23,1,2,1,39,0,34,52,2,4,26,34,600,50,30
SIM,23,1,2,1,40,1,34,57,2,5,26,34,100,400,25
SIM,23,1,2,1,41,0,34,57,2,5,26,34,650,400,30
SIM,23,1,2,1,42,1,34,54,2,4,26,34,0,800,20
SIM,23,1,2,1,43,0,37,54,3,4,26,34,500,150,30
SIM,23,1,2,1,44,1,37,54,3,4,26,34,0,550,19
SIM,23,1,2,1,45,0,37,54,3,4,26,34,500,50,30
SIM,23,1,2,1,46,1,37,54,3,4,26,34,0,350,27
SIM,23,1,2,1,47,0,35,54,3,4,26,34,350,0,30
SIM,23,1,2,1,48,1,35,57,3,5,26,34,0,100,14
SIM,23,1,2,1,49,0,38,57,4,5,26,34,250,100,30
SIM,23,1,2,1,50,1,38,49,4,3,26,34,50,450,5
SIM,23,1,2,1,51,0,37,49,3,3,26,34,500,100,25
SIM,23,1,2,1,52,1,37,52,3,4,26,34,0,500,12
SIM,23,1,2,1,53,0,34,52,2,4,26,34,650,0,30
SIM,23,1,2,1,54,1,45,51,1,3,26,34,50,500,23
SIM,23,1,2,1,55,0,46,51,2,3,26,34,550,0,30
SIM,23,1,2,1,56,1,46,49,2,3,26,34,50,350,19
SIM,23,1,2,1,57,0,42,49,0,3,26,34,750,0,30
SIM,23,1,2,1,58,1,42,58,0,6,26,34,100,0,28
SIM,23,1,2,1,59,0,40,58,2,6,22,34,550,0,30
SIM,23,1,2,1,60,1,40,55,2,5,22,34,50,200,23
SIM,23,1,2,1,61,0,35,55,3,5,22,34,400,50,30
SIM,23,1,2,1,62,1,35,52,3,4,22,34,50,500,24
SIM,23,1,2,1,63,0,43,52,5,4,22,34,250,0,30
SIM,23,1,2,1,64,1,43,46,5,2,22,34,100,600,11
SIM,23,1,2,1,65,0,46,46,6,2,22,34,250,100,30
SIM,23,1,2,1,66,1,46,45,6,1,22,34,100,600,1
SIM,23,1,2,1,67,0,46,45,6,1,22,34,250,100,21
SIM,23,1,2,1,68,1,46,39,6,1,22,34,250,600,0
SIM,23,1,2,1,69,0,43,39,5,1,22,34,450,100,20
SIM,23,1,2,1,70,1,43,39,5,1,22,33,450,600,0
SIM,23,1,2,1,71,0,40,39,4,1,22,33,750,600,20
SIM,23,1,2,1,72,1,40,39,4,1,22,29,100,1100,4
SIM,23,1,2,1,73,0,40,39,4,1,22,29,550,600,24
SIM,23,1,2,1,74,1,40,36,4,0,22,29,50,1300,12
SIM,23,1,2,1,75,0,43,36,5,0,22,29,300,600,30
SIM,23,1,2,1,76,1,43,33,5,1,22,29,150,1100,15
SIM,23,1,2,1,77,0,46,33,6,1,22,29,200,400,30
SIM,23,1,2,1,78,1,46,28,6,0,22,29,50,1200,1
SIM,23,1,2,1,79,0,49,28,7,0,22,29,50,500,21
SIM,23,1,2,1,80,1,49,38,7,1,22,21,50,1000,0
SIM,23,1,2,1,81,0,46,38,6,1,22,21,250,300,20
SIM,23,1,2,1,82,1,46,42,6,2,22,17,100,500,6
SIM,23,1,2,1,83,0,43,42,5,2,22,17,500,500,26
SIM,23,1,2,1,84,1,43,48,5,2,22,17,0,700,15
SIM,23,1,2,1,85,0,37,48,3,2,22,17,500,200,30
SIM,23,1,2,1,86,1,37,42,3,2,22,17,0,400,25
SIM,23,1,2,1,87,0,34,42,2,2,22,17,550,50,30
SIM,23,1,2,1,88,1,34,47,2,4,22,17,50,200,6
SIM,23,1,2,1,89,0,31,47,1,4,22,17,650,50,26
SIM,23,1,2,1,90,1,31,47,1,4,22,17,0,250,12
SIM,23,1,2,1,91,0,34,47,2,4,22,17,550,250,30
SIM,23,1,2,1,92,1,34,44,2,3,22,17,50,650,10
SIM,23,1,2,1,93,0,34,55,2,2,22,17,450,50,30
SIM,23,1,2,1,94,1,34,46,2,1,22,17,100,550,20
SIM,23,1,2,1,95,0,40,46,4,1,22,17,350,50,30
SIM,23,1,2,1,96,1,40,42,4,0,22,17,0,750,0
SIM,23,1,2,1,97,0,46,42,6,0,22,17,100,100,20
SIM,23,1,2,1,98,1,46,42,6,2,22,16,100,550,0
SIM,23,1,2,1,99,0,43,42,5,2,22,16,250,550,20
SIM,23,1,2,1,100,1,43,39,5,1,22,15,100,1050,1
SIM,23,1,2,1,101,0,43,39,5,1,22,15,300,350,21
SIM,23,1,2,1,102,1,43,36,5,0,22,10,150,1050,2
SIM,23,1,2,1,103,0,46,36,6,0,22,10,300,350,22
SIM,23,1,2,1,104,1,46,46,6,1,22,5,150,750,0
SIM,23,1,2,1,105,0,46,46,6,1,22,5,450,50,20
SIM,23,1,2,1,106,1,46,50,6,2,22,4,100,150,4
SIM,23,1,2,1,107,0,46,50,6,2,22,4,500,0,24
SIM,23,1,2,1,108,1,46,63,6,4,22,3,0,0,0
SIM,23,1,2,1,109,0,37,63,3,4,22,3,650,0,20
SIM,23,1,2,1,110,1,48,63,2,4,22,3,50,0,16
SIM,23,1,2,1,111,0,45,63,1,4,22,3,650,0,30
SIM,23,1,2,1,112,1,45,60,1,3,22,3,0,0,22
SIM,23,1,2,1,113,0,40,60,1,3,22,3,650,0,30
SIM,23,1,2,1,114,1,40,60,1,3,22,3,0,0,26
SIM,23,1,2,1,115,0,34,60,2,3,22,3,550,0,30
SIM,23,1,2,1,116,1,34,56,2,2,22,3,50,100,6
SIM,23,1,2,1,117,0,31,56,1,2,22,3,650,100,26
SIM,24,1,2,2,1,0,3,15,1,3,40,40,1000,0,20
SIM,24,1,2,2,2,1,14,15,0,3,40,40,250,550,17
SIM,24,1,2,2,3,0,17,15,1,3,40,40,1200,550,30
SIM,24,1,2,2,4,1,28,15,0,3,40,40,600,1100,28
SIM,24,1,2,2,5,0,28,26,0,2,38,40,1500,350,30
SIM,24,1,2,2,6,1,28,29,0,3,38,40,800,900,29
SIM,24,1,2,2,7,0,25,40,0,2,37,40,1600,150,30
SIM,24,1,2,2,8,1,25,43,0,3,37,40,900,600,29
SIM,24,1,2,2,9,0,32,54,1,2,36,40,1400,0,30
SIM,24,1,2,2,10,1,32,49,1,2,36,40,700,400,15
SIM,24,1,2,2,11,0,36,49,2,2,36,40,900,50,30
SIM,24,1,2,2,12,1,36,49,2,3,36,40,200,400,25
SIM,24,1,2,2,13,0,41,49,3,3,36,40,100,50,30
SIM,24,1,2,2,14,1,41,48,3,2,36,40,100,600,0
SIM,24,1,2,2,15,0,49,48,4,2,36,40,0,100,20
SIM,24,1,2,2,16,1,49,42,4,0,36,40,0,800,1
SIM,24,1,2,2,17,0,49,42,4,0,36,40,0,150,21
SIM,24,1,2,2,18,1,49,43,4,2,36,40,0,600,1
SIM,24,1,2,2,19,0,44,43,3,2,36,40,0,600,21
SIM,24,1,2,2,20,1,44,35,3,1,36,40,0,1100,15
SIM,24,1,2,2,21,0,38,35,3,1,36,40,0,100,30
SIM,24,1,2,2,22,1,38,28,3,0,36,37,0,900,0
SIM,24,1,2,2,23,0,38,28,3,0,36,37,0,900,20
SIM,24,1,2,2,24,1,38,29,3,2,36,34,0,1300,7
SIM,24,1,2,2,25,0,31,29,2,2,36,34,200,100,27
SIM,24,1,2,2,26,1,31,23,2,0,36,34,50,900,19
SIM,24,1,2,2,27,0,34,23,3,0,36,34,200,900,30
SIM,24,1,2,2,28,1,34,31,3,2,36,31,50,1200,12
SIM,24,1,2,2,29,0,30,31,2,2,36,31,500,0,30
SIM,24,1,2,2,30,1,30,27,2,2,36,31,0,400,20
SIM,24,1,2,2,31,0,22,27,1,2,36,31,600,400,30
SIM,24,1,2,2,32,1,22,27,1,2,36,31,450,800,24
SIM,24,1,2,2,33,0,22,27,3,2,33,31,800,300,30
SIM,24,1,2,2,34,1,33,18,2,1,33,31,0,900,13
SIM,24,1,2,2,35,0,33,18,2,1,33,31,500,900,30
SIM,24,1,2,2,36,1,33,17,2,1,33,30,0,1600,5
SIM,24,1,2,2,37,0,30,17,1,1,33,30,500,950,25
SIM,24,1,2,2,38,1,30,17,1,1,33,30,0,1800,16
SIM,24,1,2,2,39,0,33,28,2,0,33,30,300,1200,30
SIM,24,1,2,2,40,1,33,31,2,1,33,27,150,1900,1
SIM,24,1,2,2,41,0,37,31,3,1,33,27,500,1200,21
SIM,24,1,2,2,42,1,37,28,3,0,33,27,0,2000,0
SIM,24,1,2,2,43,0,37,28,3,0,33,27,350,1300,20
SIM,24,1,2,2,44,1,37,38,3,1,33,19,0,1800,3
SIM,24,1,2,2,45,0,43,38,5,1,33,19,200,1100,23
SIM,24,1,2,2,46,1,43,48,5,2,33,15,50,1300,1
SIM,24,1,2,2,47,0,40,48,4,2,33,15,450,600,21
SIM,24,1,2,2,48,1,40,52,4,3,33,15,100,500,0
SIM,24,1,2,2,49,0,40,52,4,3,33,15,450,0,20
SIM,24,1,2,2,50,1,40,56,4,3,33,15,100,0,0
SIM,24,1,2,2,51,0,37,56,3,3,33,15,550,0,20
SIM,24,1,2,2,52,1,37,51,3,4,33,15,50,0,4
SIM,24,1,2,2,53,0,28,51,0,4,33,15,850,0,24
SIM,24,1,2,2,54,1,28,51,0,4,33,15,200,0,22
SIM,24,1,2,2,55,0,34,51,2,4,30,15,750,0,30
SIM,24,1,2,2,56,1,45,47,1,3,30,15,150,0,12
SIM,24,1,2,2,57,0,45,47,1,3,30,15,750,0,30
SIM,24,1,2,2,58,1,45,41,1,3,30,15,50,0,24
SIM,24,1,2,2,59,0,45,41,1,3,27,15,650,0,30
SIM,24,1,2,2,60,1,45,39,1,2,27,15,150,300,23
SIM,24,1,2,2,61,0,45,39,1,2,23,15,650,150,30
SIM,24,1,2,2,62,1,45,39,1,2,23,15,150,600,21
SIM,24,1,2,2,63,0,45,50,1,1,23,15,650,0,30
SIM,24,1,2,2,64,1,45,44,1,1,23,15,150,500,21
SIM,24,1,2,2,65,0,45,44,1,1,23,15,650,0,30
SIM,24,1,2,2,66,1,45,42,1,0,23,15,0,700,20
SIM,24,1,2,2,67,0,51,42,3,0,23,15,250,50,30
SIM,24,1,2,2,68,1,51,42,3,2,23,15,100,500,0
SIM,24,1,2,2,69,0,54,42,4,2,23,15,150,0,20
SIM,24,1,2,2,70,1,54,33,4,1,23,15,0,500,0
SIM,24,1,2,2,71,0,54,33,4,1,23,15,200,0,20
SIM,24,1,2,2,72,1,54,31,4,1,23,15,50,600,1
SIM,24,1,2,2,73,0,54,31,4,1,23,15,250,100,21
SIM,24,1,2,2,74,1,54,31,4,1,23,11,100,700,4
SIM,24,1,2,2,75,0,54,31,4,1,23,11,450,200,24
SIM,24,1,2,2,76,1,54,31,4,1,23,11,100,800,6
SIM,24,1,2,2,77,0,57,31,5,1,23,11,350,300,26
SIM,24,1,2,2,78,1,57,31,5,1,23,11,0,900,5
SIM,24,1,2,2,79,0,60,31,6,1,23,11,150,200,25
SIM,24,1,2,2,80,1,60,31,6,1,23,10,0,800,1
SIM,24,1,2,2,81,0,60,31,6,1,23,10,200,300,21
SIM,24,1,2,2,82,1,60,38,6,1,23,10,50,800,0
SIM,24,1,2,2,83,0,60,38,6,1,23,10,250,100,20
SIM,24,1,2,2,84,1,60,35,6,2,23,9,100,400,9
SIM,24,1,2,2,85,0,57,35,5,2,23,9,400,0,29
SIM,24,1,2,2,86,1,57,47,5,3,23,9,50,100,2
SIM,24,1,2,2,87,0,54,47,4,3,23,9,350,100,22
SIM,24,1,2,2,88,1,54,41,4,2,23,9,0,400,3
SIM,24,1,2,2,89,0,54,41,4,2,23,9,400,50,23
SIM,24,1,2,2,90,1,54,45,4,4,23,9,50,200,0
SIM,24,1,2,2,91,0,54,45,4,4,23,9,450,50,20
SIM,24,1,2,2,92,1,54,47,4,4,23,9,300,350,0
SIM,24,1,2,2,93,0,52,47,4,4,23,9,700,0,20
SIM,24,1,2,2,94,1,52,51,4,6,23,8,50,150,11
SIM,24,1,2,2,95,0,51,51,3,6,23,8,550,0,30
SIM,24,1,2,2,96,1,51,53,3,6,23,8,50,150,18
SIM,24,1,2,2,97,0,48,53,2,6,23,8,500,0,30
SIM,24,1,2,2,98,1,48,53,2,6,23,8,0,150,27
SIM,24,1,2,2,99,0,45,53,1,6,23,8,500,150,30
SIM,24,1,2,2,100,1,45,50,1,5,23,8,0,350,17
SIM,24,1,2,2,101,0,43,50,1,5,22,8,500,0,30
SIM,24,1,2,2,102,1,43,53,1,6,22,8,0,150,23
SIM,24,1,2,2,103,0,41,53,1,6,22,8,500,0,30
SIM,24,1,2,2,104,1,41,53,1,6,22,8,0,200,23
SIM,24,1,2,2,105,0,41,53,1,6,21,8,500,50,30
SIM,24,1,2,2,106,1,41,53,1,6,21,8,0,300,25
SIM,24,1,2,2,107,0,41,53,1,6,21,8,500,150,30
SIM,24,1,2,2,108,1,41,53,1,6,21,8,0,400,23
SIM,24,1,2,2,109,0,41,53,1,6,21,8,500,50,30
SIM,24,1,2,2,110,1,41,56,1,7,21,8,0,200,21
SIM,24,1,2,2,111,0,41,56,1,7,21,8,500,50,30
SIM,24,1,2,2,112,1,41,56,1,7,21,8,0,200,21
SIM,24,1,2,2,113,0,41,56,1,7,20,8,500,50,30
SIM,24,1,2,2,114,1,41,56,1,7,20,8,0,250,27
SIM,24,1,2,2,115,0,41,56,1,7,20,8,500,100,30
SIM,24,1,2,2,116,1,41,56,1,7,20,8,0,300,21
SIM,24,1,2,2,117,0,41,56,1,7,20,8,500,150,30
SIM,24,1,2,2,118,1,41,56,1,7,20,8,0,350,25
SIM,24,1,2,2,119,0,41,56,1,7,20,8,500,200,30
SIM,24,1,2,2,120,1,41,56,1,7,20,8,0,400,21
SIM,24,1,2,2,121,0,41,56,1,7,20,8,500,250,30
SIM,24,1,2,2,122,1,41,56,1,7,20,8,0,450,21
SIM,24,1,2,2,123,0,41,56,1,7,20,8,500,300,30
SIM,24,1,2,2,124,1,41,56,1,7,20,8,0,500,27
SIM,24,1,2,2,125,0,41,56,1,7,20,8,500,0,30
SIM,24,1,2,2,126,1,41,53,1,6,20,8,0,250,27
SIM,24,1,2,2,127,0,41,53,1,6,20,8,500,100,30
SIM,24,1,2,2,128,1,41,56,1,7,20,8,0,150,25
SIM,24,1,2,2,129,0,41,56,1,7,20,8,500,0,30
SIM,24,1,2,2,130,1,41,56,1,7,20,8,0,50,21
SIM,24,1,2,2,131,0,41,56,1,7,20,8,500,50,30
SIM,24,1,2,2,132,1,41,53,1,6,20,8,0,150,21
SIM,24,1,2,2,133,0,41,53,1,6,20,8,500,0,30
SIM,24,1,2,2,134,1,41,53,1,6,20,8,0,100,21
SIM,24,1,2,2,135,0,41,53,1,6,20,8,500,100,30
SIM,24,1,2,2,136,1,41,50,1,5,20,8,500,250,22
SIM,24,1,2,2,137,0,35,50,1,5,20,8,1000,100,30
SIM,24,1,2,2,138,1,35,50,1,5,20,8,500,250,27
SIM,24,1,2,2,139,0,28,50,0,5,20,8,1300,100,30
SIM,24,1,2,2,140,1,28,53,0,6,20,8,600,200,29
SIM,24,1,2,2,141,0,31,53,1,6,13,8,1200,50,30
SIM,24,1,2,2,142,1,31,53,1,6,13,8,700,300,25
SIM,24,1,2,2,143,0,38,53,1,6,13,8,1200,150,30
SIM,24,1,2,2,144,1,38,53,1,6,13,8,700,400,15
SIM,24,1,2,2,145,0,41,53,2,6,10,8,1000,50,30
SIM,24,1,2,2,146,1,41,53,2,6,10,8,500,250,23
SIM,24,1,2,2,147,0,41,53,2,6,10,8,800,100,30
SIM,24,1,2,2,148,1,41,50,2,5,10,8,100,350,21
SIM,24,1,2,2,149,0,41,50,2,5,10,8,400,0,30
SIM,24,1,2,2,150,1,41,50,2,5,10,8,0,200,19
SIM,24,1,2,2,151,0,54,50,3,5,10,8,0,50,30
SIM,24,1,2,2,152,1,54,44,3,3,10,8,0,400,6
SIM,24,1,2,2,153,0,48,44,2,3,10,8,200,250,26
SIM,24,1,2,2,154,1,48,41,2,2,10,8,0,700,18
SIM,24,1,2,2,155,0,51,52,3,1,7,8,100,100,30
SIM,24,1,2,2,156,1,51,40,3,0,7,8,100,900,6
SIM,24,1,2,2,157,0,51,40,3,0,7,8,200,50,26
SIM,24,1,2,2,158,1,51,44,3,2,7,8,50,600,2
SIM,24,1,2,2,159,0,52,44,4,2,7,8,100,100,22
SIM,24,1,2,2,160,1,52,39,4,1,7,8,100,600,4
SIM,25,0,3,0,1,0,21,3,4,1,40,40,1000,0,20
SIM,25,0,3,0,2,1,32,0,3,0,40,40,400,1000,0
SIM,25,0,3,0,3,0,32,0,3,0,40,40,800,1000,20
SIM,25,0,3,0,4,1,32,0,3,0,40,39,650,2000,1
SIM,25,0,3,0,5,0,35,0,4,0,40,39,900,2000,21
SIM,25,0,3,0,6,1,46,0,3,0,40,37,150,3000,6
SIM,25,0,3,0,7,0,49,0,4,0,40,37,400,3000,26
SIM,25,0,3,0,8,1,49,0,4,0,40,34,50,4000,3
SIM,25,0,3,0,9,0,55,0,6,0,40,34,50,4000,23
SIM,25,0,3,0,10,1,55,0,6,0,40,31,50,5000,0
SIM,25,0,3,0,11,0,55,0,6,0,40,31,50,5000,20
SIM,25,0,3,0,12,1,55,0,6,0,40,28,50,6000,14
SIM,25,0,3,0,13,0,55,0,6,0,40,28,50,6000,30
SIM,25,0,3,0,14,1,55,0,6,0,40,25,50,7000,24
SIM,25,0,3,0,15,0,55,0,6,0,40,25,50,7000,30
SIM,25,0,3,0,16,1,55,0,6,0,40,22,50,8000,24
SIM,25,0,3,0,17,0,55,0,6,0,40,22,50,8000,30
SIM,25,0,3,0,18,1,55,0,6,0,40,19,50,9000,24
SIM,25,0,3,0,19,0,55,0,6,0,40,19,50,9000,30
SIM,25,0,3,0,20,1,55,0,6,0,40,16,50,10000,24
SIM,25,0,3,0,21,0,55,0,6,0,40,16,50,10000,30
SIM,25,0,3,0,22,1,55,0,6,0,40,13,50,11000,24
SIM,25,0,3,0,23,0,55,0,6,0,40,13,50,11000,30
SIM,25,0,3,0,24,1,55,0,6,0,40,10,50,12000,24
SIM,25,0,3,0,25,0,55,0,6,0,40,10,50,12000,30
SIM,25,0,3,0,26,1,55,0,6,0,40,7,50,13000,24
SIM,25,0,3,0,27,0,55,0,6,0,40,7,50,13000,30
SIM,25,0,3,0,28,1,55,0,6,0,40,4,50,14000,24
SIM,25,0,3,0,29,0,55,0,6,0,40,4,50,14000,30
SIM,25,0,3,0,30,1,55,0,6,0,40,1,50,15000,24
SIM,25,0,3,0,31,0,55,0,6,0,40,1,50,15000,30
SIM,26,0,3,1,1,0,21,3,4,1,40,40,1000,0,20
SIM,26,0,3,1,2,1,21,0,4,0,40,40,1000,1000,0
SIM,26,0,3,1,3,0,21,0,4,0,40,40,1350,1000,20
SIM,26,0,3,1,4,1,32,0,3,0,40,38,750,2000,0
SIM,26,0,3,1,5,0,32,0,3,0,40,38,1150,2000,20
SIM,26,0,3,1,6,1,32,0,3,0,40,35,1000,3000,7
SIM,26,0,3,1,7,0,35,0,4,0,40,35,1250,3000,27
SIM,26,0,3,1,8,1,46,0,3,0,40,32,0,4000,11
SIM,26,0,3,1,9,0,49,0,4,0,40,32,250,4000,30
SIM,26,0,3,1,10,1,49,0,4,0,40,29,100,5000,14
SIM,26,0,3,1,11,0,55,0,6,0,40,29,0,5000,30
SIM,26,0,3,1,12,1,55,0,6,0,40,26,0,6000,3
SIM,26,0,3,1,13,0,55,0,6,0,40,26,0,6000,23
SIM,26,0,3,1,14,1,55,0,6,0,40,23,0,7000,3
SIM,26,0,3,1,15,0,55,0,6,0,40,23,0,7000,23
SIM,26,0,3,1,16,1,55,0,6,0,40,20,0,8000,17
SIM,26,0,3,1,17,0,55,0,6,0,40,20,0,8000,30
SIM,26,0,3,1,18,1,55,0,6,0,40,17,0,9000,24
SIM,26,0,3,1,19,0,55,0,6,0,40,17,0,9000,30
SIM,26,0,3,1,20,1,55,0,6,0,40,14,0,10000,24
SIM,26,0,3,1,21,0,55,0,6,0,40,14,0,10000,30
SIM,26,0,3,1,22,1,55,0,6,0,40,11,0,11000,24
SIM,26,0,3,1,23,0,55,0,6,0,40,11,0,11000,30
SIM,26,0,3,1,24,1,55,0,6,0,40,8,0,12000,24
SIM,26,0,3,1,25,0,55,0,6,0,40,8,0,12000,30
SIM,26,0,3,1,26,1,55,0,6,0,40,5,0,13000,24
SIM,26,0,3,1,27,0,55,0,6,0,40,5,0,13000,30
SIM,26,0,3,1,28,1,55,0,6,0,40,2,0,14000,24
SIM,26,0,3,1,29,0,55,0,6,0,40,2,0,14000,30
SIM,27,0,3,2,1,0,21,3,4,1,40,40,1000,0,20
SIM,27,0,3,2,2,1,32,0,3,0,40,40,400,1000,0
SIM,27,0,3,2,3,0,32,0,3,0,40,40,800,1000,20
SIM,27,0,3,2,4,1,32,0,3,0,40,39,650,2000,1
SIM,27,0,3,2,5,0,35,0,4,0,40,39,900,2000,21
SIM,27,0,3,2,6,1,46,0,3,0,40,37,150,3000,6
SIM,27,0,3,2,7,0,49,0,4,0,40,37,400,3000,26
SIM,27,0,3,2,8,1,49,0,4,0,40,34,50,4000,3
SIM,27,0,3,2,9,0,55,0,6,0,40,34,50,4000,23
SIM,27,0,3,2,10,1,55,0,6,0,40,31,50,5000,0
SIM,27,0,3,2,11,0,55,0,6,0,40,31,50,5000,20
SIM,27,0,3,2,12,1,55,0,6,0,40,28,50,6000,14
SIM,27,0,3,2,13,0,55,0,6,0,40,28,50,6000,30
SIM,27,0,3,2,14,1,55,0,6,0,40,25,50,7000,24
SIM,27,0,3,2,15,0,55,0,6,0,40,25,50,7000,30
SIM,27,0,3,2,16,1,55,0,6,0,40,22,50,8000,24
SIM,27,0,3,2,17,0,55,0,6,0,40,22,50,8000,30
SIM,27,0,3,2,18,1,55,0,6,0,40,19,50,9000,24
SIM,27,0,3,2,19,0,55,0,6,0,40,19,50,9000,30
SIM,27,0,3,2,20,1,55,0,6,0,40,16,50,10000,24
SIM,27,0,3,2,21,0,55,0,6,0,40,16,50,10000,30
SIM,27,0,3,2,22,1,55,0,6,0,40,13,50,11000,24
SIM,27,0,3,2,23,0,55,0,6,0,40,13,50,11000,30
SIM,27,0,3,2,24,1,55,0,6,0,40,10,50,12000,24
SIM,27,0,3,2,25,0,55,0,6,0,40,10,50,12000,30
SIM,27,0,3,2,26,1,55,0,6,0,40,7,50,13000,24
SIM,27,0,3,2,27,0,55,0,6,0,40,7,50,13000,30
SIM,27,0,3,2,28,1,55,0,6,0,40,4,50,14000,24
SIM,27,0,3,2,29,0,55,0,6,0,40,4,50,14000,30
SIM,27,0,3,2,30,1,55,0,6,0,40,1,50,15000,24
SIM,27,0,3,2,31,0,55,0,6,0,40,1,50,15000,30
SIM,28,1,3,0,1,0,3,21,1,4,40,40,1000,0,20
SIM,28,1,3,0,2,1,14,21,0,4,40,40,250,350,17
SIM,28,1,3,0,3,0,17,21,1,4,40,40,1200,350,30
SIM,28,1,3,0,4,1,28,21,0,4,40,40,600,700,28
SIM,28,1,3,0,5,0,25,32,0,3,38,40,1500,100,30
SIM,28,1,3,0,6,1,25,32,0,3,38,40,800,500,29
SIM,28,1,3,0,7,0,22,32,0,3,36,40,1600,350,30
SIM,28,1,3,0,8,1,22,35,0,4,36,40,900,600,29
SIM,28,1,3,0,9,0,32,46,1,3,33,40,1400,0,30
SIM,28,1,3,0,10,1,32,41,1,3,33,40,700,300,24
SIM,28,1,3,0,11,0,39,41,2,3,31,40,900,150,30
SIM,28,1,3,0,12,1,39,38,2,3,31,40,200,500,13
SIM,28,1,3,0,13,0,46,38,3,3,30,40,100,0,30
SIM,28,1,3,0,14,1,46,34,3,1,30,40,100,600,8
SIM,28,1,3,0,15,0,56,34,4,1,29,40,0,100,28
SIM,28,1,3,0,16,1,56,31,4,1,29,40,0,700,0
SIM,28,1,3,0,17,0,50,31,4,1,29,40,0,50,20
SIM,28,1,3,0,18,1,50,34,4,2,29,40,0,600,0
SIM,28,1,3,0,19,0,49,45,3,1,29,40,0,0,20
SIM,28,1,3,0,20,1,49,45,3,1,29,40,0,600,3
SIM,28,1,3,0,21,0,43,45,3,1,29,40,0,100,23
SIM,28,1,3,0,22,1,43,42,3,0,29,40,0,800,3
SIM,28,1,3,0,23,0,43,42,3,0,29,40,0,150,23
SIM,28,1,3,0,24,1,43,43,3,2,29,37,0,600,13
SIM,28,1,3,0,25,0,39,43,2,2,29,37,200,100,30
SIM,28,1,3,0,26,1,39,43,2,2,29,37,50,400,3
SIM,28,1,3,0,27,0,32,43,2,2,29,37,500,400,23
SIM,28,1,3,0,28,1,32,43,2,2,29,37,0,700,1
SIM,28,1,3,0,29,0,23,43,1,2,29,37,500,0,21
SIM,28,1,3,0,30,1,23,43,1,2,29,37,500,400,19
SIM,28,1,3,0,31,0,25,43,1,2,29,37,1100,0,30
SIM,28,1,3,0,32,1,25,49,1,3,29,37,400,100,21
SIM,28,1,3,0,33,0,19,49,0,3,29,37,1200,100,30
SIM,28,1,3,0,34,1,19,49,0,3,29,37,500,200,29
SIM,28,1,3,0,35,0,24,49,1,3,28,37,1100,50,30
SIM,28,1,3,0,36,1,24,49,1,3,28,37,400,300,24
SIM,28,1,3,0,37,0,24,49,1,3,23,37,1000,300,30
SIM,28,1,3,0,38,1,24,46,1,2,23,37,1000,750,22
SIM,28,1,3,0,39,0,34,46,2,2,22,37,1300,100,30
SIM,28,1,3,0,40,1,34,41,2,2,22,37,600,550,4
SIM,28,1,3,0,41,0,31,41,2,2,22,37,900,50,24
SIM,28,1,3,0,42,1,31,40,2,1,22,37,750,550,1
SIM,28,1,3,0,43,0,38,40,4,1,22,37,700,50,21
SIM,28,1,3,0,44,1,49,40,3,1,22,37,100,550,2
SIM,28,1,3,0,45,0,45,40,2,1,22,37,400,50,22
SIM,28,1,3,0,46,1,45,40,2,1,22,37,50,550,15
SIM,28,1,3,0,47,0,45,40,4,1,22,37,100,50,30
SIM,28,1,3,0,48,1,45,40,4,1,22,37,100,550,12
SIM,28,1,3,0,49,0,42,40,3,1,22,37,200,50,30
SIM,28,1,3,0,50,1,42,38,3,1,22,37,50,550,21
SIM,28,1,3,0,51,0,42,38,3,1,22,37,200,50,30
SIM,28,1,3,0,52,1,42,38,3,1,22,37,50,550,18
SIM,28,1,3,0,53,0,44,38,3,1,22,37,450,50,30
SIM,28,1,3,0,54,1,44,41,3,2,22,37,100,350,21
SIM,28,1,3,0,55,0,44,41,3,2,22,37,450,0,30
SIM,28,1,3,0,56,1,44,48,3,5,22,37,100,0,9
SIM,28,1,3,0,57,0,44,48,3,5,21,37,450,0,29
SIM,28,1,3,0,58,1,44,47,3,4,21,37,50,150,1
SIM,28,1,3,0,59,0,44,47,2,4,20,37,350,0,21
SIM,28,1,3,0,60,1,44,47,2,4,20,37,150,150,18
SIM,28,1,3,0,61,0,35,47,2,4,19,37,550,150,30
SIM,28,1,3,0,62,1,35,42,2,3,19,37,50,500,5
SIM,28,1,3,0,63,0,32,42,1,3,18,37,550,0,25
SIM,28,1,3,0,64,1,32,41,1,2,18,37,50,450,16
SIM,28,1,3,0,65,0,29,41,2,2,18,37,350,100,30
SIM,28,1,3,0,66,1,29,44,2,3,18,37,0,450,14
SIM,28,1,3,0,67,0,33,44,4,3,18,37,150,100,30
SIM,28,1,3,0,68,1,33,44,4,3,18,37,0,600,11
SIM,28,1,3,0,69,0,34,44,4,3,18,37,400,100,30
SIM,28,1,3,0,70,1,34,39,4,2,18,37,50,650,3
SIM,28,1,3,0,71,0,38,39,6,2,18,37,300,0,23
SIM,28,1,3,0,72,1,38,41,6,2,18,37,150,450,0
SIM,28,1,3,0,73,0,38,41,6,2,18,37,400,100,20
SIM,28,1,3,0,74,1,38,45,6,4,18,37,50,400,0
SIM,28,1,3,0,75,0,43,45,7,4,18,37,350,50,20
SIM,28,1,3,0,76,1,43,48,7,5,18,37,200,250,1
SIM,28,1,3,0,77,0,40,48,6,5,18,37,600,100,21
SIM,28,1,3,0,78,1,51,50,5,5,18,37,0,450,0
SIM,28,1,3,0,79,0,47,50,5,5,18,37,450,100,20
SIM,28,1,3,0,80,1,47,53,5,6,18,37,100,350,0
SIM,28,1,3,0,81,0,49,53,5,6,18,37,400,0,20
SIM,28,1,3,0,82,1,49,54,5,7,18,37,50,200,8
SIM,28,1,3,0,83,0,50,54,6,7,18,37,300,50,28
SIM,28,1,3,0,84,1,50,53,6,6,18,37,150,350,1
SIM,28,1,3,0,85,0,51,53,5,6,18,37,500,0,21
SIM,28,1,3,0,86,1,51,56,5,7,18,37,500,200,0
SIM,28,1,3,0,87,0,47,56,5,7,18,37,850,50,20
SIM,28,1,3,0,88,1,47,56,5,7,18,37,0,250,1
SIM,28,1,3,0,89,0,48,56,6,7,18,37,300,100,21
SIM,28,1,3,0,90,1,48,55,6,8,18,37,150,250,0
SIM,28,1,3,0,91,0,50,55,6,8,18,37,300,100,20
SIM,28,1,3,0,92,1,50,53,6,6,18,37,300,450,0
SIM,28,1,3,0,93,0,48,53,6,6,18,37,450,100,20
SIM,28,1,3,0,94,1,48,52,6,7,18,37,100,400,0
SIM,28,1,3,0,95,0,53,52,7,7,18,37,300,50,20
SIM,28,1,3,0,96,1,53,54,7,7,18,37,150,300,0
SIM,28,1,3,0,97,0,53,54,7,7,18,37,400,150,20
SIM,28,1,3,0,98,1,53,54,7,7,18,37,50,450,0
SIM,28,1,3,0,99,0,57,54,9,7,18,37,150,100,20
SIM,28,1,3,0,100,1,57,57,9,8,18,37,0,300,0
SIM,28,1,3,0,101,0,57,57,9,8,18,37,100,150,20
SIM,28,1,3,0,102,1,57,55,9,8,18,37,100,400,1
SIM,28,1,3,0,103,0,56,55,8,8,18,37,250,50,21
SIM,28,1,3,0,104,1,56,57,8,8,18,37,100,250,6
SIM,28,1,3,0,105,0,57,57,9,8,18,37,200,100,26
SIM,28,1,3,0,106,1,57,57,9,8,18,36,50,300,0
SIM,28,1,3,0,107,0,57,57,9,8,18,36,150,150,20
SIM,28,1,3,0,108,1,57,57,9,8,18,35,0,400,8
SIM,28,1,3,0,109,0,59,57,9,8,18,35,150,50,28
SIM,28,1,3,0,110,1,59,60,9,9,18,35,0,200,0
SIM,28,1,3,0,111,0,59,60,9,9,18,35,150,50,20
SIM,28,1,3,0,112,1,59,60,9,9,18,35,0,200,0
SIM,28,1,3,0,113,0,59,60,9,9,18,35,150,50,20
SIM,28,1,3,0,114,1,59,60,9,9,18,35,0,200,0
SIM,28,1,3,0,115,0,60,60,10,9,18,35,100,50,20
SIM,28,1,3,0,116,1,60,60,10,9,18,35,100,200,0
SIM,28,1,3,0,117,0,57,60,9,9,18,35,250,50,20
SIM,28,1,3,0,118,1,57,60,9,9,18,35,100,200,0
SIM,28,1,3,0,119,0,57,60,9,9,18,35,250,50,20
SIM,28,1,3,0,120,1,57,60,9,9,18,35,100,200,4
SIM,28,1,3,0,121,0,59,60,9,9,18,35,250,50,24
SIM,28,1,3,0,122,1,59,60,9,9,18,35,100,200,0
SIM,28,1,3,0,123,0,60,60,10,9,18,35,200,50,20
SIM,28,1,3,0,124,1,60,60,10,9,18,35,200,200,16
SIM,28,1,3,0,125,0,59,60,9,9,18,35,350,50,30
SIM,28,1,3,0,126,1,59,60,9,9,18,35,200,200,22
SIM,28,1,3,0,127,0,59,60,9,9,18,35,400,50,30
SIM,28,1,3,0,128,1,59,62,9,9,18,35,250,250,0
SIM,28,1,3,0,129,0,60,62,10,9,18,35,400,100,20
SIM,28,1,3,0,130,1,60,63,10,10,18,35,400,250,1
SIM,28,1,3,0,131,0,59,63,9,10,18,35,650,250,21
SIM,28,1,3,0,132,1,59,63,9,10,18,35,150,400,0
SIM,28,1,3,0,133,0,57,63,9,10,18,35,400,400,20
SIM,28,1,3,0,134,1,57,63,9,10,18,35,400,550,0
SIM,28,1,3,0,135,0,59,63,9,10,18,35,500,550,20
SIM,28,1,3,0,136,1,59,62,9,9,18,35,0,800,0
SIM,28,1,3,0,137,0,59,62,9,9,18,35,100,300,20
SIM,28,1,3,0,138,1,59,59,9,8,18,35,100,600,1
SIM,28,1,3,0,139,0,62,59,10,8,18,35,0,100,21
SIM,28,1,3,0,140,1,62,56,10,7,18,35,0,300,9
SIM,28,1,3,0,141,0,62,56,10,7,18,35,0,150,29
SIM,28,1,3,0,142,1,62,59,10,8,18,35,0,150,2
SIM,28,1,3,0,143,0,56,59,8,8,18,35,150,0,22
SIM,28,1,3,0,144,1,56,59,8,8,18,35,0,150,12
SIM,28,1,3,0,145,0,56,59,8,8,18,35,150,0,30
SIM,28,1,3,0,146,1,56,59,8,8,18,35,0,150,0
SIM,28,1,3,0,147,0,56,59,8,8,18,35,150,0,20
SIM,28,1,3,0,148,1,56,59,8,8,18,35,0,150,1
SIM,28,1,3,0,149,0,56,59,8,8,18,35,150,0,21
SIM,28,1,3,0,150,1,56,59,8,8,18,35,0,150,0
SIM,28,1,3,0,151,0,56,59,8,8,18,35,150,0,20
SIM,28,1,3,0,152,1,56,59,8,8,18,35,0,150,0
SIM,28,1,3,0,153,0,56,59,8,8,18,35,150,0,20
SIM,28,1,3,0,154,1,56,59,8,8,18,35,0,150,10
SIM,28,1,3,0,155,0,56,59,8,8,18,35,150,0,30
SIM,28,1,3,0,156,1,56,59,8,8,18,35,0,150,1
SIM,28,1,3,0,157,0,56,59,8,8,18,35,150,0,21
SIM,28,1,3,0,158,1,56,59,8,8,18,35,0,150,0
SIM,28,1,3,0,159,0,56,59,8,8,18,35,150,0,20
SIM,28,1,3,0,160,1,56,59,8,8,18,35,0,300,12
SIM,29,1,3,1,1,0,3,21,1,4,40,40,1000,0,20
SIM,29,1,3,1,2,1,14,21,0,4,40,40,250,350,17
SIM,29,1,3,1,3,0,17,21,1,4,39,40,1200,350,30
SIM,29,1,3,1,4,1,28,21,0,4,39,40,600,700,28
SIM,29,1,3,1,5,0,28,32,0,3,36,40,1500,100,30
SIM,29,1,3,1,6,1,28,32,0,3,36,40,800,500,29
SIM,29,1,3,1,7,0,28,32,0,3,33,40,1600,350,30
SIM,29,1,3,1,8,1,28,35,0,4,33,40,900,600,29
SIM,29,1,3,1,9,0,38,46,1,3,30,40,1400,0,30
SIM,29,1,3,1,10,1,38,41,1,3,30,40,700,300,24
SIM,29,1,3,1,11,0,45,41,2,3,28,40,900,150,30
SIM,29,1,3,1,12,1,45,38,2,3,28,40,400,500,22
SIM,29,1,3,1,13,0,52,38,3,3,27,40,300,0,30
SIM,29,1,3,1,14,1,52,29,3,1,27,40,300,600,12
SIM,29,1,3,1,15,0,52,29,4,1,27,40,0,100,30
SIM,29,1,3,1,16,1,52,31,4,1,27,40,0,700,1
SIM,29,1,3,1,17,0,49,31,3,1,27,40,0,50,21
SIM,29,1,3,1,18,1,49,29,3,2,27,40,0,600,14
SIM,29,1,3,1,19,0,43,40,3,1,27,40,0,0,30
SIM,29,1,3,1,20,1,43,35,3,1,27,40,0,600,2
SIM,29,1,3,1,21,0,42,35,2,1,27,40,200,100,22
SIM,29,1,3,1,22,1,42,28,2,0,27,40,200,900,0
SIM,29,1,3,1,23,0,42,28,2,0,27,40,400,400,20
SIM,29,1,3,1,24,1,42,31,2,1,27,37,400,1000,0
SIM,29,1,3,1,25,0,36,31,2,1,27,37,600,500,20
SIM,29,1,3,1,26,1,36,31,2,1,27,34,100,1100,0
SIM,29,1,3,1,27,0,35,31,1,1,27,34,600,400,20
SIM,29,1,3,1,28,1,35,31,1,1,27,34,100,1000,14
SIM,29,1,3,1,29,0,32,31,2,1,27,34,400,500,30
SIM,29,1,3,1,30,1,32,38,2,1,27,30,50,1000,2
SIM,29,1,3,1,31,0,40,38,4,1,27,30,300,300,22
SIM,29,1,3,1,32,1,40,35,4,2,27,26,150,600,0
SIM,29,1,3,1,33,0,37,35,3,2,27,26,600,100,20
SIM,29,1,3,1,34,1,48,40,2,2,27,26,0,300,2
SIM,29,1,3,1,35,0,42,40,0,2,27,26,800,150,22
SIM,29,1,3,1,36,1,42,46,0,4,27,26,150,100,20
SIM,29,1,3,1,37,0,45,46,1,4,27,26,800,100,30
SIM,29,1,3,1,38,1,45,46,1,4,27,26,150,50,11
SIM,29,1,3,1,39,0,48,46,2,4,24,26,600,50,30
SIM,29,1,3,1,40,1,48,44,2,3,24,26,100,300,12
SIM,29,1,3,1,41,0,42,44,2,3,24,26,400,150,30
SIM,29,1,3,1,42,1,42,41,2,2,24,26,50,600,4
SIM,29,1,3,1,43,0,48,52,4,1,24,26,200,0,24
SIM,29,1,3,1,44,1,48,42,4,0,24,26,200,800,0
SIM,29,1,3,1,45,0,48,42,4,0,24,26,350,100,20
SIM,29,1,3,1,46,1,48,36,4,0,24,22,0,800,0
SIM,29,1,3,1,47,0,54,36,6,0,24,22,0,100,20
SIM,29,1,3,1,48,1,54,38,6,1,24,18,0,600,2
SIM,29,1,3,1,49,0,51,38,5,1,24,18,200,100,22
SIM,29,1,3,1,50,1,51,48,5,2,24,13,50,300,3
SIM,29,1,3,1,51,0,48,48,4,2,24,13,450,150,23
SIM,29,1,3,1,52,1,48,52,4,4,24,12,100,100,0
SIM,29,1,3,1,53,0,45,52,3,4,24,12,600,100,20
SIM,29,1,3,1,54,1,45,50,3,4,24,12,100,50,0
SIM,29,1,3,1,55,0,39,50,1,4,24,12,750,50,20
SIM,29,1,3,1,56,1,39,50,1,4,24,12,100,0,18
SIM,29,1,3,1,57,0,42,50,2,4,24,12,550,0,30
SIM,29,1,3,1,58,1,42,49,2,3,24,12,50,150,12
SIM,29,1,3,1,59,0,37,49,2,3,24,12,350,0,30
SIM,29,1,3,1,60,1,37,43,2,3,24,12,0,150,6
SIM,29,1,3,1,61,0,40,43,4,3,24,12,250,0,26
SIM,29,1,3,1,62,1,40,39,4,2,24,12,100,450,0
SIM,29,1,3,1,63,0,40,39,4,2,24,12,350,100,20
SIM,29,1,3,1,64,1,40,40,4,3,24,8,0,450,0
SIM,29,1,3,1,65,0,41,40,5,3,24,8,200,50,20
SIM,29,1,3,1,66,1,41,40,5,2,24,8,50,350,0
SIM,29,1,3,1,67,0,38,40,4,2,24,8,350,150,20
SIM,29,1,3,1,68,1,38,31,4,1,24,8,200,850,0
SIM,29,1,3,1,69,0,40,31,4,1,24,8,650,150,20
SIM,29,1,3,1,70,1,51,31,3,1,24,8,50,850,4
SIM,29,1,3,1,71,0,49,31,3,1,24,8,550,200,24
SIM,29,1,3,1,72,1,49,34,3,2,24,8,50,750,21
SIM,29,1,3,1,73,0,46,45,2,1,24,8,500,0,30
SIM,29,1,3,1,74,1,46,48,2,2,24,8,0,550,23
SIM,29,1,3,1,75,0,48,48,2,2,24,8,450,50,30
SIM,29,1,3,1,76,1,48,45,2,1,24,8,100,550,20
SIM,29,1,3,1,77,0,54,45,4,1,24,8,250,50,30
SIM,29,1,3,1,78,1,54,45,4,1,24,8,100,550,2
SIM,29,1,3,1,79,0,54,45,4,1,24,8,400,50,22
SIM,29,1,3,1,80,1,54,48,4,2,24,8,250,350,0
SIM,29,1,3,1,81,0,51,48,3,2,24,8,600,150,20
SIM,29,1,3,1,82,1,51,51,3,3,24,8,100,350,0
SIM,29,1,3,1,83,0,43,51,1,3,24,8,600,150,20
SIM,29,1,3,1,84,1,43,51,1,3,24,8,100,350,17
SIM,29,1,3,1,85,0,45,51,1,3,20,8,600,0,30
SIM,29,1,3,1,86,1,45,54,1,4,20,8,100,250,21
SIM,29,1,3,1,87,0,45,54,1,4,20,8,600,100,30
SIM,29,1,3,1,88,1,45,54,1,4,20,8,100,350,21
SIM,29,1,3,1,89,0,45,54,1,4,19,8,600,0,30
SIM,29,1,3,1,90,1,45,57,1,5,19,8,100,150,25
SIM,29,1,3,1,91,0,45,57,1,5,18,8,600,0,30
SIM,29,1,3,1,92,1,45,57,1,5,18,8,100,200,21
SIM,29,1,3,1,93,0,45,57,1,5,18,8,600,50,30
SIM,29,1,3,1,94,1,45,57,1,5,18,8,100,400,27
SIM,29,1,3,1,95,0,46,57,2,5,18,8,400,50,30
SIM,29,1,3,1,96,1,46,57,2,5,18,8,50,400,18
SIM,29,1,3,1,97,0,54,57,4,5,18,8,200,400,30
SIM,29,1,3,1,98,1,54,51,4,3,18,8,50,900,6
SIM,29,1,3,1,99,0,55,51,5,3,18,8,150,50,26
SIM,29,1,3,1,100,1,55,49,5,3,18,8,0,550,12
SIM,29,1,3,1,101,0,57,49,5,3,18,8,250,50,30
SIM,29,1,3,1,102,1,57,48,5,2,18,8,100,500,8
SIM,29,1,3,1,103,0,57,48,5,2,18,8,350,0,28
SIM,29,1,3,1,104,1,57,48,5,2,18,8,0,450,10
SIM,29,1,3,1,105,0,60,48,6,2,18,8,150,100,30
SIM,29,1,3,1,106,1,60,51,6,3,18,8,0,450,0
SIM,29,1,3,1,107,0,58,51,6,3,18,8,150,50,20
SIM,29,1,3,1,108,1,58,51,6,2,18,8,150,500,0
SIM,29,1,3,1,109,0,55,51,5,2,18,8,400,0,20
SIM,29,1,3,1,110,1,55,46,5,1,18,8,50,500,4
SIM,29,1,3,1,111,0,58,46,6,1,18,8,250,0,24
SIM,29,1,3,1,112,1,58,45,6,1,18,8,100,500,1
SIM,29,1,3,1,113,0,60,45,6,1,18,8,450,0,21
SIM,29,1,3,1,114,1,60,46,6,2,18,8,100,300,8
SIM,29,1,3,1,115,0,60,46,6,2,18,8,450,150,28
SIM,29,1,3,1,116,1,60,51,6,3,18,8,100,400,2
SIM,29,1,3,1,117,0,60,51,6,3,18,8,450,50,22
SIM,29,1,3,1,118,1,60,55,6,5,18,8,100,150,0
SIM,29,1,3,1,119,0,58,55,6,5,18,8,400,0,20
SIM,29,1,3,1,120,1,58,57,6,5,18,8,50,100,0
SIM,29,1,3,1,121,0,57,57,5,5,18,8,350,100,20
SIM,29,1,3,1,122,1,57,54,5,4,18,8,0,400,0
SIM,29,1,3,1,123,0,58,54,6,4,18,8,250,50,20
SIM,29,1,3,1,124,1,58,55,6,5,18,8,100,300,0
SIM,29,1,3,1,125,0,57,55,5,5,18,8,450,150,20
SIM,29,1,3,1,126,1,57,55,5,5,18,8,100,400,0
SIM,29,1,3,1,127,0,58,55,6,5,18,8,350,50,20
SIM,29,1,3,1,128,1,58,57,6,5,18,8,0,450,4
SIM,29,1,3,1,129,0,63,57,7,5,18,8,200,100,24
SIM,29,1,3,1,130,1,63,58,7,6,18,8,50,400,0
SIM,29,1,3,1,131,0,63,58,7,6,18,8,300,50,20
SIM,29,1,3,1,132,1,63,61,7,7,18,8,150,250,1
SIM,29,1,3,1,133,0,61,61,7,7,18,8,450,100,21
SIM,29,1,3,1,134,1,61,63,7,7,18,8,100,350,0
SIM,29,1,3,1,135,0,64,63,8,7,18,8,300,0,20
SIM,29,1,3,1,136,1,64,66,8,8,18,8,150,150,12
SIM,29,1,3,1,137,0,62,66,8,8,18,8,350,0,30
SIM,29,1,3,1,138,1,62,65,8,9,18,8,0,100,19
SIM,29,1,3,1,139,0,64,65,8,9,18,8,150,100,30
SIM,29,1,3,1,140,1,64,61,8,7,18,8,0,300,1
SIM,29,1,3,1,141,0,63,61,7,7,18,8,200,150,21
SIM,29,1,3,1,142,1,63,60,7,6,18,8,200,400,0
SIM,29,1,3,1,143,0,58,60,6,6,18,8,500,50,20
SIM,29,1,3,1,144,1,58,62,6,8,18,8,0,150,8
SIM,29,1,3,1,145,0,54,62,4,8,18,8,450,0,28
SIM,29,1,3,1,146,1,54,64,4,8,18,8,100,100,24
SIM,29,1,3,1,147,0,60,64,6,8,18,8,250,100,30
SIM,29,1,3,1,148,1,60,58,6,6,18,8,100,400,0
SIM,29,1,3,1,149,0,60,58,6,6,18,8,400,400,20
SIM,29,1,3,1,150,1,60,55,6,5,18,8,50,750,1
SIM,29,1,3,1,151,0,63,55,7,5,18,8,300,100,21
SIM,29,1,3,1,152,1,63,55,7,5,18,8,150,450,7
SIM,29,1,3,1,153,0,63,55,7,5,18,8,450,100,27
SIM,29,1,3,1,154,1,63,63,7,7,18,8,100,200,0
SIM,29,1,3,1,155,0,64,63,8,7,17,8,300,50,20
SIM,29,1,3,1,156,1,64,63,8,7,17,8,150,200,0
SIM,29,1,3,1,157,0,63,63,7,7,17,8,400,50,20
SIM,29,1,3,1,158,1,63,62,7,8,17,8,50,150,0
SIM,29,1,3,1,159,0,64,62,8,8,17,8,250,0,20
SIM,29,1,3,1,160,1,64,63,8,7,17,8,100,300,0
SIM,30,1,3,2,1,0,3,21,1,4,40,40,1000,0,20
SIM,30,1,3,2,2,1,14,21,0,4,40,40,250,350,17
SIM,30,1,3,2,3,0,17,21,1,4,40,40,1200,350,30
SIM,30,1,3,2,4,1,28,21,0,4,40,40,600,700,28
SIM,30,1,3,2,5,0,28,32,0,3,38,40,1500,100,30
SIM,30,1,3,2,6,1,28,32,0,3,38,40,800,500,29
SIM,30,1,3,2,7,0,25,32,0,3,36,40,1600,350,30
SIM,30,1,3,2,8,1,25,35,0,4,36,40,900,600,29
SIM,30,1,3,2,9,0,32,46,1,3,34,40,1400,0,30
SIM,30,1,3,2,10,1,32,41,1,3,34,40,700,300,24
SIM,30,1,3,2,11,0,36,41,2,3,33,40,900,150,30
SIM,30,1,3,2,12,1,36,38,2,3,33,40,200,500,13
SIM,30,1,3,2,13,0,40,38,3,3,33,40,100,0,30
SIM,30,1,3,2,14,1,40,34,3,1,33,40,100,600,8
SIM,30,1,3,2,15,0,38,34,3,1,33,40,100,100,28
SIM,30,1,3,2,16,1,38,31,3,1,33,40,100,700,21
SIM,30,1,3,2,17,0,32,31,3,1,33,40,100,50,30
SIM,30,1,3,2,18,1,32,34,3,2,33,40,100,600,7
SIM,30,1,3,2,19,0,31,45,2,1,33,40,400,0,27
SIM,30,1,3,2,20,1,31,45,2,1,33,40,50,600,23
SIM,30,1,3,2,21,0,31,45,4,1,33,40,200,100,30
SIM,30,1,3,2,22,1,31,42,4,0,33,40,50,800,16
SIM,30,1,3,2,23,0,34,42,5,0,33,40,150,150,30
SIM,30,1,3,2,24,1,34,46,5,2,33,37,0,600,9
SIM,30,1,3,2,25,0,34,46,5,2,33,37,100,100,29
SIM,30,1,3,2,26,1,34,44,5,2,33,34,100,400,0
SIM,30,1,3,2,27,0,30,44,3,2,33,34,600,50,20
SIM,30,1,3,2,28,1,41,53,2,5,33,34,0,0,0
SIM,30,1,3,2,29,0,30,53,1,5,33,34,600,0,20
SIM,30,1,3,2,30,1,30,50,1,4,33,34,100,150,17
SIM,30,1,3,2,31,0,16,50,0,4,33,34,900,0,30
SIM,30,1,3,2,32,1,16,53,0,5,33,34,50,100,28
SIM,30,1,3,2,33,0,20,53,2,5,29,34,700,100,30
SIM,30,1,3,2,34,1,31,50,1,4,29,34,100,400,24
SIM,30,1,3,2,35,0,28,50,0,4,29,34,1000,0,30
SIM,30,1,3,2,36,1,28,56,0,5,29,34,300,100,29
SIM,30,1,3,2,37,0,28,56,0,5,24,34,1100,100,30
SIM,30,1,3,2,38,1,28,56,0,5,24,34,400,200,29
SIM,30,1,3,2,39,0,38,56,1,5,19,34,900,50,30
SIM,30,1,3,2,40,1,38,58,1,5,19,34,400,300,24
SIM,30,1,3,2,41,0,45,58,2,5,18,34,600,150,30
SIM,30,1,3,2,42,1,45,55,2,4,18,34,100,450,7
SIM,30,1,3,2,43,0,48,55,3,4,16,34,100,100,27
SIM,30,1,3,2,44,1,48,49,3,3,16,34,100,600,19
SIM,30,1,3,2,45,0,49,49,4,3,16,34,0,100,30
SIM,30,1,3,2,46,1,49,40,4,0,16,34,0,800,2
SIM,30,1,3,2,47,0,49,40,4,0,16,34,0,150,22
SIM,30,1,3,2,48,1,49,40,4,2,16,34,0,600,0
SIM,30,1,3,2,49,0,46,40,3,2,16,34,0,100,20
SIM,30,1,3,2,50,1,46,37,3,1,16,34,0,600,0
SIM,30,1,3,2,51,0,45,37,2,1,16,34,200,100,20
SIM,30,1,3,2,52,1,45,37,2,1,16,34,200,600,0
SIM,30,1,3,2,53,0,39,37,2,1,16,34,400,100,20
SIM,30,1,3,2,54,1,39,32,2,1,16,34,50,600,8
SIM,30,1,3,2,55,0,41,32,3,1,16,34,400,100,28
SIM,30,1,3,2,56,1,41,32,3,2,16,34,50,500,3
SIM,30,1,3,2,57,0,41,32,3,2,16,34,400,0,23
SIM,30,1,3,2,58,1,41,32,3,2,16,34,50,400,0
SIM,30,1,3,2,59,0,41,32,3,2,16,34,400,0,20
SIM,30,1,3,2,60,1,41,37,3,2,16,34,250,400,0
SIM,30,1,3,2,61,0,38,37,2,2,16,34,700,0,20
SIM,30,1,3,2,62,1,49,40,1,2,16,34,100,400,13
SIM,30,1,3,2,63,0,43,40,1,2,16,34,600,0,30
SIM,30,1,3,2,64,1,43,41,1,3,16,34,100,200,27
SIM,30,1,3,2,65,0,42,41,0,3,15,34,800,50,30
SIM,30,1,3,2,66,1,42,44,0,4,15,34,300,200,29
SIM,30,1,3,2,67,0,42,44,1,4,14,34,800,50,30
SIM,30,1,3,2,68,1,42,44,1,4,14,34,300,200,21
SIM,30,1,3,2,69,0,39,44,1,4,14,34,800,50,30
SIM,30,1,3,2,70,1,39,41,1,4,14,34,150,350,20
SIM,30,1,3,2,71,0,42,41,2,4,14,34,600,0,30
SIM,30,1,3,2,72,1,42,44,2,5,14,34,200,200,0
SIM,30,1,3,2,73,0,43,44,2,5,14,34,500,50,20
SIM,30,1,3,2,74,1,43,43,2,4,14,34,0,450,5
SIM,30,1,3,2,75,0,38,43,1,4,14,34,500,450,25
SIM,30,1,3,2,76,1,38,40,1,3,14,34,100,950,22
SIM,30,1,3,2,77,0,44,51,3,2,14,34,200,0,30
SIM,30,1,3,2,78,1,44,48,3,2,14,34,50,650,1
SIM,30,1,3,2,79,0,46,48,3,2,14,34,300,0,21
SIM,30,1,3,2,80,1,46,45,3,1,14,34,150,650,1
SIM,30,1,3,2,81,0,49,45,4,1,14,34,350,0,21
SIM,30,1,3,2,82,1,49,48,4,2,14,30,200,450,0
SIM,30,1,3,2,83,0,49,48,4,2,14,30,400,50,20
SIM,30,1,3,2,84,1,49,51,4,2,14,30,0,350,2
SIM,30,1,3,2,85,0,52,51,4,2,14,30,200,0,22
SIM,30,1,3,2,86,1,52,54,4,3,14,30,50,350,3
SIM,30,1,3,2,87,0,52,54,4,3,14,30,250,150,23
SIM,30,1,3,2,88,1,52,54,4,3,14,29,100,450,3
SIM,30,1,3,2,89,0,50,54,4,3,14,29,300,50,23
SIM,30,1,3,2,90,1,50,54,4,3,14,29,150,250,5
SIM,30,1,3,2,91,0,45,54,3,3,14,29,400,50,25
SIM,30,1,3,2,92,1,45,51,3,2,14,29,50,450,4
SIM,30,1,3,2,93,0,47,51,4,2,14,29,350,100,24
SIM,30,1,3,2,94,1,47,52,4,3,14,29,350,450,0
SIM,30,1,3,2,95,0,43,52,2,3,14,29,800,50,20
SIM,30,1,3,2,96,1,43,55,2,3,14,29,150,300,16
SIM,30,1,3,2,97,0,40,55,2,3,14,29,600,100,30
SIM,30,1,3,2,98,1,40,55,2,3,14,29,100,300,5
SIM,30,1,3,2,99,0,38,55,2,3,14,29,550,150,25
SIM,30,1,3,2,100,1,38,55,2,3,14,29,50,400,5
SIM,30,1,3,2,101,0,35,55,1,3,14,29,550,0,25
SIM,30,1,3,2,102,1,35,58,1,3,14,29,50,100,20
SIM,30,1,3,2,103,0,32,58,1,3,14,29,550,100,30
SIM,30,1,3,2,104,1,32,52,1,2,14,29,50,400,13
SIM,30,1,3,2,105,0,31,52,1,2,14,29,650,50,30
SIM,30,1,3,2,106,1,31,52,1,3,14,29,150,400,21
SIM,30,1,3,2,107,0,31,52,1,3,14,29,750,50,30
SIM,30,1,3,2,108,1,31,52,1,4,14,29,100,450,20
SIM,30,1,3,2,109,0,34,52,2,4,14,29,650,300,30
SIM,30,1,3,2,110,1,45,52,1,4,14,29,50,750,26
SIM,30,1,3,2,111,0,46,52,2,4,14,29,450,100,30
SIM,30,1,3,2,112,1,46,49,2,3,14,29,100,650,22
SIM,30,1,3,2,113,0,52,49,4,3,14,29,250,0,30
SIM,30,1,3,2,114,1,52,47,4,3,14,29,100,400,5
SIM,30,1,3,2,115,0,52,47,4,3,14,29,250,50,25
SIM,30,1,3,2,116,1,52,52,4,4,14,29,100,350,3
SIM,30,1,3,2,117,0,51,52,3,4,14,29,450,0,23
SIM,30,1,3,2,118,1,51,53,3,5,14,29,100,200,0
SIM,30,1,3,2,119,0,51,53,3,5,14,29,450,200,20
SIM,30,1,3,2,120,1,51,49,3,3,14,29,100,700,0
SIM,30,1,3,2,121,0,55,49,5,3,14,29,300,50,20
SIM,30,1,3,2,122,1,55,46,5,2,14,29,150,650,0
SIM,30,1,3,2,123,0,58,46,6,2,14,29,300,650,20
SIM,30,1,3,2,124,1,58,46,6,2,14,29,150,1100,0
SIM,30,1,3,2,125,0,58,46,6,2,14,29,300,100,20
SIM,30,1,3,2,126,1,58,43,6,1,14,28,150,750,0
SIM,30,1,3,2,127,0,61,43,7,1,14,28,250,100,20
SIM,30,1,3,2,128,1,61,47,7,3,14,27,100,350,0
SIM,30,1,3,2,129,0,58,47,6,3,14,27,250,0,20
SIM,30,1,3,2,130,1,58,50,6,4,14,27,250,300,0
SIM,30,1,3,2,131,0,55,50,5,4,14,27,500,100,20
SIM,30,1,3,2,132,1,55,48,5,4,14,27,0,400,0
SIM,30,1,3,2,133,0,51,48,3,4,14,27,550,50,20
SIM,30,1,3,2,134,1,51,54,3,6,14,27,50,200,0
SIM,30,1,3,2,135,0,48,54,2,6,14,27,500,50,20
SIM,30,1,3,2,136,1,48,54,2,6,14,27,0,200,4
SIM,30,1,3,2,137,0,48,54,2,6,13,27,300,50,24
SIM,30,1,3,2,138,1,48,51,2,5,13,27,300,300,0
SIM,30,1,3,2,139,0,46,51,2,5,13,27,600,150,20
SIM,30,1,3,2,140,1,46,50,2,4,13,27,100,650,13
SIM,30,1,3,2,141,0,46,50,2,4,13,27,400,0,30
SIM,30,1,3,2,142,1,46,47,2,3,13,27,50,550,24
SIM,30,1,3,2,143,0,55,47,5,3,13,27,0,50,30
SIM,30,1,3,2,144,1,55,44,5,2,13,27,0,500,1
SIM,30,1,3,2,145,0,52,44,4,2,13,27,0,0,21
SIM,30,1,3,2,146,1,52,38,4,2,13,26,0,450,0
SIM,30,1,3,2,147,0,49,38,3,2,13,26,100,50,20
SIM,30,1,3,2,148,1,49,37,3,2,13,26,100,450,12
SIM,30,1,3,2,149,0,48,37,2,2,13,26,400,100,30
SIM,30,1,3,2,150,1,48,34,2,2,13,26,0,750,21
SIM,30,1,3,2,151,0,52,45,3,1,13,26,100,150,30
SIM,30,1,3,2,152,1,52,42,3,0,13,21,100,950,14
SIM,30,1,3,2,153,0,52,42,3,0,13,21,200,450,30
SIM,30,1,3,2,154,1,52,33,3,0,13,17,50,1150,13
SIM,30,1,3,2,155,0,55,33,4,0,13,17,100,450,30
SIM,30,1,3,2,156,1,55,31,4,1,13,12,100,1050,13
SIM,30,1,3,2,157,0,52,31,3,1,13,12,200,150,30
SIM,30,1,3,2,158,1,52,31,3,1,13,7,50,850,13
SIM,30,1,3,2,159,0,54,31,3,1,13,7,300,350,30
SIM,30,1,3,2,160,1,54,38,3,1,13,6,150,850,20
